codigo;res_cob_total;res_cob_rural;res_seletiva;res_disp_inad;res_massa_pc;agua_cob;perdas;consumo;emp_agua;esgoto_cob;esgoto_trat;emp_esgoto
2410900;;;;;;74.64;47.07;100.79;Companhia de Águas e Esgotos do Rio Grande do Norte;56.69;;Companhia de Águas e Esgotos do Rio Grande do Norte
4202438;100.0;100.0;70.01;0.0;0.32;36.65;29.31;141.81;Companhia Catarinense de Águas e Saneamento;;;
4316204;41.22;0.0;0.0;0.0;0.32;41.57;44.72;205.68;Companhia Riograndense de Saneamento;24.59;;Prefeitura Municipal de Rondinha
3118205;89.77;0.0;0.0;0.0;0.94;77.88;23.55;199.0;Companhia de Saneamento de Minas Gerais;69.59;76.22;Companhia de Saneamento de Minas Gerais
3110806;;;;;;85.74;38.84;162.69;Companhia de Saneamento de Minas Gerais;;;
5219357;100.0;100.0;0.0;100.0;0.88;40.86;21.22;267.56;Saneamento de Goiás S/A;;;
4210605;100.0;100.0;55.18;0.0;0.59;33.53;22.16;170.88;Prefeitura Municipal de Massaranduba;;;
5210802;100.0;100.0;0.0;100.0;0.56;76.89;28.33;208.87;Saneamento de Goiás S/A;;;
3543402;100.0;100.0;100.0;95.32;0.96;99.65;36.82;321.17;Prefeitura Municipal de Ribeirão Preto;98.97;94.96;Prefeitura Municipal de Ribeirão Preto
4120408;100.0;100.0;0.0;0.0;0.5;;;;;;;
4104055;61.63;0.0;61.63;0.0;0.32;62.33;16.95;141.78;Companhia de Saneamento do Paraná S.A.;;;
2905909;18.53;0.0;0.0;100.0;0.3;41.42;26.18;111.18;Empresa Baiana de Águas e Saneamento S.A.;;;
3167509;100.0;100.0;0.0;0.0;1.09;61.99;3.85;112.29;Prefeitura Municipal de Simão Pereira;61.99;0.0;Prefeitura Municipal de Simão Pereira
2206001;82.51;18.05;0.0;100.0;0.46;;;;;;;
4128708;68.09;0.0;0.0;0.0;0.48;78.63;25.65;157.81;Companhia de Saneamento do Paraná S.A.;32.74;28.98;Companhia de Saneamento do Paraná S.A.
3518859;83.46;0.0;0.0;100.0;1.24;78.46;19.92;624.68;Prefeitura Municipal de Guatapará;88.5;89.75;Prefeitura Municipal de Guatapará
2500304;;;;;;51.73;35.45;178.38;Companhia de Águas e Esgotos da Paraíba;61.09;;Companhia de Águas e Esgotos da Paraíba
2402709;;;;;;54.04;32.11;148.17;Companhia de Águas e Esgotos do Rio Grande do Norte;31.32;;Companhia de Águas e Esgotos do Rio Grande do Norte
2508604;;;;;;45.81;82.23;170.52;Companhia de Águas e Esgotos da Paraíba;;;
2100402;100.0;100.0;0.0;100.0;2.41;8.12;87.35;109.18;Companhia de Saneamento Ambiental do Maranhão;;;
2709152;97.17;81.81;0.0;0.0;1.1;84.45;96.9;10.44;Serviço Autônomo de Água e Esgoto do Município de Teotônio Vilela;54.36;;Serviço Autônomo de Água e Esgoto do Município de Teotônio Vilela
4308003;100.0;100.0;0.0;0.0;0.52;60.79;39.45;185.77;Companhia Riograndense de Saneamento;;;
5103700;70.73;0.0;0.0;0.0;0.95;56.61;53.2;378.92;Prefeitura Municipal de Feliz Natal;;;
3102605;100.0;100.0;0.0;0.0;0.57;75.47;35.06;192.41;Companhia de Saneamento de Minas Gerais;73.79;;Prefeitura Municipal de Andradas
4202404;100.0;100.0;18.5;0.0;0.71;99.49;30.46;202.22;Serviço Autônomo Municipal de Água e Esgoto;53.86;;BRK Ambiental – Blumenau S.A.
2312809;;;;;;54.18;20.69;117.28;"Sistema Integrado de Saneamento Rural da Bacia do Acaraú; Companhia de Água e Esgoto do Ceará";;;
5202601;;;;;;79.39;19.77;192.93;Saneamento de Goiás S/A;;;
3518206;100.0;100.0;95.04;0.0;0.79;95.35;26.85;230.63;Prefeitura Municipal de Guararapes;95.04;;Prefeitura Municipal de Guararapes
4112207;75.03;21.79;50.51;0.0;0.5;73.49;29.2;188.84;Companhia de Saneamento do Paraná S.A.;;;
3159308;100.0;100.0;0.0;0.0;0.34;;;;;;;
4218103;49.72;0.0;0.0;0.0;0.39;64.7;19.0;283.19;Serviço Autônomo Municipal de Água e Esgoto;;;
4120507;100.0;100.0;74.1;0.0;0.88;92.98;39.38;167.86;Companhia de Saneamento do Paraná S.A.;86.05;62.77;Companhia de Saneamento do Paraná S.A.
5006903;79.29;39.54;0.0;0.0;1.14;65.1;14.76;203.37;Empresa de Saneamento de Mato Grosso do Sul S/A;61.12;68.63;Empresa de Saneamento de Mato Grosso do Sul S/A
2516755;100.0;100.0;0.0;0.0;0.48;;;;;;;
2500403;;;;;;26.31;22.06;88.84;Companhia de Águas e Esgotos da Paraíba;;;
1507706;43.91;0.0;0.0;100.0;0.27;;;;;;;
5103809;61.25;0.0;61.25;0.0;0.43;;;;;;;
2922052;92.07;90.59;0.0;100.0;1.71;70.36;21.72;127.81;Empresa Baiana de Águas e Saneamento S.A.;;;
2410207;59.32;0.0;0.0;100.0;0.77;61.53;34.75;116.56;Companhia de Águas e Esgotos do Rio Grande do Norte;;;
3142809;81.38;0.0;0.0;40.0;0.5;71.28;3.44;221.39;Prefeitura Municipal de Monte Alegre de Minas;42.53;;Prefeitura Municipal de Monte Alegre de Minas
1716109;96.67;0.0;0.0;100.0;0.64;96.67;24.26;157.55;Companhia de Saneamento do Tocantins;20.15;18.6;Companhia de Saneamento do Tocantins
2807501;;;;;;84.08;28.6;84.64;Companhia de Saneamento de Sergipe;;;
2304608;40.8;26.78;0.0;100.0;0.85;65.94;37.75;104.93;"Sistema Integrado de Saneamento Rural da Bacia do Curú e Letora; Companhia de Água e Esgoto do Ceará";;;
3510005;100.0;100.0;100.0;0.0;1.58;94.61;36.24;216.97;Serviço Autônomo de Água e Esgoto;94.61;95.2;Serviço Autônomo de Água e Esgoto
3502606;100.0;100.0;0.0;0.0;1.12;94.45;9.79;199.68;Companhia de Saneamento Básico do Estado de São Paulo;86.23;80.43;Companhia de Saneamento Básico do Estado de São Paulo
2516607;;;;;;49.79;35.65;157.64;Companhia de Águas e Esgotos da Paraíba;;;
2913903;100.0;100.0;0.0;100.0;1.55;92.08;29.85;118.34;Empresa Baiana de Águas e Saneamento S.A.;45.44;41.98;Empresa Baiana de Águas e Saneamento S.A.
3110103;100.0;100.0;0.0;100.0;0.38;54.33;17.44;146.95;Companhia de Saneamento de Minas Gerais;53.96;;Prefeitura Municipal de Caiana
4209904;100.0;100.0;0.0;0.0;0.62;73.32;41.17;125.27;Companhia Catarinense de Águas e Saneamento;;;
4307831;63.76;0.0;0.0;7.59;0.47;98.88;65.91;232.18;Prefeitura Municipal de Eugênio de Castro;;;
4128658;78.08;65.02;0.0;0.0;0.56;61.32;11.35;156.99;Companhia de Saneamento do Paraná S.A.;;;
4112306;90.91;77.18;60.16;0.0;0.63;66.28;39.91;137.88;Companhia de Saneamento do Paraná S.A.;;;
2930204;65.91;0.0;0.0;100.0;1.14;49.93;98.31;13.09;Serviço Autônomo de Água e Esgoto;65.91;37.71;Serviço Autônomo de Água e Esgoto
2508554;100.0;100.0;0.0;0.0;2.21;28.98;24.31;105.01;Companhia de Águas e Esgotos da Paraíba;41.98;;Prefeitura Municipal de Logradouro | Companhia de Águas e Esgotos da Paraíba
4316006;87.2;41.83;69.94;0.0;0.51;57.38;24.68;150.23;Companhia Riograndense de Saneamento;;;
3134608;100.0;100.0;0.0;0.0;0.63;65.13;26.34;100.49;Companhia de Saneamento de Minas Gerais;36.46;19.37;Companhia de Saneamento de Minas Gerais
2108900;;;;;;25.79;77.15;124.27;Companhia de Saneamento Ambiental do Maranhão;;;
2701308;;;;;;;;;;;;
1400605;;;;;;62.83;80.56;168.7;Companhia de Águas e Esgotos de Roraima;;;
4128005;100.0;100.0;0.0;0.0;0.7;90.21;16.1;168.5;Companhia de Saneamento do Paraná S.A.;56.77;50.58;Companhia de Saneamento do Paraná S.A.
2205805;72.02;36.42;0.0;100.0;0.58;;;;;;;
2402006;91.57;49.42;0.0;100.0;2.36;95.06;46.87;131.01;Companhia de Águas e Esgotos do Rio Grande do Norte;20.88;17.41;Companhia de Águas e Esgotos do Rio Grande do Norte
4307815;93.59;88.66;0.0;0.0;0.37;98.94;3.13;137.27;Prefeitura Municipal de Estrela Velha;;;
2807600;100.0;100.0;0.0;0.0;0.6;64.81;52.48;85.12;Companhia de Saneamento de Sergipe;;;
2304707;49.67;0.0;0.0;100.0;0.42;81.76;11.84;1695.95;Serviço Autônomo de Água e Esgoto;1.66;;Serviço Autônomo de Água e Esgoto
2410306;100.0;100.0;0.0;0.0;0.83;89.78;35.6;90.81;Companhia de Águas e Esgotos do Rio Grande do Norte;16.84;;Prefeitura Municipal de Serra Caiada | Companhia de Águas e Esgotos do Rio Grande do Norte
3101904;100.0;100.0;0.0;0.0;2.41;81.87;19.72;159.76;Companhia de Saneamento de Minas Gerais;80.44;82.15;Companhia de Saneamento de Minas Gerais
4201703;93.27;0.0;93.27;0.0;0.53;89.66;17.58;136.93;Companhia Catarinense de Águas e Saneamento;;;
4307807;100.0;100.0;85.68;0.0;0.57;82.71;44.24;158.1;Companhia Riograndense de Saneamento;100.0;;Prefeitura Municipal de Estrela
3143153;50.17;18.4;0.0;100.0;0.73;43.85;14.31;130.14;COPASA Serviços de Saneamento Integrado do Norte e Nordeste de Minas Gerais S/A;36.55;;COPASA Serviços de Saneamento Integrado do Norte e Nordeste de Minas Gerais S/A
2905701;97.85;0.0;0.0;0.0;0.8;95.65;50.01;161.49;Empresa Baiana de Águas e Saneamento S.A.;47.07;;Empresa Baiana de Águas e Saneamento S.A.
2508406;68.96;43.32;0.0;0.0;0.33;45.23;22.03;141.46;Companhia de Águas e Esgotos da Paraíba;;;
4104105;78.27;38.57;78.27;0.0;0.48;84.01;23.89;132.7;Companhia de Saneamento do Paraná S.A.;31.54;24.5;Companhia de Saneamento do Paraná S.A.
2100709;47.98;22.67;0.0;0.0;0.92;;;;;;;
3110202;73.01;38.79;0.0;0.0;1.25;56.14;17.78;160.28;Companhia de Saneamento de Minas Gerais;79.6;;Prefeitura Municipal de Cajuri
2922003;100.0;100.0;0.0;100.0;1.31;75.08;11.43;81.72;Empresa Baiana de Águas e Saneamento S.A.;41.54;27.5;Empresa Baiana de Águas e Saneamento S.A.
4119806;66.8;51.07;0.0;0.0;0.33;53.53;26.13;156.57;Companhia de Saneamento do Paraná S.A.;;;
5219258;81.0;0.0;0.0;0.0;0.4;81.0;26.88;156.08;Saneamento de Goiás S/A;;;
3534609;92.58;0.0;92.58;0.0;1.81;99.78;15.74;180.68;Companhia de Saneamento Básico do Estado de São Paulo;91.59;90.98;Companhia de Saneamento Básico do Estado de São Paulo
2402105;87.15;69.99;0.0;100.0;0.68;60.35;36.24;85.07;Companhia de Águas e Esgotos do Rio Grande do Norte;9.41;;Companhia de Águas e Esgotos do Rio Grande do Norte
2615706;63.33;11.48;0.0;0.0;0.95;50.71;19.24;90.61;Companhia Pernambucana de Saneamento;;;
2500205;53.37;0.0;0.0;0.0;0.67;44.46;36.66;168.17;Companhia de Águas e Esgotos da Paraíba;;;
3305703;80.0;66.42;0.0;100.0;0.65;24.45;16.49;213.49;Rio+ Saneamento BL3 S.A;25.54;;Rio+ Saneamento BL3 S.A | Prefeitura Municipal de Sumidouro
5211206;90.41;44.49;8.27;100.0;0.75;81.36;23.6;140.15;Saneamento de Goiás S/A;81.36;60.23;Saneamento de Goiás S/A
1507755;81.48;0.0;0.0;100.0;1.69;73.05;90.52;129.84;Prefeitura Municipal de Sapucaia;;;
4127965;48.01;0.0;48.01;0.0;0.31;57.56;21.48;140.16;Companhia de Saneamento do Paraná S.A.;13.18;10.89;Companhia de Saneamento do Paraná S.A.
3167400;94.7;86.08;0.0;0.0;0.56;61.9;44.93;185.62;Prefeitura Municipal de Silvianópolis;56.82;;Prefeitura Municipal de Silvianópolis
3102001;100.0;100.0;0.0;0.0;0.65;74.89;11.13;177.22;Companhia de Saneamento de Minas Gerais;100.0;;Prefeitura Municipal de Alterosa
4307906;86.43;0.0;86.43;0.0;0.59;86.43;34.45;155.07;Companhia Riograndense de Saneamento;0.49;0.38;Companhia Riograndense de Saneamento
3502408;89.05;29.91;89.05;0.0;1.97;99.98;12.21;162.12;Companhia de Saneamento Básico do Estado de São Paulo;93.45;83.26;Companhia de Saneamento Básico do Estado de São Paulo
4127957;100.0;100.0;83.82;0.0;0.64;88.9;61.43;234.85;Prefeitura Municipal de Tupãssi;;;
4111605;85.88;0.0;56.27;0.0;1.6;84.25;27.29;166.26;Companhia de Saneamento do Paraná S.A.;;;
3526407;88.56;0.0;88.56;0.0;0.9;94.31;40.99;181.42;Companhia de Saneamento Básico do Estado de São Paulo;90.6;82.11;Companhia de Saneamento Básico do Estado de São Paulo
2410256;;;;;;42.34;29.97;108.87;Companhia de Águas e Esgotos do Rio Grande do Norte;;;
5104104;100.0;100.0;0.0;0.0;1.38;84.69;29.93;162.95;Águas de Guarantã Ltda;22.81;;Águas de Guarantã Ltda
1707207;48.05;0.0;0.0;0.0;0.58;48.05;26.14;276.44;Sannorte Saneamento Ambiental Ltda.;;;
2304657;;;;;;65.05;16.11;108.29;"Companhia de Água e Esgoto do Ceará; Sistema Integrado de Saneamento Rural da Bacia do Acaraú";6.34;;Companhia de Água e Esgoto do Ceará
3159209;;;;;;60.67;17.51;177.58;Companhia de Saneamento de Minas Gerais;50.78;;Companhia de Saneamento de Minas Gerais
1715507;100.0;100.0;0.0;100.0;0.63;;;;;;;
2607505;;;;;;40.53;25.18;163.14;Companhia Pernambucana de Saneamento;;;
3126752;49.6;0.0;0.0;100.0;0.23;48.74;15.81;131.16;Companhia de Saneamento de Minas Gerais;49.6;0.0;Prefeitura Municipal de Franciscópolis
1400407;11.56;0.0;0.0;100.0;1.38;23.12;85.46;149.02;Companhia de Águas e Esgotos de Roraima;;;
2930006;68.14;62.26;0.0;100.0;0.66;85.17;53.07;1.21;Prefeitura Municipal de Sebastião Laranjeiras;;;
2313203;56.9;0.0;0.0;100.0;0.69;39.62;39.62;132.29;Companhia de Água e Esgoto do Ceará;;;
2410108;;;;;;75.4;77.21;92.53;Companhia de Águas e Esgotos do Rio Grande do Norte;;;
5219209;100.0;100.0;0.0;20.0;0.45;31.53;17.25;274.58;Saneamento de Goiás S/A;;;
3502507;98.0;0.0;0.0;0.0;0.97;98.0;43.43;263.88;Serviço Autônomo de Água e Esgotos e Resíduos Sólidos;85.26;;Serviço Autônomo de Água e Esgotos e Resíduos Sólidos
4103404;82.86;0.0;82.86;0.0;0.44;82.98;14.21;179.49;Companhia de Saneamento do Paraná S.A.;;;
2807402;74.56;0.0;0.0;0.0;0.54;99.31;58.08;87.41;Companhia de Saneamento de Sergipe;;;
2701357;;;;;;68.75;64.36;88.37;"Companhia de Saneamento de Alagoas; Verde Ambiental Alagoas";;;
3151008;100.0;100.0;100.0;0.0;0.44;83.47;29.37;175.9;Companhia de Saneamento de Minas Gerais;65.34;;Prefeitura Municipal de Piranguinho
3110004;100.0;100.0;0.0;0.0;0.58;94.79;35.6;172.42;Serviço Autônomo de Água e Esgoto;74.24;;Serviço Autônomo de Água e Esgoto
2205854;;;;;;;;;;;;
2921807;53.38;0.0;0.0;100.0;0.52;61.41;19.46;119.13;"Central de Associações Comunitárias para Manutenção dos Sistemas de Saneamento - Região de Caetité; Empresa Baiana de Águas e Saneamento S.A.";;;
4307864;55.31;0.0;0.0;0.0;0.43;57.82;23.78;134.98;Companhia Riograndense de Saneamento;;;
3143203;93.08;59.98;82.71;100.0;0.9;80.21;27.75;189.42;Companhia de Saneamento de Minas Gerais;80.94;;Prefeitura Municipal de Monte Santo de Minas
2914307;100.0;100.0;0.0;57.14;0.87;46.88;16.06;103.51;Empresa Baiana de Águas e Saneamento S.A.;;;
1707306;67.88;0.0;0.0;100.0;0.4;65.38;19.21;171.09;Hidro Forte Administração e Operação S/A;;;
2615003;100.0;100.0;0.0;0.0;0.71;44.41;53.77;65.73;Companhia Pernambucana de Saneamento;;;
2930105;95.0;95.01;0.0;100.0;0.65;96.67;24.61;126.57;Empresa Baiana de Águas e Saneamento S.A.;88.75;23.33;Empresa Baiana de Águas e Saneamento S.A. | Prefeitura Municipal de Senhor do Bonfim
2108801;;;;;;32.25;79.09;120.1;Companhia de Saneamento Ambiental do Maranhão;;;
2305001;;;;;;83.84;26.99;129.27;"Sistema Integrado de Saneamento Rural da Bacia Hidrográfica do Parnaíba; Companhia de Água e Esgoto do Ceará";8.47;;Companhia de Água e Esgoto do Ceará
2401909;80.74;0.0;0.0;100.0;3.1;84.43;44.09;129.56;Companhia de Águas e Esgotos do Rio Grande do Norte;27.6;20.89;Companhia de Águas e Esgotos do Rio Grande do Norte
1400506;70.98;0.0;0.0;100.0;0.41;48.79;89.97;143.48;Companhia de Águas e Esgotos de Roraima;;;
4307203;100.0;100.0;0.0;100.0;0.87;49.51;28.9;152.29;Companhia Riograndense de Saneamento;;;
5211008;74.1;0.0;0.0;0.0;0.53;54.89;29.51;198.73;Saneamento de Goiás S/A;;;
4217956;41.9;0.0;0.0;0.0;0.5;37.66;43.59;96.34;Companhia Catarinense de Águas e Saneamento;;;
3101805;63.92;0.0;0.0;100.0;1.09;64.35;43.5;148.1;Companhia de Saneamento de Minas Gerais;81.96;;Prefeitura Municipal de Alpercata
2206209;;;;;;;;;;;;
1302801;51.04;0.0;0.0;100.0;1.58;;;;;;;
4201604;70.81;0.0;0.0;0.0;0.99;77.01;27.78;125.43;Companhia Catarinense de Águas e Saneamento;68.08;;Companhia Catarinense de Águas e Saneamento | Prefeitura Municipal de Arroio Trinta
4103370;66.46;0.0;66.46;0.0;0.93;90.23;17.31;175.7;Companhia de Saneamento do Paraná S.A.;;;
3551009;97.49;0.0;74.16;0.0;1.07;94.07;32.39;275.11;Companhia de Saneamento Básico do Estado de São Paulo;93.41;75.76;Companhia de Saneamento Básico do Estado de São Paulo
3167707;68.87;0.0;0.0;0.0;0.48;62.13;30.43;154.62;Companhia de Saneamento de Minas Gerais;71.0;;Município de Sobrália
3135001;100.0;100.0;76.52;0.0;0.72;100.0;7.33;604.86;Prefeitura Municipal de Jaguaraçu;68.48;;Prefeitura Municipal de Jaguaraçu
3305752;95.0;59.92;0.0;0.0;0.67;80.33;47.26;143.35;Águas do Rio 1 SPE S.A.;70.29;9.03;Prefeitura do Município de Tanguá | Águas do Rio 1 SPE S.A.
2606804;100.0;100.0;0.0;0.0;2.24;61.88;51.43;182.58;Companhia Pernambucana de Saneamento;4.32;;Companhia Pernambucana de Saneamento
2921906;75.57;57.47;0.0;100.0;0.69;74.19;13.18;433.3;Prefeitura Municipal de Mucugê;42.57;;Prefeitura Municipal de Mucugê
2906105;37.69;22.97;0.0;100.0;1.42;52.65;31.74;139.47;Empresa Baiana de Águas e Saneamento S.A.;23.4;27.45;Empresa Baiana de Águas e Saneamento S.A.
2100600;;;;;;11.74;64.46;147.14;Companhia de Saneamento Ambiental do Maranhão;;;
4103479;82.42;0.0;0.0;0.0;0.44;91.82;9.43;164.34;Companhia de Saneamento do Paraná S.A.;;;
1400472;;;;;;32.52;83.92;169.04;Companhia de Águas e Esgotos de Roraima;;;
2615102;;;;;;50.82;26.02;103.7;Companhia Pernambucana de Saneamento;;;
2508802;89.77;0.0;0.0;0.0;0.88;71.15;24.22;125.12;Companhia de Águas e Esgotos da Paraíba;;;
5202809;71.95;0.0;0.0;0.0;1.69;63.96;15.33;198.13;Saneamento de Goiás S/A;;;
5218508;92.63;0.0;0.0;100.0;0.39;92.72;29.53;141.97;Saneamento de Goiás S/A;92.72;77.93;Saneamento de Goiás S/A
4315354;61.2;0.0;0.0;0.0;0.53;100.0;90.0;34.47;Prefeitura Municipal de Quinze de Novembro;;;
3534500;98.64;98.59;95.85;7.79;1.11;86.66;12.44;190.75;Companhia de Saneamento Básico do Estado de São Paulo;84.27;73.54;Companhia de Saneamento Básico do Estado de São Paulo
3305604;89.46;43.4;0.0;39.9;0.62;93.84;;73.05;Concessionária Águas de Juturnaíba S/A;63.47;22.37;Concessionária Águas de Juturnaíba S/A
3501806;88.02;0.0;88.02;0.0;0.84;88.02;59.78;22.78;Prefeitura Municipal de Américo de Campos;88.02;;Prefeitura Municipal de Américo de Campos
3126802;56.28;0.0;0.0;100.0;0.66;41.56;30.52;154.84;COPASA Serviços de Saneamento Integrado do Norte e Nordeste de Minas Gerais S/A;31.14;12.63;COPASA Serviços de Saneamento Integrado do Norte e Nordeste de Minas Gerais S/A
1400456;47.92;0.0;0.0;100.0;0.25;39.21;78.77;128.34;Companhia de Águas e Esgotos de Roraima;;;
3542800;100.0;100.0;0.0;0.0;0.34;76.37;30.11;164.34;Companhia de Saneamento Básico do Estado de São Paulo;34.68;30.73;Companhia de Saneamento Básico do Estado de São Paulo
2606903;;;;;;54.16;22.19;154.26;Companhia Pernambucana de Saneamento;;;
3159506;98.78;97.71;0.0;0.0;0.37;38.57;19.2;175.41;Companhia de Saneamento de Minas Gerais;;;
2313252;97.56;95.83;0.0;100.0;0.4;58.13;27.4;101.25;"Companhia de Água e Esgoto do Ceará; Sistema Integrado de Saneamento Rural da Bacia do Alto Jaguaribe";2.44;;Companhia de Água e Esgoto do Ceará
4127858;89.31;72.78;89.31;0.0;0.41;67.87;20.14;146.82;Companhia de Saneamento do Paraná S.A.;59.83;45.98;Companhia de Saneamento do Paraná S.A.
3167806;80.59;41.48;0.0;0.0;0.53;66.82;23.23;432.46;Serviço Autônomo de Água e Esgoto;65.52;;Serviço Autônomo de Água e Esgoto
3526308;100.0;100.0;0.0;0.0;0.51;59.32;32.93;165.81;Companhia de Saneamento Básico do Estado de São Paulo;56.19;45.7;Companhia de Saneamento Básico do Estado de São Paulo
2929404;;;;;;39.26;24.59;108.81;Empresa Baiana de Águas e Saneamento S.A.;;;
2500601;87.0;87.0;24.78;0.0;0.64;40.16;42.71;202.45;Companhia de Águas e Esgotos da Paraíba;11.35;5.83;Companhia de Águas e Esgotos da Paraíba
4103453;95.37;52.11;95.37;0.0;0.59;90.86;20.48;166.55;Companhia de Saneamento do Paraná S.A.;90.4;90.71;Companhia de Saneamento do Paraná S.A.
3509957;100.0;100.0;90.71;0.0;0.67;97.84;28.62;170.92;Companhia de Saneamento Básico do Estado de São Paulo;87.62;84.81;Companhia de Saneamento Básico do Estado de São Paulo
1707108;74.63;0.0;0.0;100.0;0.46;67.56;39.65;149.22;Hidro Forte Administração e Operação S/A;;;
5218607;100.0;100.0;0.0;100.0;1.19;83.72;25.92;186.39;Saneamento de Goiás S/A;;;
3143005;98.47;96.22;0.0;0.0;0.45;61.87;19.45;191.78;Companhia de Saneamento de Minas Gerais;;;
4315453;46.94;0.0;0.0;0.0;0.29;87.69;72.08;185.7;Prefeitura Municipal de Relvado;;;
3118601;100.0;100.0;39.99;0.0;1.01;88.78;46.35;185.32;Companhia de Saneamento de Minas Gerais;86.3;96.15;Companhia de Saneamento de Minas Gerais
4209854;54.24;0.0;54.24;0.0;1.12;56.04;34.53;132.57;Companhia Catarinense de Águas e Saneamento;;;
3151305;100.0;100.0;0.0;0.0;1.13;63.91;18.09;194.29;Companhia de Saneamento de Minas Gerais;83.58;;Prefeitura Municipal de Piraúba
4119657;86.41;0.0;86.41;16.26;0.57;86.41;9.39;198.68;Serviço Autônomo de Água e Esgoto;;;
3159605;92.91;32.1;0.0;0.0;1.39;89.84;32.18;167.81;Companhia de Saneamento de Minas Gerais;89.69;85.58;Companhia de Saneamento de Minas Gerais
3518107;93.39;63.54;81.86;0.0;0.58;82.13;91.22;50.21;Prefeitura Municipal de Guarantã;84.15;;Prefeitura Municipal de Guarantã
2921203;;;;;;;17.64;101.34;"Central de Associações Comunitárias para Manutenção dos Sistemas de Saneamento - Região de Jacobina; Empresa Baiana de Águas e Saneamento S.A.";24.81;;Central de Associações Comunitárias para Manutenção dos Sistemas de Saneamento - Região de Jacobina | Empresa Baiana de Águas e Saneamento S.A.
2500577;59.03;0.0;0.0;0.0;0.56;0.0;;;Companhia de Águas e Esgotos da Paraíba;;;
4323606;34.17;0.0;0.0;0.0;0.33;100.0;7.0;277.67;Prefeitura Municipal de Vista Alegre do Prata;;;
1507102;43.88;11.69;0.0;100.0;0.38;26.68;50.98;103.52;Companhia de Saneamento do Pará;;;
3134806;61.69;0.0;0.0;0.0;0.32;65.07;20.49;173.78;Companhia de Saneamento de Minas Gerais;;;
3143104;100.0;100.0;100.0;0.0;0.59;100.0;20.15;199.74;Departamento Municipal de Água e Esgoto;94.17;;Departamento Municipal de Água e Esgoto
4218004;91.75;44.11;0.0;0.0;1.26;98.18;15.25;216.87;Serviço Autônomo Municipal de Água e Esgoto;56.0;;Serviço Autônomo Municipal de Água e Esgoto
3550803;;;;;;77.62;14.48;240.8;Águas de São Sebastião da Grama;77.62;70.3;Águas de São Sebastião da Grama
2929370;;;;;;87.06;21.84;111.33;Empresa Baiana de Águas e Saneamento S.A.;;;
4201653;36.04;0.0;36.04;0.0;0.85;;;;;;;
3305554;100.0;100.0;0.0;0.0;0.56;68.71;;437.86;"Rio+ Saneamento BL3 S.A; Companhia Estadual de Águas e Esgotos do Rio de Janeiro";1.47;0.6;Rio+ Saneamento BL3 S.A
3151404;44.66;0.0;7.93;100.0;0.99;86.73;22.04;157.03;Companhia de Saneamento de Minas Gerais;92.52;;Prefeitura Municipal de Pitangui
3110400;75.58;44.27;0.0;0.0;0.69;52.95;30.84;194.28;Companhia de Saneamento de Minas Gerais;43.88;;Prefeitura Municipal de Camacho
3509908;100.0;100.0;35.28;100.0;0.58;84.7;13.89;245.01;Companhia de Saneamento Básico do Estado de São Paulo;75.35;74.89;Companhia de Saneamento Básico do Estado de São Paulo
5103957;69.78;0.0;0.0;0.0;1.63;61.23;20.0;152.47;Prefeitura Municipal de Glória D Oeste;;;
4323457;;;;;;56.47;32.83;131.83;Companhia Riograndense de Saneamento;;;
2929354;;;;;;85.09;22.21;129.34;Empresa Baiana de Águas e Saneamento S.A.;;;
4315404;33.9;0.0;0.0;0.0;0.12;34.11;26.82;138.78;Companhia Riograndense de Saneamento;;;
2709400;85.98;61.88;0.0;0.0;0.7;70.1;63.6;164.58;Serviço Autônomo de Água e Esgoto;;;
3126604;100.0;100.0;0.0;0.0;0.35;73.42;24.56;159.12;Companhia de Saneamento de Minas Gerais;34.82;62.17;Companhia de Saneamento de Minas Gerais
3534807;95.18;10.77;95.18;0.0;1.02;94.6;6.67;417.43;Prefeitura Municipal de Ouro Verde;94.6;85.96;Prefeitura Municipal de Ouro Verde
1302702;51.47;0.0;0.0;100.0;0.33;56.93;19.74;1076.3;Prefeitura Municipal de Manicoré;;;
2402303;49.6;0.0;0.0;100.0;0.35;76.17;60.08;116.34;Companhia de Águas e Esgotos do Rio Grande do Norte;;;
3134905;100.0;100.0;0.0;0.0;0.79;74.31;58.4;171.28;Prefeitura Municipal de Jacutinga;74.31;;Prefeitura Municipal de Jacutinga
4209805;24.25;0.0;0.0;0.0;0.52;27.68;20.55;130.7;Companhia Catarinense de Águas e Saneamento;;;
3167608;97.05;94.31;0.0;0.0;1.08;31.82;26.87;219.2;Companhia de Saneamento de Minas Gerais;30.48;;Prefeitura Municipal de Simonésia
3102209;63.04;20.95;53.24;0.0;0.39;51.77;9.44;199.63;Companhia de Saneamento de Minas Gerais;72.68;;Prefeitura Municipal de Alvarenga
3542602;96.18;69.99;87.27;99.68;0.71;87.05;20.47;186.07;Companhia de Saneamento Básico do Estado de São Paulo;77.88;;Companhia de Saneamento Básico do Estado de São Paulo
2606705;45.92;0.0;0.0;0.0;0.21;59.76;22.57;126.26;Companhia Pernambucana de Saneamento;36.36;;Companhia Pernambucana de Saneamento | Prefeitura Municipal de Ibirajuba
3550902;100.0;100.0;99.9;100.0;1.68;91.54;49.47;199.62;Prefeitura Municipal de São Simão;91.18;;Prefeitura Municipal de São Simão
4127908;;;;;;63.74;18.34;145.95;Companhia de Saneamento do Paraná S.A.;60.91;;Companhia de Saneamento do Paraná S.A.
4111555;83.05;0.0;83.05;0.0;0.95;93.37;19.79;161.99;Companhia de Saneamento do Paraná S.A.;58.7;;Companhia de Saneamento do Paraná S.A.
2701209;98.22;96.09;0.0;0.0;0.3;25.82;81.96;80.56;"Companhia de Saneamento de Alagoas; Águas do Sertão";;;
4218350;100.0;100.0;54.12;3.01;0.49;25.16;62.98;182.08;Serviço Autônomo Municipal de Água e Esgoto;;;
2517001;45.4;0.0;0.0;0.0;0.35;45.4;36.63;153.24;Companhia de Águas e Esgotos da Paraíba;;;
3126703;83.12;49.88;0.0;100.0;0.96;67.02;23.3;113.59;Serviço Autônomo de Água e Esgoto;66.33;37.7;Serviço Autônomo de Água e Esgoto
3159407;83.73;67.98;0.0;0.0;0.34;46.53;18.76;196.19;Companhia de Saneamento de Minas Gerais;86.06;;Prefeitura Municipal de Santa Rita de Ibitipoca
3526605;92.66;0.0;0.0;0.0;0.88;96.52;20.3;164.98;Companhia de Saneamento Básico do Estado de São Paulo;82.67;63.85;Companhia de Saneamento Básico do Estado de São Paulo
2614857;;;;;;79.85;47.79;285.49;Companhia Pernambucana de Saneamento;79.85;;Companhia Pernambucana de Saneamento
3534906;60.07;0.0;60.07;0.0;0.87;97.59;21.26;295.55;Prefeitura Municipal de Pacaembu;51.86;;Prefeitura Municipal de Pacaembu
3142403;96.43;97.09;0.0;0.0;0.95;;;;;;;
4119707;70.48;0.0;0.0;0.0;1.13;71.09;22.11;178.08;Companhia de Saneamento do Paraná S.A.;;;
3542701;92.11;79.2;78.33;0.0;0.83;96.27;18.31;172.26;Companhia de Saneamento Básico do Estado de São Paulo;94.38;84.2;Companhia de Saneamento Básico do Estado de São Paulo
5218391;68.94;0.0;0.0;100.0;0.83;62.78;17.36;176.95;Saneamento de Goiás S/A;;;
1715705;70.89;51.1;0.0;100.0;2.84;40.54;62.58;145.91;Agência Tocantinense de Saneamento;;;
4323408;63.34;0.0;63.34;0.0;0.53;66.8;65.36;136.42;Prefeitura Municipal de Vila Maria;;;
4127882;100.0;100.0;0.0;0.0;0.42;72.37;28.66;151.47;Companhia de Saneamento do Paraná S.A.;;;
1506906;96.8;95.35;0.0;100.0;2.42;;;;;;;
4103354;67.95;0.0;0.0;0.0;0.51;70.53;29.38;173.66;Companhia de Saneamento do Paraná S.A.;;;
4307054;87.18;70.53;0.0;0.0;0.9;100.0;22.27;48.64;Prefeitura Municipal de Ernestina;;;
2708709;;;;;;;58.12;186.9;Verde Ambiental Alagoas;;;
3118502;100.0;100.0;0.0;0.0;0.95;62.99;20.0;153.02;Prefeitura Municipal de Consolação;62.99;0.0;Prefeitura Municipal de Consolação
3526704;100.0;100.0;0.0;0.0;0.89;100.0;47.37;208.7;Superintendência de Água e Esgotos da Cidade de Leme;100.0;;Superintendência de Água e Esgotos da Cidade de Leme
5202155;100.0;100.0;0.0;100.0;0.96;70.45;10.13;147.64;Saneamento de Goiás S/A;56.74;;Saneamento de Goiás S/A
2206050;63.28;55.2;0.0;100.0;0.29;75.55;97.97;1.41;Prefeitura Municipal de Massapê do Piauí;;;
3151206;98.09;0.0;98.09;0.0;0.74;97.52;43.85;205.0;Serviço Autônomo de Água e Esgoto;47.56;45.8;Serviço Autônomo de Água e Esgoto
2304954;100.0;100.0;0.0;100.0;1.21;51.33;38.67;117.72;Companhia de Água e Esgoto do Ceará;9.7;;Companhia de Água e Esgoto do Ceará
2108108;62.52;55.37;0.0;100.0;2.27;6.49;91.39;146.89;Companhia de Saneamento Ambiental do Maranhão;;;
4323507;41.45;0.0;41.45;0.0;0.36;47.53;26.28;155.67;Companhia Riograndense de Saneamento;;;
3134202;97.17;22.96;96.32;100.0;2.77;94.15;41.34;207.63;Superintendência de Água e Esgotos de Ituiutaba;94.15;94.51;Superintendência de Água e Esgotos de Ituiutaba
4111506;91.35;9.99;90.39;0.0;0.91;90.63;24.87;188.06;Companhia de Saneamento do Paraná S.A.;57.11;49.6;Companhia de Saneamento do Paraná S.A.
1507003;90.01;70.0;0.0;100.0;0.58;;;;;;;
4201950;91.9;0.0;0.0;0.0;0.8;96.5;28.46;235.98;EJW AGUAS LTDA;;;
1400704;7.68;0.0;0.0;100.0;0.1;7.68;93.13;181.92;Companhia de Águas e Esgotos de Roraima;;;
1303007;35.53;0.0;35.53;100.0;0.76;37.23;67.4;125.71;Companhia de Saneamento do Amazonas;;;
2700508;100.0;100.0;0.0;0.0;2.7;91.96;45.79;167.25;BRK Ambiental - Região Metropolitana de Maceió S.A.;5.0;;BRK Ambiental - Região Metropolitana de Maceió S.A.
5103361;65.31;0.0;0.0;0.0;0.79;68.87;9.83;192.72;Prefeitura Municipal de Conquista D Oeste;;;
3518503;90.0;78.15;60.26;0.0;0.41;85.5;22.57;195.51;Companhia de Saneamento Básico do Estado de São Paulo;48.74;43.14;Companhia de Saneamento Básico do Estado de São Paulo
4315321;100.0;100.0;0.0;0.0;0.58;82.07;26.67;1305.69;Prefeitura Municipal de Quevedos;;;
5103353;;;;;;77.01;22.21;147.05;Águas de Confresa S/A;51.9;;Águas de Confresa S/A
2313104;69.17;11.11;0.0;100.0;1.41;56.38;49.11;161.55;"Companhia de Água e Esgoto do Ceará; Sistema Integrado de Saneamento Rural da Bacia Hidrográfica do Baixo e Médio Jaguaribe";6.33;;Companhia de Água e Esgoto do Ceará
3551207;88.67;0.0;88.67;0.0;0.6;88.86;13.84;166.16;Companhia de Saneamento Básico do Estado de São Paulo;82.2;74.41;Companhia de Saneamento Básico do Estado de São Paulo
2929255;100.0;100.0;0.0;100.0;1.0;98.66;30.96;114.64;Empresa Baiana de Águas e Saneamento S.A.;;;
3126000;92.56;44.48;86.6;100.0;0.83;82.66;27.77;188.4;Companhia de Saneamento de Minas Gerais;92.56;;Prefeitura Municipal de Florestal
4315313;100.0;100.0;0.0;0.0;0.25;100.0;28.65;85.72;Prefeitura Municipal de Quatro Irmãos;;;
4103305;85.16;0.0;85.16;0.0;0.77;86.4;34.39;175.47;Companhia de Saneamento do Paraná S.A.;;;
4218400;79.1;54.51;0.0;0.0;0.43;47.01;29.53;123.49;Companhia Catarinense de Águas e Saneamento;;;
2108207;89.37;55.9;0.0;100.0;1.76;81.12;68.55;184.47;Companhia de Saneamento Ambiental do Maranhão;;;
4315305;50.0;0.0;0.0;0.0;0.34;86.94;61.68;141.94;Companhia Riograndense de Saneamento;69.66;57.69;Companhia Riograndense de Saneamento
4128203;95.13;15.04;95.13;0.0;0.72;94.3;55.25;143.69;Companhia de Saneamento do Paraná S.A.;48.14;41.35;Companhia de Saneamento do Paraná S.A.
2615300;97.95;96.33;0.0;0.0;1.14;86.39;36.32;162.33;Companhia Pernambucana de Saneamento;;;
3534708;100.0;100.0;98.16;0.0;0.7;;63.33;155.3;"Superintendência de Água e Esgoto de Ourinhos; OURINHOS SANEAMENTO S.A.";;;Superintendência de Água e Esgoto de Ourinhos | OURINHOS SANEAMENTO S.A.
2700607;100.0;100.0;0.0;0.0;1.69;80.96;65.09;350.71;"Companhia de Saneamento de Alagoas; BRK Ambiental - Região Metropolitana de Maceió S.A.";13.65;;BRK Ambiental - Região Metropolitana de Maceió S.A.
2410504;100.0;100.0;0.0;100.0;1.0;37.61;30.08;131.82;Companhia de Águas e Esgotos do Rio Grande do Norte;;;
1303106;42.89;0.0;0.0;100.0;0.41;60.83;83.76;105.81;Companhia de Saneamento do Amazonas;;;
2914208;55.51;0.0;55.51;100.0;1.0;73.33;24.73;101.35;Empresa Baiana de Águas e Saneamento S.A.;;;
2304905;100.0;100.0;0.0;100.0;0.41;71.63;28.09;129.04;"Sistema Integrado de Saneamento Rural da Bacia do Acaraú; Companhia de Água e Esgoto do Ceará";;;
4210209;100.0;100.0;0.0;0.0;4.12;34.75;23.62;119.67;Companhia Catarinense de Águas e Saneamento;;;
3510302;84.76;40.27;84.76;0.0;0.75;86.63;21.49;155.08;Companhia de Saneamento Básico do Estado de São Paulo;71.94;56.35;Companhia de Saneamento Básico do Estado de São Paulo
2516904;;;;;;56.74;34.85;138.89;Companhia de Águas e Esgotos da Paraíba;;;
3117801;100.0;100.0;49.94;0.0;0.63;97.18;35.93;167.99;Companhia de Saneamento de Minas Gerais;82.9;;Prefeitura Municipal de Conceição Dos Ouros
5210406;89.47;97.06;0.0;100.0;0.97;81.95;18.95;154.94;Saneamento de Goiás S/A;51.01;37.71;Saneamento de Goiás S/A
3543006;97.73;96.65;0.0;0.0;1.52;72.92;34.52;130.93;Companhia de Saneamento Básico do Estado de São Paulo;51.1;40.58;Companhia de Saneamento Básico do Estado de São Paulo
2607109;73.6;48.94;0.0;0.0;0.29;54.81;14.88;124.83;Companhia Pernambucana de Saneamento;;;
1715754;84.01;0.0;0.0;100.0;0.39;84.01;24.23;185.29;Companhia de Saneamento do Tocantins;;;
2304251;70.0;53.49;48.01;100.0;0.46;66.0;21.4;124.34;"Sistema Integrado de Saneamento Rural da Bacia do Acaraú; Companhia de Água e Esgoto do Ceará";;;
2921054;48.84;16.86;0.0;100.0;0.21;38.46;23.44;127.4;Empresa Baiana de Águas e Saneamento S.A.;;;
4307104;100.0;100.0;0.0;0.0;0.41;69.97;24.02;123.99;Companhia Riograndense de Saneamento;55.97;;Prefeitura Municipal de Herval
5103304;70.22;0.0;0.0;100.0;0.85;70.22;39.18;152.84;Águas Comodoro LTDA;;;
3526506;97.05;94.82;43.12;0.0;0.85;43.12;45.42;187.29;Prefeitura Municipal de Lavínia;41.52;;Prefeitura Municipal de Lavínia
2206100;;;;;;;;;;;;
2500536;69.24;65.34;0.0;0.0;0.33;;;;;;;
4128302;92.98;50.0;92.98;0.0;0.9;86.23;18.09;180.48;Companhia de Saneamento do Paraná S.A.;;;
4202008;100.0;;100.0;0.0;1.52;99.49;16.51;267.82;Empresa Municipal de Água e Saneamento;99.63;86.15;Empresa Municipal de Água e Saneamento
2304236;100.0;100.0;0.0;100.0;0.99;79.2;25.7;119.18;"Companhia de Água e Esgoto do Ceará; Sistema Integrado de Saneamento Rural da Bacia Hidrográfica do Parnaíba; Sistema Integrado de Saneamento Rural da Bacia do Acaraú";8.79;;Companhia de Água e Esgoto do Ceará
5218805;94.19;0.0;29.41;0.0;0.88;94.19;20.39;152.39;Saneamento de Goiás S/A;94.19;79.11;Saneamento de Goiás S/A
2906006;86.79;69.21;0.0;100.0;0.59;74.25;15.44;84.18;"Central de Associações Comunitárias para Manutenção dos Sistemas de Saneamento - Região de Jacobina; Empresa Baiana de Águas e Saneamento S.A.";5.38;2.51;Empresa Baiana de Águas e Saneamento S.A.
2508703;100.0;100.0;0.0;0.0;0.6;53.73;65.52;170.0;Prefeitura Municipal de Mãe D'Água;;;
2312403;90.38;98.76;0.0;100.0;1.89;36.81;57.59;128.47;"Sistema Integrado de Saneamento Rural da Bacia do Curú e Letora; Companhia de Água e Esgoto do Ceará";22.79;;Companhia de Água e Esgoto do Ceará
3543105;100.0;100.0;0.0;0.0;0.56;85.15;22.63;164.02;Companhia de Saneamento Básico do Estado de São Paulo;84.81;70.29;Companhia de Saneamento Básico do Estado de São Paulo
4210050;40.89;0.0;0.0;0.0;1.04;37.83;21.67;117.12;Companhia Catarinense de Águas e Saneamento;;;
1707553;75.37;0.0;0.0;100.0;0.52;67.73;59.59;118.99;Agência Tocantinense de Saneamento;;;
5006002;84.11;0.0;0.0;0.0;0.7;83.27;19.42;173.12;Empresa de Saneamento de Mato Grosso do Sul S/A;44.6;39.43;Empresa de Saneamento de Mato Grosso do Sul S/A
3166956;52.2;12.25;0.0;0.0;0.18;52.47;;164.82;Companhia de Saneamento de Minas Gerais;;;
3501707;99.2;0.0;0.0;100.0;1.06;99.2;36.07;212.08;Prefeitura Municipal de Américo Brasiliense;99.2;;Prefeitura Municipal de Américo Brasiliense
4210035;100.0;100.0;71.88;0.0;0.7;79.75;6.85;214.94;Serviço Intermunicipal de Água e Esgoto;70.56;0.0;Serviço Intermunicipal de Água e Esgoto
5218789;89.98;22.33;87.11;0.0;1.0;87.11;35.1;444.84;Prefeitura Municipal de Rio Quente;29.02;51.74;Prefeitura Municipal de Rio Quente
3518305;100.0;100.0;82.35;0.0;1.27;73.95;28.68;181.39;Companhia de Saneamento Básico do Estado de São Paulo;53.56;44.54;Companhia de Saneamento Básico do Estado de São Paulo
4323804;100.0;100.0;100.0;0.0;2.74;99.81;29.77;469.51;Companhia Riograndense de Saneamento;67.28;32.78;Companhia Riograndense de Saneamento
1507300;100.0;100.0;0.0;100.0;1.94;3.96;60.84;124.95;Companhia de Saneamento do Pará;;;
2708600;100.0;100.0;1.87;0.0;0.72;97.67;64.17;130.67;Águas do Sertão;81.56;76.21;Águas do Sertão
5103403;100.0;100.0;3.35;0.0;0.82;98.29;53.28;186.94;Águas Cuiabá SA;84.3;;Águas Cuiabá SA
4120101;100.0;100.0;0.0;0.0;0.44;93.0;44.31;153.46;Companhia de Saneamento do Paraná S.A.;88.02;82.65;Companhia de Saneamento do Paraná S.A.
4307450;42.5;18.64;0.0;0.0;0.19;96.11;46.34;87.89;Prefeitura Municipal de Esperança do Sul;;;
3306008;100.0;100.0;29.16;0.0;0.98;95.0;36.63;188.15;Serviço Autônomo de Água e Esgoto de Três Rios;78.1;6.94;Serviço Autônomo de Água e Esgoto de Três Rios
4218202;100.0;100.0;100.0;0.0;0.65;92.0;34.7;169.73;Serviço Autônomo Municipal de Água e Esgoto;;;
2913507;69.72;14.6;0.0;100.0;0.93;64.52;33.77;100.28;Empresa Baiana de Águas e Saneamento S.A.;8.29;6.97;Empresa Baiana de Águas e Saneamento S.A.
3102050;57.27;66.04;0.0;0.0;1.18;80.41;7.84;140.12;Prefeitura Municipal de Alto Caparaó;80.41;;Prefeitura Municipal de Alto Caparaó
3117876;66.75;0.0;0.0;0.0;1.42;92.44;31.2;343.64;Companhia de Saneamento de Minas Gerais;0.0;;Companhia de Saneamento de Minas Gerais
5300108;98.02;88.33;87.1;0.0;0.82;97.45;31.55;179.22;Companhia de Saneamento Ambiental do Distrito Federal;91.77;84.09;Companhia de Saneamento Ambiental do Distrito Federal
2108009;66.27;0.0;0.0;100.0;1.83;76.82;31.19;94.56;Serviço Autônomo de Água e Esgoto;;;
2929305;100.0;100.0;0.0;0.0;0.5;98.13;29.05;96.59;Empresa Baiana de Águas e Saneamento S.A.;8.75;6.33;Empresa Baiana de Águas e Saneamento S.A.
2500502;35.42;0.0;0.0;0.0;0.79;;;;;;;
2700409;100.0;100.0;0.0;0.0;1.03;41.15;69.05;181.1;BRK Ambiental - Região Metropolitana de Maceió S.A.;;;
2304202;100.0;100.0;4.7;100.0;1.06;;55.8;130.91;"Sistema Integrado de Saneamento Rural da Bacia Hidrográfica do Salgado; Sociedade Anônima de Água e Esgoto do Crato";37.4;;Ambiental Crato Concessionaria de Saneamento Spe S.A.
3510104;89.36;29.28;88.34;0.0;0.89;92.38;12.8;205.81;Companhia de Saneamento Básico do Estado de São Paulo;87.83;84.28;Companhia de Saneamento Básico do Estado de São Paulo
2312502;46.62;12.12;10.36;100.0;0.98;2.45;75.3;136.51;Sistema Integrado de Saneamento Rural da Bacia Hidrográfica do Baixo e Médio Jaguaribe;;;
3534757;92.1;8.22;29.73;0.0;1.48;100.0;12.54;192.67;Companhia de Saneamento Básico do Estado de São Paulo;100.0;;Companhia de Saneamento Básico do Estado de São Paulo
1302900;43.37;0.0;0.0;43.56;0.55;43.37;7.54;277.68;Serviço Autônomo de Água e Esgoto;23.28;;Serviço Autônomo de Água e Esgoto
5210208;100.0;100.0;0.0;100.0;1.83;79.98;21.44;200.35;Saneamento de Goiás S/A;74.84;57.24;Saneamento de Goiás S/A
5103379;36.62;0.0;0.0;100.0;0.3;48.65;2.82;232.24;Prefeitura Municipal de Cotriguaçu;;;
3518404;100.0;100.0;67.13;0.0;0.64;98.12;38.27;200.9;Companhia de Serviço de Água, Esgoto e Resíduos de Guaratinguetá;88.7;;Companhia de Serviço de Água, Esgoto e Resíduos de Guaratinguetá
4111902;92.24;0.0;89.06;1.62;1.11;100.0;25.34;182.8;Serviço Autônomo Municipal de Água e Esgoto;77.55;;Serviço Autônomo Municipal de Água e Esgoto
3150570;34.57;12.78;0.0;100.0;0.15;37.91;15.04;173.63;Companhia de Saneamento de Minas Gerais;8.3;;Prefeitura Municipal de Pintópolis
3551108;100.0;100.0;100.0;0.0;1.12;89.6;21.99;184.73;Companhia de Saneamento Básico do Estado de São Paulo;57.58;46.27;Companhia de Saneamento Básico do Estado de São Paulo
2205409;32.69;0.0;0.0;0.0;0.17;;;;;;;
4315602;98.01;54.47;71.87;0.0;1.23;95.63;37.56;163.81;Companhia Riograndense de Saneamento;37.55;28.35;Companhia Riograndense de Saneamento
3142254;92.87;86.4;0.0;100.0;1.16;48.72;19.91;147.3;Companhia de Saneamento de Minas Gerais;;;
4210001;90.39;91.37;0.0;0.0;0.9;36.43;26.12;132.65;Companhia Catarinense de Águas e Saneamento;;;
4218301;85.9;0.0;0.0;0.0;0.5;85.9;46.18;135.11;Serviço Autônomo Municipal de Água e Saneamento Ambiental;;;Serviço Autônomo Municipal de Água e Saneamento Ambiental
2921104;95.75;79.92;0.0;100.0;1.02;78.7;21.96;127.12;Empresa Baiana de Águas e Saneamento S.A.;;;
2905305;;;;;;78.56;32.89;103.56;Empresa Baiana de Águas e Saneamento S.A.;;;
4128104;94.85;0.0;94.85;0.0;1.21;98.02;21.42;166.37;Companhia de Saneamento do Paraná S.A.;98.01;91.9;Companhia de Saneamento do Paraná S.A.
2913606;90.6;0.0;0.0;0.0;1.16;92.93;26.73;132.48;Empresa Baiana de Águas e Saneamento S.A.;65.03;52.17;Empresa Baiana de Águas e Saneamento S.A.
2304301;43.11;0.0;43.11;100.0;0.94;78.3;26.72;109.58;"Companhia de Água e Esgoto do Ceará; Sistema Integrado de Saneamento Rural da Bacia Hidrográfica do Salgado";;;
2410405;39.62;0.0;0.0;0.0;1.57;37.33;4.61;109.31;Companhia de Águas e Esgotos do Rio Grande do Norte;;;
3510203;94.93;66.0;90.36;0.0;0.97;93.5;22.51;138.07;Companhia de Saneamento Básico do Estado de São Paulo;77.29;70.51;Companhia de Saneamento Básico do Estado de São Paulo
3117836;72.12;44.17;0.0;100.0;0.19;37.55;15.02;97.51;Companhia de Saneamento de Minas Gerais;;;
4103701;97.68;0.0;61.54;100.0;1.27;97.7;43.02;178.43;Companhia de Saneamento do Paraná S.A.;97.68;99.99;Companhia de Saneamento do Paraná S.A.
5210307;100.0;100.0;0.0;0.0;0.39;78.94;24.12;172.32;Saneamento de Goiás S/A;;;
3150539;94.55;53.68;0.0;0.0;0.39;89.74;20.05;146.68;Companhia de Saneamento de Minas Gerais;88.24;0.0;PREFEITURA MUNICIPAL DE PINGO D ÁGUA
4307401;65.29;0.0;0.0;0.0;0.5;65.29;39.22;158.71;Companhia Riograndense de Saneamento;;;
3542909;92.73;0.0;0.0;0.0;0.73;92.73;46.98;231.22;Prefeitura Municipal de Ribeirão Bonito;92.73;;Prefeitura Municipal de Ribeirão Bonito
2205508;89.8;100.0;0.0;100.0;0.48;;;;;;;
4315701;81.21;37.15;27.48;0.0;1.0;70.17;47.58;163.09;Companhia Riograndense de Saneamento;1.77;1.3;Companhia Riograndense de Saneamento
2516201;95.48;77.99;0.0;0.0;0.49;81.79;3.82;382.55;Departamento de Água, Esgoto e Saneamento Ambiental de Sousa;80.88;;Departamento de Água, Esgoto e Saneamento Ambiental de Sousa
1400050;34.71;22.42;0.0;100.0;0.41;28.12;79.94;135.66;Companhia de Águas e Esgotos de Roraima;;;
4201802;49.11;0.0;0.0;0.0;0.39;43.12;34.75;126.89;Companhia Catarinense de Águas e Saneamento;;;
3110301;90.83;75.05;90.83;0.0;0.43;49.55;29.87;184.49;Companhia de Saneamento de Minas Gerais;36.52;3.48;Companhia de Saneamento de Minas Gerais
3117702;100.0;100.0;0.0;0.0;0.81;86.48;27.0;160.51;Companhia de Saneamento de Minas Gerais;89.94;;Prefeitura Municipal de Conceição do Rio Verde
4210100;80.92;1.66;0.0;0.0;0.43;86.28;51.05;126.53;Companhia Catarinense de Águas e Saneamento;10.37;8.93;Companhia Catarinense de Águas e Saneamento
2304285;100.0;100.0;30.87;100.0;1.7;79.8;42.56;169.55;Companhia de Água e Esgoto do Ceará;23.16;;Companhia de Água e Esgoto do Ceará
5006309;94.12;37.47;90.59;0.0;0.7;89.69;46.01;133.28;Empresa de Saneamento de Mato Grosso do Sul S/A;89.69;64.0;Empresa de Saneamento de Mato Grosso do Sul S/A
2905404;;;;;;93.55;19.84;130.17;Empresa Baiana de Águas e Saneamento S.A.;22.45;19.72;Empresa Baiana de Águas e Saneamento S.A.
3167004;;;;;;;;;;;;
4119905;98.24;0.0;98.24;0.0;0.8;98.64;34.44;150.75;Companhia de Saneamento do Paraná S.A.;98.32;97.18;Companhia de Saneamento do Paraná S.A.
2304277;77.57;50.0;0.0;100.0;1.37;52.76;37.78;151.78;"Companhia de Água e Esgoto do Ceará; Sistema Integrado de Saneamento Rural da Bacia Hidrográfica do Baixo e Médio Jaguaribe";22.68;;Prefeitura Municipal de Ererê | Companhia de Água e Esgoto do Ceará
2402204;;;;;;66.89;74.2;111.87;Companhia de Águas e Esgotos do Rio Grande do Norte;;;
5103205;83.48;0.0;83.48;100.0;0.98;83.48;26.68;153.37;Águas Colíder LTDA;40.9;;Águas Colíder LTDA
1400027;34.63;22.28;0.0;100.0;0.7;27.18;83.97;224.42;Companhia de Águas e Esgotos de Roraima;;;
2304269;65.42;35.76;0.0;100.0;1.41;52.25;91.33;29.13;Serviço Autônomo de Água e Esgotos de Deputado Irapuan Pinheiro;;;
2921450;;;;;;21.34;14.14;126.2;Empresa Baiana de Águas e Saneamento S.A.;16.86;0.0;Empresa Baiana de Águas e Saneamento S.A. | Prefeitura Municipal de Mirante
4307500;88.35;71.24;0.0;35.97;0.65;73.59;31.24;178.1;Companhia Riograndense de Saneamento;10.52;8.73;Companhia Riograndense de Saneamento
2508000;65.39;30.36;0.0;0.0;0.46;38.36;22.15;138.93;Companhia de Águas e Esgotos da Paraíba;;;
4218251;74.64;60.54;0.0;0.0;0.29;66.72;40.83;101.16;Companhia Catarinense de Águas e Saneamento;;;
3102100;100.0;100.0;0.0;0.0;0.35;43.36;28.91;153.06;Companhia de Saneamento de Minas Gerais;52.62;;Prefeitura Municipal de Alto Rio Doce
4201901;100.0;100.0;0.0;0.0;0.37;26.17;48.56;154.03;Companhia Catarinense de Águas e Saneamento;;;
2312304;95.25;90.0;0.0;100.0;1.0;76.66;27.32;105.72;"Sistema Integrado de Saneamento Rural da Bacia Hidrográfica do Parnaíba; Companhia de Água e Esgoto do Ceará";16.42;;Companhia de Água e Esgoto do Ceará
3305802;88.42;0.0;0.57;0.0;0.87;83.31;43.14;142.86;Águas da Imperatriz;;;
2108058;;;;;;0.0;39.63;;Companhia de Saneamento Ambiental do Maranhão;;;
4111704;72.6;21.88;0.0;0.0;0.57;73.28;27.9;156.99;Companhia de Saneamento do Paraná S.A.;19.06;15.31;Companhia de Saneamento do Paraná S.A.
3158805;94.96;0.0;0.0;0.0;0.77;98.5;21.87;160.81;Companhia de Saneamento de Minas Gerais;98.15;0.0;Prefeitura Municipal de Santana do Jacaré
4217600;;;;;;82.89;47.1;127.48;Companhia Catarinense de Águas e Saneamento;;;
4323705;42.22;1.26;0.0;0.0;0.22;35.19;29.89;165.05;Companhia Riograndense de Saneamento;;;
1507201;61.64;44.85;0.0;100.0;0.63;;;;;;;
4120002;100.0;100.0;0.0;0.0;0.81;100.0;47.06;170.09;Companhia de Saneamento do Paraná S.A.;100.0;97.45;Companhia de Saneamento do Paraná S.A.
3510153;;;;;;;;;;;;
2807006;54.15;0.0;0.0;0.0;0.67;99.22;59.08;85.91;Companhia de Saneamento de Sergipe;;;
3142304;100.0;100.0;0.0;0.0;1.06;54.79;26.87;234.46;Companhia de Saneamento de Minas Gerais;;;
3125952;89.08;88.19;0.0;100.0;2.34;45.41;53.25;140.85;Serviço Autônomo de Água e Esgoto;43.02;0.0;Serviço Autônomo de Água e Esgoto
2913408;100.0;100.0;0.0;100.0;2.21;88.78;15.36;118.91;Serviço Autônomo de Água e Esgoto;36.72;;Serviço Autônomo de Água e Esgoto
2205458;90.33;84.72;0.0;100.0;0.77;;;;;;;
2304103;96.23;85.92;73.93;94.16;1.44;84.44;36.15;121.86;"Companhia de Água e Esgoto do Ceará; Sistema Integrado de Saneamento Rural da Bacia Hidrográfica do Parnaíba";39.23;;Companhia de Água e Esgoto do Ceará
4209409;100.0;100.0;0.0;0.0;0.77;100.0;29.54;143.33;Companhia Catarinense de Águas e Saneamento;74.95;46.32;Companhia Catarinense de Águas e Saneamento
3525854;65.71;0.0;65.71;0.0;0.76;79.44;33.24;174.39;Prefeitura Municipal de Jumirim;56.16;;Prefeitura Municipal de Jumirim
3305901;95.76;97.53;0.0;0.0;0.9;22.78;30.71;201.55;Rio+ Saneamento BL3 S.A;;;
3502101;95.78;50.06;91.55;0.0;1.38;91.55;20.8;204.05;Águas de Andradina;91.55;;Águas de Andradina
3509502;100.0;100.0;74.6;0.0;1.17;99.8;17.46;200.93;Sociedade de Abastecimento de Água e Saneamento;96.61;;Sociedade de Abastecimento de Água e Saneamento
4103503;;;;;;89.69;24.83;175.65;Companhia de Saneamento do Paraná S.A.;24.46;19.86;Companhia de Saneamento do Paraná S.A.
3150604;87.16;72.12;0.0;0.0;0.4;68.46;9.7;166.8;Prefeitura Municipal de Piracema;40.67;;Prefeitura Municipal de Piracema
3109600;93.49;0.0;0.0;0.0;0.76;97.04;27.48;243.03;Prefeitura Municipal de Cachoeira Da Prata;93.49;21.91;Prefeitura Municipal de Cachoeira Da Prata
4111803;100.0;100.0;42.52;0.0;2.49;95.93;35.76;168.54;Companhia de Saneamento do Paraná S.A.;94.99;87.44;Companhia de Saneamento do Paraná S.A.
4315503;100.0;100.0;100.0;0.0;0.5;58.5;40.42;151.74;Companhia Riograndense de Saneamento;;;
2108405;;;;;;11.55;71.89;156.56;Companhia de Saneamento Ambiental do Maranhão;;;
2929701;100.0;100.0;0.0;100.0;1.51;40.1;36.34;114.2;Empresa Baiana de Águas e Saneamento S.A.;;;
3134103;61.6;0.0;0.0;0.0;0.38;57.61;19.73;173.82;Companhia de Saneamento de Minas Gerais;61.6;;Prefeitura Municipal de Itueta
1400100;100.0;100.0;0.0;100.0;1.45;96.97;57.75;158.2;Companhia de Águas e Esgotos de Roraima;92.01;65.17;Companhia de Águas e Esgotos de Roraima
2807105;95.39;89.97;47.96;0.0;0.66;85.82;55.89;91.92;Companhia de Saneamento de Sergipe;7.4;5.03;Companhia de Saneamento de Sergipe
2700805;51.47;0.0;0.0;0.0;0.44;;;;;;;
1707405;100.0;100.0;0.0;100.0;1.19;98.85;32.43;106.2;Sannorte Saneamento Ambiental Ltda.;32.35;;Sannorte Saneamento Ambiental Ltda.
3166808;90.91;87.63;0.0;35.9;0.94;66.22;11.3;219.33;Companhia de Saneamento de Minas Gerais;76.99;;Prefeitura Municipal de Serra do Salitre
2205300;;;;;;;;;;;;
3101409;98.61;95.14;0.0;0.0;0.46;71.58;57.7;274.72;Prefeitura Municipal de Albertina;71.42;;Prefeitura Municipal de Albertina
4201208;56.89;0.0;0.0;0.0;0.63;59.72;27.26;135.27;Companhia Catarinense de Águas e Saneamento;;;
5210604;86.11;0.0;0.0;100.0;1.12;86.11;11.56;195.19;Saneamento de Goiás S/A;;;
2905206;100.0;100.0;73.3;58.4;0.4;70.13;28.46;126.55;"Central de Associações Comunitárias para Manutenção dos Sistemas de Saneamento - Região de Caetité; Empresa Baiana de Águas e Saneamento S.A.";;;
2409704;73.85;36.94;0.0;100.0;1.67;61.43;52.75;89.2;Companhia de Águas e Esgotos do Rio Grande do Norte;46.79;34.44;Companhia de Águas e Esgotos do Rio Grande do Norte
5006358;47.58;0.0;2.63;0.0;0.42;47.11;29.39;123.78;Empresa de Saneamento de Mato Grosso do Sul S/A;43.24;43.6;Empresa de Saneamento de Mato Grosso do Sul S/A
1507151;84.85;48.48;0.0;100.0;0.3;79.11;47.21;143.86;Hidro Forte Administração e Operação S/A;;;
4119954;100.0;100.0;74.94;0.0;1.38;98.68;35.24;239.68;Companhia de Saneamento do Paraná S.A.;98.55;66.77;Companhia de Saneamento do Paraná S.A.
2100204;;;;;;26.49;74.0;163.52;Companhia de Saneamento Ambiental do Maranhão;;;
4217550;55.42;0.0;0.0;0.0;0.76;85.06;23.33;62.72;Prefeitura Municipal de Serra Alta;;;
4103602;100.0;100.0;0.0;0.0;0.82;95.14;33.42;149.38;Companhia de Saneamento do Paraná S.A.;95.2;93.35;Companhia de Saneamento do Paraná S.A.
2921500;36.13;13.39;0.0;100.0;1.07;50.21;41.93;104.21;Empresa Baiana de Águas e Saneamento S.A.;;;
4307302;80.41;59.61;80.41;0.0;0.26;42.42;27.02;149.41;Companhia Riograndense de Saneamento;;;
2708956;40.9;26.38;0.0;0.0;0.23;23.56;70.62;73.17;"Companhia de Saneamento de Alagoas; Águas do Sertão";;;
3125903;42.52;0.0;14.17;100.0;0.23;31.19;9.25;200.57;Companhia de Saneamento de Minas Gerais;32.31;;Prefeitura Municipal de Ferros
5103254;59.88;0.0;0.0;100.0;1.0;26.83;55.44;150.68;Prefeitura Municipal de Colniza;;;
2516102;;;;;;52.99;32.51;124.47;Companhia de Águas e Esgotos da Paraíba;;;
3158607;98.19;93.97;0.0;0.0;0.56;40.67;17.46;186.09;Companhia de Saneamento de Minas Gerais;;;
2205276;;;;;;;;;;;;
4119301;100.0;100.0;82.04;0.0;0.35;64.44;20.33;136.49;Companhia de Saneamento do Paraná S.A.;40.62;30.7;Companhia de Saneamento do Paraná S.A.
3509452;99.67;98.08;99.67;0.0;0.82;91.85;18.78;182.44;Companhia de Saneamento Básico do Estado de São Paulo;75.73;69.22;Companhia de Saneamento Básico do Estado de São Paulo
3166907;85.79;0.0;0.0;0.0;1.28;80.29;19.41;187.6;Companhia de Saneamento de Minas Gerais;86.02;;Prefeitura Municipal de Serrania
3534104;94.95;0.0;0.0;0.0;1.51;97.44;22.15;164.13;Companhia de Saneamento Básico do Estado de São Paulo;97.27;93.58;Companhia de Saneamento Básico do Estado de São Paulo
3101508;;;;;;86.87;29.46;164.74;Companhia de Saneamento de Minas Gerais;63.33;;Companhia de Saneamento de Minas Gerais
4323770;54.95;0.0;0.0;0.0;0.39;100.0;21.74;77.69;Prefeitura Municipal de Westfália;;;
2401503;97.49;94.97;0.0;0.0;1.01;91.81;30.96;99.33;Companhia de Águas e Esgotos do Rio Grande do Norte;;;
3305208;100.0;100.0;0.0;0.0;1.02;95.29;36.24;150.45;Prolagos S/A - Concessionária de Serviços Públicos de Água e Esgoto;87.51;;Prolagos S/A - Concessionária de Serviços Públicos de Água e Esgoto
5006200;87.52;0.0;87.52;0.0;0.62;86.65;18.35;202.1;Empresa de Saneamento de Mato Grosso do Sul S/A;50.77;49.78;Empresa de Saneamento de Mato Grosso do Sul S/A
2615201;68.07;0.0;0.0;0.0;0.34;77.58;39.08;144.28;Companhia Pernambucana de Saneamento;;;
2507903;94.65;41.72;0.0;100.0;0.84;44.17;81.98;109.25;Companhia de Águas e Esgotos da Paraíba;;;
4323754;48.46;24.24;0.0;0.0;0.31;100.0;33.3;165.87;Prefeitura Municipal de Vitória Das Missões;;;
3501905;100.0;100.0;92.23;0.0;0.8;92.23;39.49;198.04;Serviço Autônomo de Água e Esgoto;87.62;77.9;Serviço Autônomo de Água e Esgoto
4111100;100.0;100.0;95.17;0.0;2.11;96.54;28.2;159.97;Companhia de Saneamento do Paraná S.A.;94.09;77.02;Companhia de Saneamento do Paraná S.A.
3525904;100.0;100.0;96.86;53.11;1.37;98.57;26.43;239.42;DAE S/A - Água e Esgoto;96.56;;DAE S/A - Água e Esgoto
5103601;79.38;0.0;0.0;0.0;0.81;99.2;19.54;175.92;Prefeitura Municipal de Dom Aquino;4.85;0.0;Prefeitura Municipal de Dom Aquino
2913457;;;;;;33.93;24.84;99.73;Empresa Baiana de Águas e Saneamento S.A.;;;
3158706;100.0;100.0;54.11;0.0;0.62;78.07;16.67;299.42;Prefeitura Municipal de Santana do Garambéu;78.07;0.0;Prefeitura Municipal de Santana do Garambéu
4209458;100.0;100.0;100.0;0.0;0.39;53.3;47.97;113.57;Companhia Catarinense de Águas e Saneamento;;;
2607000;;;;;;;;;;;;
3142601;100.0;100.0;78.87;100.0;1.35;78.87;16.59;164.89;Companhia de Saneamento de Minas Gerais;78.87;0.0;Prefeitura Municipal de Monsenhor Paulo
2929503;88.5;34.8;0.0;0.0;1.21;84.0;23.97;104.31;Empresa Baiana de Águas e Saneamento S.A.;5.19;4.47;Empresa Baiana de Águas e Saneamento S.A.
5202502;85.01;0.0;0.0;100.0;0.8;85.01;32.05;182.09;Saneamento de Goiás S/A;57.31;;Saneamento de Goiás S/A
2806909;100.0;100.0;0.0;0.0;0.64;90.82;50.69;107.35;Companhia de Saneamento de Sergipe;66.93;46.53;Companhia de Saneamento de Sergipe
2401602;;;;;;73.68;62.88;110.87;Companhia de Águas e Esgotos do Rio Grande do Norte;;;
4201273;100.0;100.0;0.0;0.0;0.38;42.1;40.86;159.6;Associação de Abastecimento de Água Nova Germânia;;;
1715002;82.69;0.0;0.0;100.0;1.06;58.48;18.66;123.03;Agência Tocantinense de Saneamento;;;
2312700;;;;;;81.05;52.83;112.44;"Sistema Integrado de Saneamento Rural da Bacia do Banabuiu; Companhia de Água e Esgoto do Ceará";;;
4315552;48.71;24.22;0.0;0.0;0.29;18.89;11.92;175.16;Companhia Riograndense de Saneamento;;;
2205359;32.99;6.36;0.0;100.0;1.03;77.86;81.36;70.23;Prefeitura Municipal de João Costa;;;
2108454;70.73;23.69;0.0;100.0;0.53;23.84;61.26;156.36;Companhia de Saneamento Ambiental do Maranhão;;;
4119251;45.9;0.0;0.0;0.0;0.32;44.31;20.56;140.32;Companhia de Saneamento do Paraná S.A.;;;
5218706;93.68;40.0;93.68;100.0;0.89;89.46;4.65;186.43;Saneamento de Goiás S/A;;;
4102901;77.31;39.85;63.64;0.0;0.32;66.53;30.6;146.46;Companhia de Saneamento do Paraná S.A.;45.38;35.49;Companhia de Saneamento do Paraná S.A.
3517703;;;;;;97.54;28.05;256.47;Prefeitura Municipal de Guará;;;Prefeitura Municipal de Guará
3550407;79.64;0.0;73.0;0.0;0.82;82.71;57.71;148.49;Serviço Autônomo de Água e Esgoto de São Pedro;78.99;;Serviço Autônomo de Água e Esgoto de São Pedro
3502002;84.91;0.0;0.0;0.0;1.29;84.91;90.09;36.72;Prefeitura Municipal de Analândia;68.32;;Prefeitura Municipal de Analândia
3150505;90.35;32.03;85.8;0.0;0.52;99.44;52.2;155.56;Serviço Autônomo de Água e Esgoto;85.8;0.0;Serviço Autônomo de Água e Esgoto
4201257;100.0;100.0;100.0;0.0;0.8;74.47;51.12;135.2;Companhia Catarinense de Águas e Saneamento;;;
3109501;100.0;100.0;0.0;100.0;0.8;63.67;20.33;171.67;Companhia de Saneamento de Minas Gerais;63.45;45.45;Companhia de Saneamento de Minas Gerais
5218052;93.23;0.0;0.0;100.0;0.29;84.78;12.92;208.84;Saneamento de Goiás S/A;;;
5006275;100.0;100.0;100.0;0.0;0.39;54.32;40.54;389.41;Serviço Autônomo de Água e Esgoto de Paraíso das Águas;;;
2304509;61.12;0.0;0.0;0.0;0.59;61.36;33.38;153.46;Companhia de Água e Esgoto do Ceará;8.76;;Companhia de Água e Esgoto do Ceará
3142700;81.21;71.37;0.0;100.0;0.36;72.17;16.19;184.16;Companhia de Saneamento de Minas Gerais;12.94;;Companhia de Saneamento de Minas Gerais
1506559;;;;;;8.62;64.79;101.08;Companhia de Saneamento do Pará;;;
2921302;100.0;100.0;0.0;100.0;1.33;85.28;32.78;126.64;Empresa Baiana de Águas e Saneamento S.A.;;;
2929602;;;;;;90.64;34.74;98.58;Empresa Baiana de Águas e Saneamento S.A.;;;
3533908;96.88;0.0;0.0;0.0;1.68;;21.48;239.7;SABESP OLIMPIA S/A;;88.83;SABESP OLIMPIA S/A
2516151;;;;;;0.0;;;Companhia de Águas e Esgotos da Paraíba;;;
2709004;;;;;;69.4;61.18;101.12;Verde Ambiental Alagoas;;;
5006259;67.24;0.0;0.0;0.0;0.49;66.58;6.3;195.14;Empresa de Saneamento de Mato Grosso do Sul S/A;57.74;57.89;Empresa de Saneamento de Mato Grosso do Sul S/A
3134509;69.11;0.0;0.0;0.0;0.39;61.79;15.12;209.55;Companhia de Saneamento de Minas Gerais;66.11;;Prefeitura Municipal de Itutinga
2409605;;;;;;47.06;32.0;119.96;Companhia de Águas e Esgotos do Rio Grande do Norte;;;
3101300;100.0;100.0;0.0;0.0;0.64;52.45;54.0;422.22;Prefeitura Municipal de Alagoa;52.45;51.17;Prefeitura Municipal de Alagoa
3550506;81.82;24.0;0.0;0.0;0.32;82.22;13.43;238.63;Serviço Autônomo de Água e Esgoto;82.22;85.06;Serviço Autônomo de Água e Esgoto
2921401;100.0;100.0;0.0;100.0;1.48;64.05;22.4;59.11;Empresa Baiana de Águas e Saneamento S.A.;38.67;13.07;Empresa Baiana de Águas e Saneamento S.A.
2905602;63.72;76.31;9.46;100.0;1.29;87.4;24.33;115.32;Empresa Baiana de Águas e Saneamento S.A.;41.59;35.31;Empresa Baiana de Águas e Saneamento S.A.
3167202;94.88;3.01;20.98;0.0;0.67;96.2;68.73;148.5;Serviço Autônomo de Água, Esgoto e Saneamento Urbano;94.49;;Serviço Autônomo de Água, Esgoto e Saneamento Urbano
3525706;92.79;0.0;0.0;0.0;0.75;87.66;47.41;237.0;Prefeitura Municipal de José Bonifácio;88.61;87.22;Prefeitura Municipal de José Bonifácio
3126307;100.0;100.0;0.0;0.0;0.46;73.63;27.71;164.61;Companhia de Saneamento de Minas Gerais;72.63;;Prefeitura Municipal de Fortaleza de Minas
3534005;100.0;100.0;0.0;0.0;1.6;85.14;16.46;194.02;Companhia de Saneamento Básico do Estado de São Paulo;81.19;81.09;Companhia de Saneamento Básico do Estado de São Paulo
4127502;96.35;99.91;96.35;0.0;0.38;69.41;17.74;140.03;Companhia de Saneamento do Paraná S.A.;62.7;48.33;Companhia de Saneamento do Paraná S.A.
2614501;;;;;;90.46;18.27;101.61;Companhia Pernambucana de Saneamento;20.74;;Companhia Pernambucana de Saneamento
3109451;80.37;0.0;0.0;100.0;1.94;80.65;7.56;166.0;Serviço Autônomo de Saneamento de Cabeceira Grande;;;
2401404;100.0;100.0;0.0;0.0;1.95;75.4;69.92;119.32;Companhia de Águas e Esgotos do Rio Grande do Norte;;;
5218003;87.44;0.0;0.0;100.0;1.09;87.51;17.54;156.31;Saneamento de Goiás S/A;68.59;51.05;Saneamento de Goiás S/A
2304459;94.81;87.39;0.0;100.0;0.29;58.56;35.89;143.72;"Sistema Integrado de Saneamento Rural da Bacia Hidrográfica do Baixo e Médio Jaguaribe; Companhia de Água e Esgoto do Ceará";;;
2108256;60.2;41.2;0.0;100.0;1.03;35.31;55.98;145.61;Prefeitura Municipal de Pedro do Rosário;;;
3542305;98.46;96.67;0.0;0.0;0.53;34.37;25.65;223.94;Companhia de Saneamento Básico do Estado de São Paulo;26.44;20.36;Companhia de Saneamento Básico do Estado de São Paulo
3501301;100.0;100.0;100.0;0.0;1.22;89.44;16.17;194.99;Companhia de Saneamento Básico do Estado de São Paulo;87.58;85.3;Companhia de Saneamento Básico do Estado de São Paulo
3159001;65.5;0.0;0.0;0.0;0.47;33.55;27.93;453.92;Companhia de Saneamento de Minas Gerais;;;
2606309;;;;;;54.97;40.81;121.81;Companhia Pernambucana de Saneamento;10.56;;Companhia Pernambucana de Saneamento
3167301;;;;;;64.62;16.74;144.86;Companhia de Saneamento de Minas Gerais;;;
3525805;93.5;0.0;0.0;0.0;4.58;93.5;52.94;216.07;Prefeitura Municipal de Júlio Mesquita;93.5;;Prefeitura Municipal de Júlio Mesquita
2928901;73.12;43.86;0.0;0.0;0.39;60.45;14.4;92.53;Empresa Baiana de Águas e Saneamento S.A.;;;
3118106;;;;;;;;;;;;
2100055;97.39;76.73;0.0;100.0;2.32;28.95;68.45;77.79;Companhia de Saneamento Ambiental do Maranhão;;;
3142502;68.35;0.0;0.0;0.0;0.26;59.15;44.03;191.23;Companhia de Saneamento de Minas Gerais;;;
5218102;86.83;0.0;0.0;100.0;0.6;86.83;22.45;176.3;Saneamento de Goiás S/A;;;
2708808;100.0;100.0;0.0;0.0;1.19;23.51;73.83;89.64;Companhia de Saneamento de Alagoas;;;
4119152;100.0;;100.0;0.0;0.79;100.0;5.9;146.56;Companhia de Saneamento do Paraná S.A.;100.0;98.39;Companhia de Saneamento do Paraná S.A.
3150802;88.48;79.98;0.0;0.0;0.36;33.5;29.77;166.99;Companhia de Saneamento de Minas Gerais;42.45;;Prefeitura Municipal de Piranga
1506609;100.0;100.0;0.0;100.0;0.59;42.02;36.38;154.6;Companhia de Saneamento do Pará;;;
1400308;;;;;;60.97;73.82;170.54;Companhia de Águas e Esgotos de Roraima;;;
3159100;100.0;100.0;0.0;100.0;1.09;100.0;87.83;29.11;Prefeitura Municipal de Santana Dos Montes;;;
3517604;80.0;66.41;60.0;0.0;0.48;69.14;23.67;130.31;Companhia de Saneamento Básico do Estado de São Paulo;36.1;30.15;Companhia de Saneamento Básico do Estado de São Paulo
2920700;;;;;;10.36;19.24;137.97;Empresa Baiana de Águas e Saneamento S.A.;;;
5210562;100.0;100.0;0.0;100.0;1.29;83.43;11.32;186.09;Saneamento de Goiás S/A;;;
3550308;100.0;100.0;100.0;0.0;0.84;99.98;24.46;205.51;Companhia de Saneamento Básico do Estado de São Paulo;99.26;82.1;Companhia de Saneamento Básico do Estado de São Paulo
4323101;51.44;0.0;51.44;0.0;0.41;42.45;65.76;151.08;Companhia Riograndense de Saneamento;;;
3134301;100.0;100.0;0.0;0.0;0.29;67.61;15.22;182.31;Companhia de Saneamento de Minas Gerais;;;
1714880;100.0;100.0;0.0;0.0;0.62;74.56;20.47;157.71;Companhia de Saneamento do Tocantins;;;
4217501;70.41;31.45;62.61;100.0;1.37;64.27;53.42;123.62;Companhia Catarinense de Águas e Saneamento;;;
4127304;84.8;0.0;84.8;0.0;0.43;86.12;19.44;218.2;Serviço Autônomo Municipal de Água e Esgoto;41.46;55.69;Serviço Autônomo Municipal de Água e Esgoto
1506583;49.43;0.0;0.0;100.0;0.46;10.73;53.31;126.71;Companhia de Saneamento do Pará;;;
2708907;97.11;29.05;0.0;0.0;0.78;42.73;44.82;58.66;"BRK Ambiental - Região Metropolitana de Maceió S.A.; Companhia de Saneamento de Alagoas";;;
2100154;100.0;100.0;0.0;80.0;0.88;96.64;95.96;0.22;Prefeitura Municipal de água Doce do Maranhão;;;
1302207;67.17;0.0;0.0;100.0;1.08;67.17;84.6;116.43;Companhia de Saneamento do Amazonas;;;
4110953;100.0;100.0;100.0;21.3;0.8;74.25;23.23;203.1;Companhia de Saneamento do Paraná S.A.;43.78;39.78;Companhia de Saneamento do Paraná S.A.
3150901;100.0;100.0;55.81;0.0;0.61;63.66;16.92;191.51;Companhia de Saneamento de Minas Gerais;43.07;;Prefeitura Municipal de Piranguçu
3509403;;;;;;90.85;19.75;188.19;Companhia de Saneamento Básico do Estado de São Paulo;88.05;81.21;Companhia de Saneamento Básico do Estado de São Paulo
3126109;100.0;100.0;92.98;0.0;0.62;96.13;36.12;176.47;Serviço Autônomo de Água e Esgoto;89.31;0.0;Serviço Autônomo de Água e Esgoto
5103452;88.72;0.0;0.0;100.0;0.87;91.39;23.88;490.44;Prefeitura Municipal de Denise;;;
1400282;32.47;0.0;0.0;100.0;0.53;42.49;83.72;160.89;Companhia de Águas e Esgotos de Roraima;29.05;;Prefeitura Municipal de Iracema | Companhia de Águas e Esgotos de Roraima
4306734;59.69;0.0;0.0;0.0;0.33;47.53;31.34;172.9;Companhia Riograndense de Saneamento;;;
3542107;100.0;100.0;0.0;0.0;0.59;96.85;32.96;197.54;Prefeitura Municipal de Rafard;96.85;;Prefeitura Municipal de Rafard
4314902;99.82;0.0;92.05;0.0;1.36;100.0;46.6;216.59;Departamento Municipal de Água e Esgotos;72.35;;Departamento Municipal de Água e Esgotos
5202353;49.49;0.0;0.0;100.0;0.37;57.51;12.95;223.75;Saneamento de Goiás S/A;;;
2401453;80.93;37.97;0.0;100.0;1.59;71.24;41.98;113.56;Companhia de Águas e Esgotos do Rio Grande do Norte;;;
3134400;100.0;100.0;0.0;0.0;1.26;85.83;25.69;165.36;Companhia de Saneamento de Minas Gerais;83.33;94.85;Companhia de Saneamento de Minas Gerais
4209300;98.89;51.01;97.74;0.0;0.62;97.48;50.09;168.13;Secretaria Municipal de Águas e Saneamento;37.82;28.68;Secretaria Municipal de Águas e Saneamento
3305158;100.0;100.0;0.0;100.0;0.44;54.82;33.86;159.0;Águas do Rio Preto;9.21;;Prefeitura Municipal de São José do Vale do Rio Preto
3167103;53.22;21.59;0.0;100.0;0.39;54.54;24.86;161.59;"Companhia de Saneamento de Minas Gerais ; COPASA Serviços de Saneamento Integrado do Norte e Nordeste de Minas Gerais S/A";37.06;39.25;Companhia de Saneamento de Minas Gerais | COPASA Serviços de Saneamento Integrado do Norte e Nordeste de Minas Gerais S/A
3534302;97.9;0.0;97.9;0.0;1.48;95.25;60.65;239.86;Saneamento de Orlândia SPE S/A;100.0;85.69;Saneamento de Orlândia SPE S/A
2108306;55.12;42.01;0.0;100.0;0.32;11.19;81.04;134.14;Companhia de Saneamento Ambiental do Maranhão;;;
2913804;;;;;;70.83;35.8;107.58;Empresa Baiana de Águas e Saneamento S.A.;;;
5103437;73.08;27.49;73.08;0.0;2.26;62.87;;8.22;Prefeitura Municipal de Curvelândia;;;
4102752;38.1;0.0;0.0;0.0;0.22;49.54;24.15;142.97;Companhia de Saneamento do Paraná S.A.;;;
4127403;86.26;50.1;86.26;100.0;0.84;79.35;16.26;169.44;Companhia de Saneamento do Paraná S.A.;59.17;52.03;Companhia de Saneamento do Paraná S.A.
2700706;44.44;11.34;0.0;0.0;0.45;52.78;71.09;96.13;Companhia de Saneamento de Alagoas;35.47;;Companhia de Saneamento de Alagoas
3126208;86.39;77.81;0.0;100.0;3.72;68.09;25.49;151.25;Companhia de Saneamento de Minas Gerais;;;
4314753;100.0;100.0;0.0;0.0;0.33;100.0;5.63;374.81;Prefeitura Municipal de Poço Das Antas;;;
2614402;50.9;31.53;0.0;0.0;0.2;33.31;38.94;111.82;Companhia Pernambucana de Saneamento;;;
4201109;44.02;6.75;44.02;0.0;0.23;39.96;35.6;302.24;Prefeitura Municipal de Anitápolis;;;
4306700;100.0;100.0;0.0;0.0;0.56;62.63;34.25;157.72;Companhia Riograndense de Saneamento;;;
3117900;100.0;100.0;0.0;0.0;1.57;76.02;25.18;162.8;Companhia de Saneamento de Minas Gerais;75.54;0.0;Companhia de Saneamento de Minas Gerais
2928950;85.49;48.99;0.0;100.0;1.04;90.94;17.34;114.07;Empresa Baiana de Águas e Saneamento S.A.;;;
3305133;82.02;66.47;4.8;0.0;6.61;56.8;23.1;173.06;Rio+ Saneamento BL3 S.A;;;
2205706;78.68;76.42;0.0;0.0;1.77;;;;;;;
3542206;100.0;100.0;90.29;0.0;0.6;90.8;39.97;240.09;Prefeitura Municipal de Rancharia;86.85;88.73;Prefeitura Municipal de Rancharia
3526100;83.4;70.01;0.0;0.0;0.49;75.36;33.18;160.49;Companhia de Saneamento Básico do Estado de São Paulo;56.09;48.8;Companhia de Saneamento Básico do Estado de São Paulo
3158904;97.44;95.16;0.0;0.0;0.45;33.25;20.74;173.98;Companhia de Saneamento de Minas Gerais;77.96;;Prefeitura Municipal de Santana do Manhuaçu
2205573;;;;;;;;;;;;
5005608;97.57;94.4;0.0;0.0;0.38;56.07;23.47;156.88;Empresa de Saneamento de Mato Grosso do Sul S/A;33.46;32.98;Empresa de Saneamento de Mato Grosso do Sul S/A
2100105;;;;;;13.64;88.98;113.46;Companhia de Saneamento Ambiental do Maranhão;;;
3534401;100.0;;41.69;0.0;1.17;100.0;30.93;190.21;Companhia de Saneamento Básico do Estado de São Paulo;99.81;54.34;Companhia de Saneamento Básico do Estado de São Paulo
2304350;87.56;80.59;0.0;100.0;2.73;87.59;35.93;121.37;"Companhia de Água e Esgoto do Ceará; Sistema Integrado de Saneamento Rural da Bacia do Acaraú";29.51;;Companhia de Água e Esgoto do Ceará
2205565;100.0;100.0;0.0;100.0;0.38;30.31;77.79;722.04;Prefeitura Municipal de Lagoa do Barro do Piauí;;;
4306551;;;;;;;;;;;;
4322905;100.0;100.0;60.59;0.0;0.45;47.46;30.0;162.29;Companhia Riograndense de Saneamento;;;
2516508;67.66;0.0;0.0;0.0;0.34;0.0;61.49;119.33;Companhia de Águas e Esgotos da Paraíba;54.12;;Companhia de Águas e Esgotos da Paraíba | Prefeitura Municipal de Taperoá
1506401;;;;;;;;;;;;
3118007;100.0;100.0;100.0;0.0;0.68;85.4;27.98;172.43;Companhia de Saneamento de Minas Gerais;67.94;0.0;Companhia de Saneamento de Minas Gerais
2606200;100.0;100.0;0.0;0.0;1.17;54.87;47.34;177.48;Companhia Pernambucana de Saneamento;40.13;;Companhia Pernambucana de Saneamento
4119202;74.55;25.49;74.55;0.0;0.46;70.87;29.47;160.9;Companhia de Saneamento do Paraná S.A.;2.97;;Companhia de Saneamento do Paraná S.A.
2205557;100.0;100.0;0.0;100.0;0.42;;;;;;;
2708204;41.94;18.02;0.0;0.0;0.22;90.07;4.74;80.3;"Águas do Sertão; Companhia de Saneamento de Alagoas";;;
3305109;100.0;;0.0;0.0;1.25;94.58;25.9;203.52;Águas do Rio 4 SPE S.A.;60.33;0.0;Prefeitura Municipal de São João de Meriti
3526209;92.79;92.15;82.12;0.0;0.7;50.76;28.29;241.74;Companhia de Saneamento Básico do Estado de São Paulo;20.91;14.17;Companhia de Saneamento Básico do Estado de São Paulo
4217808;100.0;100.0;65.97;0.0;0.43;62.86;44.27;135.84;Companhia Catarinense de Águas e Saneamento;;;
3150703;;;;;;81.74;12.45;185.85;Companhia de Saneamento de Minas Gerais;83.79;;Companhia de Saneamento de Minas Gerais
3517901;100.0;100.0;0.0;0.0;1.05;93.12;38.3;237.17;Prefeitura Municipal de Guaraci;93.17;90.04;Prefeitura Municipal de Guaraci
1707009;87.41;0.0;0.0;100.0;0.57;87.54;18.64;159.77;Companhia de Saneamento do Tocantins;;;
2205540;;;;;;;;;;;;
4314704;94.13;84.74;0.0;0.0;0.58;68.37;36.01;185.59;Companhia Riograndense de Saneamento;;;
2508307;100.0;100.0;0.0;0.0;0.41;42.62;45.13;170.45;Companhia de Águas e Esgotos da Paraíba;1.26;1.25;Companhia de Águas e Esgotos da Paraíba
2107605;;;;;;16.69;61.18;121.93;Companhia de Saneamento Ambiental do Maranhão;;;
4111001;89.05;27.51;0.0;80.0;0.72;100.0;91.76;152.01;Serviço Autônomo Municipal de Água e Esgoto;84.9;59.91;Serviço Autônomo Municipal de Água e Esgoto
1506500;89.38;51.99;0.0;100.0;1.06;60.01;16.14;18.48;Serviço Autônomo de Água e Esgotos;;;
2205532;;;;;;;;;;;;
5103502;79.92;0.0;0.0;100.0;1.52;79.92;25.57;244.47;Águas de Diamantino Ltda.;44.08;;Águas de Diamantino Ltda.
1302504;100.0;100.0;0.0;100.0;0.79;63.03;30.56;214.19;Serviço Autônomo de Água e Esgoto;;;
4323002;100.0;100.0;95.45;0.0;1.0;95.45;44.17;155.82;Companhia Riograndense de Saneamento;9.9;6.98;Companhia Riograndense de Saneamento
3518008;86.99;0.0;0.0;0.0;0.93;96.5;3.07;191.49;Companhia de Saneamento Básico do Estado de São Paulo;92.8;83.04;Companhia de Saneamento Básico do Estado de São Paulo
3501152;100.0;100.0;96.28;0.0;0.75;91.0;39.94;173.03;Companhia de Saneamento Básico do Estado de São Paulo;58.82;52.87;Companhia de Saneamento Básico do Estado de São Paulo
4209607;88.91;71.76;0.0;0.0;1.78;61.16;36.56;127.71;Companhia Catarinense de Águas e Saneamento;43.22;37.65;Companhia Catarinense de Águas e Saneamento
3125507;100.0;100.0;0.0;100.0;1.41;68.62;24.47;160.61;COPASA Serviços de Saneamento Integrado do Norte e Nordeste de Minas Gerais S/A;31.96;0.0;COPASA Serviços de Saneamento Integrado do Norte e Nordeste de Minas Gerais S/A
2205524;30.91;0.0;0.0;100.0;0.21;;;;;;;
4217907;100.0;100.0;62.38;0.0;0.37;64.57;34.29;140.49;Companhia Catarinense de Águas e Saneamento;;;
5209804;96.76;86.59;0.0;100.0;0.62;75.81;25.01;164.12;Saneamento de Goiás S/A;;;
5102850;99.06;99.95;0.0;100.0;0.42;53.77;18.56;100.19;Prefeitura Municipal de Castanheira;;;
2312601;70.93;0.0;0.0;100.0;1.35;82.7;28.49;96.63;"Companhia de Água e Esgoto do Ceará; Sistema Integrado de Saneamento Rural da Bacia do Curú e Letora";8.91;;Companhia de Água e Esgoto do Ceará
3550704;99.08;43.36;11.9;0.0;1.68;71.88;29.06;306.67;Companhia de Saneamento Básico do Estado de São Paulo;56.12;51.33;Companhia de Saneamento Básico do Estado de São Paulo
2205516;41.71;17.01;0.0;100.0;0.39;;;;;;;
1715150;74.69;0.0;0.0;100.0;0.24;74.47;13.86;172.44;Hidro Forte Administração e Operação S/A;;;
4314803;100.0;100.0;100.0;0.0;0.83;48.7;4.31;138.92;Companhia Riograndense de Saneamento;;;
1400175;;;;;;37.25;80.56;228.53;Companhia de Águas e Esgotos de Roraima;;;
4102802;94.01;0.0;0.0;0.0;0.83;96.9;30.53;163.95;Companhia de Saneamento do Paraná S.A.;52.85;43.61;Companhia de Saneamento do Paraná S.A.
2107704;77.64;0.0;0.0;100.0;1.08;29.37;71.48;150.73;Companhia de Saneamento Ambiental do Maranhão;;;
2807303;58.88;0.0;0.0;0.0;0.54;99.97;62.06;115.98;Companhia de Saneamento de Sergipe;;;
2500106;72.23;46.45;0.0;0.0;0.24;32.57;31.99;116.19;Companhia de Águas e Esgotos da Paraíba;56.93;;Prefeitura Municipal de água Branca | Companhia de Águas e Esgotos da Paraíba
3534203;100.0;100.0;100.0;0.0;0.81;100.0;12.72;176.07;Companhia de Saneamento Básico do Estado de São Paulo;100.0;90.59;Companhia de Saneamento Básico do Estado de São Paulo
4127700;92.39;8.0;92.39;0.0;0.71;91.91;21.14;165.88;Companhia de Saneamento do Paraná S.A.;91.78;86.42;Companhia de Saneamento do Paraná S.A.
3509809;44.72;0.0;0.0;0.0;0.72;79.9;12.32;193.4;Prefeitura Municipal de Campos Novos Paulista;79.9;72.13;Prefeitura Municipal de Campos Novos Paulista
2401859;;;;;;50.7;60.15;101.6;Companhia de Águas e Esgotos do Rio Grande do Norte;;;
3109907;84.52;36.21;0.0;100.0;0.25;74.23;38.43;167.21;Companhia de Saneamento de Minas Gerais;76.06;;Prefeitura Municipal de Caetanópolis
1715259;53.03;54.87;0.0;100.0;0.34;68.71;40.31;147.43;Agência Tocantinense de Saneamento;;;
4314787;35.72;0.0;0.0;0.0;0.2;91.83;40.14;332.32;Prefeitura Municipal de Ponte Preta;;;
2700102;51.15;27.98;0.0;0.0;1.54;62.22;83.29;86.82;"Companhia de Saneamento de Alagoas; Águas do Sertão";;;
1400159;;;;;;42.85;85.97;164.04;Companhia de Águas e Esgotos de Roraima;29.12;;Companhia de Águas e Esgotos de Roraima
2913705;;;;;;60.8;23.67;106.88;Empresa Baiana de Águas e Saneamento S.A.;;;
3117306;95.1;0.0;0.0;0.02;0.49;96.93;3.47;125.96;Prefeitura Municipal de Conceição Das Alagoas;90.2;;Prefeitura Municipal de Conceição Das Alagoas
5209903;78.12;0.0;0.0;100.0;3.83;78.12;20.12;163.0;Saneamento de Goiás S/A;;;
2304400;100.0;;5.0;0.0;1.77;81.96;48.89;137.66;Companhia de Água e Esgoto do Ceará;64.23;;Companhia de Água e Esgoto do Ceará
3542503;59.04;0.0;0.0;0.0;0.66;59.04;34.21;596.23;Prefeitura Municipal de Reginópolis;60.84;;Prefeitura Municipal de Reginópolis
5005400;91.11;0.0;91.11;0.0;0.7;90.2;37.67;164.68;Empresa de Saneamento de Mato Grosso do Sul S/A;37.6;31.59;Empresa de Saneamento de Mato Grosso do Sul S/A
3158953;100.0;100.0;97.37;0.0;1.06;84.71;20.83;150.06;Companhia de Saneamento de Minas Gerais;86.91;71.76;Companhia de Saneamento de Minas Gerais
4209706;67.32;12.27;63.44;0.0;0.38;72.59;53.17;109.43;Companhia Catarinense de Águas e Saneamento;;;
4314779;100.0;100.0;0.0;0.0;0.58;100.0;15.79;65.43;Prefeitura Municipal de Pontão;;;
4119509;100.0;100.0;91.52;0.0;0.86;86.31;36.2;191.99;Companhia de Saneamento do Paraná S.A.;89.58;78.91;Companhia de Saneamento do Paraná S.A.
4103156;37.6;0.0;0.0;0.0;0.35;36.89;25.07;176.18;Companhia de Saneamento do Paraná S.A.;;;
2205607;100.0;100.0;0.0;100.0;2.13;73.87;43.78;164.89;Soluções de Águas e Abastecimento de Landri Sales SPE LTDA;;;
4127809;;;;;;51.6;16.89;151.18;Companhia de Saneamento do Paraná S.A.;49.43;;Companhia de Saneamento do Paraná S.A.
2516300;79.67;0.0;31.86;100.0;0.78;62.68;22.04;154.77;Companhia de Águas e Esgotos da Paraíba;24.33;23.78;Companhia de Águas e Esgotos da Paraíba
4306601;91.92;10.21;0.0;0.0;0.59;90.94;45.9;141.28;Companhia Riograndense de Saneamento;14.85;12.21;Companhia Riograndense de Saneamento
2205599;;;;;;;;;;;;
3526001;92.71;0.0;0.0;0.0;0.64;93.19;11.76;359.9;Prefeitura Municipal de Junqueirópolis;93.19;;Prefeitura Municipal de Junqueirópolis
2905503;88.46;72.49;0.0;100.0;0.41;70.73;24.93;114.79;Empresa Baiana de Águas e Saneamento S.A.;;;
2410009;88.04;57.19;0.0;100.0;3.13;92.76;59.64;121.76;Companhia de Águas e Esgotos do Rio Grande do Norte;43.19;;Prefeitura Municipal de Pilões
3101706;84.88;0.0;0.0;100.0;0.74;82.58;15.53;149.99;"Companhia de Saneamento de Minas Gerais ; COPASA Serviços de Saneamento Integrado do Norte e Nordeste de Minas Gerais S/A";76.06;79.84;Companhia de Saneamento de Minas Gerais
3133758;100.0;100.0;0.0;0.0;1.24;98.5;30.73;193.8;Companhia de Saneamento de Minas Gerais;95.77;;Prefeitura Municipal de Itaú de Minas
4201505;99.04;98.25;0.0;0.0;1.25;48.07;34.48;122.91;Companhia Catarinense de Águas e Saneamento;;;
5218300;82.41;0.0;0.0;100.0;2.01;82.41;28.31;146.49;Saneamento de Goiás S/A;77.39;53.22;Saneamento de Goiás S/A
5102793;59.22;0.0;0.0;100.0;0.57;59.22;24.11;139.93;Água de Carlinda Ltda;;;
2508109;63.66;0.0;0.0;0.0;0.31;47.18;37.23;140.34;Companhia de Águas e Esgotos da Paraíba;;;
5201702;97.56;42.46;0.0;100.0;0.73;95.76;29.58;174.55;Saneamento de Goiás S/A;;;
4111308;100.0;100.0;100.0;0.0;1.67;81.88;18.51;180.74;Companhia de Saneamento do Paraná S.A.;;;
2516409;;;;;;46.29;7.98;123.29;Companhia de Águas e Esgotos da Paraíba;;;
1506807;70.95;10.9;0.0;100.0;0.79;44.93;57.0;118.51;Companhia de Saneamento do Pará;3.28;2.46;Companhia de Saneamento do Pará
2311900;100.0;100.0;0.0;100.0;0.81;67.18;33.9;108.73;"Sistema Integrado de Saneamento Rural da Bacia do Alto Jaguaribe; Companhia de Água e Esgoto do Ceará";1.39;;Companhia de Água e Esgoto do Ceará
4119608;68.5;0.0;68.5;0.0;1.07;68.83;25.72;145.15;Companhia de Saneamento do Paraná S.A.;51.98;45.26;Companhia de Saneamento do Paraná S.A.
4315131;56.85;24.11;0.0;0.0;0.24;79.08;17.35;36.65;Prefeitura Municipal de Pouso Novo;;;
4323309;64.03;0.0;64.03;0.0;1.44;50.27;25.97;166.53;Companhia Riograndense de Saneamento;;;
2205581;57.18;0.0;0.0;100.0;0.38;;;;;;;
4217709;91.36;79.25;0.0;0.0;0.6;71.87;19.34;88.87;Sombrio Saneamento SPE S.A.;36.46;25.98;Sombrio Saneamento SPE S.A.
1302553;36.83;0.0;0.0;100.0;0.46;38.6;69.53;154.7;Companhia de Saneamento do Amazonas;;;
3517802;;;;;;84.54;25.03;222.63;Autarquia Municipal de Saneamento Ambiental de Guaraçaí;84.38;;Autarquia Municipal de Saneamento Ambiental de Guaraçaí
3501202;66.97;0.0;0.0;0.0;0.55;66.97;35.11;195.96;Datema Ambiental Saneamento Básico LTDA;66.79;;Datema Ambiental Saneamento Básico LTDA
2303709;89.58;0.0;0.0;0.0;1.54;68.85;19.33;132.56;Companhia de Água e Esgoto do Ceará;42.33;;Companhia de Água e Esgoto do Ceará
2401800;;;;;;;;;;;;
3141900;78.64;0.0;0.0;0.0;0.31;81.86;30.65;170.78;Companhia de Saneamento de Minas Gerais;;;
3305505;96.52;79.33;0.0;69.3;1.22;;;132.89;"Concessionária Águas de Juturnaíba S/A; Águas do Rio 1 SPE S.A.";72.4;25.69;Concessionária Águas de Juturnaíba S/A | Águas do Rio 1 SPE S.A.
2508208;;;;;;35.34;47.1;115.07;Companhia de Águas e Esgotos da Paraíba;;;
1400233;42.71;0.0;0.0;100.0;0.36;57.98;71.59;203.03;Companhia de Águas e Esgotos de Roraima;;;
2107506;97.63;42.91;0.0;0.0;1.28;77.01;66.31;91.49;"BRK Ambiental - Maranhão; Serviço Autônomo de Água e Esgoto";36.05;;BRK Ambiental - Maranhão
4111407;96.49;93.04;0.0;0.0;0.3;61.41;25.62;122.02;Companhia de Saneamento do Paraná S.A.;49.27;40.87;Companhia de Saneamento do Paraná S.A.
2928802;82.98;50.0;7.6;100.0;1.18;65.83;34.31;152.96;Empresa Baiana de Águas e Saneamento S.A.;13.74;17.94;Empresa Baiana de Águas e Saneamento S.A.
4315107;47.87;0.0;0.0;0.0;0.37;49.41;51.72;151.7;Companhia Riograndense de Saneamento;;;
4306932;91.79;83.91;0.0;0.0;0.34;48.81;34.92;181.98;Companhia Riograndense de Saneamento;;;
2913002;81.0;76.98;0.0;100.0;0.45;27.55;26.16;75.38;Empresa Baiana de Águas e Saneamento S.A.;9.57;7.25;Empresa Baiana de Águas e Saneamento S.A.
3109709;100.0;100.0;67.46;0.0;0.47;65.8;20.0;177.59;Companhia de Saneamento de Minas Gerais;67.46;;Prefeitura Municipal de Cachoeira de Minas
4209508;100.0;100.0;77.52;0.0;1.29;73.32;37.93;125.51;Companhia Catarinense de Águas e Saneamento;;;
3509601;100.0;100.0;100.0;0.0;1.71;82.43;12.35;187.76;Companhia de Saneamento Básico do Estado de São Paulo;68.88;62.09;Companhia de Saneamento Básico do Estado de São Paulo
3133709;100.0;100.0;0.0;0.0;0.75;55.83;15.1;280.28;Companhia de Saneamento de Minas Gerais;78.68;;Prefeitura Municipal de Itatiaiuçu
4306924;100.0;100.0;0.0;0.0;0.52;70.39;16.33;126.5;Prefeitura Municipal de Engenho Velho;;;
2401651;100.0;100.0;0.0;100.0;0.38;59.71;21.88;178.56;Companhia de Águas e Esgotos do Rio Grande do Norte;;;
5209705;50.29;0.0;0.0;0.0;2.16;39.61;16.27;198.52;Saneamento de Goiás S/A;;;
4103222;100.0;100.0;0.0;0.0;1.0;54.27;21.81;178.88;Companhia de Saneamento do Paraná S.A.;;;
2303808;100.0;100.0;0.0;75.65;0.6;79.04;34.48;119.19;"Companhia de Água e Esgoto do Ceará; Sistema Integrado de Saneamento Rural da Bacia Hidrográfica do Salgado";4.91;;Companhia de Água e Esgoto do Ceará
1400209;53.03;0.0;0.0;100.0;0.82;54.21;66.22;157.36;Companhia de Águas e Esgotos de Roraima;51.14;37.17;Prefeitura Municipal de Caracaraí
2904803;75.22;17.07;0.0;100.0;1.48;70.44;25.81;115.26;Empresa Baiana de Águas e Saneamento S.A.;;;
2920601;85.23;70.47;0.0;0.0;1.08;60.5;37.84;106.92;Empresa Baiana de Águas e Saneamento S.A.;34.53;34.1;Empresa Baiana de Águas e Saneamento S.A.
2807204;100.0;100.0;0.0;0.0;0.68;52.74;55.83;138.94;Companhia de Saneamento de Sergipe;;;
4306908;77.09;11.92;59.6;0.0;0.54;74.76;30.6;132.07;Companhia Riograndense de Saneamento;2.22;1.56;Companhia Riograndense de Saneamento
4127601;100.0;100.0;100.0;0.0;0.44;61.99;23.3;149.02;Companhia de Saneamento do Paraná S.A.;;;
4103206;87.91;0.0;0.0;47.95;0.65;95.21;32.64;148.26;Companhia de Saneamento do Paraná S.A.;;;
2515708;77.26;0.0;0.0;0.0;0.3;62.41;19.07;151.93;Companhia de Águas e Esgotos da Paraíba;;;
4201307;100.0;100.0;0.0;0.0;0.73;84.38;39.71;122.63;Companhia Catarinense de Águas e Saneamento;17.76;15.59;Companhia Catarinense de Águas e Saneamento
3101631;96.05;93.37;0.0;0.0;0.34;63.24;27.76;141.63;Companhia de Saneamento de Minas Gerais;64.09;;Prefeitura Municipal de Alfredo Vasconcelos
3109808;;;;;;87.51;71.7;179.0;Prefeitura Municipal de Cachoeira Dourada;87.51;;Prefeitura Municipal de Cachoeira Dourada
2409803;100.0;100.0;0.0;100.0;0.98;91.67;24.6;133.78;Companhia de Águas e Esgotos do Rio Grande do Norte;21.36;17.27;Companhia de Águas e Esgotos do Rio Grande do Norte
4315206;100.0;100.0;0.0;0.0;0.89;46.46;48.0;142.41;Companhia Riograndense de Saneamento;;;
5201504;76.1;0.0;0.0;100.0;1.44;65.97;20.64;231.98;Saneamento de Goiás S/A;;;
3509700;100.0;100.0;0.0;0.0;0.31;67.09;23.1;343.93;Companhia de Saneamento Básico do Estado de São Paulo;58.83;55.9;Companhia de Saneamento Básico do Estado de São Paulo
3542404;94.78;29.96;92.55;0.0;1.47;98.28;20.06;170.79;Companhia de Saneamento Básico do Estado de São Paulo;96.9;92.11;Companhia de Saneamento Básico do Estado de São Paulo
2311959;;;;;;55.51;41.57;61.87;"Sistema Integrado de Saneamento Rural da Bacia do Alto Jaguaribe; Companhia de Água e Esgoto do Ceará";5.42;;Companhia de Água e Esgoto do Ceará
2204907;39.45;14.75;0.0;100.0;0.37;;;;;;;
5005806;39.67;0.0;0.0;0.0;0.41;54.26;34.02;181.17;Empresa de Saneamento de Mato Grosso do Sul S/A;19.23;18.08;Empresa de Saneamento de Mato Grosso do Sul S/A
4119400;100.0;100.0;100.0;0.0;0.41;77.27;28.35;121.11;Companhia de Saneamento do Paraná S.A.;75.18;64.56;Companhia de Saneamento do Paraná S.A.
2507507;100.0;100.0;8.64;0.0;1.55;78.52;44.22;161.69;Companhia de Águas e Esgotos da Paraíba;72.36;74.73;Companhia de Águas e Esgotos da Paraíba
3166501;52.05;0.0;0.0;100.0;0.61;37.5;23.88;161.48;Companhia de Saneamento de Minas Gerais;31.47;51.23;Companhia de Saneamento de Minas Gerais
2904902;;;;;;94.05;30.43;92.51;Empresa Baiana de Águas e Saneamento S.A.;62.26;;Empresa Baiana de Águas e Saneamento S.A.
3101607;100.0;100.0;0.0;0.0;0.9;85.86;27.24;208.41;Companhia de Saneamento de Minas Gerais;84.98;92.75;Companhia de Saneamento de Minas Gerais
4323358;30.35;0.0;0.0;0.0;0.33;30.35;20.89;56.11;Prefeitura Municipal de Vila Lângaro;15.17;13.28;Prefeitura Municipal de Vila Lângaro
4307005;98.18;49.62;96.38;0.0;0.74;92.41;46.03;181.16;Companhia Riograndense de Saneamento;;;
3305307;90.01;76.54;0.0;0.0;1.14;57.42;24.3;183.05;Águas do Rio 1 SPE S.A.;;;
5102702;100.0;100.0;0.0;100.0;2.02;72.31;18.53;244.17;Águas Canarana LTDA;;;
5201603;89.38;0.0;0.0;70.59;0.48;85.68;19.72;160.79;Saneamento de Goiás S/A;;;
4103040;89.69;84.96;0.0;0.0;0.55;31.41;6.06;120.68;Serviço Autônomo de Água e Esgoto;;;
4217758;42.57;0.0;0.0;0.0;0.48;73.26;42.2;165.17;Prefeitura Municipal de Sul Brasil;42.57;35.65;Prefeitura Municipal de Sul Brasil
4201406;100.0;100.0;0.0;0.0;0.64;77.31;4.44;197.53;Serviço Autônomo Municipal de Água e Esgoto;13.73;;Serviço Autônomo Municipal de Água e Esgoto
4315172;34.8;27.65;0.0;0.0;0.47;94.3;67.92;106.12;Prefeitura Municipal de Protásio Alves;;;
2409902;100.0;100.0;0.0;100.0;2.28;65.22;18.58;125.98;Companhia de Águas e Esgotos do Rio Grande do Norte;42.76;;Companhia de Águas e Esgotos do Rio Grande do Norte
5102694;62.03;0.0;0.0;100.0;0.34;58.04;52.6;252.31;Prefeitura Municipal de Canabrava do Norte;62.03;;Prefeitura Municipal de Canabrava do Norte
4111209;73.86;0.0;73.86;0.0;0.49;76.75;20.58;155.12;Companhia de Saneamento do Paraná S.A.;;;
2929107;100.0;100.0;0.0;100.0;0.68;53.31;10.93;105.2;Empresa Baiana de Águas e Saneamento S.A.;;;
2311801;100.0;100.0;96.88;100.0;3.91;70.77;41.86;151.11;"Companhia de Água e Esgoto do Ceará; Sistema Integrado de Saneamento Rural da Bacia Hidrográfica do Baixo e Médio Jaguaribe";19.17;;Companhia de Água e Esgoto do Ceará
5102686;79.81;0.0;79.81;0.0;0.5;100.0;57.75;349.67;Prefeitura Municipal de Campos de Júlio;;;
2614808;76.6;69.61;0.0;0.0;0.6;61.12;53.57;94.31;Companhia Pernambucana de Saneamento;23.97;;Companhia Pernambucana de Saneamento
3158300;84.34;0.0;0.0;0.0;0.58;77.3;17.07;163.19;Companhia de Saneamento de Minas Gerais;76.26;75.96;Companhia de Saneamento de Minas Gerais
4103024;100.0;100.0;0.0;0.0;0.41;51.72;23.12;160.6;Companhia de Saneamento do Paraná S.A.;;;
4315156;97.61;99.14;0.0;0.0;0.66;98.34;4.79;101.43;Prefeitura Municipal de Progresso;;;
2806503;;;;;;98.32;57.6;107.14;Companhia de Saneamento de Sergipe;;;
4323200;100.0;100.0;0.0;0.0;0.6;42.41;26.09;260.02;Companhia Riograndense de Saneamento;;;
5102678;100.0;100.0;87.23;0.0;0.8;87.23;52.89;174.09;Águas de Campo Verde Ltda;65.97;;Águas de Campo Verde Ltda
3501608;100.0;100.0;99.83;0.0;0.89;99.83;58.79;192.31;Departamento de Água e Esgoto de Americana;96.84;;Departamento de Água e Esgoto de Americana
4315149;100.0;100.0;100.0;0.0;0.52;100.0;37.5;129.06;Prefeitura Municipal de Presidente Lucena;;;
4306973;65.14;0.0;65.14;0.0;0.3;62.9;50.75;153.46;Companhia Riograndense de Saneamento;;;
3141801;100.0;100.0;0.0;100.0;0.64;65.9;22.48;126.41;"COPASA Serviços de Saneamento Integrado do Norte e Nordeste de Minas Gerais S/A; Companhia de Saneamento de Minas Gerais";34.83;20.26;Companhia de Saneamento de Minas Gerais | COPASA Serviços de Saneamento Integrado do Norte e Nordeste de Minas Gerais S/A
2401701;86.0;86.02;78.07;0.0;1.09;100.0;50.24;106.11;Companhia de Águas e Esgotos do Rio Grande do Norte;;;
3305406;100.0;100.0;41.36;0.0;0.71;79.42;34.09;144.68;Companhia Estadual de Águas e Esgotos do Rio de Janeiro;55.46;;Prefeitura Municipal de Sapucaia
1715101;80.45;41.21;0.0;100.0;0.52;77.74;41.14;154.69;Agência Tocantinense de Saneamento;;;
4103008;87.75;0.0;0.0;0.0;0.57;85.66;15.08;195.73;Companhia de Saneamento do Paraná S.A.;;;
3150109;;;;;;;;;;;;
3109105;100.0;100.0;100.0;0.0;0.69;49.52;33.85;142.23;Companhia de Saneamento de Minas Gerais;49.19;42.84;Companhia de Saneamento de Minas Gerais
2303600;;;;;;59.32;34.78;118.67;"Sistema Integrado de Saneamento Rural da Bacia do Alto Jaguaribe; Companhia de Água e Esgoto do Ceará";14.21;;Companhia de Água e Esgoto do Ceará
2920908;71.91;21.62;0.0;100.0;2.31;81.7;12.07;77.97;Empresa Baiana de Águas e Saneamento S.A.;;;
4315008;49.21;0.0;19.67;0.0;0.4;43.94;43.6;200.94;Companhia Riograndense de Saneamento;;;
2904852;;;;;;74.84;33.95;108.27;Empresa Baiana de Águas e Saneamento S.A.;2.91;;Empresa Baiana de Águas e Saneamento S.A.
2708105;34.58;0.0;0.0;0.0;0.25;;;;;;;
4306957;100.0;100.0;0.0;0.0;0.38;68.99;49.5;147.84;Companhia Riograndense de Saneamento;;;
2929206;100.0;100.0;100.0;0.0;2.73;100.0;47.32;118.95;Empresa Baiana de Águas e Saneamento S.A.;41.32;30.56;Empresa Baiana de Águas e Saneamento S.A.
2606606;86.93;70.34;0.0;0.0;0.3;53.98;16.22;137.66;Companhia Pernambucana de Saneamento;51.72;0.0;Prefeitura Municipal de Ibimirim | Companhia Pernambucana de Saneamento
2107902;;;;;;;;;;;;
3133600;100.0;100.0;0.0;0.0;0.31;53.85;28.17;215.41;Companhia de Saneamento de Minas Gerais;35.67;0.0;Companhia de Saneamento de Minas Gerais
5210109;87.32;0.0;0.0;75.61;0.59;87.32;33.76;176.51;Águas de Ipameri;;;
3166303;55.03;0.0;0.0;100.0;0.39;55.48;17.85;149.23;Companhia de Saneamento de Minas Gerais;55.03;;Prefeitura Municipal de Sericita
2409209;;;;;;59.93;44.21;109.27;Companhia de Águas e Esgotos do Rio Grande do Norte;;;
2904704;66.42;0.0;0.0;100.0;2.37;88.39;23.09;110.99;Empresa Baiana de Águas e Saneamento S.A.;;;
4103107;100.0;100.0;98.52;0.0;0.43;70.99;44.01;140.17;Companhia de Saneamento do Paraná S.A.;43.09;30.11;Companhia de Saneamento do Paraná S.A.
3100906;60.51;0.0;0.0;100.0;0.48;77.93;17.99;142.26;"COPASA Serviços de Saneamento Integrado do Norte e Nordeste de Minas Gerais S/A; Companhia de Saneamento de Minas Gerais";3.66;0.0;COPASA Serviços de Saneamento Integrado do Norte e Nordeste de Minas Gerais S/A
3149952;90.27;63.22;0.0;0.0;0.49;75.96;39.12;159.77;Companhia de Saneamento de Minas Gerais;88.58;;Prefeitura Municipal de Periquito
4200705;69.86;65.13;0.0;0.0;0.7;33.11;28.32;148.14;Companhia Catarinense de Águas e Saneamento;;;
4306809;100.0;100.0;0.0;0.0;0.46;85.52;44.95;164.81;Companhia Riograndense de Saneamento;;;
2921005;90.0;90.0;0.0;0.0;1.2;92.17;43.43;190.28;Empresa Baiana de Águas e Saneamento S.A.;51.21;46.58;Empresa Baiana de Águas e Saneamento S.A.
3125408;53.11;0.0;0.0;100.0;0.3;93.24;;213.18;"Prefeitura Municipal de Felício Dos Santos; COPASA Serviços de Saneamento Integrado do Norte e Nordeste de Minas Gerais S/A";;;
3550605;100.0;100.0;36.88;0.0;0.76;83.54;43.35;171.13;Companhia de Saneamento Básico do Estado de São Paulo;51.56;48.89;Companhia de Saneamento Básico do Estado de São Paulo
2401008;59.59;0.0;0.0;100.0;0.57;61.67;26.6;130.5;Companhia de Águas e Esgotos do Rio Grande do Norte;;;
3533601;93.67;0.0;0.0;0.0;0.65;93.67;5.67;280.01;Prefeitura Municipal de Nuporanga;93.67;;Prefeitura Municipal de Nuporanga
4111258;76.01;8.94;45.61;0.0;1.42;73.61;52.37;115.17;Companhia de Saneamento do Paraná S.A.;41.65;37.02;Companhia de Saneamento do Paraná S.A.
3158102;62.46;0.0;0.0;100.0;2.08;72.04;14.52;117.12;COPASA Serviços de Saneamento Integrado do Norte e Nordeste de Minas Gerais S/A;63.98;0.0;COPASA Serviços de Saneamento Integrado do Norte e Nordeste de Minas Gerais S/A
3304706;97.65;80.52;90.78;0.0;0.63;91.45;25.08;281.39;Fortaleza Ambiental Gerenciamento de Resíduos LTDA;86.99;;Fortaleza Ambiental Gerenciamento de Resíduos LTDA
4217154;100.0;100.0;0.0;0.0;0.36;100.0;34.14;102.5;Prefeitura Municipal de São Miguel Da Boa Vista;;;
3549953;100.0;100.0;16.76;0.0;0.56;50.21;16.87;190.05;Companhia de Saneamento Básico do Estado de São Paulo;31.89;26.04;Companhia de Saneamento Básico do Estado de São Paulo
3166402;86.0;0.0;0.0;0.0;0.81;86.0;2.95;166.71;Prefeitura Municipal de Seritinga;86.0;;Prefeitura Municipal de Seritinga
2614600;63.59;0.0;0.0;0.0;0.94;80.97;42.38;136.33;Companhia Pernambucana de Saneamento;67.37;;Companhia Pernambucana de Saneamento | Prefeitura Municipal de Tabira
3117207;100.0;100.0;0.0;0.0;0.38;100.0;6.78;467.56;Prefeitura Municipal de Conceição Das Pedras;100.0;;Prefeitura Municipal de Conceição Das Pedras
2303659;84.59;60.72;0.0;100.0;2.71;66.77;31.07;101.1;"Sistema Integrado de Saneamento Rural da Bacia Hidrográfica do Parnaíba; Companhia de Água e Esgoto do Ceará";;;
4306767;96.59;43.8;0.0;0.0;1.03;93.05;20.86;180.68;Companhia Riograndense de Saneamento;20.62;16.13;Companhia Riograndense de Saneamento
4315073;63.09;52.96;0.0;0.0;0.24;100.0;5.6;204.61;Prefeitura Municipal de Porto Vera Cruz;9.84;;Prefeitura Municipal de Porto Vera Cruz
3525409;100.0;100.0;0.0;0.0;1.45;93.56;18.89;178.11;Companhia de Saneamento Básico do Estado de São Paulo;92.88;86.65;Companhia de Saneamento Básico do Estado de São Paulo
3501400;100.0;100.0;0.0;0.0;0.54;82.23;11.58;123.17;Companhia de Saneamento Básico do Estado de São Paulo;65.4;62.79;Companhia de Saneamento Básico do Estado de São Paulo
5103106;100.0;100.0;0.0;100.0;1.52;63.95;0.0;788.88;Prefeitura Municipal de Cocalinho;;;
3149903;97.31;97.29;97.31;0.0;1.14;80.93;26.54;161.3;Companhia de Saneamento de Minas Gerais;72.74;30.51;Companhia de Saneamento de Minas Gerais
5005681;88.02;0.0;88.02;74.52;0.47;87.14;25.94;167.28;Empresa de Saneamento de Mato Grosso do Sul S/A;;;
4208955;60.12;0.0;0.0;0.0;0.45;66.48;29.32;107.17;Companhia Catarinense de Águas e Saneamento;;;
4306759;100.0;100.0;100.0;0.0;1.11;100.0;18.67;348.9;Prefeitura Municipal de Doutor Ricardo;;;
3142106;100.0;100.0;0.0;0.0;0.32;68.25;28.08;157.5;Companhia de Saneamento de Minas Gerais;77.66;;Prefeitura Municipal de Miradouro
2929008;75.91;50.35;0.0;0.0;1.52;68.03;30.06;116.93;Empresa Baiana de Águas e Saneamento S.A.;58.76;58.94;Empresa Baiana de Águas e Saneamento S.A.
2606408;93.59;68.4;0.0;0.0;1.67;88.73;37.23;194.26;Companhia Pernambucana de Saneamento;21.76;;Companhia Pernambucana de Saneamento
4103057;90.78;70.0;60.28;0.0;0.64;82.2;17.58;157.33;Companhia de Saneamento do Paraná S.A.;;;
2614709;44.83;30.39;0.0;0.0;0.32;62.46;46.72;157.42;Companhia Pernambucana de Saneamento;35.65;;Companhia Pernambucana de Saneamento
3158201;79.07;0.0;0.0;100.0;0.75;69.9;24.26;127.45;Companhia de Saneamento de Minas Gerais;51.93;0.0;Companhia de Saneamento de Minas Gerais
4315057;82.72;71.05;82.72;0.0;0.54;96.46;60.0;77.14;Prefeitura Municipal de Porto Mauá;;;
2806404;100.0;100.0;0.0;0.0;0.44;98.54;61.96;82.22;Companhia de Saneamento de Sergipe;;;
4102406;100.0;100.0;92.02;0.0;0.83;92.02;68.27;183.28;Serviço Autônomo de Água e Esgoto;90.61;86.57;Serviço Autônomo de Água e Esgoto
3501509;100.0;100.0;91.58;0.0;0.7;99.45;21.41;157.72;Companhia de Saneamento Básico do Estado de São Paulo;98.77;93.2;Companhia de Saneamento Básico do Estado de São Paulo
3517208;100.0;100.0;0.0;0.0;0.54;92.94;77.83;48.09;Prefeitura Municipal de Guaiçara;92.94;;Prefeitura Municipal de Guaiçara
1301704;73.26;0.0;0.0;100.0;0.69;;;;;;;
3133907;57.56;14.08;0.0;0.0;0.25;29.75;24.14;164.07;Companhia de Saneamento de Minas Gerais;;;
2920809;100.0;100.0;0.0;100.0;0.69;72.16;7.72;107.63;Empresa Baiana de Águas e Saneamento S.A.;;;
5210158;50.61;14.42;0.0;100.0;0.82;44.97;14.19;220.34;Saneamento de Goiás S/A;;;
1506708;75.75;0.0;0.0;100.0;1.1;38.56;33.6;110.47;Araguaia Saneamento S/A;;;
3142205;100.0;100.0;0.0;0.0;0.51;75.4;31.28;164.8;Companhia de Saneamento de Minas Gerais;;;
2606507;39.76;21.42;0.0;0.0;1.13;;;;;;;
2904753;41.77;0.0;0.0;100.0;0.56;45.38;24.69;134.79;Serviço Autônomo de Água e Esgoto;;;
3549904;100.0;100.0;98.72;0.0;12.43;99.39;32.13;176.66;Companhia de Saneamento Básico do Estado de São Paulo;97.77;91.17;Companhia de Saneamento Básico do Estado de São Paulo
4217105;88.23;81.05;0.0;0.0;0.63;23.76;19.5;130.58;Companhia Catarinense de Águas e Saneamento;;;
3150000;79.34;0.0;0.0;100.0;0.4;85.73;23.0;135.73;COPASA Serviços de Saneamento Integrado do Norte e Nordeste de Minas Gerais S/A;82.6;;Prefeitura Municipal de Pescador
4200754;35.65;0.0;0.0;0.0;0.22;;;;;;;
2304004;100.0;100.0;0.0;0.0;1.15;76.22;33.91;134.09;"Companhia de Água e Esgoto do Ceará; Sistema Integrado de Saneamento Rural da Bacia do Acaraú";10.18;;Companhia de Água e Esgoto do Ceará
3509007;100.0;100.0;25.22;0.0;1.23;100.0;30.51;149.27;Companhia de Saneamento Básico do Estado de São Paulo;91.19;25.93;Companhia de Saneamento Básico do Estado de São Paulo
3533403;100.0;100.0;18.32;0.0;1.46;100.0;27.97;194.1;Companhia de Desenvolvimento de Nova Odessa;98.0;;Companhia de Desenvolvimento de Nova Odessa
5103056;74.24;0.0;12.72;0.0;0.46;74.24;36.2;183.97;Águas de Cláudia Ltda;67.72;;Águas de Cláudia Ltda
1301803;64.01;0.0;0.0;100.0;1.05;60.88;16.96;232.19;Prefeitura Municipal de Ipixuna;;;
4322558;100.0;100.0;100.0;0.0;0.75;100.0;7.38;152.09;Prefeitura Municipal de Vanini;;;
2708501;75.53;0.0;0.0;0.0;0.55;62.65;69.03;120.13;Verde Ambiental Alagoas;;;
3125705;81.93;0.0;0.0;0.0;0.51;85.03;17.62;171.57;Companhia de Saneamento de Minas Gerais;44.7;39.75;Companhia de Saneamento de Minas Gerais
3134004;;;;;;58.71;27.52;148.5;COPASA Serviços de Saneamento Integrado do Norte e Nordeste de Minas Gerais S/A;42.97;36.76;COPASA Serviços de Saneamento Integrado do Norte e Nordeste de Minas Gerais S/A
2912905;82.58;0.0;0.0;100.0;0.83;83.42;25.9;93.34;Empresa Baiana de Águas e Saneamento S.A.;;;
3541703;95.02;0.0;95.02;0.0;0.84;100.0;11.18;171.93;Companhia de Saneamento Básico do Estado de São Paulo;95.36;;Companhia de Saneamento Básico do Estado de São Paulo
3304755;100.0;100.0;0.0;0.0;1.1;61.93;35.23;227.95;Águas do Rio 1 SPE S.A.;;;
4208906;100.0;100.0;100.0;0.0;0.6;96.92;29.7;162.19;Serviço Autônomo Municipal de Água e Esgoto de Jaraguá do Sul;87.14;71.25;Serviço Autônomo Municipal de Água e Esgoto de Jaraguá do Sul
3166709;84.98;0.0;0.0;100.0;0.68;86.66;34.25;138.55;"Companhia de Saneamento de Minas Gerais ; COPASA Serviços de Saneamento Integrado do Norte e Nordeste de Minas Gerais S/A";48.31;78.52;Companhia de Saneamento de Minas Gerais
4322541;90.29;0.0;90.29;0.0;0.78;100.0;5.63;27.55;Prefeitura Municipal de Vale Real;;;
3550001;100.0;100.0;95.27;0.0;1.29;58.34;30.71;172.69;Companhia de Saneamento Básico do Estado de São Paulo;49.2;42.95;Companhia de Saneamento Básico do Estado de São Paulo
4127007;100.0;100.0;0.0;0.0;1.06;60.17;27.46;116.74;Companhia de Saneamento do Paraná S.A.;33.17;27.33;Companhia de Saneamento do Paraná S.A.
4110656;97.74;86.78;97.74;100.0;1.36;83.62;28.53;173.04;Companhia de Saneamento do Paraná S.A.;;;
4322533;84.66;85.62;0.0;0.0;0.2;83.81;64.58;81.6;Prefeitura Municipal de Vale do Sol;;;
2614006;47.98;18.85;0.0;0.0;0.73;42.76;33.13;147.46;Companhia Pernambucana de Saneamento;76.64;;Prefeitura Municipal de Serrita | Companhia Pernambucana de Saneamento
3525201;94.61;68.59;0.0;0.0;1.63;63.41;29.56;187.66;Companhia de Saneamento Básico do Estado de São Paulo;31.03;25.91;Companhia de Saneamento Básico do Estado de São Paulo
2700300;100.0;100.0;0.0;0.0;1.87;72.92;67.55;123.72;Companhia de Saneamento de Alagoas;1.36;1.07;Companhia de Saneamento de Alagoas
4322525;100.0;100.0;0.0;0.0;0.32;69.23;28.98;178.54;Prefeitura Municipal de Vale Verde;;;
3533502;100.0;100.0;95.5;0.0;1.07;97.54;6.58;213.79;Companhia de Saneamento Básico do Estado de São Paulo;95.06;87.89;Companhia de Saneamento Básico do Estado de São Paulo
3125804;100.0;100.0;0.0;0.0;0.46;67.29;14.31;148.07;Companhia de Saneamento de Minas Gerais;71.89;;Prefeitura Municipal de Fernandes Tourinho
2400901;55.33;0.0;0.0;100.0;0.65;44.18;47.73;95.29;Companhia de Águas e Esgotos do Rio Grande do Norte;22.99;18.42;Companhia de Águas e Esgotos do Rio Grande do Norte
1706258;67.71;0.0;0.0;100.0;0.85;63.18;48.44;114.33;Agência Tocantinense de Saneamento;;;
2303956;87.15;81.92;0.0;100.0;0.94;45.16;50.13;95.38;Companhia de Água e Esgoto do Ceará;;;
3158508;44.0;0.0;0.0;0.0;0.39;45.22;41.46;159.1;Companhia de Saneamento de Minas Gerais;45.26;;Prefeitura Municipal de Santana de Pirapama
2929057;77.45;8.01;0.0;100.0;2.54;92.65;28.37;167.21;Serviço Autônomo de Água e Esgoto;;;
1714302;;;;;;84.87;20.27;143.07;Companhia de Saneamento do Tocantins;;;
2515609;81.44;0.0;0.0;0.0;0.31;52.02;37.09;130.41;Companhia de Águas e Esgotos da Paraíba;;;
3541802;;;;;;98.93;11.81;172.04;Companhia de Saneamento Básico do Estado de São Paulo;98.72;;Companhia de Saneamento Básico do Estado de São Paulo
4118808;89.02;0.0;89.02;0.0;0.66;89.02;10.65;662.62;Serviço Autônomo de Água e Esgoto;;;
4322509;100.0;100.0;92.94;0.0;0.91;92.94;44.14;149.8;Companhia Riograndense de Saneamento;93.2;53.94;Companhia Riograndense de Saneamento | Prefeitura Municipal de Vacaria
1506005;51.75;40.17;0.0;100.0;0.39;21.68;38.66;103.63;Companhia de Saneamento do Pará;;;
3142007;81.94;0.0;0.0;24.32;0.36;60.18;22.94;136.97;Companhia de Saneamento de Minas Gerais;34.98;67.58;Companhia de Saneamento de Minas Gerais
2605806;56.86;41.28;0.0;0.0;0.59;43.16;26.09;108.48;Companhia Pernambucana de Saneamento;;;
5005707;94.79;12.82;94.02;0.0;1.4;93.08;21.19;191.97;Empresa de Saneamento de Mato Grosso do Sul S/A;38.1;37.67;Empresa de Saneamento de Mato Grosso do Sul S/A
3517000;82.09;23.6;82.09;0.0;2.39;77.53;33.91;191.32;Prefeitura Municipal de Getulina;75.49;58.69;Prefeitura Municipal de Getulina
4216909;82.11;0.0;82.11;0.0;0.36;79.34;23.63;128.18;Companhia Catarinense de Águas e Saneamento;1.12;0.73;Companhia Catarinense de Águas e Saneamento | Prefeitura Municipal de São Lourenço do Oeste
4200556;45.97;0.0;0.0;0.0;0.23;36.42;26.01;116.36;Companhia Catarinense de Águas e Saneamento;;;
2204808;66.62;0.0;0.0;100.0;0.91;;;;;;;
3525300;100.0;100.0;14.56;0.0;0.79;98.26;27.84;242.21;Águas de Jahu S. A.;98.26;97.15;Águas de Jahu S. A.
5209952;88.45;0.0;0.0;0.0;0.78;78.81;23.14;168.59;Saneamento de Goiás S/A;;;
3117603;88.92;83.48;0.0;0.0;0.73;57.03;37.76;217.46;Companhia de Saneamento de Minas Gerais;33.5;0.0;Companhia de Saneamento de Minas Gerais
2515971;;;;;;10.88;30.81;157.23;Companhia de Águas e Esgotos da Paraíba;;;
3150307;80.52;0.0;0.0;0.0;0.34;63.36;31.81;198.81;Companhia de Saneamento de Minas Gerais;;;
1706100;81.58;0.0;0.0;100.0;0.4;81.58;38.98;164.45;Companhia de Saneamento do Tocantins;;;
2507408;;;;;;48.94;42.8;129.78;Companhia de Águas e Esgotos da Paraíba;;;
1506112;73.5;40.02;0.0;100.0;0.72;64.53;67.8;170.05;Prefeitura Municipal de Quatipuru;;;
4110607;85.38;0.0;85.38;0.0;0.33;85.52;17.1;182.03;Companhia de Saneamento do Paraná S.A.;46.29;39.68;Companhia de Saneamento do Paraná S.A.
2708303;78.38;0.0;0.0;0.0;0.9;67.29;31.96;117.04;Serviço Autônomo de Água e Esgoto de São José da Laje;;;
3517109;100.0;100.0;0.0;0.0;0.74;79.42;18.9;209.83;Companhia de Saneamento Básico do Estado de São Paulo;62.57;57.9;Companhia de Saneamento Básico do Estado de São Paulo
5209937;83.06;0.0;0.0;100.0;1.3;89.8;19.76;154.36;Saneamento de Goiás S/A;;;
4322608;100.0;100.0;67.45;0.0;0.61;64.23;40.25;148.45;Companhia Riograndense de Saneamento;18.64;14.55;Companhia Riograndense de Saneamento
1506104;88.25;65.6;0.0;100.0;1.25;86.58;58.71;157.45;Serviço Autônomo de Água e Esgoto;;;
3133808;100.0;100.0;95.37;0.0;0.54;100.0;51.4;162.94;Serviço Autônomo de Água e Esgoto;90.16;;Serviço Autônomo de Água e Esgoto
4306130;100.0;100.0;0.0;0.0;0.58;29.55;27.5;55.69;Prefeitura Municipal de Cruzaltense;;;
4314423;91.41;71.87;90.13;0.0;0.44;100.0;6.61;118.27;Prefeitura Municipal de Picada Café;;;
3304557;100.0;;68.52;0.0;1.32;91.32;38.92;223.09;"Iguá Rio de Janeiro S.A.; Águas do Rio 1 SPE S.A.; Rio+ Saneamento BL3 S.A; Águas do Rio 4 SPE S.A.";85.78;50.35;Águas do Rio 4 SPE S.A. | Iguá Rio de Janeiro S.A. | Águas do Rio 1 SPE S.A. | Fab Zona Oeste S.A.
3500758;100.0;100.0;0.0;0.0;0.54;80.36;20.16;193.05;Companhia de Saneamento Básico do Estado de São Paulo;65.4;45.13;Companhia de Saneamento Básico do Estado de São Paulo
3549805;100.0;100.0;0.0;0.0;0.86;99.18;14.52;254.28;Serviço Municipal Autônomo de Água e Esgoto;99.18;94.76;Serviço Municipal Autônomo de Água e Esgoto
4217006;84.44;96.94;0.0;0.0;1.16;82.84;23.16;189.46;Serviço Autônomo de Água e Esgoto;82.84;;Serviço Autônomo de Água e Esgoto
2905156;;;;;;32.7;36.85;93.49;Empresa Baiana de Águas e Saneamento S.A.;;;
2312205;64.71;0.0;0.0;100.0;1.09;65.33;27.98;133.78;"Sistema Integrado de Saneamento Rural da Bacia do Acaraú; Sistema Integrado de Saneamento Rural da Bacia do Banabuiu; Companhia de Água e Esgoto do Ceará";;;
2205151;;;;;;;;;;;;
3150406;100.0;100.0;0.0;0.0;0.42;51.5;23.5;196.17;Companhia de Saneamento de Minas Gerais;;;
4314407;98.46;75.0;93.85;0.0;0.94;95.0;40.21;177.67;Serviço Autônomo de Saneamento de Pelotas;81.3;;Serviço Autônomo de Saneamento de Pelotas
4126801;90.02;0.0;90.02;0.0;0.52;90.02;10.2;165.76;Serviço Autônomo Municipal de Água e Esgoto;84.62;97.05;Serviço Autônomo Municipal de Água e Esgoto
4208807;100.0;100.0;0.0;0.0;1.03;;22.3;94.12;"Serviço Autônomo Municipal de Água e Esgoto; Jaguaruna Saneamento SPE SA; Litoral Saneamento Ltda EPP";;;
3508900;100.0;100.0;80.48;0.0;0.42;91.96;11.33;179.44;Companhia de Saneamento Básico do Estado de São Paulo;83.5;74.81;Companhia de Saneamento Básico do Estado de São Paulo
2708402;37.88;0.0;6.34;0.0;0.33;59.17;64.39;99.35;"Águas do Sertão; Companhia de Saneamento de Alagoas";;;
2515930;96.54;83.27;0.0;0.0;3.34;66.83;43.46;127.51;Companhia de Águas e Esgotos da Paraíba;;;
3125606;81.25;7.9;0.0;100.0;0.38;82.15;23.6;138.88;COPASA Serviços de Saneamento Integrado do Norte e Nordeste de Minas Gerais S/A;71.34;0.0;COPASA Serviços de Saneamento Integrado do Norte e Nordeste de Minas Gerais S/A
3533809;100.0;100.0;76.46;0.0;1.28;87.17;29.84;181.52;Companhia de Saneamento Básico do Estado de São Paulo;72.68;62.75;Companhia de Saneamento Básico do Estado de São Paulo
3109006;100.0;100.0;100.0;0.0;3.4;70.92;;181.43;Companhia de Saneamento de Minas Gerais;41.55;0.0;Companhia de Saneamento de Minas Gerais
3541604;100.0;100.0;100.0;0.0;0.56;85.58;13.81;272.63;Serviço Autônomo de Água e Esgoto;84.05;;Serviço Autônomo de Água e Esgoto
3304524;100.0;100.0;0.0;0.0;1.24;76.52;22.97;162.47;Rio+ Saneamento BL3 S.A;4.8;2.19;Rio+ Saneamento BL3 S.A | Serviço Autônomo de Água e Esgoto de Rio das Ostras
2107803;46.5;6.98;0.0;100.0;1.36;71.94;6.8;172.79;Serviços Autônomo de Água e Esgoto;;;
2913309;;;;;;81.43;27.16;125.4;Empresa Baiana de Águas e Saneamento S.A.;;;
5005004;100.0;100.0;18.36;8.53;0.56;92.96;28.88;165.4;Empresa de Saneamento de Mato Grosso do Sul S/A;40.74;39.04;Empresa de Saneamento de Mato Grosso do Sul S/A
4118600;46.88;0.0;46.88;0.0;0.21;56.06;25.81;126.72;Companhia de Saneamento do Paraná S.A.;;;
4126900;70.33;17.7;70.33;0.0;0.94;64.3;20.36;211.04;Companhia de Saneamento do Paraná S.A.;;;
3100807;100.0;100.0;0.0;0.0;2.75;;;;;;;Prefeitura Municipal de Aguanil
2205250;31.17;0.0;0.0;0.0;0.36;;;;;;;
4306205;100.0;100.0;0.0;0.0;0.47;45.2;38.59;135.71;Companhia Riograndense de Saneamento;;;
2700201;69.68;10.61;0.0;0.0;0.4;57.22;33.5;99.91;"Verde Ambiental Alagoas; Companhia de Saneamento de Alagoas";;;
3525607;93.56;44.49;0.0;0.0;0.46;88.4;5.4;394.77;Prefeitura Municipal de João Ramalho;88.4;;Prefeitura Municipal de João Ramalho
3117405;91.05;86.25;0.0;0.0;0.73;34.93;3.8;269.1;Prefeitura Municipal de Conceição de Ipanema;47.37;;Prefeitura Municipal de Conceição de Ipanema
4200606;66.15;66.0;0.0;0.0;0.93;38.86;27.82;124.85;Companhia Catarinense de Águas e Saneamento;;;
5210000;94.14;0.0;0.0;100.0;0.87;94.14;13.11;151.64;Saneamento de Goiás S/A;77.29;54.31;Saneamento de Goiás S/A
5217401;93.74;0.0;93.74;100.0;0.77;92.3;24.58;165.32;Saneamento de Goiás S/A;37.01;27.06;Saneamento de Goiás S/A
2409100;;;;;;79.93;24.61;122.39;Companhia de Águas e Esgotos do Rio Grande do Norte;;;
2905107;88.55;83.41;0.0;100.0;0.36;89.28;29.45;107.32;"Empresa Baiana de Águas e Saneamento S.A.; Central de Associações Comunitárias para Manutenção dos Sistemas de Saneamento - Região de Jacobina";5.81;5.09;Empresa Baiana de Águas e Saneamento S.A.
3509254;100.0;100.0;76.92;0.0;0.56;80.23;24.65;163.08;Companhia de Saneamento Básico do Estado de São Paulo;73.14;67.06;Companhia de Saneamento Básico do Estado de São Paulo
4110409;100.0;100.0;100.0;0.0;0.52;82.26;16.82;186.54;Companhia de Saneamento do Paraná S.A.;;;
4209151;38.7;0.0;0.0;0.0;0.19;39.02;31.57;149.25;Companhia Catarinense de Águas e Saneamento;;;
1505908;55.88;13.61;0.0;100.0;0.33;46.59;22.22;102.34;Prefeitura Municipal de Porto de Moz;;;
4118709;;;;;;37.64;15.71;176.24;Companhia de Saneamento do Paraná S.A.;;;
5005103;54.92;0.0;0.0;0.0;0.85;54.39;17.5;248.58;Empresa de Saneamento de Mato Grosso do Sul S/A;45.47;45.83;Empresa de Saneamento de Mato Grosso do Sul S/A
1301654;62.8;0.0;0.0;100.0;0.78;41.86;50.0;124.53;Prefeitura Municipal de Guajará;7.1;;Prefeitura Municipal de Guajará
4322400;100.0;100.0;0.0;0.0;0.65;97.33;60.15;148.85;BRK Ambiental - Uruguaiana S.A.;94.93;;BRK Ambiental - Uruguaiana S.A.
2516003;86.08;76.7;0.0;0.0;1.97;46.79;36.98;125.76;Companhia de Águas e Esgotos da Paraíba;;;
3117504;96.89;86.32;70.09;0.0;1.12;41.11;24.84;254.41;Companhia de Saneamento de Minas Gerais;34.74;58.08;Companhia de Saneamento de Minas Gerais
3304607;94.09;79.32;32.05;0.0;1.1;57.81;38.81;124.32;Companhia Estadual de Águas e Esgotos do Rio de Janeiro;62.78;;Prefeitura Municipal de Santa Maria Madalena
3500808;84.15;0.0;39.51;0.0;1.13;89.53;17.16;207.12;Companhia de Saneamento Básico do Estado de São Paulo;84.11;75.65;Companhia de Saneamento Básico do Estado de São Paulo
2312007;46.81;42.12;0.0;0.0;0.18;61.11;15.77;112.29;"Companhia de Água e Esgoto do Ceará; Sistema Integrado de Saneamento Rural da Bacia do Acaraú";;;
3150208;100.0;100.0;0.0;0.0;0.46;76.58;29.08;141.32;Companhia de Saneamento de Minas Gerais;;;
5201801;100.0;100.0;2.79;0.0;0.59;57.94;19.7;159.69;Saneamento de Goiás S/A;;;
3517406;96.84;0.0;0.0;0.0;1.42;96.84;38.62;271.68;Departamento de Esgoto e Água de Guaíra;96.84;100.0;Departamento de Esgoto e Água de Guaíra
2707701;99.46;73.94;0.0;0.0;0.71;69.13;72.93;73.76;"Companhia de Saneamento de Alagoas; BRK Ambiental - Região Metropolitana de Maceió S.A.";19.41;;BRK Ambiental - Região Metropolitana de Maceió S.A.
4217303;63.55;0.0;63.55;0.0;0.35;91.62;24.66;81.32;Serviço Autônomo Municipal de Água e Esgoto;;;
4110508;100.0;100.0;55.8;0.0;0.42;44.78;33.45;132.86;Companhia de Saneamento do Paraná S.A.;36.7;33.93;Companhia de Saneamento do Paraná S.A.
4314209;100.0;100.0;0.0;0.0;0.82;94.07;24.45;128.01;Companhia Riograndense de Saneamento;;;
5103007;75.63;22.74;34.07;100.0;0.53;71.01;54.14;300.0;Sistema Autônomo de Água e Esgoto de Chapada dos Guimarães;;;
2205201;;;;;;;;;;;;
2928406;64.32;0.0;0.0;100.0;1.52;64.32;25.85;141.24;Serviço Autônomo de Água e Esgoto;12.28;;Serviço Autônomo de Água e Esgoto
4322376;100.0;100.0;0.0;0.0;0.37;41.86;55.99;160.54;Companhia Riograndense de Saneamento;;;
2107100;46.59;10.0;0.0;0.0;0.22;13.36;80.71;147.02;Companhia de Saneamento Ambiental do Maranhão;;;
2507804;85.69;56.42;0.0;0.0;0.9;36.46;35.59;100.57;Companhia de Águas e Esgotos da Paraíba;;;
1302009;95.0;77.01;0.0;100.0;2.74;;;;;;;
3509205;100.0;100.0;0.0;0.0;0.92;92.6;29.25;192.44;Companhia de Saneamento Básico do Estado de São Paulo;82.38;45.93;Companhia de Saneamento Básico do Estado de São Paulo
2303931;100.0;100.0;0.0;100.0;0.44;60.92;36.26;87.4;"Companhia de Água e Esgoto do Ceará; Sistema Integrado de Saneamento Rural da Bacia do Banabuiu";;;
3517505;;;;;;;;;;;;
3541653;100.0;100.0;74.88;0.0;1.69;42.66;24.41;281.68;Companhia de Saneamento Básico do Estado de São Paulo;20.48;;Companhia de Saneamento Básico do Estado de São Paulo
4102307;92.67;83.75;92.67;0.0;0.37;96.89;29.33;134.96;Companhia de Saneamento do Paraná S.A.;21.94;17.19;Companhia de Saneamento do Paraná S.A.
3550209;100.0;100.0;0.0;0.0;0.52;72.71;23.81;155.22;Companhia de Saneamento Básico do Estado de São Paulo;60.93;51.77;Companhia de Saneamento Básico do Estado de São Paulo
2312106;74.24;54.36;0.0;100.0;1.21;24.16;30.88;141.6;Companhia de Água e Esgoto do Ceará;;;
4306007;52.8;0.0;0.0;0.0;1.95;44.23;35.67;199.27;Companhia Riograndense de Saneamento;;;
2913101;;;;;;99.29;33.49;123.23;Empresa Baiana de Águas e Saneamento S.A.;;;
4209102;100.0;100.0;100.0;0.0;0.78;98.2;34.86;186.27;Companhia Águas de Joinville;41.45;33.59;Companhia Águas de Joinville
4314308;70.25;0.0;70.25;0.0;0.8;67.64;46.7;180.35;Companhia Riograndense de Saneamento;;;
4217402;100.0;100.0;99.83;0.0;0.55;99.09;41.94;122.38;Prefeitura Municipal de Schroeder;;;
2920205;100.0;100.0;0.0;100.0;1.04;68.94;16.68;108.27;"Central de Associações Comunitárias para Manutenção dos Sistemas de Saneamento - Região de Caetité; Empresa Baiana de Águas e Saneamento S.A.";;;
5209291;61.46;0.0;0.0;100.0;1.71;61.37;20.75;148.75;Saneamento de Goiás S/A;;;
4127205;83.94;47.38;80.34;0.0;0.93;96.19;13.95;164.54;Companhia de Saneamento do Paraná S.A.;75.8;66.51;Companhia de Saneamento do Paraná S.A.
2303907;62.06;0.0;0.0;100.0;1.28;68.65;12.45;121.04;"Sistema Integrado de Saneamento Rural da Bacia do Acaraú; Companhia de Água e Esgoto do Ceará";;;
2806800;100.0;100.0;0.0;6.78;0.42;76.99;48.5;91.05;Companhia de Saneamento de Sergipe;;;
3509304;100.0;100.0;0.0;0.0;0.65;;;;;;;
5004908;40.4;7.64;0.0;0.0;0.33;38.98;16.67;287.13;Serviço Autônomo de Água e Esgoto;;;
5201108;97.39;53.14;76.47;0.0;1.67;96.84;29.17;139.57;Saneamento de Goiás S/A;82.64;60.94;Saneamento de Goiás S/A
3533700;100.0;100.0;100.0;10.0;0.63;85.54;63.0;241.3;Prefeitura Municipal de Ocauçu;85.54;75.32;Prefeitura Municipal de Ocauçu
3150158;67.54;5.41;0.0;11.52;0.67;67.16;42.97;134.64;Companhia de Saneamento de Minas Gerais;;;
4200903;100.0;100.0;100.0;0.0;0.71;17.69;42.48;128.29;Companhia Catarinense de Águas e Saneamento;;;
3116803;49.33;1.67;0.0;100.0;0.3;52.7;11.17;147.3;Companhia de Saneamento de Minas Gerais;;;
5209408;100.0;100.0;0.0;100.0;1.23;42.08;22.72;167.14;Saneamento de Goiás S/A;;;
3542008;94.37;23.5;94.37;0.0;1.41;99.31;9.44;169.88;Companhia de Saneamento Básico do Estado de São Paulo;98.08;96.72;Companhia de Saneamento Básico do Estado de São Paulo
2913200;96.04;89.25;0.0;100.0;1.88;84.86;20.69;114.1;Empresa Baiana de Águas e Saneamento S.A.;68.81;63.11;Empresa Baiana de Águas e Saneamento S.A.
2515807;72.01;38.98;0.0;0.0;0.35;39.93;50.07;105.17;Companhia de Águas e Esgotos da Paraíba;;;
3109402;95.67;51.03;0.0;16.88;1.36;91.15;39.44;168.24;Serviço Autônomo de Água e Esgoto;;;
4209201;54.97;0.0;0.0;0.0;0.82;68.47;42.29;126.11;Companhia Catarinense de Águas e Saneamento;;;
4306106;97.12;0.0;74.86;0.0;0.64;94.98;43.19;160.9;Companhia Riograndense de Saneamento;23.75;19.2;Companhia Riograndense de Saneamento
3525508;100.0;100.0;0.0;0.0;0.86;74.59;13.02;207.62;Companhia de Saneamento Básico do Estado de São Paulo;67.13;59.41;Companhia de Saneamento Básico do Estado de São Paulo
4119004;57.35;0.0;0.0;0.0;0.45;58.51;41.78;178.69;Companhia de Saneamento do Paraná S.A.;;;
2905008;67.54;28.0;0.0;100.0;0.3;68.66;14.13;165.18;Empresa Baiana de Águas e Saneamento S.A.;26.46;0.0;Prefeitura Municipal de Caculé | Empresa Baiana de Águas e Saneamento S.A.
5201207;100.0;100.0;100.0;0.0;1.06;94.57;17.06;214.03;Saneamento de Goiás S/A;;;
2205003;15.0;0.0;0.0;100.0;1.09;;;;;;;
3109253;100.0;100.0;0.0;0.0;0.69;33.57;19.49;135.17;Companhia de Saneamento de Minas Gerais;46.4;;Prefeitura Municipal de Bugre
2928208;;;;;;66.67;31.7;137.34;Empresa Baiana de Águas e Saneamento S.A.;;;
3304904;93.69;0.0;0.0;0.0;1.21;96.95;40.38;170.69;"Companhia Estadual de Águas e Esgotos do Rio de Janeiro; Águas do Rio 1 SPE S.A.";19.99;;Águas do Rio 1 SPE S.A.
2409506;;;;;;69.59;74.28;96.78;Companhia de Águas e Esgotos do Rio Grande do Norte;;;
3166600;100.0;100.0;0.0;100.0;0.58;57.61;14.36;221.39;Companhia de Saneamento de Minas Gerais;54.92;;Companhia de Saneamento de Minas Gerais
3101201;97.67;95.63;0.0;0.0;0.61;50.16;52.38;250.31;Prefeitura Municipal de Aiuruoca;50.0;;Prefeitura Municipal de Aiuruoca
2613909;100.0;100.0;81.89;0.0;0.83;80.55;25.67;148.23;Companhia Pernambucana de Saneamento;77.98;;Companhia Pernambucana de Saneamento | Prefeitura Municipal de Serra Talhada
4201000;57.39;0.0;0.0;0.0;0.37;60.87;28.46;123.74;Companhia Catarinense de Águas e Saneamento;;;
4209177;41.12;0.0;0.0;0.0;0.4;53.83;41.52;111.71;Companhia Catarinense de Águas e Saneamento;;;
3517307;100.0;100.0;100.0;0.0;1.37;88.58;14.29;167.12;Prefeitura Municipal de Guaimbê;88.48;;Prefeitura Municipal de Guaimbê
2507606;;;;;;54.47;52.1;123.86;Companhia de Águas e Esgotos da Paraíba;;;
4110805;56.72;0.0;56.72;0.0;0.4;69.59;24.44;164.81;Companhia de Saneamento do Paraná S.A.;2.43;2.11;Companhia de Saneamento do Paraná S.A.
4119103;93.1;87.59;77.58;0.0;0.32;54.83;23.91;150.45;Companhia de Saneamento do Paraná S.A.;;;
2515906;72.49;0.0;0.0;0.0;0.4;55.9;34.76;154.94;Companhia de Águas e Esgotos da Paraíba;;;
3500709;100.0;100.0;95.68;0.0;2.17;97.48;30.03;186.12;Companhia de Saneamento Básico do Estado de São Paulo;94.76;90.0;Companhia de Saneamento Básico do Estado de São Paulo
4306072;51.49;8.26;47.12;0.0;0.44;100.0;14.29;60.16;Prefeitura Municipal de Cristal do Sul;;;
4322806;86.65;0.0;86.65;0.0;0.83;87.85;26.01;182.62;Companhia Riograndense de Saneamento;;;
1506302;100.0;100.0;0.0;100.0;4.27;33.51;4.55;126.39;Companhia de Saneamento do Pará;;;
3158409;64.79;0.0;0.0;0.0;0.48;83.96;26.03;164.98;Companhia de Saneamento de Minas Gerais;79.88;;Prefeitura Municipal de Santana de Cataguases
4217204;89.39;0.0;89.39;0.0;0.8;70.33;52.62;131.7;Companhia Catarinense de Águas e Saneamento;5.39;2.48;Prefeitura Municipal de São Miguel do Oeste
2920007;91.5;56.63;0.0;100.0;1.09;80.27;33.97;118.73;Empresa Baiana de Águas e Saneamento S.A.;56.29;0.0;Prefeitura Municipal de Maiquinique | Empresa Baiana de Águas e Saneamento S.A.
3141405;68.81;0.0;0.0;100.0;1.09;71.45;28.81;113.18;"Companhia de Saneamento de Minas Gerais ; COPASA Serviços de Saneamento Integrado do Norte e Nordeste de Minas Gerais S/A";66.28;59.43;Companhia de Saneamento de Minas Gerais | COPASA Serviços de Saneamento Integrado do Norte e Nordeste de Minas Gerais S/A
2928307;;;;;;92.46;22.82;100.26;Empresa Baiana de Águas e Saneamento S.A.;;;
2401305;65.98;25.99;0.0;100.0;0.49;54.99;44.17;118.13;Companhia de Águas e Esgotos do Rio Grande do Norte;;;
2605707;78.12;18.08;0.0;57.47;0.9;73.7;39.5;131.63;Companhia Pernambucana de Saneamento;65.64;;Companhia Pernambucana de Saneamento | Prefeitura Municipal de Floresta
2912509;44.84;0.62;44.84;100.0;0.57;43.15;33.62;125.55;Empresa Baiana de Águas e Saneamento S.A.;;;
2205102;35.19;0.0;0.0;100.0;1.12;;;;;;;
4306056;;;;;;61.01;30.14;171.57;Companhia Riograndense de Saneamento;;;
3305000;94.1;94.99;0.0;0.0;0.91;100.0;53.31;148.02;Companhia Estadual de Águas e Esgotos do Rio de Janeiro;100.0;;Prefeitura Municipal de São João Da Barra
2107001;;;;;;53.38;79.21;159.82;Companhia de Saneamento Ambiental do Maranhão;;;
4102604;100.0;100.0;70.71;0.0;0.45;71.93;42.12;127.83;Companhia Catarinense de Águas e Saneamento;;;
2507705;57.18;5.03;0.0;0.0;0.61;31.56;11.79;99.79;Companhia de Águas e Esgotos da Paraíba;;;
4110904;78.22;0.0;78.22;0.0;0.45;83.25;19.2;183.46;Companhia de Saneamento do Paraná S.A.;;;
2806602;71.46;0.0;0.0;0.0;0.78;83.85;56.42;84.52;Companhia de Saneamento de Sergipe;;;
2311405;58.28;0.0;0.0;100.0;0.96;89.69;45.44;103.24;Serviço Autônomo de Águas e Esgoto de Quixeramobim;66.89;;Serviço Autônomo de Águas e Esgoto de Quixeramobim
3509106;44.76;31.23;44.76;0.0;0.76;42.67;74.37;56.98;Prefeitura Municipal de Caiuá;42.67;0.0;Prefeitura Municipal de Caiuá
4314605;100.0;100.0;0.0;0.0;0.54;64.59;15.51;134.82;Companhia Riograndense de Saneamento;;;
2409332;74.12;19.2;0.0;100.0;0.56;65.93;55.8;92.79;Companhia de Águas e Esgotos do Rio Grande do Norte;24.04;;Prefeitura Municipal de Santa Maria
4306429;39.76;24.29;0.0;0.0;0.3;89.59;37.45;403.34;Prefeitura Municipal de Dois Irmãos Das Missões;;;
3109204;81.05;0.0;0.0;0.0;0.76;70.76;14.41;158.41;Companhia de Saneamento de Minas Gerais;65.29;70.65;Companhia de Saneamento de Minas Gerais
4209003;93.41;0.0;80.35;0.0;0.83;95.57;26.05;191.74;Serviço Intermunicipal de Água e Esgoto;73.15;54.87;Serviço Intermunicipal de Água e Esgoto
3133204;98.5;93.2;0.0;100.0;0.75;74.23;22.79;171.52;Companhia de Saneamento de Minas Gerais;77.88;;Prefeitura Municipal de Itanhomi
5209200;;;;;;57.63;23.22;186.0;Saneamento de Goiás S/A;50.57;;Saneamento de Goiás S/A
2904308;48.11;44.05;0.0;100.0;0.79;99.06;27.53;79.1;Empresa Baiana de Águas e Saneamento S.A.;68.15;;Prefeitura Municipal de Brejões
1706506;41.46;0.0;0.0;100.0;1.32;;;;;;;
3165909;47.93;0.0;0.0;100.0;1.97;48.28;23.22;150.81;Companhia de Saneamento de Minas Gerais;47.93;;Prefeitura Municipal de Senador Modestino Gonçalves
2920106;100.0;100.0;0.0;100.0;0.73;71.2;11.35;88.75;Empresa Baiana de Águas e Saneamento S.A.;77.09;;Empresa Baiana de Águas e Saneamento S.A. | Prefeitura Municipal de Mairi
4127106;100.0;100.0;100.0;0.0;1.48;99.24;31.61;142.04;Companhia de Saneamento do Paraná S.A.;98.61;88.35;Companhia de Saneamento do Paraná S.A.
4102703;87.23;49.38;0.0;0.0;0.67;81.54;31.49;156.58;Companhia de Saneamento do Paraná S.A.;69.05;55.95;Companhia de Saneamento do Paraná S.A.
2303204;81.47;66.63;0.0;100.0;1.2;72.51;96.45;90.5;"Serviço Autônomo de Água e Esgoto; Sistema Integrado de Saneamento Rural da Bacia Hidrográfica do Salgado";;;
4306403;100.0;100.0;98.55;0.0;1.07;98.77;33.46;145.76;Companhia Riograndense de Saneamento;16.67;6.27;Prefeitura Municipal de Dois Irmãos | Companhia Riograndense de Saneamento
2806701;98.83;90.0;0.0;0.0;0.56;96.2;51.7;146.01;"Companhia de Saneamento de Sergipe; Serviço Autônomo de Água e Esgoto";35.17;21.54;Companhia de Saneamento de Sergipe
2409308;;;;;;67.69;42.39;110.17;Companhia de Águas e Esgotos do Rio Grande do Norte;;;
3101003;;;;;;87.24;19.71;115.54;Companhia de Saneamento de Minas Gerais;28.28;;Companhia de Saneamento de Minas Gerais
2515203;100.0;100.0;0.0;0.0;0.7;85.25;30.0;198.99;Prefeitura Municipal de São Sebastião do Umbuzeiro;;;
3109303;99.22;96.59;76.94;100.0;0.61;67.09;15.25;167.86;Companhia de Saneamento de Minas Gerais;32.26;;Companhia de Saneamento de Minas Gerais
4200804;100.0;100.0;0.0;0.0;0.82;61.13;37.38;116.59;Companhia Catarinense de Águas e Saneamento;;;
3157708;92.91;0.0;0.0;0.0;0.73;69.96;20.9;219.95;Companhia de Saneamento de Minas Gerais;92.35;;Prefeitura Municipal de Santa Juliana
4118907;90.16;13.59;90.16;0.0;0.96;93.66;20.44;184.81;Companhia de Saneamento do Paraná S.A.;67.54;53.64;Companhia de Saneamento do Paraná S.A.
3125002;62.86;0.0;0.0;0.0;0.59;40.23;86.21;317.03;Prefeitura Municipal de Ewbank Da Câmara;;;
3166006;66.92;0.0;0.0;0.0;0.34;;;;;;;
4306379;27.98;0.0;0.0;0.0;0.27;33.82;36.05;124.68;Companhia Riograndense de Saneamento;;;
2204402;;;;;;;;;;;;
2401107;93.76;65.33;40.58;100.0;1.1;82.02;39.64;131.32;Companhia de Águas e Esgotos do Rio Grande do Norte;;;
3141207;73.84;0.0;0.0;0.0;0.24;77.53;13.14;210.44;Companhia de Saneamento de Minas Gerais;76.4;;Prefeitura Municipal de Matutina
2920452;41.12;4.76;0.0;100.0;0.22;59.86;24.21;89.37;Empresa Baiana de Águas e Saneamento S.A.;;;
4322855;28.73;0.0;0.0;0.0;0.27;100.0;16.49;90.9;Prefeitura Municipal de Vespasiano Corrêa;;;
1506351;65.27;0.0;0.0;100.0;0.74;72.92;59.0;141.52;Prefeitura Municipal de Santa Bárbara do Pará;;;
2409407;91.9;0.0;13.92;100.0;0.92;91.82;52.43;125.88;Companhia de Águas e Esgotos do Rio Grande do Norte;19.44;16.65;Companhia de Águas e Esgotos do Rio Grande do Norte
3501004;88.26;18.51;86.51;0.0;1.43;90.58;45.75;205.38;Prefeitura Municipal de Altinópolis;90.55;;Prefeitura Municipal de Altinópolis
4306502;100.0;100.0;0.0;0.0;0.35;27.14;39.08;137.88;Companhia Riograndense de Saneamento;;;
3304805;;;;;;65.14;38.51;191.88;Rio+ Saneamento BL3 S.A;4.04;3.37;Rio+ Saneamento BL3 S.A
2507002;64.68;42.92;0.0;0.0;0.82;56.35;41.44;137.24;Companhia de Águas e Esgotos da Paraíba;17.27;19.65;Companhia de Águas e Esgotos da Paraíba
4217253;100.0;100.0;100.0;0.0;0.54;55.69;27.7;48.09;Serviço Autônomo Municipal de Água e Esgoto;;;
3101102;100.0;100.0;0.0;0.0;1.58;99.69;19.52;261.88;Serviço Autônomo de Água e Esgoto;100.0;;Serviço Autônomo de Água e Esgoto
3157807;99.97;97.24;0.0;0.0;1.0;72.18;55.36;166.47;Companhia de Saneamento de Minas Gerais;66.34;;Companhia de Saneamento de Minas Gerais
4110706;87.18;26.98;82.44;0.0;0.55;83.39;27.18;133.85;Companhia de Saneamento do Paraná S.A.;82.48;77.92;Companhia de Saneamento do Paraná S.A.
2928604;100.0;100.0;0.0;0.0;1.47;84.78;32.31;109.49;Empresa Baiana de Águas e Saneamento S.A.;44.05;38.48;Empresa Baiana de Águas e Saneamento S.A.
2614303;73.74;27.58;0.0;0.0;0.34;44.47;28.28;109.15;Companhia Pernambucana de Saneamento;4.61;;Companhia Pernambucana de Saneamento | Prefeitura Municipal de Moreilândia
1301951;;;;;;33.4;67.51;68.19;Companhia de Saneamento do Amazonas;;;
2806008;57.6;0.0;0.0;0.0;0.24;99.07;51.73;108.65;Companhia de Saneamento de Sergipe;;;
3133006;100.0;100.0;0.0;0.0;2.25;76.65;14.57;206.27;Companhia de Saneamento de Minas Gerais;;;
2401206;;;;;;61.08;28.65;113.3;Companhia de Águas e Esgotos do Rio Grande do Norte;;;
3141306;53.27;0.0;0.0;0.0;0.42;57.67;9.84;194.79;Companhia de Saneamento de Minas Gerais;45.35;;Prefeitura Municipal de Medeiros
3501103;100.0;100.0;80.74;0.0;0.61;89.11;15.25;189.09;Companhia de Saneamento Básico do Estado de São Paulo;80.45;72.83;Companhia de Saneamento Básico do Estado de São Paulo
4118857;80.46;0.0;80.46;27.95;0.8;80.98;14.78;182.74;Companhia de Saneamento do Paraná S.A.;56.47;45.42;Companhia de Saneamento do Paraná S.A.
4102505;92.78;61.78;28.06;26.97;0.5;83.41;26.67;167.42;Companhia de Saneamento do Paraná S.A.;45.01;36.48;Companhia de Saneamento do Paraná S.A.
3149606;100.0;100.0;0.0;100.0;0.46;100.0;36.0;299.19;Prefeitura Municipal de Pequi;31.42;;Prefeitura Municipal de Pequi
3108602;67.84;15.0;0.0;100.0;1.31;59.64;24.12;127.92;Companhia de Saneamento de Minas Gerais;50.51;52.42;Companhia de Saneamento de Minas Gerais
2920403;69.95;62.34;0.0;100.0;1.53;55.1;13.34;113.25;Empresa Baiana de Águas e Saneamento S.A.;;;
3124807;81.13;0.0;81.13;0.0;0.59;80.51;17.03;150.07;Companhia de Saneamento de Minas Gerais;41.25;0.0;Companhia de Saneamento de Minas Gerais
2928703;94.26;45.48;0.0;0.0;1.35;88.35;28.55;133.7;Empresa Baiana de Águas e Saneamento S.A.;24.69;25.07;Empresa Baiana de Águas e Saneamento S.A.
4306452;100.0;100.0;100.0;0.0;0.35;100.0;2.86;1185.69;Prefeitura Municipal de Dois Lajeados;;;
3533007;92.04;0.0;0.0;0.0;1.26;100.0;14.44;184.58;Companhia de Saneamento Básico do Estado de São Paulo;96.66;94.75;Companhia de Saneamento Básico do Estado de São Paulo
2707602;35.38;0.0;0.0;0.0;1.07;68.31;27.74;121.24;"Águas do Sertão; Companhia de Saneamento de Alagoas";14.81;11.05;Águas do Sertão
2606101;;;;;;60.66;10.5;111.3;Companhia Pernambucana de Saneamento;;;
3133105;100.0;100.0;5.74;0.0;0.55;92.55;39.13;242.0;Prefeitura Municipal de Itanhandu;92.55;;Prefeitura Municipal de Itanhandu
4314498;75.48;71.47;0.0;0.0;0.23;37.52;23.17;248.13;Companhia Riograndense de Saneamento;13.16;;Prefeitura Municipal de Pinheirinho do Vale
1722107;80.36;0.0;0.0;100.0;0.75;84.6;29.02;145.28;Companhia de Saneamento do Tocantins;;;
1506161;75.8;32.66;0.0;100.0;0.88;33.98;28.57;99.14;Prefeitura Municipal de Rio Maria;;;
5209606;;;;;;75.06;22.6;160.64;Saneamento de Goiás S/A;;;
2408706;85.38;0.0;0.0;100.0;1.11;81.47;39.88;106.27;Companhia de Águas e Esgotos do Rio Grande do Norte;;;
3165800;;;;;;;;;;;;
3100401;85.11;45.86;0.0;0.0;0.58;93.77;4.1;205.77;Prefeitura Municipal de Acaiaca;72.5;0.0;Prefeitura Municipal de Acaiaca
2303105;71.65;53.31;0.0;0.0;0.43;85.64;18.27;144.58;"Companhia de Água e Esgoto do Ceará; Sistema Integrado de Saneamento Rural da Bacia do Acaraú";13.08;;Companhia de Água e Esgoto do Ceará
4306304;100.0;100.0;0.0;0.0;0.73;43.88;39.16;201.33;Companhia Riograndense de Saneamento;;;
1301902;85.54;62.79;0.0;100.0;0.8;78.0;8.31;521.38;Serviço Autônomo de Água e Esgoto de Itacoatiara;;;
3524808;100.0;100.0;100.0;0.0;1.06;100.0;13.31;206.33;Companhia de Saneamento Básico do Estado de São Paulo;100.0;94.84;Companhia de Saneamento Básico do Estado de São Paulo
2920502;68.5;97.21;0.0;100.0;0.86;82.41;7.05;63.0;Empresa Baiana de Águas e Saneamento S.A.;;;
4314472;56.37;0.0;0.0;0.0;0.3;56.37;36.0;92.07;Prefeitura Municipal de Pinhal Grande;56.37;;Prefeitura Municipal de Pinhal Grande
3124906;100.0;100.0;0.0;0.0;0.39;61.97;26.22;169.11;Companhia de Saneamento de Minas Gerais;;;
2311264;35.59;0.0;0.0;100.0;1.55;51.04;25.2;104.7;"Companhia de Água e Esgoto do Ceará; Sistema Integrado de Saneamento Rural da Bacia Hidrográfica do Parnaíba";;;
3157609;;;;;;55.34;22.21;177.66;Companhia de Saneamento de Minas Gerais;;;
4314464;31.23;0.0;0.0;0.0;0.72;;;;;;;
3550100;98.68;69.98;98.68;0.0;1.22;100.0;31.4;186.73;Companhia de Saneamento Básico do Estado de São Paulo;98.77;91.7;Companhia de Saneamento Básico do Estado de São Paulo
3533106;100.0;100.0;100.0;0.0;1.83;92.18;17.95;186.57;Companhia de Saneamento Básico do Estado de São Paulo;88.39;89.09;Companhia de Saneamento Básico do Estado de São Paulo
1506138;100.0;100.0;0.0;0.0;2.07;48.72;23.62;131.07;Araguaia Saneamento S/A;5.5;3.96;Araguaia Saneamento S/A
3108552;90.71;0.0;0.0;100.0;0.71;90.77;23.21;171.44;Companhia de Saneamento de Minas Gerais;35.91;32.97;Companhia de Saneamento de Minas Gerais
5201405;100.0;100.0;33.96;0.0;1.19;97.33;31.56;104.87;Saneamento de Goiás S/A;86.66;;Saneamento de Goiás S/A
2400505;72.2;0.0;0.0;100.0;0.4;69.29;24.48;115.88;Serviço Autônomo de Água e Esgoto de Alexandria;59.87;;Serviço Autônomo de Água e Esgoto de Alexandria
1722081;54.58;56.25;0.0;0.0;0.34;83.99;30.79;133.8;Companhia de Saneamento do Tocantins;;;
4314456;97.63;95.87;97.63;0.0;0.44;47.96;5.45;97.91;Prefeitura Municipal de Pinhal;27.19;;Prefeitura Municipal de Pinhal
2107357;65.39;15.69;0.0;100.0;0.87;12.36;17.11;198.87;Prefeitura Municipal de Nova Olinda do Maranhão;;;
2614105;;;;;;58.53;54.18;149.9;Companhia Pernambucana de Saneamento;;;
5217609;100.0;100.0;0.0;100.0;2.03;80.9;35.3;130.31;Saneamento de Goiás S/A;79.78;58.63;Saneamento de Goiás S/A
3500907;100.0;100.0;0.0;0.0;1.61;89.85;9.62;185.99;Companhia de Saneamento Básico do Estado de São Paulo;88.07;81.74;Companhia de Saneamento Básico do Estado de São Paulo
3116704;89.29;53.93;0.0;0.0;0.6;70.76;32.91;126.54;Companhia de Saneamento de Minas Gerais;80.85;;Prefeitura Municipal de Coimbra
3524907;100.0;100.0;100.0;0.0;1.02;68.96;18.91;213.81;Companhia de Saneamento Básico do Estado de São Paulo;46.39;37.62;Companhia de Saneamento Básico do Estado de São Paulo
3149408;35.17;0.0;0.0;0.0;0.91;17.31;24.29;248.0;Prefeitura Municipal de Pedro Teixeira;40.45;;Prefeitura Municipal de Pedro Teixeira
3141603;100.0;100.0;0.0;0.0;0.32;70.22;34.98;149.49;Companhia de Saneamento de Minas Gerais;74.98;;Prefeitura Municipal de Mercês
3541901;82.94;0.0;0.0;0.0;0.89;87.19;21.17;167.52;Companhia de Saneamento Básico do Estado de São Paulo;83.48;69.11;Companhia de Saneamento Básico do Estado de São Paulo
2311355;33.44;0.0;0.0;46.97;1.39;42.23;32.15;121.02;"Sistema Integrado de Saneamento Rural da Bacia do Alto Jaguaribe; Serviço Autônomo de Água e Esgoto";33.44;;Serviço Autônomo de Água e Esgoto
2928505;100.0;100.0;0.0;0.0;1.07;74.35;33.72;138.76;Empresa Baiana de Águas e Saneamento S.A.;;;
2605905;;;;;;;;;;;;
4314555;100.0;100.0;0.0;0.0;0.5;100.0;11.9;133.91;Prefeitura Municipal de Pirapó;;;
2107456;;;;;;;;;;;;
2614204;50.01;17.2;0.0;0.0;0.36;55.12;54.19;154.41;Companhia Pernambucana de Saneamento;15.14;;Companhia Pernambucana de Saneamento
4208450;100.0;100.0;96.63;0.0;0.95;94.08;19.31;279.52;Itapoá Saneamento Ltda;;;
5217708;84.79;0.0;0.0;0.0;1.31;80.02;22.44;161.38;Saneamento de Goiás S/A;80.02;71.79;Saneamento de Goiás S/A
1301209;66.87;0.0;0.0;100.0;3.08;10.8;65.43;54.64;Prefeitura Municipal de Coari;;;
4314548;100.0;100.0;30.39;0.0;0.39;30.39;60.78;128.85;Companhia Riograndense de Saneamento;;;
4110078;43.2;0.0;36.31;0.0;1.15;78.94;17.66;109.21;Companhia de Saneamento do Paraná S.A.;50.6;45.29;Companhia de Saneamento do Paraná S.A.
3149507;95.16;0.0;0.0;0.0;0.71;81.06;29.23;187.65;Companhia de Saneamento de Minas Gerais;95.16;;Prefeitura Municipal de Pequeri
3516705;100.0;100.0;97.41;0.0;0.81;94.82;33.26;183.95;Serviço Autônomo de Água e Esgotos;94.44;;Serviço Autônomo de Água e Esgotos
3549409;100.0;100.0;98.63;0.0;0.73;98.63;61.3;288.7;Prefeitura Municipal de São Joaquim Da Barra;98.63;91.72;Prefeitura Municipal de São Joaquim Da Barra
5005152;73.11;0.0;57.07;0.0;0.41;72.38;14.15;155.93;Empresa de Saneamento de Mato Grosso do Sul S/A;24.68;22.57;Empresa de Saneamento de Mato Grosso do Sul S/A
3304151;100.0;100.0;0.0;0.0;1.77;81.08;40.5;116.69;Companhia Estadual de Águas e Esgotos do Rio de Janeiro;99.78;71.17;Prefeitura Municipal de Quissamã
4322707;100.0;100.0;59.39;0.0;0.44;90.82;30.67;214.03;Prefeitura Municipal de Vera Cruz;54.27;10.36;Prefeitura Municipal de Vera Cruz
3133402;80.51;0.0;0.0;0.0;0.57;80.2;24.24;193.62;Companhia de Saneamento de Minas Gerais;82.3;;Prefeitura Municipal de Itapagipe
2920304;;;;;;47.11;25.34;145.96;Empresa Baiana de Águas e Saneamento S.A.;;;
1506203;83.04;49.77;0.0;100.0;0.49;90.71;62.96;133.03;Companhia de Saneamento do Pará;;;
3141702;85.91;56.89;0.0;0.0;0.34;;11.99;49.77;"Companhia de Saneamento de Minas Gerais ; Prefeitura Municipal de Mesquita";67.31;;Prefeitura Municipal de Mesquita
4216602;100.0;100.0;100.0;0.0;0.83;98.45;41.26;163.68;Companhia Catarinense de Águas e Saneamento;45.19;40.62;Companhia Catarinense de Águas e Saneamento
4306353;89.62;97.35;0.0;0.0;0.36;100.0;41.04;76.37;Prefeitura Municipal de Dezesseis de Novembro;;;
3304144;94.25;0.0;0.0;0.0;1.44;96.26;51.29;147.01;Águas do Rio 4 SPE S.A.;1.61;;Águas do Rio 4 SPE S.A.
1506195;70.0;24.07;0.0;100.0;1.39;32.12;39.45;113.63;Águas de Rurópolis;;;
2606002;100.0;100.0;0.0;0.0;1.45;92.0;37.98;149.52;Companhia Pernambucana de Saneamento;12.18;;Companhia Pernambucana de Saneamento
1301308;100.0;100.0;0.0;100.0;2.0;55.97;83.47;79.09;Companhia de Saneamento do Amazonas;;;
4110052;71.92;0.0;71.92;100.0;0.36;74.33;23.16;181.27;Companhia de Saneamento do Paraná S.A.;;;
3508504;97.98;40.75;41.51;0.0;0.75;97.16;43.2;183.83;Companhia de Saneamento Básico do Estado de São Paulo;84.69;84.48;Companhia de Saneamento Básico do Estado de São Paulo
2708006;;;;;;75.9;64.86;102.82;"Águas do Sertão; Companhia de Saneamento de Alagoas";31.43;;Águas do Sertão
3532900;100.0;100.0;0.0;0.0;0.76;96.63;59.1;229.63;Prefeitura Municipal de Nova Europa;96.2;94.05;Prefeitura Municipal de Nova Europa
1506187;75.65;32.83;0.0;100.0;0.51;;;;;;;
3541208;100.0;100.0;100.0;0.0;0.69;78.72;10.86;175.65;Companhia de Saneamento Básico do Estado de São Paulo;76.01;60.24;Companhia de Saneamento Básico do Estado de São Paulo
3157658;49.98;49.92;0.0;100.0;1.78;54.5;36.32;127.56;COPASA Serviços de Saneamento Integrado do Norte e Nordeste de Minas Gerais S/A;36.46;45.62;COPASA Serviços de Saneamento Integrado do Norte e Nordeste de Minas Gerais S/A
3549508;89.18;0.0;0.0;0.0;1.23;89.18;39.83;287.64;Prefeitura Municipal de São José Da Bela Vista;89.18;;Prefeitura Municipal de São José Da Bela Vista
3125200;100.0;100.0;0.0;0.0;0.47;56.35;42.44;280.08;Companhia de Saneamento de Minas Gerais;33.02;0.0;Companhia de Saneamento de Minas Gerais
5005251;66.43;33.09;58.54;0.0;0.5;49.34;23.75;205.5;Empresa de Saneamento de Mato Grosso do Sul S/A;42.77;46.19;Empresa de Saneamento de Mato Grosso do Sul S/A
1713957;54.2;0.0;0.0;0.0;0.31;50.93;30.14;113.36;Agência Tocantinense de Saneamento;;;
2912400;100.0;100.0;0.0;100.0;3.61;100.0;32.02;101.76;Empresa Baiana de Águas e Saneamento S.A.;;;
2204352;100.0;100.0;0.0;100.0;0.68;100.0;92.22;8.55;Prefeitura Municipal de Geminiano;;;
2107407;;;;;;0.0;39.94;;Companhia de Saneamento Ambiental do Maranhão;;;
5201454;80.64;73.58;0.0;100.0;2.83;67.73;22.76;186.66;Saneamento de Goiás S/A;67.73;;Saneamento de Goiás S/A
3133501;83.48;0.0;83.48;100.0;1.27;75.07;19.02;158.27;Companhia de Saneamento de Minas Gerais;57.01;59.37;Companhia de Saneamento de Minas Gerais
4208401;65.54;19.87;62.04;0.0;0.64;94.84;32.32;197.13;Prefeitura Municipal de Itapiranga;40.72;;Prefeitura Municipal de Itapiranga
2311306;100.0;100.0;0.0;100.0;1.14;74.71;39.3;134.06;"Companhia de Água e Esgoto do Ceará; Sistema Integrado de Saneamento Rural da Bacia do Banabuiu";17.65;;Companhia de Água e Esgoto do Ceará
1505536;94.82;90.0;0.0;100.0;0.96;90.26;70.68;91.34;Serviço Autônomo de Água e Esgoto de Paraupebas;20.71;5.89;Serviço Autônomo de Água e Esgoto de Paraupebas
3166204;57.42;11.71;26.32;0.0;0.38;82.98;79.89;41.34;Prefeitura Municipal de Senhora dos Remédios;31.95;;Prefeitura Municipal de Senhora dos Remédios
4314506;85.01;25.97;35.06;0.0;0.47;79.75;25.43;126.41;Companhia Riograndense de Saneamento;61.96;38.1;Prefeitura Municipal de Pinheiro Machado | Companhia Riograndense de Saneamento
3524709;100.0;100.0;96.9;0.0;1.43;96.9;30.99;226.44;Prefeitura Municipal de Jaguariúna;96.9;;Prefeitura Municipal de Jaguariúna
4101853;63.8;34.29;63.8;0.0;0.32;45.04;8.31;216.99;Companhia de Saneamento do Paraná S.A.;;;
4126504;87.17;0.0;87.17;0.0;0.77;100.0;59.7;187.43;Serviço Autônomo de Água e Esgoto de Sertanópolis;90.0;81.49;Serviço Autônomo de Água e Esgoto de Sertanópolis
2613503;81.63;81.86;0.0;0.0;0.29;55.34;5.22;123.42;Companhia Pernambucana de Saneamento;46.26;;Companhia Pernambucana de Saneamento | Prefeitura Municipal de São José do Belmonte
4306320;100.0;100.0;100.0;0.0;0.35;28.21;22.87;242.85;Companhia Riograndense de Saneamento;;;
3117009;47.13;0.0;0.0;100.0;2.08;55.68;21.67;131.86;COPASA Serviços de Saneamento Integrado do Norte e Nordeste de Minas Gerais S/A;35.3;0.0;COPASA Serviços de Saneamento Integrado do Norte e Nordeste de Minas Gerais S/A
2904209;63.49;35.17;0.0;100.0;1.05;68.28;32.57;138.43;"Central de Associações Comunitárias para Manutenção dos Sistemas de Saneamento - Região de Caetité; Empresa Baiana de Águas e Saneamento S.A.";28.24;29.09;Empresa Baiana de Águas e Saneamento S.A.
3125309;98.8;95.23;0.0;0.0;0.98;64.8;26.12;174.93;Companhia de Saneamento de Minas Gerais;;;
3541307;92.57;0.0;89.15;0.0;1.36;95.77;14.24;194.07;Companhia de Saneamento Básico do Estado de São Paulo;87.45;83.8;Companhia de Saneamento Básico do Estado de São Paulo
4200200;90.51;84.21;0.0;0.0;0.43;76.09;32.87;139.92;Companhia Catarinense de Águas e Saneamento;;;
2107258;51.92;10.82;0.0;100.0;1.01;;;;;;;
3158003;57.86;43.4;0.0;0.0;0.37;51.63;27.42;175.23;Companhia de Saneamento de Minas Gerais;65.32;;Prefeitura Municipal de Santa Maria de Itabira
3516507;92.56;32.36;92.56;0.0;0.83;92.1;22.02;193.24;Companhia de Saneamento Básico do Estado de São Paulo;88.33;80.72;Companhia de Saneamento Básico do Estado de São Paulo
2515104;48.17;0.0;0.0;0.0;0.36;39.53;37.79;123.79;Companhia de Águas e Esgotos da Paraíba;;;
4118303;91.84;0.0;91.84;0.0;0.48;91.84;10.74;393.25;Serviço Autônomo Municipal de Água e Esgoto;;;
5102637;100.0;100.0;0.0;0.0;1.54;93.48;6.54;225.71;Prefeitura Municipal de Campo Novo do Parecis;;;
4322004;;;;;;62.55;49.24;138.7;Companhia Riograndense de Saneamento;;;
1505502;100.0;100.0;0.0;100.0;1.07;86.06;46.22;164.37;Agência de Saneamento de Paragominas;12.34;;Agência de Saneamento de Paragominas
3117108;68.06;0.0;0.0;0.0;0.51;66.07;23.43;188.28;Companhia de Saneamento de Minas Gerais;72.89;;Prefeitura Municipal de Conceição Da Aparecida
5209457;36.95;0.0;0.0;100.0;0.36;55.38;12.5;319.9;Saneamento de Goiás S/A;;;
2605301;46.79;5.0;0.0;0.0;0.18;49.27;24.82;100.02;Companhia Pernambucana de Saneamento;36.49;;Companhia Pernambucana de Saneamento | Prefeitura Municipal de Exu
3141504;59.28;11.5;0.0;0.0;0.19;66.02;22.9;156.65;COPASA Serviços de Saneamento Integrado do Norte e Nordeste de Minas Gerais S/A;;;
4216404;100.0;100.0;0.0;0.0;0.54;14.63;32.77;142.79;Companhia Catarinense de Águas e Saneamento;;;
4200051;69.58;44.53;56.97;0.0;0.7;81.58;6.14;208.4;Prefeitura Municipal de Abdon Batista;40.68;;Prefeitura Municipal de Abdon Batista
2204303;97.89;92.94;0.0;100.0;0.52;;;;;;;
1505494;100.0;100.0;0.0;100.0;0.94;;;;;;;
5005202;97.41;6.18;0.0;100.0;0.71;96.27;61.67;101.86;Empresa de Saneamento de Mato Grosso do Sul S/A;31.38;23.5;Empresa de Saneamento de Mato Grosso do Sul S/A
3149804;;;;;;63.75;16.81;196.86;Companhia de Saneamento de Minas Gerais;82.45;;Prefeitura Municipal de Perdizes
3304201;97.22;0.0;38.5;0.0;1.19;97.21;19.56;193.59;Águas das Agulhas Negras;96.53;80.2;Águas das Agulhas Negras
1505486;100.0;100.0;0.0;100.0;0.72;;;;;;;
2506905;97.37;87.29;0.0;0.0;1.08;57.43;69.43;153.75;Companhia de Águas e Esgotos da Paraíba;;;
3508306;100.0;100.0;100.0;0.0;1.1;81.98;17.52;187.48;Águas de Cabrália Paulista SPE LTDA;81.98;76.31;Águas de Cabrália Paulista SPE LTDA
2707800;;;;;;;;;;;;
5102603;37.19;0.0;0.0;0.0;0.65;28.64;40.59;216.97;Prefeitura Municipal de Campinápolis;;;
1301100;77.06;60.44;0.0;100.0;0.88;82.09;33.33;95.13;Prefeitura Municipal de Careiro;;;
4313805;57.53;3.4;56.04;0.0;0.29;81.23;26.11;138.7;Companhia Riograndense de Saneamento;;;
4322103;100.0;100.0;100.0;1.23;0.4;68.28;26.94;186.34;Companhia Riograndense de Saneamento;;;
3516606;89.45;45.06;89.45;0.0;1.47;89.11;29.86;160.8;Companhia de Saneamento Básico do Estado de São Paulo;86.32;78.88;Companhia de Saneamento Básico do Estado de São Paulo
4110102;91.2;96.58;91.2;0.0;0.63;79.15;32.86;135.96;Companhia de Saneamento do Paraná S.A.;66.45;58.73;Companhia de Saneamento do Paraná S.A.
3133303;80.15;8.5;37.54;100.0;0.74;83.58;14.81;172.98;"COPASA Serviços de Saneamento Integrado do Norte e Nordeste de Minas Gerais S/A; Companhia de Saneamento de Minas Gerais";40.03;58.95;Companhia de Saneamento de Minas Gerais
4208203;100.0;100.0;100.0;0.0;0.86;96.0;10.29;270.82;Serviço Municipal de Água Saneamento Básico e Infra-Estrutura de Itajaí;34.35;;Serviço Municipal de Água Saneamento Básico e Infra-Estrutura de Itajaí
1505601;96.73;91.79;0.0;100.0;0.45;22.53;66.09;135.81;Companhia de Saneamento do Pará;;;
4216503;93.1;78.13;0.0;0.0;0.54;71.97;34.83;126.4;Companhia Catarinense de Águas e Saneamento;36.1;29.64;Companhia Catarinense de Águas e Saneamento
2107209;40.37;0.0;0.0;100.0;0.57;28.48;93.37;95.28;Companhia de Saneamento Ambiental do Maranhão;;;
2204659;100.0;100.0;0.0;0.0;0.82;;;;;;;
3549300;88.24;3.58;80.46;0.0;0.72;88.68;31.54;260.32;Prefeitura Municipal de São João do Pau D Alho;87.85;;Prefeitura Municipal de São João do Pau D Alho
4101903;93.54;33.31;93.32;0.0;0.57;90.56;40.73;172.72;Companhia de Saneamento do Paraná S.A.;85.91;66.67;Companhia de Saneamento do Paraná S.A.
4126306;100.0;100.0;83.35;0.0;0.47;83.55;21.48;133.35;Companhia de Saneamento do Paraná S.A.;73.07;58.86;Companhia de Saneamento do Paraná S.A.
2707909;;;;;;80.76;59.13;92.3;"Companhia de Saneamento de Alagoas; BRK Ambiental - Região Metropolitana de Maceió S.A.";;;
2805901;95.21;69.86;0.0;0.0;1.28;98.61;61.28;75.88;Companhia de Saneamento de Sergipe;;;
3508405;100.0;100.0;100.0;100.0;0.84;83.6;25.59;187.71;Companhia de Saneamento Básico do Estado de São Paulo;75.49;69.32;Companhia de Saneamento Básico do Estado de São Paulo
4313904;;;;;;89.89;47.82;168.2;Companhia Riograndense de Saneamento;1.96;1.66;Companhia Riograndense de Saneamento
3108503;;;;;;52.18;30.74;114.89;COPASA Serviços de Saneamento Integrado do Norte e Nordeste de Minas Gerais S/A;22.65;;COPASA Serviços de Saneamento Integrado do Norte e Nordeste de Minas Gerais S/A
1705557;85.72;0.0;0.0;100.0;0.9;95.16;4.06;170.86;Companhia de Saneamento do Tocantins;;;
3541109;87.09;0.0;87.09;0.0;0.64;99.43;19.34;158.98;Companhia de Saneamento Básico do Estado de São Paulo;97.68;85.17;Companhia de Saneamento Básico do Estado de São Paulo
3125101;100.0;100.0;86.12;0.0;0.89;58.24;29.4;279.44;Companhia de Saneamento de Minas Gerais;46.03;56.79;Companhia de Saneamento de Minas Gerais
3533304;100.0;100.0;100.0;0.0;0.88;95.03;8.63;192.34;Companhia de Saneamento Básico do Estado de São Paulo;93.41;89.44;Companhia de Saneamento Básico do Estado de São Paulo
2107308;;;;;;37.38;79.92;146.82;Companhia de Saneamento Ambiental do Maranhão;;;
4208302;;;;;;98.63;21.35;249.52;Companhia Águas de Itapema Ltda;76.39;79.15;Companhia Águas de Itapema Ltda
4118105;72.94;0.0;0.0;49.12;0.81;96.44;7.22;164.44;Companhia de Saneamento do Paraná S.A.;82.53;61.18;Companhia de Saneamento do Paraná S.A.
2912806;64.85;0.0;0.0;0.0;1.42;64.85;14.53;122.21;Empresa Baiana de Águas e Saneamento S.A.;;;
5004502;100.0;100.0;0.0;0.0;0.76;63.07;26.87;167.79;Empresa de Saneamento de Mato Grosso do Sul S/A;18.47;18.19;Empresa de Saneamento de Mato Grosso do Sul S/A
4126405;100.0;100.0;100.0;0.0;0.74;92.45;8.25;236.3;Serviço Autônomo Municipal de Água e Esgoto;;;Serviço Autônomo Municipal de Água e Esgoto
1505551;61.16;0.0;0.0;100.0;0.22;67.08;24.52;136.79;Sannorte Saneamento Ambiental Ltda.;;;
2408607;60.97;0.0;0.0;100.0;0.47;41.62;52.47;102.81;Companhia de Águas e Esgotos do Rio Grande do Norte;;;
2311702;;;;;;73.58;37.58;118.52;"Sistema Integrado de Saneamento Rural da Bacia do Acaraú; Companhia de Água e Esgoto do Ceará";;;
2515401;;;;;;25.36;58.76;109.43;Companhia de Águas e Esgotos da Paraíba;;;
4305702;100.0;100.0;71.88;0.0;3.09;63.71;39.16;186.33;Companhia Riograndense de Saneamento;;;
3116902;63.31;0.0;0.0;0.0;0.44;54.07;12.47;205.38;Companhia de Saneamento de Minas Gerais;;;Prefeitura Municipal de Comendador Gomes
3100302;88.3;69.99;88.3;74.78;0.55;61.0;41.71;111.21;Serviço Autônomo de Água e Esgoto;61.0;;Serviço Autônomo de Água e Esgoto
3304128;100.0;100.0;100.0;0.0;0.53;93.83;13.3;352.18;Prefeitura Municipal de Quatis;93.8;;Prefeitura Municipal de Quatis
4200101;65.44;0.0;0.0;0.0;0.36;65.23;32.99;125.49;Companhia Catarinense de Águas e Saneamento;;;
3525102;93.21;0.0;0.0;0.0;0.76;93.21;28.57;223.41;Prefeitura Municipal de Jardinópolis;93.21;;Prefeitura Municipal de Jardinópolis
1301159;31.78;26.66;0.0;0.0;0.05;13.87;55.93;139.15;Companhia de Saneamento do Amazonas;;;
2904605;73.96;26.27;73.96;100.0;0.77;87.31;25.55;129.46;Empresa Baiana de Águas e Saneamento S.A.;6.64;5.86;Empresa Baiana de Águas e Saneamento S.A.
4321907;100.0;100.0;82.25;0.0;0.4;71.99;31.13;195.4;Companhia Riograndense de Saneamento;1.05;0.86;Companhia Riograndense de Saneamento
4109906;81.44;10.97;81.25;0.0;1.92;83.29;15.07;207.56;Companhia de Saneamento do Paraná S.A.;9.43;7.2;Companhia de Saneamento do Paraná S.A.
1505403;80.32;96.01;0.0;100.0;1.76;10.89;60.75;146.16;Companhia de Saneamento do Pará;;;
4118204;99.33;84.44;95.71;0.0;1.49;83.11;40.31;128.39;Paranaguá Saneamento S/A;84.0;48.53;Paranaguá Saneamento S/A
5004601;40.01;0.0;25.01;0.0;0.38;52.23;16.07;211.3;Empresa de Saneamento de Mato Grosso do Sul S/A;;;
2303501;70.68;0.0;0.0;100.0;0.37;46.69;19.09;87.7;Companhia de Água e Esgoto do Ceará;3.45;;Companhia de Água e Esgoto do Ceará
1713809;65.35;30.17;0.0;66.67;1.01;59.38;25.59;166.4;Companhia de Saneamento do Tocantins;;;
3516903;100.0;100.0;0.0;0.0;0.62;98.22;12.02;191.13;Companhia de Saneamento Básico do Estado de São Paulo;94.11;88.64;Companhia de Saneamento Básico do Estado de São Paulo
5201306;85.7;0.0;0.0;0.0;0.52;85.7;21.0;165.43;Saneamento de Goiás S/A;52.52;35.8;Saneamento de Goiás S/A
3304110;100.0;100.0;0.0;0.0;0.51;97.7;20.0;374.19;Prefeitura Municipal de Porto Real;97.7;72.33;Prefeitura Municipal de Porto Real
2515500;72.32;0.0;0.0;0.0;0.44;50.7;37.3;149.54;Companhia de Águas e Esgotos da Paraíba;;;
2400406;90.82;73.52;0.0;100.0;1.58;66.22;44.47;105.85;Companhia de Águas e Esgotos do Rio Grande do Norte;;;
3500303;93.21;0.0;0.0;0.0;1.24;100.0;41.68;176.18;Companhia de Saneamento Básico do Estado de São Paulo;100.0;50.91;Companhia de Saneamento Básico do Estado de São Paulo
2707206;86.48;83.5;0.0;0.0;0.51;27.36;65.25;102.71;"Companhia de Saneamento de Alagoas; Águas do Sertão";;;
2204709;;;;;;;;;;;;
3304102;100.0;100.0;100.0;0.0;1.1;76.1;43.36;163.15;Companhia Estadual de Águas e Esgotos do Rio de Janeiro;;;
4126355;62.03;0.0;62.03;0.0;0.42;64.11;30.91;182.19;Companhia de Saneamento do Paraná S.A.;;;
2408953;;;;;;100.0;12.25;221.73;Serviço Autônomo de Água e Esgoto;;;
4101705;92.0;47.05;0.0;0.0;0.58;93.58;18.95;142.34;Companhia de Saneamento do Paraná S.A.;71.24;59.61;Companhia de Saneamento do Paraná S.A.
4110003;91.03;0.0;91.03;0.0;1.48;82.43;20.62;292.31;Serviço Autônomo de Água e Esgoto de Iguaraçu;;;
4216800;43.58;14.81;0.0;0.0;0.25;31.54;38.56;114.81;Companhia Catarinense de Águas e Saneamento;;;
2927903;94.99;58.04;0.0;100.0;1.25;91.18;18.72;102.77;Empresa Baiana de Águas e Saneamento S.A.;74.4;69.01;Empresa Baiana de Águas e Saneamento S.A.
5102504;88.52;0.0;69.04;0.0;0.51;82.44;55.84;119.5;Serviço de Saneamento Ambiental Águas do Pantanal;6.58;;Serviço de Saneamento Ambiental Águas do Pantanal
4313706;94.78;49.99;32.91;0.0;1.07;83.69;35.68;166.37;Companhia Riograndense de Saneamento;;;
2507309;98.99;97.31;0.0;0.0;1.11;43.89;23.92;143.35;Companhia de Águas e Esgotos da Paraíba;;;
1705607;72.78;0.0;0.0;100.0;0.58;66.94;63.14;126.67;Agência Tocantinense de Saneamento;;;
1301506;60.27;0.0;0.0;100.0;1.12;61.38;31.32;332.09;Prefeitura Municipal de Envira;;;
2912608;35.47;0.0;0.0;100.0;1.57;72.66;15.73;107.55;Empresa Baiana de Águas e Saneamento S.A.;;;
4208609;100.0;100.0;56.37;0.0;0.87;53.28;39.45;132.5;Companhia Catarinense de Águas e Saneamento;;;
3508702;100.0;100.0;0.0;0.0;1.65;69.71;62.87;147.47;Prefeitura Municipal de Caconde;60.95;;Prefeitura Municipal de Caconde
3140852;72.42;93.56;27.86;0.0;1.63;76.9;22.48;148.77;Companhia de Saneamento de Minas Gerais;6.56;47.35;Companhia de Saneamento de Minas Gerais
5208806;99.09;0.0;2.54;0.0;0.54;59.73;15.78;121.78;Saneamento de Goiás S/A;22.1;16.82;Saneamento de Goiás S/A
2311504;100.0;100.0;0.0;100.0;0.95;85.28;45.76;153.75;"Companhia de Água e Esgoto do Ceará; Serviço Autônomo de Água e Esgoto de Lagoinha de Quixerê; Sistema Integrado de Saneamento Rural da Bacia Hidrográfica do Baixo e Médio Jaguaribe";;;
4101804;100.0;100.0;92.1;0.0;0.6;89.78;31.78;162.27;Companhia de Saneamento do Paraná S.A.;84.68;72.08;Companhia de Saneamento do Paraná S.A.
4305504;100.0;100.0;61.47;0.0;0.68;56.84;42.28;167.02;Companhia Riograndense de Saneamento;;;
2204550;32.39;0.0;0.0;100.0;0.54;;;;;;;
2605152;45.43;0.0;0.0;46.62;0.4;41.03;25.36;127.67;Companhia Pernambucana de Saneamento;24.56;;Companhia Pernambucana de Saneamento
2106607;;;;;;;;;;;;
2919702;70.19;47.47;0.0;100.0;1.73;82.98;71.4;254.59;Serviço Autônomo de Água e Esgoto;;;
2806305;57.66;56.71;7.53;0.0;0.47;25.06;36.11;73.32;Companhia de Saneamento de Sergipe;15.2;8.46;Companhia de Saneamento de Sergipe
2904407;;;;;;30.02;31.42;125.38;Empresa Baiana de Águas e Saneamento S.A.;;;
4126702;87.93;0.0;87.93;0.0;0.29;91.34;19.73;166.62;Companhia de Saneamento do Paraná S.A.;;;
4200408;48.94;0.0;0.0;0.0;0.49;55.28;34.32;132.31;Companhia Catarinense de Águas e Saneamento;;;
2912707;;;;;;86.02;25.83;58.09;Empresa Baiana de Águas e Saneamento S.A.;;;
3108909;100.0;100.0;20.68;0.0;4.97;75.02;28.56;158.57;Companhia de Saneamento de Minas Gerais;62.49;;Prefeitura Municipal de Brazópolis
4208708;91.09;78.31;0.0;0.0;0.44;77.54;13.0;202.17;Prefeitura Municipal de Jacinto Machado;;;
5004403;51.79;0.0;0.0;13.08;0.68;67.61;34.07;235.88;Empresa de Saneamento de Mato Grosso do Sul S/A;43.43;36.66;Empresa de Saneamento de Mato Grosso do Sul S/A
2408904;97.79;85.57;0.0;99.72;1.11;85.26;18.98;102.04;Companhia de Águas e Esgotos do Rio Grande do Norte;75.1;60.42;Companhia de Águas e Esgotos do Rio Grande do Norte
3508801;100.0;100.0;100.0;0.0;0.64;100.0;8.91;266.4;Prefeitura Municipal de Cafelândia;98.28;;Prefeitura Municipal de Cafelândia
5200605;74.96;0.0;74.96;100.0;0.85;55.23;36.58;321.59;Saneamento de Goiás S/A;;;
2303303;92.76;85.22;0.0;100.0;0.19;32.53;34.07;151.77;"Companhia de Água e Esgoto do Ceará; Sistema Integrado de Saneamento Rural da Bacia do Alto Jaguaribe";;;
3541505;94.46;0.0;97.25;0.0;0.68;94.46;23.62;184.15;Prefeitura Municipal de Presidente Venceslau;92.57;;Prefeitura Municipal de Presidente Venceslau
2311603;100.0;100.0;0.0;100.0;1.97;47.72;18.64;119.21;Companhia de Água e Esgoto do Ceará;2.01;;Companhia de Água e Esgoto do Ceará
2919553;88.16;100.0;0.0;0.0;1.94;96.96;21.2;133.46;Empresa Baiana de Águas e Saneamento S.A.;82.05;83.33;Empresa Baiana de Águas e Saneamento S.A.
4321956;98.51;95.95;0.0;0.0;0.53;38.99;26.79;206.58;Companhia Riograndense de Saneamento;;;
4305603;59.93;0.0;0.0;0.0;0.25;48.33;32.32;180.39;Companhia Riograndense de Saneamento;;;
2515302;90.0;58.21;0.0;0.0;1.79;51.05;17.79;137.57;Companhia de Águas e Esgotos da Paraíba;16.2;20.3;Companhia de Águas e Esgotos da Paraíba
3500105;100.0;100.0;100.0;100.0;1.01;100.0;24.97;205.12;Companhia de Saneamento Básico do Estado de São Paulo;100.0;96.74;Companhia de Saneamento Básico do Estado de São Paulo
5101803;98.08;100.0;0.0;100.0;2.71;92.05;45.17;196.29;Águas de Barra do Garças Ltda;75.71;;Águas de Barra do Garças Ltda
4118501;95.07;0.0;95.07;0.0;1.27;95.47;22.94;162.54;Companhia de Saneamento do Paraná S.A.;90.62;80.52;Companhia de Saneamento do Paraná S.A.
4126678;63.88;8.52;60.52;18.75;0.52;61.78;40.68;203.69;Companhia de Saneamento do Paraná S.A.;40.04;32.37;Companhia de Saneamento do Paraná S.A.
3100708;100.0;100.0;0.0;0.0;0.63;68.68;21.56;228.35;Companhia de Saneamento de Minas Gerais;78.34;;Prefeitura Municipal de água Comprida
4200507;100.0;100.0;0.0;0.0;0.35;57.39;46.04;135.46;Companhia Catarinense de Águas e Saneamento;;;
3304409;82.18;0.0;0.0;0.0;0.52;58.03;35.84;187.28;Rio+ Saneamento BL3 S.A;78.65;;Rio+ Saneamento BL3 S.A | Prefeitura Municipal de Rio Claro
4305587;97.94;97.05;0.0;0.0;0.37;100.0;93.23;150.81;Prefeitura Municipal de Colinas;;;
1505437;;;;;;;;;;;;
3166105;79.95;58.03;0.0;100.0;0.57;40.77;16.92;213.39;Companhia de Saneamento de Minas Gerais;;;
2904506;100.0;100.0;0.0;100.0;0.79;32.2;12.64;108.62;Empresa Baiana de Águas e Saneamento S.A.;18.21;0.0;Prefeitura Municipal de Brotas de Macaúbas | Empresa Baiana de Águas e Saneamento S.A.
2204501;;;;;;;;;;;;
2927705;;;;;;84.72;30.37;106.31;Empresa Baiana de Águas e Saneamento S.A.;48.47;;Empresa Baiana de Águas e Saneamento S.A.
2613404;;;;;;77.04;46.88;206.95;Companhia Pernambucana de Saneamento;;;
5216908;;;;;;45.8;23.95;177.72;Saneamento de Goiás S/A;;;
2303402;;;;;;59.82;38.61;155.63;"Companhia de Água e Esgoto do Ceará; Sistema Integrado de Saneamento Rural da Bacia Hidrográfica do Parnaíba";;;
2507101;52.48;0.0;0.0;0.0;0.43;83.97;14.2;74.49;Prefeitura Municipal de Itapororoca;;;
3516804;100.0;100.0;0.0;0.0;1.51;100.0;15.24;162.47;Companhia de Saneamento Básico do Estado de São Paulo;100.0;84.19;Companhia de Saneamento Básico do Estado de São Paulo
4110300;100.0;100.0;0.0;0.0;0.43;100.0;17.1;182.87;Companhia de Saneamento do Paraná S.A.;;;
3500204;100.0;100.0;30.15;0.0;0.43;90.6;8.34;195.67;Companhia de Saneamento Básico do Estado de São Paulo;90.6;78.48;Companhia de Saneamento Básico do Estado de São Paulo
4322301;100.0;100.0;100.0;0.0;0.43;56.02;40.06;191.27;Companhia Riograndense de Saneamento;;;
3157906;54.97;0.0;0.0;100.0;1.35;48.63;18.48;150.42;Companhia de Saneamento de Minas Gerais;27.49;;Prefeitura Municipal de Santa Margarida
2106672;17.86;0.0;0.0;100.0;0.35;95.23;50.0;199.19;Prefeitura Municipal de Milagres do Maranhão;;;
3304508;90.68;48.01;75.9;0.0;0.47;85.66;62.07;63.83;Prefeitura Municipal de Rio Das Flores;67.95;;Prefeitura Municipal de Rio Das Flores
1714203;83.14;0.0;0.0;100.0;0.49;83.14;27.18;153.39;Companhia de Saneamento do Tocantins;;;
4216701;68.74;0.0;0.0;0.0;0.53;75.91;72.82;81.65;Serviço Municipal de Água e Esgoto;1.96;;Serviço Municipal de Água e Esgoto
2919504;86.49;76.55;0.0;100.0;0.77;57.09;38.72;147.91;Empresa Baiana de Águas e Saneamento S.A.;;;
2204600;;;;;;;;;;;;
2806107;;;;;;93.76;57.85;114.71;Companhia de Saneamento de Sergipe;;;
2927804;88.24;0.0;0.0;100.0;2.84;88.14;58.39;120.45;Empresa Baiana de Águas e Saneamento S.A.;;;
2400802;88.32;0.0;0.0;100.0;1.55;98.54;57.19;110.02;Companhia de Águas e Esgotos do Rio Grande do Norte;;;
3140902;;;;;;70.67;20.56;164.09;Companhia de Saneamento de Minas Gerais;;;
4102109;;;;;;95.56;26.73;162.94;Companhia de Saneamento do Paraná S.A.;87.4;;Companhia de Saneamento do Paraná S.A.
2912004;;;;;;58.71;21.15;146.95;Empresa Baiana de Águas e Saneamento S.A.;;;
3157252;70.96;37.6;0.0;0.0;0.32;53.89;15.46;119.56;Companhia de Saneamento de Minas Gerais;49.36;;Prefeitura Municipal de Santa Bárbara do Leste
2605202;100.0;100.0;0.0;0.0;0.82;74.09;51.33;141.06;Companhia Pernambucana de Saneamento;;;
3508603;100.0;100.0;0.0;0.0;0.78;100.0;24.15;163.91;Companhia de Saneamento Básico do Estado de São Paulo;79.61;74.7;Companhia de Saneamento Básico do Estado de São Paulo
2507200;;;;;;45.09;37.98;154.71;Companhia de Águas e Esgotos da Paraíba;;;
5208707;99.85;0.0;99.85;100.0;3.68;99.85;11.45;176.01;Saneamento de Goiás S/A;99.85;75.86;Saneamento de Goiás S/A
2310902;59.18;0.0;59.18;100.0;0.76;78.35;46.37;107.6;"Companhia de Água e Esgoto do Ceará; Sistema Integrado de Saneamento Rural da Bacia do Banabuiu";;;
4314100;100.0;100.0;34.95;0.0;1.22;93.61;42.89;179.59;Companhia Riograndense de Saneamento;44.97;;Companhia Riograndense de Saneamento
3533254;93.8;0.0;0.0;0.0;0.73;93.8;38.86;159.83;Prefeitura Municipal de Novais;93.8;;Prefeitura Municipal de Novais
3149705;91.74;60.59;0.0;0.0;0.83;80.13;15.54;166.73;Companhia de Saneamento de Minas Gerais;89.24;;Prefeitura Municipal de Perdigão
3108701;36.16;0.0;0.0;0.0;0.7;51.55;22.78;155.63;Prefeitura Municipal de Brás Pires;;;
4208500;70.34;0.0;70.34;0.0;0.53;73.79;48.86;148.18;Companhia Catarinense de Águas e Saneamento;10.97;9.75;Companhia Catarinense de Águas e Saneamento
2919603;89.03;70.01;0.0;100.0;1.15;69.41;27.83;137.79;Empresa Baiana de Águas e Saneamento S.A.;38.61;36.77;Empresa Baiana de Águas e Saneamento S.A.
3132701;70.44;32.74;51.65;100.0;0.91;74.66;80.91;107.17;Serviço Autônomo de Água e Esgoto;51.65;;Serviço Autônomo de Água e Esgoto
1706001;72.4;43.29;0.0;0.0;1.39;46.2;44.72;131.59;Agência Tocantinense de Saneamento;;;
3165404;;;;;;69.39;25.26;179.9;Companhia de Saneamento de Minas Gerais;58.76;;Companhia de Saneamento de Minas Gerais
3500550;100.0;100.0;0.0;0.0;0.74;72.17;36.76;242.37;Companhia de Saneamento Básico do Estado de São Paulo;48.75;47.35;Companhia de Saneamento Básico do Estado de São Paulo
2903805;100.0;100.0;0.0;100.0;3.96;67.04;20.18;113.59;Empresa Baiana de Águas e Saneamento S.A.;37.56;;Prefeitura Municipal de Boa Vista do Tupim
4102208;84.45;0.0;84.45;0.0;0.69;84.45;10.01;200.45;Companhia de Saneamento do Paraná S.A.;;;
2106631;47.86;0.0;0.0;0.0;0.37;15.95;61.18;99.2;Companhia de Saneamento Ambiental do Maranhão;;;
2806206;72.21;44.79;0.0;0.0;0.47;74.11;54.3;92.32;Companhia de Saneamento de Sergipe;;;
4322251;80.43;27.49;0.0;0.0;0.9;83.33;7.17;123.81;"Associação de Desenvolvimento Comunitário de Tupandi; Prefeitura Municipal de Tupandi";11.63;;Prefeitura Municipal de Tupandi
4200309;59.31;0.0;59.31;0.0;0.44;50.09;36.48;133.43;Companhia Catarinense de Águas e Saneamento;;;
2302701;;;;;;77.71;43.07;103.72;"Companhia de Água e Esgoto do Ceará; Sistema Integrado de Saneamento Rural da Bacia do Alto Jaguaribe";10.47;;Companhia de Água e Esgoto do Ceará
4314076;27.48;0.0;27.48;0.0;0.64;96.54;8.97;207.97;Prefeitura Municipal de Passo do Sobrado;;;
4305900;78.65;19.3;0.0;34.88;0.45;73.55;35.58;171.37;Companhia Riograndense de Saneamento;;;
5101852;100.0;100.0;0.0;100.0;0.98;;;;;;;
2408805;;;;;;74.27;56.84;92.91;Companhia de Águas e Esgotos do Rio Grande do Norte;;;
3100500;68.93;37.32;0.0;0.0;0.38;36.36;20.22;150.51;Companhia de Saneamento de Minas Gerais;83.38;;Prefeitura Municipal de Açucena
5200506;;;;;;88.16;19.71;165.09;Saneamento de Goiás S/A;;;
3108800;;;;;;37.03;36.59;165.37;Companhia de Saneamento de Minas Gerais;;;
4314068;74.5;70.41;0.0;0.0;0.44;13.85;58.38;222.49;Companhia Riograndense de Saneamento;;;
3124500;100.0;100.0;0.0;0.0;0.65;48.73;1.42;170.15;Companhia de Saneamento de Minas Gerais;53.43;;Prefeitura Municipal de Estiva
3549706;90.67;0.0;90.67;0.0;0.75;90.79;62.63;176.45;Superintendência Autônoma de Água e Esgoto de São José do Rio Pardo;90.79;12.65;Superintendência Autônoma de Água e Esgoto de São José do Rio Pardo
2203909;91.14;9.4;0.0;92.01;0.97;;;;;;;
3157203;88.81;39.99;88.81;0.0;0.61;74.18;24.88;105.15;Companhia de Saneamento de Minas Gerais;93.21;;Prefeitura Municipal de Santa Bárbara
3165503;63.32;49.19;0.0;100.0;0.3;45.47;29.96;176.86;Companhia de Saneamento de Minas Gerais;40.09;;Prefeitura Municipal de Sardoá
5101837;;;;;;;;;;;;
4118402;97.46;25.11;97.46;0.0;0.75;98.54;23.47;161.98;Companhia de Saneamento do Paraná S.A.;97.52;85.2;Companhia de Saneamento do Paraná S.A.
3533205;76.54;2.09;0.0;39.93;1.71;76.04;33.35;212.6;Prefeitura Municipal de Nova Independência;76.04;;Prefeitura Municipal de Nova Independência
3100609;;;;;;51.45;17.43;125.31;"COPASA Serviços de Saneamento Integrado do Norte e Nordeste de Minas Gerais S/A; Companhia de Saneamento de Minas Gerais";;;
3116308;60.78;0.0;0.0;0.0;0.44;62.58;35.48;134.59;Companhia de Saneamento de Minas Gerais;60.78;;Prefeitura Municipal de Cipotânea
3516853;100.0;100.0;89.91;0.0;1.76;89.91;11.54;208.06;Prefeitura Municipal de Gavião Peixoto;89.91;;Prefeitura Municipal de Gavião Peixoto
3140704;79.52;78.77;49.7;0.0;0.37;53.84;49.79;224.55;Companhia de Saneamento de Minas Gerais;32.22;;Companhia de Saneamento de Minas Gerais
2400604;71.68;0.0;0.0;100.0;2.13;67.81;64.85;108.64;Companhia de Águas e Esgotos do Rio Grande do Norte;7.07;;Prefeitura Municipal de Almino Afonso
4314175;35.29;0.0;0.0;0.0;0.28;31.86;38.62;122.62;Companhia Riograndense de Saneamento;96.05;30.37;Companhia Riograndense de Saneamento
4305871;77.9;49.96;0.0;0.0;0.32;55.91;47.66;263.33;Prefeitura Municipal de Coronel Barros;;;
4322350;100.0;100.0;0.0;0.0;1.97;;;;;;;
4322343;26.82;0.0;0.0;0.0;0.13;;;;;;;
3304300;82.89;98.52;0.0;0.0;0.73;83.14;53.88;165.99;Águas do Rio 1 SPE S.A.;;;
3500501;100.0;100.0;100.0;0.0;1.23;87.37;40.98;243.61;Saneamento Ambiental de Águas de Lindóia;87.16;85.21;Saneamento Ambiental de Águas de Lindóia
2928109;94.89;85.82;0.0;100.0;1.35;89.19;20.89;170.35;Serviço Autônomo de Água e Esgoto;19.19;18.03;Serviço Autônomo de Água e Esgoto
4314159;92.93;83.23;0.0;11.11;0.4;24.17;40.64;143.59;Companhia Riograndense de Saneamento;;;
3149002;74.02;0.0;0.0;0.0;0.6;57.37;15.79;276.22;Prefeitura Municipal de Pedra Dourada;;;
3116159;76.5;23.87;0.0;100.0;1.11;70.12;;161.32;Companhia de Saneamento de Minas Gerais;;;
4110201;87.34;65.25;63.55;0.0;0.35;71.98;29.38;111.93;Companhia de Saneamento do Paraná S.A.;35.19;27.27;Companhia de Saneamento do Paraná S.A.
3525003;99.19;;0.0;0.0;0.74;100.0;40.45;153.52;Companhia de Saneamento Básico do Estado de São Paulo;95.8;44.86;Companhia de Saneamento Básico do Estado de São Paulo
3157302;60.53;15.14;0.0;0.0;0.39;48.85;22.53;139.85;Companhia de Saneamento de Minas Gerais;;;
2310951;96.96;95.0;0.0;0.0;1.47;39.71;31.36;115.62;"Sistema Integrado de Saneamento Rural da Bacia do Acaraú; Companhia de Água e Esgoto do Ceará";;;
4322327;90.28;81.75;71.65;0.0;0.3;48.55;72.39;130.39;Prefeitura Municipal de Turuçu;;;
3132503;94.14;73.07;0.0;100.0;1.36;75.14;18.28;123.34;"Companhia de Saneamento de Minas Gerais ; COPASA Serviços de Saneamento Integrado do Norte e Nordeste de Minas Gerais S/A";64.07;55.27;COPASA Serviços de Saneamento Integrado do Norte e Nordeste de Minas Gerais S/A | Companhia de Saneamento de Minas Gerais
4305975;100.0;100.0;0.0;0.0;0.51;100.0;4.55;212.62;Prefeitura Municipal de Coxilha;;;
2514651;55.84;0.0;0.0;0.0;0.65;43.48;57.27;135.79;Companhia de Águas e Esgotos da Paraíba;40.1;;Companhia de Águas e Esgotos da Paraíba | Prefeitura Municipal de São José do Brejo do Cruz
2919926;100.0;;0.0;0.0;1.47;99.98;40.73;125.88;Empresa Baiana de Águas e Saneamento S.A.;71.76;67.09;Empresa Baiana de Águas e Saneamento S.A.
2613800;58.43;77.28;0.0;0.0;0.88;43.36;41.98;148.5;Companhia Pernambucana de Saneamento;;;
2805505;59.87;0.0;0.0;100.0;1.25;98.46;61.84;101.76;Companhia de Saneamento de Sergipe;;;
3140803;99.17;85.44;0.0;17.99;0.81;97.21;28.25;157.84;Companhia de Saneamento de Minas Gerais;95.02;;Prefeitura Municipal de Matias Barbosa
2400703;100.0;100.0;0.0;100.0;1.07;68.47;60.66;134.9;Companhia de Águas e Esgotos do Rio Grande do Norte;1.47;1.2;Companhia de Águas e Esgotos do Rio Grande do Norte
2203859;;;;;;;;;;;;
5217302;100.0;100.0;54.04;0.0;1.71;62.61;36.2;244.61;Saneamento de Goiás S/A;19.39;10.85;Saneamento de Goiás S/A
3500600;100.0;;100.0;0.0;1.33;100.0;4.9;588.09;Companhia de Saneamento Básico do Estado de São Paulo;100.0;;Companhia de Saneamento Básico do Estado de São Paulo
2707107;93.78;80.69;0.0;0.0;0.99;84.9;77.97;103.11;"Águas do Sertão; Companhia de Saneamento de Alagoas";43.13;35.13;Águas do Sertão
4305959;100.0;100.0;100.0;12.75;0.38;59.25;23.5;127.19;Companhia Riograndense de Saneamento;9.35;7.93;Companhia Riograndense de Saneamento
1505809;48.35;0.0;0.0;82.54;2.58;7.73;59.19;87.96;Companhia de Saneamento do Pará;;;
2605608;45.33;0.0;0.0;0.0;0.27;46.77;51.87;163.04;Companhia Pernambucana de Saneamento;;;
4102000;91.25;9.99;91.25;11.95;0.57;90.73;25.19;179.52;Companhia de Saneamento do Paraná S.A.;48.17;42.79;Companhia de Saneamento do Paraná S.A.
3157278;39.07;0.0;0.0;0.0;0.49;64.61;26.92;50.37;Prefeitura Municipal de Santa Bárbara do Monte Verde;50.02;;Prefeitura Municipal de Santa Bárbara do Monte Verde
3149101;100.0;100.0;100.0;0.0;0.55;54.84;25.42;155.03;Companhia de Saneamento de Minas Gerais;47.37;48.99;Companhia de Saneamento de Minas Gerais
4126652;47.78;0.0;47.78;0.0;0.53;51.87;27.56;164.3;Companhia de Saneamento do Paraná S.A.;;;
2919900;;;;;;;;;;;;
4314134;62.43;39.82;0.0;0.0;1.0;100.0;81.79;22.03;Prefeitura Municipal de Paulo Bento;;;
5200555;88.56;0.0;0.0;100.0;2.98;88.56;11.68;193.28;Saneamento de Goiás S/A;;;
3124302;57.35;0.0;0.0;0.0;1.07;87.05;38.13;155.65;Companhia de Saneamento de Minas Gerais;8.62;54.73;Companhia de Saneamento de Minas Gerais
3532504;100.0;100.0;0.0;0.0;1.67;90.05;41.96;161.03;Prefeitura Municipal de Neves Paulista;89.84;80.57;Prefeitura Municipal de Neves Paulista
3132602;100.0;100.0;0.0;0.0;0.76;84.56;40.52;154.55;Companhia de Saneamento de Minas Gerais;;;
4216057;61.76;0.0;0.0;0.0;0.47;64.96;23.26;175.58;Companhia Catarinense de Águas e Saneamento;;;
3165305;;;;;;88.02;27.88;168.08;Companhia de Saneamento de Minas Gerais;;;
1301407;62.81;0.0;0.0;100.0;0.37;53.66;63.35;93.43;Companhia de Saneamento do Amazonas;;;
4118451;100.0;100.0;100.0;0.0;0.7;100.0;45.66;312.2;Prefeitura Municipal de Pato Bragado;;;
4322152;58.84;45.55;0.0;0.0;0.31;58.87;28.57;93.36;Prefeitura Municipal de Tunas;26.75;;Prefeitura Municipal de Tunas
4305934;12.27;0.0;0.0;0.0;0.14;20.7;23.55;144.69;Prefeitura Municipal de Coronel Pilar;;;
1505650;32.92;12.94;0.0;100.0;0.49;32.44;32.94;400.07;Prefeitura Municipal de Placas;;;
3549607;100.0;100.0;0.0;0.0;0.84;72.27;10.34;234.92;Prefeitura Municipal de São José do Barreiro;70.99;;Prefeitura Municipal de São José do Barreiro
3524303;97.87;0.0;97.87;0.0;1.31;97.87;40.48;218.62;Serviço Autônomo Água e Esgoto de Jaboticabal;100.0;;Serviço Autônomo Água e Esgoto de Jaboticabal
3532603;100.0;100.0;0.0;0.0;0.69;96.44;11.52;192.26;Companhia de Saneamento Básico do Estado de São Paulo;86.16;78.12;Companhia de Saneamento Básico do Estado de São Paulo
3124401;100.0;100.0;0.0;0.0;0.57;100.0;4.95;169.92;Prefeitura Municipal de Espírito Santo do Dourado;48.84;;Prefeitura Municipal de Espírito Santo do Dourado
1505635;64.16;43.01;0.0;100.0;0.58;;;;;;;
2911857;61.19;22.68;0.0;100.0;0.75;69.72;34.1;111.66;Empresa Baiana de Águas e Saneamento S.A.;19.92;;Empresa Baiana de Águas e Saneamento S.A. | Prefeitura Municipal de Heliópolis
3157104;84.13;0.0;0.0;100.0;0.44;84.49;19.97;163.47;Companhia de Saneamento de Minas Gerais;81.28;;Prefeitura Municipal de Salto Da Divisa
4207858;20.57;0.0;0.0;0.0;0.8;26.19;75.0;149.44;Prefeitura Municipal de Irati;;;
4126603;96.2;78.79;0.0;0.0;0.46;82.34;27.72;132.71;Companhia de Saneamento do Paraná S.A.;79.89;67.61;Companhia de Saneamento do Paraná S.A.
2106508;52.77;34.32;0.0;100.0;0.29;4.21;87.19;122.84;Companhia de Saneamento Ambiental do Maranhão;;;
5200902;63.58;80.47;0.0;0.0;0.33;67.04;27.86;203.02;Saneamento de Goiás S/A;;;
4313953;100.0;100.0;0.0;0.0;1.69;72.41;34.53;151.9;Companhia Riograndense de Saneamento;;;
3116209;69.81;0.0;0.0;0.0;1.3;49.95;5.24;381.0;Prefeitura Municipal de Chiador;20.24;;Prefeitura Municipal de Chiador
2613602;66.65;0.0;0.0;0.0;0.48;69.16;39.14;134.36;Companhia Pernambucana de Saneamento;43.09;;Companhia Pernambucana de Saneamento | Prefeitura Municipal de São José do Egito
5217104;;;;;;72.99;16.03;168.84;Saneamento de Goiás S/A;68.71;59.9;Saneamento de Goiás S/A
2514701;74.68;10.59;0.0;0.0;0.46;55.88;25.94;107.97;Companhia de Águas e Esgotos da Paraíba;56.21;;Companhia de Águas e Esgotos da Paraíba | Prefeitura Municipal de São José do Sabugi
3141108;100.0;100.0;0.0;0.0;0.51;80.56;40.85;175.95;Companhia de Saneamento de Minas Gerais;64.66;88.14;Companhia de Saneamento de Minas Gerais
3541406;97.62;0.0;48.81;0.0;0.85;100.0;22.38;208.49;Companhia de Saneamento Básico do Estado de São Paulo;100.0;97.0;Companhia de Saneamento Básico do Estado de São Paulo
4216008;71.35;0.0;57.36;0.0;1.21;75.26;34.55;147.27;Companhia Catarinense de Águas e Saneamento;;;
3500402;100.0;100.0;100.0;0.0;0.55;100.0;15.82;250.93;Companhia de Saneamento Básico do Estado de São Paulo;100.0;95.56;Companhia de Saneamento Básico do Estado de São Paulo
3148905;53.14;0.0;0.0;100.0;0.7;50.69;14.39;185.79;Companhia de Saneamento de Minas Gerais;59.14;;Prefeitura Municipal de Pedra do Indaiá
5004809;47.57;31.41;23.56;0.0;0.64;23.33;35.71;173.69;Empresa de Saneamento de Mato Grosso do Sul S/A;15.75;18.93;Empresa de Saneamento de Mato Grosso do Sul S/A
2919959;53.88;11.21;0.0;100.0;0.4;76.18;31.24;94.71;Empresa Baiana de Águas e Saneamento S.A.;;;
3524402;100.0;100.0;68.91;0.0;2.49;97.77;30.22;193.72;Serviço Autônomo Água e Esgoto de Jacareí;75.19;75.21;Serviço Autônomo Água e Esgoto de Jacareí
3557105;100.0;100.0;97.15;0.0;1.05;97.15;35.61;193.01;Superintendência de Água, Esgotos e Meio Ambiente de Votuporanga;97.15;0.0;Superintendência de Água, Esgotos e Meio Ambiente de Votuporanga
2928000;92.68;79.64;0.0;56.67;1.03;70.54;30.87;102.23;Empresa Baiana de Águas e Saneamento S.A.;55.11;;Empresa Baiana de Águas e Saneamento S.A. | Prefeitura Municipal de Santaluz
2605400;81.22;0.0;0.0;0.0;0.54;83.84;30.4;117.56;Companhia Pernambucana de Saneamento;;;
2310852;100.0;100.0;0.0;100.0;1.84;48.77;19.98;92.08;Serviço Autônomo de Água e Esgoto;;;
5101704;85.99;0.0;0.0;100.0;1.01;85.99;61.95;154.31;Prefeitura Municipal de Barra do Bugres;33.81;;Prefeitura Municipal de Barra do Bugres
2506509;70.48;0.0;0.0;0.0;0.46;54.32;35.99;125.57;Companhia de Águas e Esgotos da Paraíba;;;
2514552;33.58;20.79;0.0;0.0;0.2;44.93;;239.73;Prefeitura Municipal de São José de Princesa;;;
2613701;86.91;0.0;0.0;0.0;0.72;68.54;65.6;134.73;Companhia Pernambucana de Saneamento;25.57;;Companhia Pernambucana de Saneamento
5217203;100.0;100.0;0.0;100.0;0.99;74.48;22.05;184.97;Saneamento de Goiás S/A;;;
2707404;100.0;100.0;0.0;0.0;2.42;75.57;62.79;83.85;"Verde Ambiental Alagoas; Companhia de Saneamento de Alagoas";;;
4314050;91.49;23.0;90.56;0.0;0.57;60.42;45.84;139.03;Companhia Riograndense de Saneamento;;;
3132909;79.33;0.0;0.0;99.82;1.36;67.98;9.55;203.82;Companhia de Saneamento de Minas Gerais;79.33;;Prefeitura Municipal de Itamogi
4216107;62.53;0.0;0.0;0.0;0.43;73.02;35.9;122.63;Companhia Catarinense de Águas e Saneamento;31.5;28.79;Companhia Catarinense de Águas e Saneamento
3516200;100.0;100.0;98.52;0.0;0.9;99.46;24.01;180.1;Companhia de Saneamento Básico do Estado de São Paulo;98.91;95.27;Companhia de Saneamento Básico do Estado de São Paulo
5200852;91.65;0.0;0.0;100.0;2.81;91.65;17.8;175.34;Saneamento de Goiás S/A;;;
4314035;100.0;100.0;0.0;0.0;0.54;86.35;90.0;121.3;Prefeitura Municipal de Pareci Novo;;;
3548906;97.88;0.0;30.0;0.0;1.59;98.08;52.22;202.83;Serviço Autônomo de Água e Esgoto;97.88;91.61;Serviço Autônomo de Água e Esgoto
2605509;;;;;;61.09;34.57;122.78;Companhia Pernambucana de Saneamento;;;
2203750;100.0;100.0;0.0;100.0;0.56;26.12;;42.43;Prefeitura Municipal de Fartura do Piauí;26.12;;Prefeitura Municipal de Fartura do Piauí
2919801;31.67;0.0;0.0;100.0;0.81;93.23;29.03;93.04;"Central de Associações Comunitárias para Manutenção dos Sistemas de Saneamento - Região de Caetité; Serviço Autônomo de Água e Esgoto; Empresa Baiana de Águas e Saneamento S.A.";28.06;0.0;Empresa Baiana de Águas e Saneamento S.A. | Serviço Autônomo de Água e Esgoto
5209150;87.74;0.0;0.0;100.0;0.82;87.74;24.27;149.67;Saneamento de Goiás S/A;;;
4314027;52.52;12.5;0.0;0.0;0.21;100.0;20.0;111.8;Prefeitura Municipal de Paraíso do Sul;;;
1505700;;;;;;37.95;25.0;115.18;Companhia de Saneamento do Pará;;;
1300680;47.01;0.0;0.0;100.0;0.32;;;;;;;
4322202;100.0;100.0;0.0;0.0;0.55;83.77;25.93;163.24;Companhia Riograndense de Saneamento;;;
3508009;94.45;67.68;0.0;0.0;0.72;93.35;22.76;139.22;Companhia de Saneamento Básico do Estado de São Paulo;82.73;76.54;Companhia de Saneamento Básico do Estado de São Paulo
4305850;72.32;50.63;0.0;0.0;0.55;86.41;40.22;91.86;Prefeitura Municipal de Coqueiros do Sul;;;
2707503;100.0;100.0;0.0;0.0;1.85;76.98;80.58;78.23;Águas do Sertão;;;
3532405;80.0;63.35;0.0;0.0;0.96;44.48;27.71;235.09;Companhia de Saneamento Básico do Estado de São Paulo;25.28;18.53;Companhia de Saneamento Básico do Estado de São Paulo
3124708;87.27;0.0;0.0;100.0;2.09;86.91;33.35;183.91;Companhia de Saneamento de Minas Gerais;64.36;0.0;Companhia de Saneamento de Minas Gerais
4125902;73.48;17.2;62.45;0.0;0.81;71.12;13.03;231.11;Companhia de Saneamento do Paraná S.A.;;;
3108107;100.0;100.0;0.0;0.0;0.28;43.4;20.9;248.64;Companhia de Saneamento de Minas Gerais;34.1;0.0;Companhia de Saneamento de Minas Gerais
1300805;61.72;0.0;0.0;100.0;0.46;62.0;40.29;345.7;Prefeitura Municipal de Borba;;;
2911907;78.95;0.0;0.0;100.0;0.65;81.51;14.56;124.04;Empresa Baiana de Águas e Saneamento S.A.;39.47;;Empresa Baiana de Águas e Saneamento S.A. | Prefeitura Municipal de Iaçu
4207908;100.0;100.0;0.0;0.0;1.27;40.64;32.7;123.43;Companhia Catarinense de Águas e Saneamento;;;
4305835;100.0;100.0;100.0;0.0;0.39;100.0;17.6;863.96;Prefeitura Municipal de Coqueiro Baixo;;;
3540705;100.0;100.0;0.0;0.0;0.81;95.86;25.65;242.45;BRK Ambiental - Porto Ferreira S.A.;95.11;95.55;BRK Ambiental - Porto Ferreira S.A.
2310803;45.0;33.46;0.0;100.0;0.54;40.23;45.77;143.65;"Companhia de Água e Esgoto do Ceará; Sistema Integrado de Saneamento Rural da Bacia Hidrográfica do Baixo e Médio Jaguaribe";;;
4322186;100.0;100.0;0.0;100.0;0.41;100.0;48.0;255.77;Prefeitura Municipal de Tupanci do Sul;;;
2514503;51.15;52.3;0.0;100.0;0.34;54.9;16.66;169.21;Companhia de Águas e Esgotos da Paraíba;48.84;;Companhia de Águas e Esgotos da Paraíba | Prefeitura Municipal de São José de Piranhas
4126009;90.44;0.0;90.44;0.0;0.58;93.11;37.14;159.74;Companhia de Saneamento do Paraná S.A.;;;
3165701;100.0;100.0;0.0;0.0;0.29;80.68;31.94;158.65;Serviço Autônomo de Água e Esgoto;52.39;0.0;Serviço Autônomo de Água e Esgoto
4314001;64.86;0.0;64.86;0.0;0.54;59.34;24.31;187.89;Companhia Riograndense de Saneamento;;;
3524204;100.0;100.0;0.0;0.0;2.5;98.24;13.36;176.06;Companhia de Saneamento Básico do Estado de São Paulo;98.17;93.02;Companhia de Saneamento Básico do Estado de São Paulo
3116506;;;;;;68.82;23.09;138.89;Companhia de Saneamento de Minas Gerais;29.96;;Companhia de Saneamento de Minas Gerais
2928059;96.57;95.03;0.0;100.0;1.39;63.5;22.59;87.67;Empresa Baiana de Águas e Saneamento S.A.;;;
2605459;100.0;100.0;0.0;0.0;3.83;89.54;18.15;608.14;Companhia Pernambucana de Saneamento;51.06;;Companhia Pernambucana de Saneamento
2903706;66.89;28.62;0.0;100.0;1.03;53.51;35.1;125.21;Empresa Baiana de Águas e Saneamento S.A.;;;
5209101;100.0;100.0;0.0;100.0;1.47;90.61;27.79;153.1;Saneamento de Goiás S/A;51.43;38.43;Saneamento de Goiás S/A
3540804;100.0;100.0;100.0;0.0;1.62;100.0;36.26;119.78;Prefeitura Municipal de Potirendaba;83.01;;Prefeitura Municipal de Potirendaba
2408201;73.64;94.97;0.0;0.0;1.51;49.06;9.08;122.81;Companhia de Águas e Esgotos do Rio Grande do Norte;1.24;0.83;Companhia de Águas e Esgotos do Rio Grande do Norte
3557154;81.35;0.0;0.0;0.0;1.54;95.98;10.0;190.34;Companhia de Saneamento Básico do Estado de São Paulo;86.02;67.34;Companhia de Saneamento Básico do Estado de São Paulo
1505007;;;;;;23.38;45.54;165.23;Companhia de Saneamento do Pará;;;
2302602;74.33;0.0;0.0;100.0;0.8;86.7;22.22;284.04;"Sistema Integrado de Saneamento Rural da Bacia do Acaraú; Serviço Autônomo de Água e Esgoto";59.46;52.94;Serviço Autônomo de Água e Esgoto
3157500;73.3;0.0;0.0;100.0;0.47;64.45;26.75;133.08;Companhia de Saneamento de Minas Gerais;;;
4305801;;;;;;62.23;40.44;179.94;Companhia Riograndense de Saneamento;;;
4313334;37.35;6.76;0.0;0.0;0.26;100.0;5.28;498.58;Prefeitura Municipal de Nova Ramada;;;
4305157;76.57;54.33;0.0;0.0;0.33;83.7;90.26;27.67;Prefeitura Municipal de Cerro Grande;21.0;;Prefeitura Municipal de Cerro Grande
2106904;36.52;0.0;0.0;100.0;0.12;0.0;39.98;;Companhia de Saneamento Ambiental do Maranhão;;;
2514602;53.98;0.0;0.0;0.0;0.32;44.64;48.11;159.72;Companhia de Águas e Esgotos da Paraíba;;;
4117800;100.0;100.0;0.0;100.0;1.65;64.18;15.91;176.09;Companhia de Saneamento do Paraná S.A.;38.34;30.3;Companhia de Saneamento do Paraná S.A.
3516002;80.72;0.0;80.72;0.0;1.65;88.91;18.86;163.42;Companhia de Saneamento Básico do Estado de São Paulo;81.89;83.3;Companhia de Saneamento Básico do Estado de São Paulo
4321501;100.0;100.0;100.0;0.0;2.03;95.06;32.46;212.65;Companhia Riograndense de Saneamento;79.93;57.49;Companhia Riograndense de Saneamento
3116605;93.07;40.6;93.07;0.0;0.7;77.29;16.2;152.42;Companhia de Saneamento de Minas Gerais;76.06;71.97;Companhia de Saneamento de Minas Gerais
3303708;100.0;100.0;0.0;0.0;0.75;91.89;25.4;172.2;Águas de Condessa;83.73;0.0;Águas de Condessa
4215901;100.0;100.0;0.0;0.0;0.43;25.15;32.79;141.85;Companhia Catarinense de Águas e Saneamento;;;
5004700;85.8;6.66;84.79;0.0;0.61;83.94;22.38;203.89;Empresa de Saneamento de Mato Grosso do Sul S/A;;;
3149309;92.44;0.0;23.11;0.0;1.33;90.25;47.13;180.88;Companhia de Saneamento de Minas Gerais;68.04;45.4;Companhia de Saneamento de Minas Gerais
2203800;77.33;59.48;0.0;100.0;0.55;;;;;;;
4321493;92.38;88.69;0.0;0.0;0.32;94.23;5.13;459.52;Prefeitura Municipal de Toropi;;;
1300607;84.41;33.73;0.0;100.0;0.95;61.66;52.9;132.8;Companhia de Saneamento do Amazonas;;;
4109609;97.02;64.25;91.65;0.0;1.32;92.23;38.96;219.92;Companhia de Saneamento do Paraná S.A.;92.21;71.08;Companhia de Saneamento do Paraná S.A.
2106755;61.53;73.03;0.0;100.0;0.28;1.69;98.79;191.27;Companhia de Saneamento Ambiental do Maranhão;;;
3507803;100.0;100.0;0.0;0.0;1.6;97.52;96.93;10.48;Serviço Autônomo de Água e Esgoto de Brodowski;97.52;91.05;Serviço Autônomo de Água e Esgoto de Brodowski
2707305;100.0;100.0;0.0;0.0;0.73;84.64;53.58;114.7;Verde Ambiental Alagoas;;;
4305132;100.0;100.0;0.0;0.0;0.42;;;;;;;
2506400;;;;;;31.21;30.64;166.61;Companhia de Águas e Esgotos da Paraíba;;;
2904050;;;;;;61.8;27.94;77.08;Empresa Baiana de Águas e Saneamento S.A.;;;
1504976;50.52;0.0;0.0;100.0;0.97;49.94;13.33;123.56;Prefeitura Municipal de Nova Ipixuna;;;
4313300;100.0;100.0;95.0;0.0;0.64;84.34;33.31;162.73;Companhia Riograndense de Saneamento;;;
4305124;100.0;100.0;0.0;0.0;0.52;59.43;32.03;111.92;Companhia Riograndense de Saneamento;;;
3516101;94.81;84.82;65.79;0.0;0.36;80.44;2.2;270.36;Companhia de Saneamento Básico do Estado de São Paulo;79.83;58.3;Companhia de Saneamento Básico do Estado de São Paulo
4321600;100.0;100.0;67.54;0.0;2.13;99.46;13.46;216.22;Companhia Riograndense de Saneamento;30.38;23.1;Companhia Riograndense de Saneamento
3132800;36.78;0.0;0.0;100.0;0.47;100.0;10.53;177.43;Prefeitura Municipal de Itambé do Mato Dentro;36.78;6.51;Prefeitura Municipal de Itambé do Mato Dentro
4207700;100.0;100.0;53.56;0.0;0.52;55.04;35.77;129.58;Companhia Catarinense de Águas e Saneamento;;;
4305116;43.72;0.0;0.0;0.0;0.36;58.11;41.18;105.58;Prefeitura Municipal de Centenário;;;
1705102;57.79;0.0;0.0;100.0;1.17;49.5;64.81;170.26;Hidro Forte Administração e Operação S/A;;;
3540754;100.0;100.0;55.37;0.0;0.48;85.18;31.48;156.38;Águas de Potim SPE LTDA;85.18;0.0;Águas de Potim SPE LTDA
4101408;96.76;0.0;96.76;0.0;0.81;96.81;30.79;158.6;Companhia de Saneamento do Paraná S.A.;93.58;80.83;Companhia de Saneamento do Paraná S.A.
4125803;89.99;0.0;89.99;0.0;0.8;93.1;32.72;174.05;Companhia de Saneamento do Paraná S.A.;66.69;55.92;Companhia de Saneamento do Paraná S.A.
2311231;97.9;96.25;0.0;100.0;0.31;63.06;62.78;144.71;"Companhia de Água e Esgoto do Ceará; Sistema Integrado de Saneamento Rural da Bacia Hidrográfica do Baixo e Médio Jaguaribe";;;
2204154;45.78;0.0;0.0;100.0;0.92;86.47;98.48;2.61;Prefeitura Municipal de Francisco Macedo;;;
4305108;100.0;100.0;100.0;0.0;0.73;97.04;44.12;144.46;Serviço Autônomo Municipal de Água e Esgoto;92.51;68.19;Serviço Autônomo Municipal de Água e Esgoto
2912202;91.22;93.92;0.0;100.0;0.72;65.71;27.43;48.87;Empresa Baiana de Águas e Saneamento S.A.;60.86;;Empresa Baiana de Águas e Saneamento S.A. | Prefeitura Municipal de Ibicoara
2805406;84.23;71.69;0.0;0.0;0.28;73.51;57.41;69.79;Companhia de Saneamento de Sergipe;;;
4313409;100.0;100.0;100.0;0.0;1.49;83.75;38.32;174.91;Serviços de Água e Esgoto de Novo Hamburgo;7.09;;Serviços de Água e Esgoto de Novo Hamburgo
3124609;89.11;0.0;0.0;100.0;1.7;69.15;31.76;185.48;Companhia de Saneamento de Minas Gerais;100.0;;Prefeitura Municipal de Estrela Dalva
3108008;;;;;;98.93;33.8;126.45;Águas de Bom Sucesso Ltda;88.51;;Águas de Bom Sucesso Ltda
5208905;76.32;0.0;69.02;100.0;0.72;76.32;25.87;170.68;Saneamento de Goiás S/A;70.53;39.82;Saneamento de Goiás S/A
4207809;97.17;88.06;76.3;0.0;0.69;76.96;25.99;116.9;Companhia Catarinense de Águas e Saneamento;;;
3507902;92.12;0.0;0.0;0.0;0.86;92.12;29.39;257.14;Serviço Autônomo de Água e Esgoto de Brotas;90.07;78.49;Serviço Autônomo de Água e Esgoto de Brotas
3556958;84.34;0.0;0.0;0.0;1.19;94.3;8.76;185.95;Companhia de Saneamento Básico do Estado de São Paulo;84.83;83.1;Companhia de Saneamento Básico do Estado de São Paulo
3540606;100.0;100.0;33.94;0.0;1.38;84.73;4.59;181.35;Serviço Autônomo de Água e Esgoto;84.73;70.86;Serviço Autônomo de Água e Esgoto
5004007;97.43;86.53;0.0;0.0;0.35;65.34;13.79;167.92;Prefeitura Municipal de Glória de Dourados;25.98;;Prefeitura Municipal de Glória de Dourados
4313391;100.0;100.0;0.0;0.0;0.28;94.14;71.18;147.99;Prefeitura Municipal de Novo Cabrais;12.65;;Prefeitura Municipal de Novo Cabrais
1505064;46.15;30.0;0.0;100.0;0.17;20.46;57.86;88.91;Hidro Forte Administração e Operação S/A;5.98;;Hidro Forte Administração e Operação S/A
3532801;89.63;0.0;89.63;0.0;1.11;89.63;15.87;175.08;Prefeitura Municipal de Nova Aliança;89.63;;Prefeitura Municipal de Nova Aliança
2311207;100.0;100.0;0.0;100.0;1.23;74.86;28.36;101.37;"Sistema Integrado de Saneamento Rural da Bacia do Alto Jaguaribe; Companhia de Água e Esgoto do Ceará";;;
2919157;;;;;;99.89;32.6;116.27;Empresa Baiana de Águas e Saneamento S.A.;;;
4305207;;;;;;80.88;33.63;158.05;Companhia Riograndense de Saneamento;;;
2912301;75.24;83.26;0.0;100.0;2.92;81.88;19.24;116.39;Empresa Baiana de Águas e Saneamento S.A.;;;
3116407;100.0;100.0;0.0;0.0;0.57;100.0;19.89;79.6;Prefeitura Municipal de Claraval;53.72;0.0;Prefeitura Municipal de Claraval
2106706;;;;;;9.6;59.71;185.5;Companhia de Saneamento Ambiental do Maranhão;;;
4117602;92.59;24.99;92.59;0.0;0.57;86.4;25.44;124.19;Companhia de Saneamento do Paraná S.A.;77.16;72.71;Companhia de Saneamento do Paraná S.A.
2514909;100.0;100.0;0.0;0.0;0.37;66.86;43.13;150.92;Companhia de Águas e Esgotos da Paraíba;80.35;;Companhia de Águas e Esgotos da Paraíba | Prefeitura Municipal de São Mamede
4313375;100.0;100.0;100.0;0.0;0.67;64.84;46.88;139.24;Companhia Riograndense de Saneamento;;;
5200829;46.63;0.0;0.0;100.0;0.84;38.95;12.45;161.38;Saneamento de Goiás S/A;;;
3303500;100.0;100.0;41.6;0.0;2.73;99.59;96.09;183.02;"Companhia Estadual de Águas e Esgotos do Rio de Janeiro; Águas do Rio 4 SPE S.A.";27.62;;Prefeitura Municipal de Nova Iguaçu | Águas do Rio 4 SPE S.A.
3524600;100.0;100.0;0.0;0.0;0.49;67.1;25.16;179.43;Companhia de Saneamento Básico do Estado de São Paulo;58.47;54.94;Companhia de Saneamento Básico do Estado de São Paulo
2408102;99.31;;5.72;0.0;1.52;90.51;44.21;194.75;Companhia de Águas e Esgotos do Rio Grande do Norte;45.88;39.56;Companhia de Águas e Esgotos do Rio Grande do Norte
2204105;98.18;97.37;0.0;0.0;2.32;;;;;;;
2927309;100.0;100.0;0.0;100.0;1.16;100.0;16.03;115.98;Empresa Baiana de Águas e Saneamento S.A.;;;
4313359;100.0;100.0;100.0;0.0;0.5;48.86;52.35;133.81;Companhia Riograndense de Saneamento;;;
1505031;80.06;0.0;0.0;100.0;0.45;70.61;46.4;117.58;Águas de Novo Progresso Ltda;;;
2904100;;;;;;;;;;;;
2613008;80.95;55.73;0.0;0.0;0.32;52.35;35.53;123.99;Companhia Pernambucana de Saneamento;48.77;;Prefeitura Municipal de São Bento do Una | Companhia Pernambucana de Saneamento
2506707;52.94;0.0;0.0;0.0;0.18;32.05;24.25;114.14;Companhia de Águas e Esgotos da Paraíba;;;
4109401;93.14;0.0;3.6;0.0;0.57;95.02;22.16;150.85;Companhia de Saneamento do Paraná S.A.;93.75;80.12;Companhia de Saneamento do Paraná S.A.
2106805;;;;;;11.54;73.97;164.28;Companhia de Saneamento Ambiental do Maranhão;;;
4207759;33.63;0.0;0.0;0.0;0.21;39.5;21.71;129.2;Companhia Catarinense de Águas e Saneamento;;;
2303006;100.0;100.0;0.0;100.0;1.87;61.47;34.84;116.08;"Sistema Integrado de Saneamento Rural da Bacia do Banabuiu; Companhia de Água e Esgoto do Ceará";;;
4117701;81.69;48.39;81.69;87.45;0.87;69.32;28.83;128.06;Companhia de Saneamento do Paraná S.A.;65.13;60.02;Companhia de Saneamento do Paraná S.A.
1504901;37.79;0.0;0.0;100.0;0.64;44.66;58.64;159.14;Serviço Autônomo de Água e Esgoto de Muaná;;;
5101902;60.7;0.0;0.0;100.0;0.54;60.01;41.72;288.47;Prefeitura Municipal de Brasnorte;;;
5200803;;;;;;86.57;28.02;152.8;Saneamento de Goiás S/A;85.39;;Saneamento de Goiás S/A
3516408;96.01;0.0;0.0;0.0;2.61;91.82;29.44;191.41;Companhia de Saneamento Básico do Estado de São Paulo;82.03;41.55;Companhia de Saneamento Básico do Estado de São Paulo
4321402;59.73;0.0;0.0;0.0;0.44;58.28;28.78;199.44;Companhia Riograndense de Saneamento;;;
2515005;60.29;31.41;0.0;0.0;0.24;74.42;28.86;752.76;Prefeitura Municipal de São Miguel de Taipu;43.54;;Prefeitura Municipal de São Miguel de Taipu
3303609;85.42;0.0;54.68;0.0;0.97;72.43;99.14;157.53;"Companhia Estadual de Águas e Esgotos do Rio de Janeiro; Rio+ Saneamento BL3 S.A";;10.16;Prefeitura Municipal de Paracambi | Rio+ Saneamento BL3 S.A
3165560;;;;;;;;;;;;
4305173;100.0;100.0;0.0;0.0;0.53;21.85;33.13;142.25;Companhia Riograndense de Saneamento;;;
3165552;34.89;0.0;0.0;100.0;1.01;50.1;32.7;109.11;COPASA Serviços de Saneamento Integrado do Norte e Nordeste de Minas Gerais S/A;26.18;;COPASA Serviços de Saneamento Integrado do Norte e Nordeste de Minas Gerais S/A
4216305;99.23;89.97;99.23;0.0;0.94;95.0;48.73;119.3;Serviço de Infra-Estrutura, Saneamento e Abastecimento de Água Municipal;;;
3157377;49.95;49.24;0.0;0.0;0.28;42.62;16.09;156.54;COPASA Serviços de Saneamento Integrado do Norte e Nordeste de Minas Gerais S/A;29.03;24.87;COPASA Serviços de Saneamento Integrado do Norte e Nordeste de Minas Gerais S/A
2204204;53.69;0.0;0.0;100.0;0.39;;;;;;;
1300631;58.31;0.0;0.0;100.0;0.56;81.32;98.06;0.48;Prefeitura Municipal de Beruri;;;
2927408;96.65;;0.0;0.0;1.77;97.91;53.39;145.34;Empresa Baiana de Águas e Saneamento S.A.;88.56;77.0;Empresa Baiana de Águas e Saneamento S.A.
4101200;93.29;60.6;93.29;0.0;1.12;87.69;67.93;188.42;Serviço Autônomo Municipal de Água e Esgoto;;;
2604809;100.0;100.0;0.0;0.0;0.79;96.08;10.22;130.08;Prefeitura Municipal de Cortês;;;
3532868;;;;;;;;;;;;
4109500;100.0;100.0;0.0;100.0;0.81;36.82;14.66;137.73;Companhia de Saneamento do Paraná S.A.;37.04;;Companhia de Saneamento do Paraná S.A.
2805703;100.0;100.0;0.0;0.0;0.82;99.95;57.21;118.64;Companhia de Saneamento de Sergipe;;;
3141009;100.0;100.0;0.0;0.0;0.68;94.13;20.3;163.43;Companhia de Saneamento de Minas Gerais;100.0;;Prefeitura Municipal de Mato Verde
4313201;100.0;100.0;96.28;0.0;1.53;67.47;39.57;166.09;Companhia Riograndense de Saneamento;;;
3508207;84.82;0.0;0.0;0.0;0.79;86.62;22.23;191.0;Companhia de Saneamento Básico do Estado de São Paulo;85.86;79.4;Companhia de Saneamento Básico do Estado de São Paulo
2506806;;;;;;47.45;50.46;157.71;Companhia de Águas e Esgotos da Paraíba;;;
3165537;89.0;100.0;6.36;0.0;0.58;80.5;35.57;178.85;Companhia de Saneamento de Minas Gerais;73.94;0.0;Companhia de Saneamento de Minas Gerais
3557006;100.0;100.0;39.09;0.0;1.4;97.73;15.97;196.58;Concessionária Águas de Votorantim S/A.;97.14;;Concessionária Águas de Votorantim S/A.
2912103;92.77;0.0;0.0;0.0;0.74;100.0;23.7;155.36;Serviço Autônomo de Água e Esgoto;;;
3108305;100.0;100.0;0.0;0.0;0.55;80.64;13.33;126.48;Companhia de Saneamento de Minas Gerais;80.35;68.68;Companhia de Saneamento de Minas Gerais
5200134;94.35;0.0;0.0;8.95;0.8;89.5;28.29;136.05;Saneamento de Goiás S/A;40.05;30.58;Saneamento de Goiás S/A
1705508;96.45;0.0;0.0;100.0;1.61;96.45;19.1;138.32;Companhia de Saneamento do Tocantins;88.79;83.26;Companhia de Saneamento do Tocantins
4208104;65.96;21.56;0.0;0.0;0.67;58.92;44.29;104.22;Companhia Catarinense de Águas e Saneamento;;;
1713304;85.9;0.0;0.0;100.0;0.52;85.04;22.55;219.9;Hidro Forte Administração e Operação S/A;;;
2311009;65.35;0.0;0.0;100.0;0.35;44.65;44.55;135.76;Companhia de Água e Esgoto do Ceará;16.39;;Companhia de Água e Esgoto do Ceará
4101309;82.76;79.17;60.81;0.0;0.31;24.88;29.86;204.68;Companhia de Saneamento do Paraná S.A.;13.75;9.8;Companhia de Saneamento do Paraná S.A.
2919207;100.0;100.0;5.0;0.0;1.3;98.4;45.42;171.77;Empresa Baiana de Águas e Saneamento S.A.;41.94;42.13;Empresa Baiana de Águas e Saneamento S.A.
3532843;100.0;100.0;100.0;0.0;1.14;78.09;12.92;176.93;Companhia de Saneamento Básico do Estado de São Paulo;69.24;59.95;Companhia de Saneamento Básico do Estado de São Paulo
4305009;87.78;81.38;0.0;0.0;0.87;62.82;47.86;176.62;Companhia Riograndense de Saneamento;0.97;0.79;Companhia Riograndense de Saneamento
5208301;;;;;;73.49;21.82;161.84;Saneamento de Goiás S/A;;;
4126207;76.12;61.39;52.56;0.0;0.47;68.5;14.34;149.31;Companhia de Saneamento do Paraná S.A.;43.69;35.48;Companhia de Saneamento do Paraná S.A.
3205200;100.0;100.0;2.31;0.0;1.22;97.52;21.31;183.9;Companhia Espírito-santense de Saneamento;58.46;50.98;Companhia Espírito-santense de Saneamento
4321352;83.96;49.65;0.0;0.0;0.43;16.39;16.32;145.77;Companhia Riograndense de Saneamento;;;
3548807;97.22;;97.22;0.0;1.11;100.0;13.41;241.15;Sistema de Água, Esgoto e Saneamento Ambiental;100.0;97.32;Sistema de Água, Esgoto e Saneamento Ambiental
4321477;39.61;0.0;32.34;0.0;1.34;33.46;25.53;126.19;Companhia Riograndense de Saneamento;;;
3157336;100.0;;0.0;0.0;0.58;100.0;5.0;412.98;Prefeitura Municipal de Santa Cruz de Minas;100.0;;Prefeitura Municipal de Santa Cruz de Minas
5216452;83.33;29.78;76.27;100.0;0.53;68.07;23.73;200.81;Saneamento de Goiás S/A;;;
3532827;100.0;100.0;71.03;0.0;0.52;85.51;17.99;117.08;Companhia de Saneamento Básico do Estado de São Paulo;57.76;53.46;Companhia de Saneamento Básico do Estado de São Paulo
2805802;62.11;36.73;0.0;0.0;0.31;75.48;59.67;71.97;Companhia de Saneamento de Sergipe;;;
2408409;;;;;;82.68;41.22;128.9;Companhia de Águas e Esgotos do Rio Grande do Norte;;;
4321469;100.0;100.0;0.0;0.0;0.41;100.0;40.14;234.76;Prefeitura Municipal de Tio Hugo;;;
2903904;;;;;;;;;;;;
3100104;70.23;0.68;0.0;100.0;1.43;63.86;23.3;215.41;Companhia de Saneamento de Minas Gerais;;;
2106102;47.13;33.51;0.0;100.0;0.23;59.87;55.38;134.78;Companhia de Saneamento Ambiental do Maranhão;;;
3108404;77.29;0.0;0.0;99.87;0.64;72.38;21.48;175.15;Companhia de Saneamento de Minas Gerais;52.36;0.0;Companhia de Saneamento de Minas Gerais
5003900;88.43;79.68;0.0;0.0;0.41;52.79;24.66;216.16;Empresa de Saneamento de Mato Grosso do Sul S/A;32.17;32.37;Empresa de Saneamento de Mato Grosso do Sul S/A
5200100;81.19;49.68;0.0;78.26;2.14;67.5;88.39;185.14;Serviço Autônomo de Água e Esgoto;69.42;24.13;Serviço Autônomo de Água e Esgoto
2311108;100.0;100.0;0.0;0.0;0.82;76.55;32.61;127.43;"Companhia de Água e Esgoto do Ceará; Sistema Integrado de Saneamento Rural da Bacia Hidrográfica do Salgado";7.46;;Companhia de Água e Esgoto do Ceará
3205309;100.0;;11.67;0.0;1.24;96.21;39.14;237.21;Companhia Espírito-santense de Saneamento;83.16;74.51;Companhia Espírito-santense de Saneamento
3149150;74.68;37.11;0.0;100.0;0.47;59.87;20.45;119.42;Companhia de Saneamento de Minas Gerais;20.68;46.21;Companhia de Saneamento de Minas Gerais
2302800;84.31;50.0;0.0;100.0;0.94;70.66;31.91;122.95;"Sistema Integrado de Saneamento Rural da Bacia do Banabuiu; Serviço Autônomo de Água e Esgoto de Canindé";13.74;8.75;Serviço Autônomo de Água e Esgoto de Canindé
4321451;89.91;0.0;0.0;0.0;0.74;100.0;23.03;161.83;"Prefeitura Municipal de Teutônia; Associação Pró Desenvolvimento de Languiru";;;
2514800;55.07;5.79;0.0;0.0;0.82;49.8;12.98;181.66;Companhia de Águas e Esgotos da Paraíba;;;
4118006;92.4;0.0;92.4;100.0;2.59;92.69;20.72;166.29;Companhia de Saneamento do Paraná S.A.;89.93;80.06;Companhia de Saneamento do Paraná S.A.
1504950;70.56;22.19;0.0;100.0;1.19;;;;;;;
5101308;100.0;100.0;0.0;100.0;0.98;90.72;22.29;193.83;Águas de Arenápolis Ltda;;;
3140308;100.0;100.0;0.0;0.0;0.45;75.28;7.43;310.76;Prefeitura Municipal de Marliéria;75.28;;Prefeitura Municipal de Marliéria
2400208;94.4;80.0;0.0;100.0;1.64;71.2;27.38;136.96;Companhia de Águas e Esgotos do Rio Grande do Norte;2.07;1.7;Companhia de Águas e Esgotos do Rio Grande do Norte
2408508;74.07;0.0;0.0;100.0;0.86;58.79;32.59;131.25;Companhia de Águas e Esgotos do Rio Grande do Norte;;;
3100203;94.99;52.94;0.0;0.0;1.3;84.06;27.26;182.32;Companhia de Saneamento de Minas Gerais;86.63;0.0;Companhia de Saneamento de Minas Gerais
2204006;96.46;90.48;0.0;100.0;1.02;;;;;;;
4321436;100.0;100.0;0.0;0.0;0.67;55.18;22.48;125.42;Companhia Riograndense de Saneamento;;;
2302909;;;;;;48.87;39.77;122.52;"Sistema Integrado de Saneamento Rural da Bacia do Banabuiu; Companhia de Água e Esgoto do Ceará";;;
2904001;;;;;;47.14;13.43;87.62;Empresa Baiana de Águas e Saneamento S.A.;;;
3303906;100.0;100.0;40.22;0.0;1.26;96.03;22.28;113.98;Águas do Imperador S/A;84.05;;Águas do Imperador S/A
2506608;67.75;0.0;0.0;100.0;0.44;53.5;50.64;153.51;Companhia de Águas e Esgotos da Paraíba;;;
3165602;100.0;100.0;0.0;0.0;0.73;82.45;11.0;281.02;Prefeitura Municipal de Senador Cortes;82.45;;Prefeitura Municipal de Senador Cortes
4216354;84.53;65.46;55.22;0.0;0.51;44.53;15.24;127.95;Companhia Catarinense de Águas e Saneamento;;;
4109807;100.0;100.0;98.13;0.0;1.5;100.0;47.72;203.27;Serviço Autônomo Municipal de Água e Esgoto;98.13;94.1;Serviço Autônomo Municipal de Água e Esgoto
2927200;57.42;0.0;0.0;100.0;0.59;83.36;26.83;116.18;Empresa Baiana de Águas e Saneamento S.A.;4.68;4.9;Empresa Baiana de Águas e Saneamento S.A.
2612901;61.89;0.0;0.0;0.0;2.73;44.19;7.06;100.81;Companhia Pernambucana de Saneamento;;;
5216403;100.0;100.0;0.0;28.62;0.51;77.34;17.59;201.9;Saneamento de Goiás S/A;77.34;76.19;Saneamento de Goiás S/A
3132107;;;;;;67.79;17.25;134.08;Companhia de Saneamento de Minas Gerais;34.47;;Companhia de Saneamento de Minas Gerais
3140407;90.94;80.78;0.0;0.0;0.33;80.12;3.04;475.55;Prefeitura Municipal de Marmelópolis;78.6;;Prefeitura Municipal de Marmelópolis
2400307;98.19;98.58;0.0;100.0;1.94;46.73;29.38;160.5;Companhia de Águas e Esgotos do Rio Grande do Norte;40.77;32.84;Companhia de Águas e Esgotos do Rio Grande do Norte
4126272;100.0;100.0;0.0;0.0;0.34;66.68;17.63;157.53;Companhia de Saneamento do Paraná S.A.;;;
2919009;62.08;39.6;0.0;100.0;0.56;60.45;47.16;124.63;Empresa Baiana de Águas e Saneamento S.A.;15.33;;Empresa Baiana de Águas e Saneamento S.A.
5200175;61.81;0.0;0.0;100.0;2.4;48.93;19.31;234.92;Saneamento de Goiás S/A;;;
3157401;99.09;99.76;0.0;0.0;0.31;28.29;33.15;160.13;Companhia de Saneamento de Minas Gerais;37.87;;Prefeitura Municipal de Santa Cruz do Escalvado
3165578;63.36;0.0;0.0;0.0;0.79;56.43;19.69;204.32;Companhia de Saneamento de Minas Gerais;93.56;;Prefeitura Municipal de Senador Amaral
3304003;100.0;100.0;75.46;0.0;0.79;68.42;58.6;204.11;Rio+ Saneamento BL3 S.A;5.08;4.34;Rio+ Saneamento BL3 S.A
2805604;100.0;100.0;0.0;96.88;0.31;98.73;58.74;91.73;Companhia de Saneamento de Sergipe;;;
2604700;49.92;0.0;0.0;0.0;1.88;65.2;42.53;102.55;Companhia Pernambucana de Saneamento;;;
4126256;99.51;0.0;0.0;0.0;1.06;99.51;13.77;204.09;Serviço Municipal de Saneamento Ambiental - Águas de Sarandi;68.31;;Serviço Municipal de Saneamento Ambiental - Águas de Sarandi
3549250;100.0;100.0;0.0;0.0;0.52;82.77;7.24;195.0;Prefeitura Municipal de São João de Iracema;;;
4101606;100.0;100.0;100.0;0.0;0.67;89.27;22.39;141.3;Companhia de Saneamento do Paraná S.A.;82.66;71.15;Companhia de Saneamento do Paraná S.A.
2706703;80.36;0.0;0.0;0.0;0.84;99.69;54.92;136.3;"Serviço Autônomo de Água e Esgoto; Águas do Sertão";;;
5101258;;;;;;84.82;34.35;148.47;Prefeitura Municipal de Araputanga;;;
5200159;86.24;0.0;0.0;100.0;0.43;86.24;14.45;169.13;Saneamento de Goiás S/A;;;
3108206;69.63;0.0;24.1;100.0;0.44;71.72;17.75;194.63;Companhia de Saneamento de Minas Gerais;69.63;0.0;Prefeitura Municipal de Bonfinópolis de Minas
3541059;84.65;19.9;84.65;0.0;0.97;93.67;20.13;173.21;Companhia de Saneamento Básico do Estado de São Paulo;89.84;82.34;Companhia de Saneamento Básico do Estado de São Paulo
4208005;98.5;96.36;61.56;0.0;1.03;67.22;20.49;158.55;Companhia Catarinense de Águas e Saneamento;26.85;23.14;Companhia Catarinense de Águas e Saneamento
2903953;43.38;12.48;0.0;100.0;0.49;37.3;23.17;131.1;Empresa Baiana de Águas e Saneamento S.A.;;;
3149200;85.19;15.6;0.0;0.0;1.24;75.32;15.69;223.33;Companhia de Saneamento de Minas Gerais;87.19;;Prefeitura Municipal de Pedrinópolis
3132206;100.0;100.0;0.0;0.0;0.63;84.76;38.08;169.94;Serviço Autônomo de Água e Esgoto;77.88;60.69;Serviço Autônomo de Água e Esgoto
2919108;42.99;32.93;0.0;100.0;0.74;99.99;22.02;104.13;Empresa Baiana de Águas e Saneamento S.A.;23.64;;Prefeitura Municipal de Lamarão | Empresa Baiana de Águas e Saneamento S.A.
2903300;;;;;;;;;;;;
3164902;100.0;100.0;0.0;0.0;0.71;70.75;24.84;327.23;Prefeitura Municipal de São Sebastião do Rio Verde;;;Prefeitura Municipal de São Sebastião do Rio Verde
1713700;;;;;;56.88;33.76;119.24;Agência Tocantinense de Saneamento;;;
2302206;41.81;0.0;1.8;100.0;0.72;16.56;43.37;63.56;Companhia de Água e Esgoto do Ceará;9.38;;Companhia de Água e Esgoto do Ceará
4305405;70.14;72.27;0.0;0.0;0.79;56.36;41.42;190.42;Companhia Riograndense de Saneamento;;;
1301001;80.93;27.63;0.0;100.0;1.37;78.91;77.08;106.5;Companhia de Saneamento do Amazonas;;;
3124005;66.89;22.92;0.0;0.0;0.52;54.33;21.49;164.27;Companhia de Saneamento de Minas Gerais;52.58;;Prefeitura Municipal de Ervália
3303955;100.0;100.0;18.34;0.0;0.55;88.3;67.57;170.96;Rio+ Saneamento BL3 S.A;2.29;2.34;Rio+ Saneamento BL3 S.A
2408300;67.36;0.0;0.0;0.0;1.0;81.83;41.03;89.84;Companhia de Águas e Esgotos do Rio Grande do Norte;30.47;25.62;Companhia de Águas e Esgotos do Rio Grande do Norte
2105989;;;;;;;;;;;;
3549201;100.0;100.0;0.0;0.0;1.36;91.5;10.34;175.88;Companhia de Saneamento Básico do Estado de São Paulo;84.13;75.64;Companhia de Saneamento Básico do Estado de São Paulo
2903276;91.8;84.56;0.0;100.0;0.36;99.95;24.06;111.29;Empresa Baiana de Águas e Saneamento S.A.;;;
3156700;98.79;0.0;98.79;0.0;1.25;75.93;62.85;165.19;Companhia de Saneamento de Minas Gerais;64.19;;Companhia de Saneamento de Minas Gerais
2613206;100.0;100.0;0.0;0.0;0.44;60.81;41.19;124.68;Companhia Pernambucana de Saneamento;1.19;;Companhia Pernambucana de Saneamento
4321857;100.0;100.0;0.0;0.0;0.35;94.92;16.3;132.53;Prefeitura Municipal de Três Palmeiras;;;
2400109;100.0;100.0;0.0;100.0;1.56;86.81;10.76;108.07;Companhia de Águas e Esgotos do Rio Grande do Norte;81.25;;Companhia de Águas e Esgotos do Rio Grande do Norte
3140209;96.89;80.6;0.0;0.0;0.68;66.22;20.16;184.47;Companhia de Saneamento de Minas Gerais;;;
3303807;100.0;100.0;39.06;0.0;1.38;98.47;29.55;127.95;"Prefeitura Municipal de Paraty; Concessionária Águas de Paraty";10.5;;Prefeitura Municipal de Paraty
4216255;66.32;39.78;0.0;0.0;0.22;70.79;28.98;948.83;Prefeitura Municipal de São João do Oeste;;;
4305371;76.88;69.93;23.12;0.0;0.99;23.12;6.3;44.72;Prefeitura Municipal de Charrua;;;
3532702;91.09;0.0;0.0;0.0;0.63;98.33;9.29;172.23;Companhia de Saneamento Básico do Estado de São Paulo;95.1;87.68;Companhia de Saneamento Básico do Estado de São Paulo
5208152;;;;;;39.07;18.99;218.86;Saneamento de Goiás S/A;;;
3115805;89.59;0.0;0.0;100.0;1.76;67.65;30.54;176.91;Companhia de Saneamento de Minas Gerais;49.16;67.83;Companhia de Saneamento de Minas Gerais
1300839;100.0;100.0;0.0;100.0;0.59;;;;;;;
2105963;51.24;25.45;0.0;100.0;0.94;85.4;7.25;104.25;Prefeitura Municipal de Lagoa Grande do Maranhão;;;
3148509;74.87;67.95;0.0;100.0;0.94;60.53;32.38;120.72;COPASA Serviços de Saneamento Integrado do Norte e Nordeste de Minas Gerais S/A;51.55;45.29;COPASA Serviços de Saneamento Integrado do Norte e Nordeste de Minas Gerais S/A
2919058;;;;;;63.23;4.79;99.64;Empresa Baiana de Águas e Saneamento S.A.;;;
3541000;100.0;100.0;100.0;0.0;1.65;99.24;32.77;248.93;Companhia de Saneamento Básico do Estado de São Paulo;87.21;80.22;Companhia de Saneamento Básico do Estado de São Paulo
4101655;100.0;100.0;98.71;0.0;0.23;57.4;21.13;181.06;Companhia de Saneamento do Paraná S.A.;;;
4305355;100.0;100.0;0.0;0.0;0.49;97.19;25.93;202.82;Companhia Riograndense de Saneamento;0.01;0.0;Companhia Riograndense de Saneamento
2706505;100.0;100.0;0.0;0.0;0.85;31.46;75.75;109.33;"Companhia de Saneamento de Alagoas; Verde Ambiental Alagoas";;;
2605004;96.7;41.87;0.0;0.0;0.78;94.66;16.13;152.16;Companhia Pernambucana de Saneamento;87.1;;Companhia Pernambucana de Saneamento | Prefeitura Municipal de Cupira
2927606;34.61;0.0;0.0;100.0;1.05;51.94;48.79;137.83;Empresa Baiana de Águas e Saneamento S.A.;28.9;27.1;Empresa Baiana de Águas e Saneamento S.A.
4321832;92.4;90.74;0.0;0.0;0.53;39.09;61.42;192.2;Prefeitura Municipal de Três Forquilhas;;;
3132008;36.81;0.0;0.0;0.0;0.15;36.95;21.36;130.93;COPASA Serviços de Saneamento Integrado do Norte e Nordeste de Minas Gerais S/A;;;
4313656;91.12;53.53;0.0;0.0;1.23;41.0;21.68;195.88;Companhia Riograndense de Saneamento;;;
2613305;;;;;;77.37;33.56;129.35;Companhia Pernambucana de Saneamento;;;
3108255;37.7;0.0;0.0;75.0;0.21;36.67;11.63;170.33;Companhia de Saneamento de Minas Gerais;;;
2105948;50.91;8.0;0.0;95.47;0.43;;;;;;;
3524501;100.0;100.0;0.0;0.0;0.38;90.99;33.15;1025.05;Prefeitura Municipal de Jaci;90.23;;Prefeitura Municipal de Jaci
5216809;70.89;0.0;0.0;100.0;0.31;70.89;24.09;161.34;Saneamento de Goiás S/A;;;
3557204;;;;;;97.18;40.0;6.81;Superintendência de Água e Esgoto Chavantes;;;
3540853;100.0;100.0;0.0;100.0;0.55;59.72;9.5;164.17;Companhia de Saneamento Básico do Estado de São Paulo;55.71;58.29;Companhia de Saneamento Básico do Estado de São Paulo
4101507;98.1;0.0;95.01;0.0;0.82;98.14;26.22;153.53;Companhia de Saneamento do Paraná S.A.;96.12;83.3;Companhia de Saneamento do Paraná S.A.
3148608;30.82;0.0;0.0;100.0;0.77;51.15;43.55;131.18;Companhia de Saneamento de Minas Gerais;52.11;;Prefeitura Municipal de Peçanha
2203354;;;;;;;;;;;;
3516309;100.0;100.0;0.0;0.0;0.47;98.97;44.57;150.9;Companhia de Saneamento Básico do Estado de São Paulo;80.98;1.95;Companhia de Saneamento Básico do Estado de São Paulo
2919405;;;;;;53.18;15.79;107.58;Empresa Baiana de Águas e Saneamento S.A.;;;
4321808;100.0;100.0;100.0;0.0;1.65;75.02;34.66;173.23;Companhia Riograndense de Saneamento;;;
2706604;79.53;0.0;0.0;0.0;0.6;;56.44;94.32;"Companhia de Saneamento de Alagoas; Verde Ambiental Alagoas";22.16;14.63;Verde Ambiental Alagoas
1505304;55.2;0.0;0.0;100.0;1.32;;62.16;149.53;"Prefeitura Municipal de Oriximiná; Companhia de Saneamento do Pará";;;
2605103;;;;;;54.91;54.87;133.98;Companhia Pernambucana de Saneamento;;;
3123809;82.67;21.71;0.0;0.0;0.36;66.53;33.31;137.81;Companhia de Saneamento de Minas Gerais;48.06;62.06;Companhia de Saneamento de Minas Gerais
4305454;96.93;100.0;0.0;0.0;1.66;97.93;43.78;197.06;Companhia Riograndense de Saneamento;13.39;5.71;Companhia Riograndense de Saneamento
3549003;100.0;100.0;0.0;0.0;0.75;95.85;12.89;180.53;Companhia de Saneamento Básico do Estado de São Paulo;86.99;80.05;Companhia de Saneamento Básico do Estado de São Paulo
4305447;42.68;38.15;0.0;0.0;0.05;6.51;57.78;210.29;Companhia Riograndense de Saneamento;;;
4321667;97.74;91.07;0.0;0.0;0.83;26.54;60.55;147.87;Companhia Riograndense de Saneamento;;;
4216206;100.0;100.0;100.0;0.0;1.79;89.46;24.03;255.1;Águas de São Francisco do Sul;24.16;;Águas de São Francisco do Sul
3557303;100.0;100.0;0.0;0.0;0.62;92.57;31.28;182.37;Águas de Estiva Gerbi SPE Ltda;88.96;90.31;Águas de Estiva Gerbi SPE Ltda
3164803;100.0;100.0;0.0;100.0;1.83;64.18;6.53;257.62;Prefeitura Municipal de São Sebastião do Rio Preto;;;
5200050;95.38;44.59;0.0;21.36;0.88;32.95;39.55;191.12;Saneamento de Goiás S/A;15.83;12.01;Saneamento de Goiás S/A
4305439;100.0;100.0;0.0;100.0;1.54;97.16;50.18;157.22;Companhia Riograndense de Saneamento;;;
4109658;46.18;0.0;0.0;0.0;0.27;53.26;24.67;156.33;Companhia de Saneamento do Paraná S.A.;;;
2310407;63.95;12.88;0.0;100.0;0.43;59.24;24.23;110.45;"Companhia de Água e Esgoto do Ceará; Sistema Integrado de Saneamento Rural da Bacia do Curú e Letora";8.42;;Companhia de Água e Esgoto do Ceará
3508108;100.0;100.0;0.0;0.0;2.17;94.5;42.16;274.41;Serviço Autônomo de Água e Esgoto e Meio Ambiente de Buritama;94.5;;Serviço Autônomo de Água e Esgoto e Meio Ambiente de Buritama
4215554;63.85;22.66;57.1;62.37;1.2;87.22;21.11;173.26;Prefeitura Municipal de Santa Helena;;;
4313607;58.63;0.0;58.63;0.0;0.64;53.67;43.83;145.88;Companhia Riograndense de Saneamento;;;
2911501;;;;;;71.3;27.36;111.07;Empresa Baiana de Águas e Saneamento S.A.;;;
3540200;97.66;0.0;97.66;0.0;0.9;97.66;36.83;293.58;Prefeitura Municipal de Pontal;100.0;;Prefeitura Municipal de Pontal
1713601;55.92;12.88;0.0;100.0;0.36;42.68;29.31;208.27;Hidro Forte Administração e Operação S/A;;;
2203453;;;;;;;;;;;;
1300904;44.73;0.0;0.0;100.0;0.79;;;;;;;
3115607;85.43;0.0;0.0;76.47;2.13;69.75;13.4;217.28;Companhia de Saneamento de Minas Gerais;83.87;;Prefeitura Municipal de Cedro do Abaeté
3123908;96.2;80.0;0.0;0.0;0.74;74.66;19.38;186.35;Companhia de Saneamento de Minas Gerais;59.52;;Prefeitura Municipal de Entre Rios de Minas
3303856;100.0;100.0;50.54;0.0;0.75;65.49;47.87;142.75;Iguá Rio de Janeiro S.A.;3.8;2.12;Iguá Rio de Janeiro S.A.
3532009;100.0;100.0;100.0;0.0;0.83;87.75;26.2;166.52;Companhia de Saneamento Básico do Estado de São Paulo;85.33;77.52;Companhia de Saneamento Básico do Estado de São Paulo
4313466;56.08;15.96;0.0;0.0;0.25;50.0;90.83;97.54;Associação de Abastecimento de Água Potável de Novo Xingu;;;
3549102;95.52;9.98;95.02;0.0;1.77;95.91;22.37;222.12;Companhia de Saneamento Básico do Estado de São Paulo;95.3;89.6;Companhia de Saneamento Básico do Estado de São Paulo
4126108;90.66;0.0;90.66;0.0;0.58;91.51;21.6;168.61;Companhia de Saneamento do Paraná S.A.;62.0;49.3;Companhia de Saneamento do Paraná S.A.
2613107;92.03;61.66;0.0;0.0;0.43;71.75;23.64;132.0;Companhia Pernambucana de Saneamento;;;
4109757;100.0;100.0;36.73;0.0;0.73;86.52;20.14;139.5;Companhia de Saneamento do Paraná S.A.;;;
3156601;100.0;100.0;0.0;100.0;0.42;70.02;17.57;133.19;"Companhia de Saneamento de Minas Gerais ; COPASA Serviços de Saneamento Integrado do Norte e Nordeste de Minas Gerais S/A";76.39;;Prefeitura Municipal de Rubim
2211605;42.73;0.0;0.0;100.0;1.0;;;;;;;
2310258;83.86;59.89;0.0;100.0;1.33;66.75;38.39;96.34;"Sistema Integrado de Saneamento Rural da Bacia do Curú e Letora; Companhia de Água e Esgoto do Ceará";23.61;;Companhia de Água e Esgoto do Ceará
4321634;35.75;0.0;35.75;0.0;0.37;100.0;41.58;115.76;Prefeitura Municipal de Três Arroios;;;
2106003;100.0;100.0;0.0;100.0;3.91;53.87;64.73;154.13;Companhia de Saneamento Ambiental do Maranhão;;;
2203420;33.69;14.09;0.0;100.0;0.36;;;;;;;
4321626;41.36;0.0;41.36;0.0;0.47;;;;;;;
2514206;;;;;;34.54;49.96;128.84;Companhia de Águas e Esgotos da Paraíba;;;
3115706;85.09;0.0;0.0;0.0;0.36;84.83;24.09;238.68;Serviço Autônomo de Água e Esgoto;81.69;;Serviço Autônomo de Água e Esgoto
3540903;92.86;0.0;0.0;73.72;0.6;100.0;28.04;380.54;Prefeitura Municipal de Pradópolis;92.86;;Prefeitura Municipal de Pradópolis
4313441;100.0;100.0;22.85;0.0;0.33;100.0;40.73;151.8;Prefeitura Municipal de Novo Tiradentes;;;
3140605;44.6;0.0;0.0;85.71;0.24;45.25;12.67;171.48;Companhia de Saneamento de Minas Gerais;;;
4117909;100.0;100.0;100.0;0.0;1.24;92.05;24.64;191.61;Companhia de Saneamento do Paraná S.A.;76.65;64.69;Companhia de Saneamento do Paraná S.A.
4215505;100.0;100.0;0.0;0.0;0.52;84.36;43.05;118.2;Companhia Catarinense de Águas e Saneamento;;;
3148400;57.28;0.0;0.0;100.0;0.37;56.63;8.17;137.39;Companhia de Saneamento de Minas Gerais;;;
2604908;100.0;100.0;0.0;0.0;1.02;41.74;58.73;110.48;Companhia Pernambucana de Saneamento;;;
5004304;75.46;0.0;50.65;0.0;0.33;74.71;18.1;175.71;Empresa de Saneamento de Mato Grosso do Sul S/A;37.08;33.75;Empresa de Saneamento de Mato Grosso do Sul S/A
2203404;80.98;92.06;0.0;100.0;1.92;;;;;;;
2302057;100.0;100.0;0.0;100.0;1.55;54.02;24.1;130.92;"Companhia de Água e Esgoto do Ceará; Sistema Integrado de Saneamento Rural da Bacia do Acaraú";10.66;;Companhia de Água e Esgoto do Ceará
3523800;87.14;0.0;0.0;0.0;0.7;88.86;17.38;184.64;Companhia de Saneamento Básico do Estado de São Paulo;86.54;77.06;Companhia de Saneamento Básico do Estado de São Paulo
1505106;90.46;92.05;0.0;100.0;1.28;33.38;68.43;117.67;Companhia de Saneamento do Pará;;;
5101209;85.39;0.0;0.0;100.0;0.3;89.76;14.29;899.25;PREFEITURA MUNICIPAL DE ARAGUAINHA;;;
2106359;21.33;0.0;0.0;100.0;0.48;53.38;97.02;1.46;Prefeitura Municipal de Marajá do Sena;;;
4313425;50.25;0.0;0.0;0.0;0.32;;;;;;;
2506004;92.63;94.33;0.0;0.0;1.72;40.65;37.86;102.12;Companhia de Águas e Esgotos da Paraíba;59.21;;Companhia de Águas e Esgotos da Paraíba | Prefeitura Municipal de Esperança
3123858;78.03;0.0;0.0;0.0;0.48;70.81;19.97;153.77;Companhia de Saneamento de Minas Gerais;;;
2706901;96.48;64.63;0.0;0.0;1.98;93.01;63.55;131.14;"Companhia de Saneamento de Alagoas; BRK Ambiental - Região Metropolitana de Maceió S.A.";19.7;;BRK Ambiental - Região Metropolitana de Maceió S.A.
2911303;51.3;12.87;0.0;100.0;0.88;53.27;23.17;85.09;Empresa Baiana de Águas e Saneamento S.A.;29.96;17.68;Empresa Baiana de Águas e Saneamento S.A.
2203255;41.42;0.0;0.0;100.0;0.61;;;;;;;
1300201;51.8;0.0;0.0;100.0;0.46;49.31;67.17;128.19;Companhia de Saneamento do Amazonas;;;
3515608;92.32;23.23;49.46;0.0;0.8;99.59;13.87;179.62;Companhia de Saneamento Básico do Estado de São Paulo;99.06;87.6;Companhia de Saneamento Básico do Estado de São Paulo
3540259;100.0;100.0;0.0;0.0;0.44;88.3;14.13;166.79;Companhia de Saneamento Básico do Estado de São Paulo;87.73;78.56;Companhia de Saneamento Básico do Estado de São Paulo
3132404;100.0;100.0;0.0;0.0;0.6;89.56;16.74;183.58;Companhia de Saneamento de Minas Gerais;79.14;87.18;Companhia de Saneamento de Minas Gerais
4109708;59.93;0.0;59.93;0.0;0.64;84.44;31.8;147.46;Companhia de Saneamento do Paraná S.A.;45.91;38.68;Companhia de Saneamento do Paraná S.A.
4207304;97.73;0.0;66.27;0.0;1.04;97.73;15.64;202.03;Serviço Autônomo Municipal de Água e Esgoto de Imbituba;4.83;2.22;Serviço Autônomo Municipal de Água e Esgoto de Imbituba
3523909;100.0;100.0;100.0;85.46;1.13;89.78;59.07;180.83;Companhia Ituana de Saneamento;85.64;;Companhia Ituana de Saneamento
4215604;16.45;0.0;0.0;0.0;0.28;33.22;30.58;130.61;Companhia Catarinense de Águas e Saneamento;;;
4321709;100.0;100.0;0.0;0.0;0.47;79.3;68.91;152.68;Companhia Riograndense de Saneamento;;;
1505205;;;;;;15.09;52.6;91.9;Companhia de Saneamento do Pará;;;
4125407;57.76;0.0;57.76;0.0;0.39;65.4;26.05;138.71;Companhia de Saneamento do Paraná S.A.;;;
2707008;56.07;0.0;0.0;0.0;0.92;47.27;57.45;104.82;"Verde Ambiental Alagoas; Companhia de Saneamento de Alagoas";;;
2903235;64.7;19.99;0.0;100.0;0.33;61.78;32.11;120.45;Empresa Baiana de Águas e Saneamento S.A.;;;
3556602;94.17;50.0;0.0;0.83;0.55;88.36;4.63;158.18;Prefeitura Municipal de Vera Cruz;88.34;;Prefeitura Municipal de Vera Cruz
2805000;95.81;97.59;0.0;0.0;0.44;86.98;54.49;130.76;Companhia de Saneamento de Sergipe;;;
2211407;64.08;0.0;0.0;100.0;0.6;;;;;;;
3140555;82.18;0.0;0.0;100.0;2.28;83.15;15.16;120.95;Companhia de Saneamento de Minas Gerais;76.25;84.89;Companhia de Saneamento de Minas Gerais
3124203;97.73;93.45;0.0;100.0;0.87;63.21;18.02;167.61;Companhia de Saneamento de Minas Gerais;100.0;;Prefeitura Municipal de Espera Feliz
2106326;59.95;0.0;0.0;100.0;2.78;32.71;94.57;10.02;Prefeitura Municipal de Maracaçumé;;;
3515707;100.0;100.0;0.0;0.0;0.92;99.57;17.43;159.75;Companhia de Saneamento Básico do Estado de São Paulo;92.37;51.39;Companhia de Saneamento Básico do Estado de São Paulo
4117222;77.35;0.0;67.99;0.0;0.39;77.52;17.68;177.09;Companhia de Saneamento do Paraná S.A.;;;
3107604;86.17;68.23;0.0;100.0;1.18;74.02;21.77;173.34;Companhia de Saneamento de Minas Gerais;35.31;0.0;Prefeitura Municipal de Bom Jesus Da Penha
4207403;42.35;0.0;42.35;0.0;0.14;40.63;25.59;137.44;Companhia Catarinense de Águas e Saneamento;;;
2203230;30.13;21.1;0.0;100.0;0.35;50.1;31.0;63.35;Prefeitura Municipal de Currais;;;
2310308;100.0;100.0;0.0;100.0;0.96;45.09;37.57;97.79;"Sistema Integrado de Saneamento Rural da Bacia do Alto Jaguaribe; Companhia de Água e Esgoto do Ceará";;;
3532058;;;;;;;;;;;;
4313508;100.0;100.0;100.0;0.0;0.84;84.03;16.08;153.16;Companhia Riograndense de Saneamento;5.2;3.98;Companhia Riograndense de Saneamento
2911402;18.67;0.0;0.0;100.0;1.31;69.77;31.65;106.78;Empresa Baiana de Águas e Saneamento S.A.;19.0;11.29;Empresa Baiana de Águas e Saneamento S.A.
3540101;86.99;14.99;86.99;0.0;1.12;96.86;12.53;201.36;Companhia de Saneamento Básico do Estado de São Paulo;85.3;85.18;Companhia de Saneamento Básico do Estado de São Paulo
2514008;;;;;;16.56;18.34;241.11;Companhia de Águas e Esgotos da Paraíba;;;
4117214;88.32;0.0;88.32;0.0;0.7;91.85;41.83;122.77;Serviço Autônomo Municipal de Água e Esgoto;;;
4117206;91.11;0.0;91.11;0.0;0.58;97.0;16.53;158.09;Companhia de Saneamento do Paraná S.A.;53.34;45.34;Companhia de Saneamento do Paraná S.A.
3548401;100.0;100.0;100.0;0.0;0.44;100.0;14.71;177.24;Companhia de Saneamento Básico do Estado de São Paulo;100.0;99.7;Companhia de Saneamento Básico do Estado de São Paulo
4125506;100.0;100.0;100.0;0.0;0.73;91.38;21.22;149.6;Companhia de Saneamento do Paraná S.A.;87.16;75.06;Companhia de Saneamento do Paraná S.A.
5208608;94.91;0.0;0.0;100.0;0.57;88.14;23.39;130.17;Saneamento de Goiás S/A;87.52;;Saneamento de Goiás S/A
2407708;100.0;100.0;0.0;100.0;0.41;93.7;62.61;96.63;Companhia de Águas e Esgotos do Rio Grande do Norte;;;
5004106;100.0;100.0;0.0;0.0;0.62;85.86;28.56;166.94;Empresa de Saneamento de Mato Grosso do Sul S/A;65.27;59.22;Empresa de Saneamento de Mato Grosso do Sul S/A
2302107;43.27;0.0;0.0;100.0;1.11;61.96;40.65;128.67;Companhia de Água e Esgoto do Ceará;1.78;;Companhia de Água e Esgoto do Ceará
4313490;52.6;9.87;0.0;0.0;0.35;100.0;88.97;40.63;Prefeitura Municipal de Novo Barreiro;;;
3116001;80.55;50.0;0.0;100.0;0.52;;;;;;;
2211506;40.51;0.0;0.0;100.0;0.3;99.82;10.78;76.32;Prefeitura Municipal de Vera Mendes;;;
2903201;76.17;59.25;0.0;0.0;0.59;95.08;27.82;141.7;Empresa Baiana de Águas e Saneamento S.A.;77.83;71.62;Empresa Baiana de Águas e Saneamento S.A.
2505808;100.0;100.0;0.0;0.0;0.54;68.94;48.86;137.56;Companhia de Águas e Esgotos da Paraíba;;;
3531902;96.23;0.0;48.11;0.0;0.79;;;;;;;
2514107;;;;;;;;;;;;
4305306;58.75;0.0;0.0;0.0;0.47;56.16;52.79;152.39;Companhia Riograndense de Saneamento;;;
4109005;100.0;100.0;74.46;0.0;0.58;82.83;26.09;142.5;Companhia de Saneamento do Paraná S.A.;77.73;72.93;Companhia de Saneamento do Paraná S.A.
2106409;;;;;;29.96;69.7;123.78;Companhia de Saneamento Ambiental do Maranhão;;;
4117305;73.09;70.42;45.07;100.0;1.01;58.42;23.23;162.08;Companhia de Saneamento do Paraná S.A.;54.42;41.82;Companhia de Saneamento do Paraná S.A.
1504505;;;;;;;;;;;;
4321006;83.16;0.0;0.0;0.0;0.77;82.44;38.43;165.62;Companhia Riograndense de Saneamento;4.46;3.66;Companhia Riograndense de Saneamento
2612471;54.46;27.87;0.0;0.0;0.55;1.37;23.73;78.23;Companhia Pernambucana de Saneamento;;;
4117297;68.54;3.07;68.54;0.0;0.38;79.97;25.01;144.69;Companhia de Saneamento do Paraná S.A.;;;
4215406;100.0;100.0;0.0;0.0;0.54;80.03;42.58;120.98;Companhia Catarinense de Águas e Saneamento;;;
2203305;100.0;100.0;0.0;100.0;0.53;;;;;;;
3515657;100.0;100.0;72.35;0.0;0.43;70.93;12.32;145.09;Companhia de Saneamento Básico do Estado de São Paulo;70.81;54.75;Companhia de Saneamento Básico do Estado de São Paulo
3116100;;;;;;67.47;;128.46;COPASA Serviços de Saneamento Integrado do Norte e Nordeste de Minas Gerais S/A;2.69;;COPASA Serviços de Saneamento Integrado do Norte e Nordeste de Minas Gerais S/A
3303203;100.0;;0.35;0.0;1.37;100.0;30.7;207.15;Águas do Rio 4 SPE S.A.;;;
3523701;83.01;0.0;0.0;0.0;1.0;100.0;21.17;159.52;Companhia de Saneamento Básico do Estado de São Paulo;85.74;77.13;Companhia de Saneamento Básico do Estado de São Paulo
2505907;63.87;0.0;0.0;0.0;0.36;55.78;32.24;150.21;Companhia de Águas e Esgotos da Paraíba;;;
1721109;35.17;0.0;0.0;100.0;0.59;62.96;48.6;80.92;Agência Tocantinense de Saneamento;;;
3148806;67.93;0.0;0.0;0.0;0.34;57.05;34.63;163.92;Companhia de Saneamento de Minas Gerais;67.93;;Prefeitura Municipal de Pedra do Anta
4125456;59.88;0.0;59.88;0.0;0.42;75.68;28.91;157.21;Companhia de Saneamento do Paraná S.A.;;;
4312807;81.32;0.0;81.32;0.0;0.81;69.21;38.62;172.59;Companhia Riograndense de Saneamento;;;
2612455;43.34;8.46;0.0;0.0;0.39;38.95;10.34;132.83;Companhia Pernambucana de Saneamento;36.31;;Companhia Pernambucana de Saneamento | Prefeitura Municipal de Santa Cruz
4109104;80.65;0.0;0.0;0.0;0.32;93.37;25.89;158.14;Companhia de Saneamento do Paraná S.A.;;;
2706802;41.61;0.0;0.0;0.0;1.27;56.27;76.09;101.63;"Companhia de Saneamento de Alagoas; Águas do Sertão";30.86;;Prefeitura Municipal de Piaçabuçu | Águas do Sertão
2106375;100.0;100.0;0.0;100.0;1.89;0.0;40.0;;Companhia de Saneamento Ambiental do Maranhão;;;
5101605;;;;;;;;;;;;
1300102;63.1;0.0;0.0;100.0;0.36;59.11;78.04;58.0;Prefeitura Municipal de Anori;;;
4304630;100.0;100.0;100.0;0.0;1.16;98.85;14.79;203.76;Companhia Riograndense de Saneamento;70.16;51.38;Companhia Riograndense de Saneamento
4117271;76.91;58.71;0.0;0.0;0.24;52.49;23.46;157.24;Companhia de Saneamento do Paraná S.A.;;;
5200258;99.77;0.0;0.0;100.0;0.85;95.84;40.91;104.14;Saneamento de Goiás S/A;84.8;58.43;Saneamento de Goiás S/A
3515509;96.8;0.0;96.8;0.0;0.86;100.0;13.88;208.4;Companhia de Saneamento Básico do Estado de São Paulo;99.78;94.54;Companhia de Saneamento Básico do Estado de São Paulo
3107406;98.88;80.0;46.3;100.0;0.84;87.86;27.13;173.33;Companhia de Saneamento de Minas Gerais;84.12;87.75;Companhia de Saneamento de Minas Gerais
4207205;88.18;82.33;0.0;0.0;2.23;73.23;23.71;182.55;Serviço Autônomo Municipal de Água e Esgoto;;;
2927507;54.03;14.92;0.0;100.0;0.48;51.87;30.95;188.06;Empresa Baiana de Águas e Saneamento S.A.;;;
4304622;100.0;100.0;0.0;0.0;0.34;100.0;6.02;97.82;Prefeitura Municipal de Capão Bonito do Sul;;;
2911709;;;;;;85.95;29.86;145.56;Empresa Baiana de Águas e Saneamento S.A.;57.42;57.94;Empresa Baiana de Águas e Saneamento S.A.
1704600;63.66;0.0;0.0;100.0;0.56;53.87;52.33;154.43;Hidro Forte Administração e Operação S/A;;;
2203271;45.57;0.0;0.0;100.0;0.64;;;;;;;
4125308;100.0;100.0;89.47;0.0;0.86;88.58;6.82;254.67;Serviço Autônomo Municipal de Água e Esgoto;84.46;86.02;Serviço Autônomo Municipal de Água e Esgoto
3507456;86.69;0.0;86.69;0.0;0.58;86.69;22.39;261.1;Prefeitura Municipal de Borebi;86.69;77.0;Prefeitura Municipal de Borebi
3204807;79.13;0.0;0.0;0.0;0.43;75.94;21.9;141.42;Companhia Espírito-santense de Saneamento;77.51;;Prefeitura Municipal de São José do Calçado | Companhia Espírito-santense de Saneamento
1504455;;;;;;;;;;;;
4117255;65.93;0.0;0.0;0.0;0.5;69.29;26.47;141.44;Companhia de Saneamento do Paraná S.A.;;;
1300086;48.29;0.0;0.0;100.0;0.27;60.04;62.26;10.63;Prefeitura Municipal de Anamã;;;
4304614;100.0;100.0;0.0;0.0;0.46;88.44;14.23;52.52;Prefeitura Municipal de Canudos do Vale;;;
2804904;100.0;100.0;0.0;0.0;0.34;60.93;57.36;90.13;Companhia de Saneamento de Sergipe;27.96;15.31;Companhia de Saneamento de Sergipe
2310605;;;;;;61.66;37.88;123.4;"Sistema Integrado de Saneamento Rural da Bacia Hidrográfica do Salgado; Companhia de Água e Esgoto do Ceará";;;
4100905;85.14;0.0;85.14;0.0;0.29;86.72;25.0;156.4;Companhia de Saneamento do Paraná S.A.;;90.88;Município de Amaporã | Companhia de Saneamento do Paraná S.A.
4304606;100.0;;93.0;0.0;1.49;97.27;46.6;176.74;Companhia Riograndense de Saneamento;61.96;46.96;Companhia Riograndense de Saneamento
3107505;94.47;46.6;0.0;0.0;0.4;72.8;21.96;203.04;Companhia de Saneamento de Minas Gerais;86.88;;Prefeitura Municipal de Bom Jardim de Minas
5208400;94.73;0.0;0.0;1.18;0.37;71.93;18.87;165.49;Saneamento de Goiás S/A;;;
2407500;100.0;100.0;0.0;0.0;0.77;100.0;25.65;325.63;Serviço Autônomo de Água e Esgoto;;;
1720937;78.86;0.0;0.0;100.0;0.57;74.07;39.49;119.06;Agência Tocantinense de Saneamento;;;
2903508;55.97;0.0;26.26;100.0;0.26;55.97;11.62;112.81;Empresa Baiana de Águas e Saneamento S.A.;;;
3148756;15.8;0.0;0.0;100.0;0.19;31.58;7.59;230.74;Prefeitura Municipal de Pedra Bonita;31.58;;Prefeitura Municipal de Pedra Bonita
2911808;;;;;;62.11;15.93;78.91;Empresa Baiana de Águas e Saneamento S.A.;;;
4117107;100.0;100.0;92.25;0.0;1.06;92.38;20.71;169.36;Companhia de Saneamento do Paraná S.A.;94.46;97.45;Companhia de Saneamento do Paraná S.A.
2919306;100.0;100.0;0.9;100.0;1.34;79.67;13.94;162.96;Empresa Baiana de Águas e Saneamento S.A.;41.96;36.48;Empresa Baiana de Águas e Saneamento S.A.
1300060;71.83;0.0;0.0;100.0;1.63;70.11;18.88;277.81;Serviço de Água e Esgoto de Amatura;;;
5003504;71.51;18.18;0.0;0.0;0.43;64.53;30.08;200.93;Empresa de Saneamento de Mato Grosso do Sul S/A;15.15;15.26;Empresa de Saneamento de Mato Grosso do Sul S/A
2310704;40.01;14.27;0.0;100.0;1.13;74.14;50.66;113.68;"Companhia de Água e Esgoto do Ceará; Sistema Integrado de Saneamento Rural da Bacia do Curú e Letora";;;
5200209;78.39;0.0;0.0;100.0;0.52;75.05;13.23;202.53;Saneamento de Goiás S/A;;;
2106201;;;;;;31.36;70.52;140.11;Companhia de Saneamento Ambiental do Maranhão;;;
3204906;100.0;100.0;0.0;0.0;0.87;64.1;50.37;99.94;Serviço Autônomo de Água e Esgoto;52.11;;Serviço Autônomo de Água e Esgoto
2514404;100.0;100.0;0.0;0.0;1.13;32.45;30.09;187.96;Companhia de Águas e Esgotos da Paraíba;;;
3115904;100.0;100.0;0.0;0.0;1.27;72.4;29.27;166.06;Companhia de Saneamento de Minas Gerais;74.28;;Prefeitura Municipal de Chácara
5208509;86.82;0.0;60.17;0.0;1.92;88.73;25.23;187.04;Saneamento de Goiás S/A;;;
4304705;99.76;89.22;1.1;0.0;0.7;96.32;52.82;156.31;Companhia Riograndense de Saneamento;5.37;4.3;Companhia Riograndense de Saneamento
4215455;100.0;100.0;0.0;0.0;0.4;69.96;22.88;93.08;Serviço Autônomo Municipal;;;
2407609;90.17;0.0;0.0;100.0;0.39;71.25;42.15;107.07;Companhia de Águas e Esgotos do Rio Grande do Norte;;;
5003488;76.29;66.17;17.44;0.0;0.43;50.09;26.17;195.49;Empresa de Saneamento de Mato Grosso do Sul S/A;35.32;39.03;Empresa de Saneamento de Mato Grosso do Sul S/A
3303005;93.98;0.0;0.0;15.79;0.66;93.98;40.54;195.34;Águas do Rio 1 SPE S.A.;;;
4304697;100.0;100.0;0.0;0.0;0.31;96.59;47.4;107.06;Prefeitura Municipal de Capitão;;;
2903607;100.0;100.0;0.0;100.0;0.41;36.61;27.79;144.96;Empresa Baiana de Águas e Saneamento S.A.;;;
3507407;95.34;40.0;95.34;0.0;0.87;92.23;35.62;249.72;Prefeitura Municipal de Borborema;92.23;;Prefeitura Municipal de Borborema
1720903;44.92;0.0;0.0;100.0;0.49;77.68;24.73;159.01;Companhia de Saneamento do Tocantins;50.75;49.75;Companhia de Saneamento do Tocantins
4108908;100.0;100.0;84.91;0.0;4.57;89.25;12.49;172.04;Companhia de Saneamento do Paraná S.A.;;;
5101407;75.58;6.52;0.0;100.0;0.91;58.19;31.29;259.6;Prefeitura Municipal de Aripuanã;4.6;;Prefeitura Municipal de Aripuanã
3165206;100.0;100.0;0.0;0.0;1.13;60.05;15.77;188.74;Companhia de Saneamento de Minas Gerais;96.54;;Prefeitura Municipal de São Thomé Das Letras
4304689;100.0;100.0;0.0;0.0;0.85;21.37;32.15;124.22;Companhia Riograndense de Saneamento;;;
3556453;98.91;0.0;0.0;0.0;1.05;100.0;0.94;168.79;Companhia de Saneamento Básico do Estado de São Paulo;63.34;18.86;Companhia de Saneamento Básico do Estado de São Paulo
2203602;78.76;0.0;0.0;100.0;1.97;;;;;;;
2302503;100.0;100.0;0.0;100.0;0.99;98.03;13.29;134.28;"Prefeitura Municipal de Brejo Santo; Sistema Integrado de Saneamento Rural da Bacia Hidrográfica do Salgado";52.78;;Prefeitura Municipal de Brejo Santo
2926806;45.9;0.0;0.0;100.0;2.29;63.55;23.52;131.11;Empresa Baiana de Águas e Saneamento S.A.;11.61;;Empresa Baiana de Águas e Saneamento S.A.
5200308;98.66;82.72;0.0;100.0;1.76;86.2;15.92;140.46;Saneamento de Goiás S/A;;;
2612505;100.0;100.0;0.0;0.0;0.81;64.96;8.34;115.28;Companhia Pernambucana de Saneamento;;;
5216007;79.09;0.0;79.09;100.0;0.77;77.54;38.07;322.78;Prefeitura Municipal de Panamá;;;
2106300;57.14;14.22;0.0;100.0;0.33;;33.19;260.42;"Companhia de Saneamento Ambiental do Maranhão; Prefeitura Municipal de Magalhães de Almeida";;;
2506202;85.82;54.26;0.0;0.0;1.41;53.79;51.85;151.94;Companhia de Águas e Esgotos da Paraíba;86.17;;Prefeitura Municipal de Frei Martinho | Companhia de Águas e Esgotos da Paraíba
4304671;;;;;;87.28;25.68;164.11;Companhia Riograndense de Saneamento;;;
3140530;89.4;92.21;0.0;100.0;0.69;22.45;19.79;191.9;Companhia de Saneamento de Minas Gerais;;;
1300144;52.99;0.0;0.0;100.0;0.62;;;;;;;
3303104;100.0;100.0;0.0;0.0;0.48;72.51;32.25;190.87;Rio+ Saneamento BL3 S.A;88.38;;Rio+ Saneamento BL3 S.A | Prefeitura Municipal de Natividade
4100707;87.61;0.0;87.61;0.0;0.72;90.99;18.59;151.95;Companhia de Saneamento do Paraná S.A.;63.8;54.37;Companhia de Saneamento do Paraná S.A.
4304663;100.0;100.0;0.0;0.0;0.47;85.63;29.75;161.06;Companhia Riograndense de Saneamento;;;
3157005;96.74;79.5;0.0;98.84;2.25;88.73;23.12;164.03;"COPASA Serviços de Saneamento Integrado do Norte e Nordeste de Minas Gerais S/A; Companhia de Saneamento de Minas Gerais";65.63;80.15;COPASA Serviços de Saneamento Integrado do Norte e Nordeste de Minas Gerais S/A | Companhia de Saneamento de Minas Gerais
4125357;86.59;44.84;86.59;0.0;0.87;76.17;23.61;181.14;Companhia de Saneamento do Paraná S.A.;53.15;44.82;Companhia de Saneamento do Paraná S.A.
4312708;100.0;100.0;100.0;0.0;0.68;63.36;30.35;165.38;Companhia Riograndense de Saneamento;;;
3507506;100.0;100.0;96.86;0.0;0.75;99.07;29.86;195.35;Companhia de Saneamento Básico do Estado de São Paulo;96.51;92.15;Companhia de Saneamento Básico do Estado de São Paulo
1721000;99.36;70.0;61.8;0.0;1.05;98.03;29.42;180.31;Companhia de Saneamento do Tocantins;77.42;71.86;Companhia de Saneamento do Tocantins
4215802;97.3;52.06;94.36;0.0;0.57;95.33;25.74;196.72;Serviço Autônomo Municipal de Água e Esgoto;38.69;;Serviço Autônomo Municipal de Água e Esgoto
2918605;;;;;;44.51;35.73;135.48;Empresa Baiana de Águas e Saneamento S.A.;;;
2805208;69.99;50.3;0.0;0.0;1.47;97.54;38.14;69.86;Companhia de Saneamento de Sergipe;44.05;;PREFEITURA MUNICIPAL DE PINHÃO
2203701;;;;;;;;;;;;
4304655;;;;;;;;;;;;
2604304;87.6;65.17;0.0;0.0;0.36;65.1;30.5;143.6;Companhia Pernambucana de Saneamento;64.39;;Prefeitura Municipal de Cedro | Companhia Pernambucana de Saneamento
2926905;;;;;;50.56;24.81;126.78;Empresa Baiana de Águas e Saneamento S.A.;27.96;20.83;Empresa Baiana de Águas e Saneamento S.A.
3140506;100.0;100.0;0.0;0.0;0.49;78.68;9.57;191.61;Companhia de Saneamento de Minas Gerais;47.73;58.28;Companhia de Saneamento de Minas Gerais
2506301;100.0;100.0;0.0;0.0;0.69;77.24;49.08;155.41;Companhia de Águas e Esgotos da Paraíba;55.62;56.77;Companhia de Águas e Esgotos da Paraíba
5207808;84.53;0.0;0.0;0.0;0.55;84.53;17.56;192.8;Saneamento de Goiás S/A;;;
4320859;72.29;68.98;0.0;0.0;0.37;28.04;8.06;142.28;Sociedade Abastecedora de Água Trevo Tabai;;;
2911600;65.68;51.76;0.0;0.0;1.89;60.19;32.29;129.94;Empresa Baiana de Águas e Saneamento S.A.;;;
3204708;72.84;0.0;78.08;0.0;0.63;67.12;29.1;153.01;Companhia Espírito-santense de Saneamento;45.94;39.81;Companhia Espírito-santense de Saneamento
4304507;80.4;71.76;41.45;0.0;0.35;40.87;39.55;123.79;Companhia Riograndense de Saneamento;35.49;;Prefeitura Municipal de Canguçu
3515905;100.0;100.0;0.0;0.0;0.43;94.16;16.76;186.47;Companhia de Saneamento Básico do Estado de São Paulo;82.11;77.43;Companhia de Saneamento Básico do Estado de São Paulo
3107802;74.85;13.64;0.0;0.0;0.3;66.75;25.43;167.0;Companhia de Saneamento de Minas Gerais;76.35;;Prefeitura Municipal de Bom Jesus do Galho
2604155;;;;;;29.52;41.19;84.54;Companhia Pernambucana de Saneamento;;;
4207601;100.0;100.0;0.0;0.0;0.54;61.88;11.9;157.52;Companhia Catarinense de Águas e Saneamento;12.23;10.55;Companhia Catarinense de Águas e Saneamento
1720978;;;;;;64.37;16.93;198.23;Hidro Forte Administração e Operação S/A;52.61;;Hidro Forte Administração e Operação S/A
2310506;100.0;100.0;0.0;100.0;0.76;75.5;36.52;111.18;"Sistema Integrado de Saneamento Rural da Bacia do Banabuiu; Serviço Autônomo de Água e Esgoto";2.53;;Sistema Integrado de Saneamento Rural da Bacia do Banabuiu
4100806;100.0;100.0;87.95;0.0;0.94;90.62;12.11;444.35;Serviço Autônomo de Água e Esgoto de Alvorada do Sul;;;
1712801;59.26;0.0;0.0;100.0;0.35;51.53;60.24;155.75;Agência Tocantinense de Saneamento;;;
2918704;59.13;0.0;0.0;0.0;0.95;54.42;18.96;113.51;Empresa Baiana de Águas e Saneamento S.A.;;;
2805307;77.88;46.43;0.0;0.0;1.19;99.3;56.95;101.79;Companhia de Saneamento de Sergipe;;;
3132305;;;;;;54.61;27.19;121.41;COPASA Serviços de Saneamento Integrado do Norte e Nordeste de Minas Gerais S/A;42.57;39.23;COPASA Serviços de Saneamento Integrado do Norte e Nordeste de Minas Gerais S/A
4312674;48.96;0.0;0.0;0.0;0.35;99.29;20.51;218.05;Prefeitura Municipal de Nicolau Vergueiro;;;
2514453;;;;;;35.59;1.53;128.34;Companhia de Águas e Esgotos da Paraíba;;;
3165008;95.34;73.44;82.44;0.0;0.42;71.59;18.91;171.78;Companhia de Saneamento de Minas Gerais;50.66;65.38;Companhia de Saneamento de Minas Gerais
2903409;;;;;;88.14;13.49;63.93;Empresa Baiana de Águas e Saneamento S.A.;67.99;41.46;Empresa Baiana de Águas e Saneamento S.A.
2211704;100.0;100.0;0.0;100.0;0.92;;;;;;;
2612307;73.22;58.69;0.0;3.21;0.46;37.9;17.74;96.86;Companhia Pernambucana de Saneamento;46.88;;Prefeitura Municipal de Saloá | Companhia Pernambucana de Saneamento
4215752;44.13;0.0;0.0;0.0;0.5;38.62;33.71;114.49;Companhia Catarinense de Águas e Saneamento;;;
2407906;74.43;25.03;0.0;0.0;0.36;84.21;17.01;102.56;Companhia de Águas e Esgotos do Rio Grande do Norte;;;
3556503;97.79;0.0;97.79;0.0;1.38;94.42;27.21;159.17;Companhia de Saneamento Básico do Estado de São Paulo;88.43;82.91;Companhia de Saneamento Básico do Estado de São Paulo
4108957;81.65;73.2;0.0;0.0;0.28;45.3;30.37;132.25;Companhia de Saneamento do Paraná S.A.;;;
4207577;100.0;100.0;100.0;0.0;0.92;52.05;38.2;151.43;Companhia Catarinense de Águas e Saneamento;;;
2302305;87.11;79.39;0.0;100.0;0.91;77.46;28.28;86.87;"Sistema Integrado de Saneamento Rural da Bacia do Acaraú; Companhia de Água e Esgoto do Ceará";16.82;;Companhia de Água e Esgoto do Ceará
3107901;52.64;0.0;0.0;0.0;0.21;44.06;16.67;174.78;Companhia de Saneamento de Minas Gerais;42.02;55.91;Companhia de Saneamento de Minas Gerais
4312658;100.0;100.0;89.53;0.0;0.66;85.59;23.92;183.96;Companhia Riograndense de Saneamento;;;
2514305;34.8;0.0;0.0;0.0;0.63;47.95;33.17;134.43;Companhia de Águas e Esgotos da Paraíba;;;
4117503;95.34;0.0;95.34;0.0;0.92;100.0;31.94;162.79;Companhia de Saneamento do Paraná S.A.;99.26;86.71;Companhia de Saneamento do Paraná S.A.
3124104;100.0;100.0;22.88;0.0;0.96;53.87;45.66;166.0;Companhia de Saneamento de Minas Gerais;13.21;18.19;Companhia de Saneamento de Minas Gerais
2506251;100.0;100.0;0.0;0.0;0.59;0.0;72.22;;Companhia de Águas e Esgotos da Paraíba;;;
3156809;69.93;17.16;0.0;100.0;1.97;68.56;44.6;175.41;Serviço Autônomo de Água e Esgoto;67.31;0.0;Serviço Autônomo de Água e Esgoto
3165107;58.37;0.0;38.36;0.0;0.35;73.91;19.54;191.55;Companhia de Saneamento de Minas Gerais;80.18;;Prefeitura Municipal de São Tomás de Aquino
5100805;98.83;95.69;0.0;100.0;1.1;56.37;67.55;141.86;Prefeitura Municipal de Apiacás;;;
3507308;100.0;100.0;0.0;0.0;0.44;99.19;14.94;192.89;Companhia de Saneamento Básico do Estado de São Paulo;99.19;88.92;Companhia de Saneamento Básico do Estado de São Paulo
4207684;43.51;21.92;27.65;0.0;0.42;24.43;47.39;117.76;Companhia Catarinense de Águas e Saneamento;;;
2203503;;;;;;;;;;;;
3540507;100.0;100.0;100.0;0.0;1.19;91.88;16.78;231.87;Companhia de Saneamento Básico do Estado de São Paulo;33.58;32.4;Companhia de Saneamento Básico do Estado de São Paulo
3139805;95.0;0.0;0.0;37.5;1.0;82.78;21.25;169.23;Companhia de Saneamento de Minas Gerais;93.66;;Prefeitura Municipal de Mar de Espanha
2926707;;;;;;49.34;50.19;114.41;Empresa Baiana de Águas e Saneamento S.A.;25.06;;Empresa Baiana de Águas e Saneamento S.A.
2408003;93.6;11.9;93.6;0.0;1.88;89.71;47.68;159.35;Companhia de Águas e Esgotos do Rio Grande do Norte;52.37;43.2;Companhia de Águas e Esgotos do Rio Grande do Norte
1721307;58.46;0.0;0.0;100.0;0.59;55.4;66.54;130.55;Agência Tocantinense de Saneamento;;;
2302404;56.8;0.0;0.0;100.0;0.84;69.44;20.18;178.9;"Sistema Integrado de Saneamento Rural da Bacia do Banabuiu; Serviço Autônomo de Água e Esgoto";52.74;0.0;Serviço Autônomo de Água e Esgoto
3303401;100.0;100.0;94.35;0.0;1.07;90.02;21.56;154.2;Águas de Nova Friburgo Ltda;87.24;45.76;Águas de Nova Friburgo Ltda
2604106;97.75;71.23;5.0;0.0;1.18;93.66;35.55;164.03;Companhia Pernambucana de Saneamento;48.02;;Companhia Pernambucana de Saneamento
2506103;47.72;0.0;0.0;0.92;0.26;33.72;54.84;109.87;Companhia de Águas e Esgotos da Paraíba;;;
3548302;91.12;17.33;91.12;0.0;0.79;100.0;9.96;180.08;Companhia de Saneamento Básico do Estado de São Paulo;86.55;79.59;Companhia de Saneamento Básico do Estado de São Paulo
4312757;100.0;100.0;100.0;0.0;2.79;100.0;21.84;135.5;Prefeitura Municipal de Nova Alvorada;;;
2612406;;;;;;88.64;52.11;156.39;Companhia Pernambucana de Saneamento;;;
5108956;69.46;87.98;0.0;100.0;0.32;;;;;;;
1504422;100.0;100.0;28.36;0.0;0.86;42.87;68.48;114.67;Companhia de Saneamento do Pará;12.98;8.08;Companhia de Saneamento do Pará
2911659;30.16;0.0;0.0;100.0;0.51;39.22;22.69;137.51;"Empresa Baiana de Águas e Saneamento S.A.; Central de Associações Comunitárias para Manutenção dos Sistemas de Saneamento - Região de Caetité";;;
4109302;100.0;100.0;58.85;0.0;0.88;59.5;19.17;152.73;Companhia de Saneamento do Paraná S.A.;42.5;33.31;Companhia de Saneamento do Paraná S.A.
5215900;100.0;100.0;0.0;0.0;3.37;70.98;23.9;176.47;Saneamento de Goiás S/A;;;
3156908;100.0;100.0;87.04;0.0;0.59;87.04;20.91;189.18;Serviço Autônomo de Água e Esgoto de Sacramento;100.0;;Serviço Autônomo de Água e Esgoto de Sacramento
3131604;87.2;0.0;0.0;0.0;1.49;71.05;6.91;204.73;Companhia de Saneamento de Minas Gerais;100.0;;Prefeitura Municipal de Iraí de Minas
3139904;100.0;100.0;0.0;0.0;0.38;55.21;22.05;154.67;Companhia de Saneamento de Minas Gerais;70.19;;Prefeitura Municipal de Maria Da Fé
3532306;87.03;77.76;0.0;0.0;0.64;41.69;33.0;199.67;Prefeitura Municipal de Natividade Da Serra;;;Prefeitura Municipal de Natividade Da Serra
4320909;100.0;100.0;0.0;0.0;0.74;87.93;57.51;160.12;Companhia Riograndense de Saneamento;37.1;0.47;Companhia Riograndense de Saneamento | Prefeitura Municipal de Tapejara
2918506;;;;;;83.49;34.05;118.45;Empresa Baiana de Águas e Saneamento S.A.;;;
2805109;80.91;86.76;80.91;0.0;3.58;65.17;50.59;77.62;Companhia de Saneamento de Sergipe;;;
1504406;51.2;36.66;0.0;100.0;0.54;37.56;45.51;117.94;Companhia de Saneamento do Pará;;;
2604205;50.0;0.0;0.0;0.0;1.74;79.63;10.7;190.84;Serviço Autônomo de Água e Esgoto;;;
4207650;57.27;0.0;57.27;0.0;0.55;58.16;28.87;116.26;Companhia Catarinense de Águas e Saneamento;;;
2706208;70.29;49.38;0.0;0.0;1.03;84.24;77.04;104.93;"Águas do Sertão; Companhia de Saneamento de Alagoas";;;
4117453;89.92;60.55;70.0;0.0;0.54;74.6;25.9;152.3;Companhia de Saneamento do Paraná S.A.;;;
4101101;97.4;41.22;97.4;0.04;0.66;96.2;19.72;218.92;Serviço Autônomo Municipal de Água e Esgoto de Andirá;77.76;;Serviço Autônomo Municipal de Água e Esgoto de Andirá
4125753;100.0;100.0;100.0;0.0;0.35;70.74;17.4;168.22;Companhia de Saneamento do Paraná S.A.;;;
3148707;98.64;85.97;0.0;71.0;1.13;70.09;31.17;119.28;Companhia de Saneamento de Minas Gerais;68.21;62.29;Companhia de Saneamento de Minas Gerais
2105658;;;;;;;;;;;;
3107703;82.61;56.63;0.0;0.0;0.62;52.29;25.21;151.77;Companhia de Saneamento de Minas Gerais;55.41;;Prefeitura Municipal de Bom Jesus do Amparo
4215679;18.51;0.0;0.0;0.0;0.2;23.23;21.1;145.96;Companhia Catarinense de Águas e Saneamento;;;
3123403;80.41;0.0;80.41;100.0;1.13;100.0;25.9;175.03;Prefeitura Municipal de Doresópolis;80.41;0.0;Prefeitura Municipal de Doresópolis
3532157;;;;;;;;;;;;Prefeitura Municipal de Nantes
3131703;100.0;100.0;89.22;0.0;0.96;92.56;30.5;176.15;Serviço Autônomo de Água e Esgoto de Itabira;86.4;56.65;Serviço Autônomo de Água e Esgoto de Itabira
3164407;100.0;100.0;0.0;0.0;0.61;;;;;;;
3524105;99.17;69.97;69.96;0.0;0.74;97.22;47.77;320.64;Serviço Autônomo de Água e Esgoto;97.22;99.93;Serviço Autônomo de Água e Esgoto
5003454;88.27;0.0;0.0;0.0;0.87;87.39;20.67;179.08;Empresa de Saneamento de Mato Grosso do Sul S/A;14.61;13.82;Empresa de Saneamento de Mato Grosso do Sul S/A
1713205;82.76;0.0;0.0;100.0;0.59;82.76;26.59;174.36;Companhia de Saneamento do Tocantins;;;
1300508;54.68;0.0;0.0;100.0;0.32;;;;;;;
4313086;71.42;63.86;29.58;0.0;0.47;29.58;12.38;54.33;Sociedade de Abastecimento de Água Nova Pádua;;;
1504752;;;;;;;;;;;;
2407807;97.57;94.5;0.0;100.0;1.08;64.11;54.74;108.04;Companhia de Águas e Esgotos do Rio Grande do Norte;5.72;4.61;Companhia de Águas e Esgotos do Rio Grande do Norte
3205101;95.04;0.0;85.86;0.0;0.54;67.33;55.64;187.13;Companhia Espírito-santense de Saneamento;39.02;37.98;Companhia Espírito-santense de Saneamento
3540309;89.73;0.0;0.0;0.0;0.51;91.88;7.09;229.98;Companhia de Saneamento Básico do Estado de São Paulo;85.3;90.7;Companhia de Saneamento Básico do Estado de São Paulo
4215653;100.0;100.0;0.0;0.0;0.44;56.88;5.88;119.88;Serviço Autônomo Municipal de Água e Esgoto;;;
3123502;77.96;0.0;45.48;100.0;0.48;64.21;33.08;451.37;Prefeitura Municipal de Douradoquara;66.99;;Prefeitura Municipal de Douradoquara
3156205;100.0;100.0;0.0;0.0;1.13;;;;;;;
3556909;96.07;28.6;42.03;0.0;0.57;94.5;11.43;220.24;Prefeitura Municipal de Vista Alegre do Alto;94.5;83.55;Prefeitura Municipal de Vista Alegre do Alto
4313060;100.0;100.0;0.0;0.0;0.41;38.83;;142.79;"Companhia Riograndense de Saneamento; Prefeitura Municipal de Nova Hartz";4.77;;Prefeitura Municipal de Nova Hartz
4125704;100.0;100.0;100.0;12.63;1.16;74.63;23.84;174.33;Companhia de Saneamento do Paraná S.A.;58.47;52.63;Companhia de Saneamento do Paraná S.A.
2612703;41.29;18.23;0.0;0.0;0.31;48.63;23.36;88.96;Companhia Pernambucana de Saneamento;;;
2105609;82.44;97.13;0.0;100.0;1.72;16.79;91.36;138.87;Companhia de Saneamento Ambiental do Maranhão;;;
2105476;45.72;35.01;0.0;100.0;0.27;45.04;35.9;118.73;Prefeitura Municipal de Jenipapo Dos Vieiras;;;
3532108;73.37;0.0;0.0;0.0;1.92;76.16;26.99;524.57;Prefeitura Municipal de Murutinga do Sul;97.21;;Prefeitura Municipal de Murutinga do Sul
3540408;100.0;100.0;0.0;0.0;0.58;97.42;14.57;183.74;Companhia de Saneamento Básico do Estado de São Paulo;96.3;;Companhia de Saneamento Básico do Estado de São Paulo
3139706;76.82;31.4;0.0;100.0;0.34;72.44;30.71;178.8;Companhia de Saneamento de Minas Gerais;69.79;;Prefeitura Municipal de Maravilhas
3205069;94.69;73.35;75.49;0.0;0.69;61.7;23.94;155.04;Companhia Espírito-santense de Saneamento;54.5;;Companhia Espírito-santense de Saneamento
2918555;84.14;39.82;73.64;100.0;1.28;85.44;50.0;159.39;Serviço Autônomo de Água e Esgoto;;;
3115300;94.39;0.0;12.23;0.0;0.66;91.93;48.35;159.83;Companhia de Saneamento de Minas Gerais;74.45;52.78;Companhia de Saneamento de Minas Gerais
1721208;77.31;0.0;0.0;100.0;2.08;83.52;37.83;152.99;Companhia de Saneamento do Tocantins;43.86;40.47;Companhia de Saneamento do Tocantins
3303302;94.16;;94.16;0.0;0.93;100.0;19.9;261.01;Águas de Niterói S/A;95.55;76.17;Águas de Niterói S/A
3148004;100.0;100.0;0.0;18.91;0.86;81.63;16.79;213.21;Companhia de Saneamento de Minas Gerais;78.51;89.79;Companhia de Saneamento de Minas Gerais
4125555;92.04;66.21;92.04;0.0;0.36;82.37;25.32;174.44;Companhia de Saneamento do Paraná S.A.;;;
3548708;99.98;96.12;99.98;0.0;1.24;99.7;18.25;192.42;Companhia de Saneamento Básico do Estado de São Paulo;96.17;59.67;Companhia de Saneamento Básico do Estado de São Paulo
3507704;90.65;0.0;90.65;0.0;2.26;92.11;10.28;194.25;Serviço Autônomo de Saneamento Ambiental de Braúna;90.65;85.96;Serviço Autônomo de Saneamento Ambiental de Braúna
4313037;100.0;100.0;0.0;0.0;0.47;81.52;40.24;131.38;Companhia Riograndense de Saneamento;;;
5108857;74.71;14.6;0.0;100.0;0.59;70.39;7.18;189.85;Prefeitura Municipal de Nova Marilândia;;;
2706000;54.31;56.36;0.0;0.0;0.3;47.79;62.94;78.52;"Companhia de Saneamento de Alagoas; Águas do Sertão";;;
3164472;100.0;100.0;0.0;0.0;0.44;65.82;24.37;104.63;Companhia de Saneamento de Minas Gerais;75.35;;Prefeitura Municipal de São Sebastião do Anta
2927101;100.0;100.0;0.0;100.0;1.69;99.06;43.64;82.46;Prefeitura Municipal de Rodelas;76.38;0.0;Prefeitura Municipal de Rodelas
4304853;31.58;0.0;31.58;0.0;0.2;99.64;7.49;107.94;Associação de Abastecimento de Água de Carlos Gomes;;;
3205176;;;;;;31.58;13.31;157.1;Companhia Espírito-santense de Saneamento;23.84;;Companhia Espírito-santense de Saneamento
3532207;91.37;16.39;83.33;0.0;0.42;95.67;8.25;159.92;Companhia de Saneamento Básico do Estado de São Paulo;85.34;88.27;Companhia de Saneamento Básico do Estado de São Paulo
2604502;75.15;35.45;0.0;0.0;0.7;59.48;22.72;100.91;Companhia Pernambucana de Saneamento;59.84;;Prefeitura Municipal de Chã Grande | Companhia Pernambucana de Saneamento
4101150;77.28;0.0;0.0;0.0;0.82;79.53;48.77;251.14;Serviço Autônomo Municipal de Água e Esgoto;;;
4321329;49.0;0.0;0.0;0.0;0.73;38.28;15.88;190.58;Companhia Riograndense de Saneamento;;;
3131505;;;;;;77.47;19.81;144.09;Companhia de Saneamento de Minas Gerais;60.26;0.0;Companhia de Saneamento de Minas Gerais
2105450;47.14;0.0;0.0;100.0;0.15;33.55;74.53;147.4;Companhia de Saneamento Ambiental do Maranhão;;;
2513653;;;;;;27.55;43.84;127.53;Companhia de Águas e Esgotos da Paraíba;;;
2612802;84.6;54.89;0.0;0.0;0.12;66.2;3.31;130.08;Companhia Pernambucana de Saneamento;62.78;;Prefeitura Municipal de Santa Terezinha | Companhia Pernambucana de Saneamento
5216304;;;;;;;;;;;;
5003751;84.16;0.0;0.0;0.0;1.05;83.32;19.83;184.26;Empresa de Saneamento de Mato Grosso do Sul S/A;21.2;22.58;Empresa de Saneamento de Mato Grosso do Sul S/A
2202851;100.0;100.0;0.0;100.0;0.73;;;;;;;
2706109;74.37;24.64;0.0;0.0;0.37;20.61;89.64;60.09;"Companhia de Saneamento de Alagoas; Águas do Sertão";;;
2105427;100.0;100.0;0.0;100.0;0.71;;;;;;;
1300300;68.43;42.9;0.0;100.0;0.64;21.02;70.49;146.13;Companhia de Saneamento do Amazonas;;;
4321303;98.0;84.22;0.0;0.0;0.61;89.74;30.25;161.02;Companhia Riograndense de Saneamento;0.04;0.02;Companhia Riograndense de Saneamento
2918902;80.81;95.73;0.0;100.0;1.07;71.63;13.54;140.34;Empresa Baiana de Águas e Saneamento S.A.;25.82;;Empresa Baiana de Águas e Saneamento S.A. | Prefeitura Municipal de Lajedão
4304952;32.64;0.0;48.96;0.0;0.43;52.12;42.34;164.76;Companhia Riograndense de Saneamento;;;
3123304;95.25;89.09;0.0;0.0;0.5;38.61;22.21;144.04;Companhia de Saneamento de Minas Gerais;56.48;;Prefeitura Municipal de Dores do Turvo
1504802;45.18;9.2;0.0;100.0;0.98;16.67;67.04;126.59;Companhia de Saneamento do Pará;;;
2604601;98.2;77.25;0.0;0.0;0.79;45.54;23.88;114.49;Companhia Pernambucana de Saneamento;;;
4215703;100.0;100.0;100.0;0.0;0.71;85.25;0.8;144.38;Companhia Catarinense de Águas e Saneamento;37.89;32.49;Companhia Catarinense de Águas e Saneamento
3205150;56.46;20.0;31.19;0.0;0.36;34.08;17.95;158.6;Companhia Espírito-santense de Saneamento;;;
3524006;100.0;100.0;100.0;0.0;0.91;84.58;20.53;205.77;Companhia de Saneamento Básico do Estado de São Paulo;74.54;70.54;Companhia de Saneamento Básico do Estado de São Paulo
3164431;46.78;0.0;0.0;0.0;0.23;66.26;16.22;159.34;Companhia de Saneamento de Minas Gerais;55.95;;Prefeitura Municipal de São Sebastião Da Vargem Alegre
4215695;57.0;0.0;57.0;14.14;0.41;57.0;4.86;497.33;Prefeitura Municipal de Santiago do Sul;;;
3539707;83.63;0.0;7.87;0.0;1.66;95.23;21.58;165.02;Companhia de Saneamento Básico do Estado de São Paulo;81.25;82.51;Companhia de Saneamento Básico do Estado de São Paulo
2911006;67.16;0.0;0.0;100.0;0.79;75.29;11.31;92.8;Empresa Baiana de Águas e Saneamento S.A.;;;
5108808;63.79;0.0;0.0;100.0;1.72;63.11;37.86;259.01;Serviço Autônomo de Água e Esgoto;;;
1300409;100.0;100.0;0.0;100.0;1.18;55.54;35.18;399.18;Serviço Autônomo de Água e Esgoto;;;
3556701;100.0;100.0;98.72;0.0;1.73;97.11;34.23;199.11;Saneamento Básico Vinhedo;89.09;86.54;Saneamento Básico Vinhedo
4215687;100.0;100.0;0.0;0.0;0.48;33.53;51.97;94.7;Companhia Catarinense de Águas e Saneamento;;;
2309904;100.0;100.0;94.56;0.0;0.48;74.11;19.58;130.6;"Sistema Integrado de Saneamento Rural da Bacia do Acaraú; Companhia de Água e Esgoto do Ceará";40.98;;Companhia de Água e Esgoto do Ceará | Prefeitura Municipal de Pacujá
2804458;32.65;2.11;21.06;0.0;0.29;97.4;52.62;134.53;Companhia de Saneamento de Sergipe;;;
4313102;100.0;100.0;0.0;0.0;0.86;55.76;52.76;159.09;Companhia Riograndense de Saneamento;;;
3115102;86.75;0.0;0.0;100.0;0.76;78.26;24.23;209.58;Companhia de Saneamento de Minas Gerais;2.86;;Prefeitura Municipal de Cássia
3515806;100.0;100.0;0.0;59.59;1.39;87.33;18.75;198.38;Companhia de Saneamento Básico do Estado de São Paulo;83.31;78.06;Companhia de Saneamento Básico do Estado de São Paulo
2902807;74.32;43.99;0.0;100.0;0.89;93.67;16.91;287.19;"Prefeitura Municipal de Barra Da Estiva; Empresa Baiana de Águas e Saneamento S.A.";43.51;;Prefeitura Municipal de Barra Da Estiva
4207502;100.0;100.0;96.7;0.0;0.51;96.8;42.75;141.34;Companhia Catarinense de Águas e Saneamento;35.19;31.97;Companhia Catarinense de Águas e Saneamento
1721257;89.87;77.28;0.0;66.67;2.46;62.21;43.94;141.41;Agência Tocantinense de Saneamento;;;
4312955;56.51;17.45;0.0;0.0;0.53;100.0;;175.29;Prefeitura Municipal de Nova Boa Vista;;;
3548500;99.93;0.0;98.35;100.0;1.31;99.33;5.35;290.25;Companhia de Saneamento Básico do Estado de São Paulo;98.46;89.98;Companhia de Saneamento Básico do Estado de São Paulo
3531506;100.0;100.0;0.0;19.44;1.61;93.37;41.85;235.24;Serviço Autônomo de Água, Esgoto e Meio Ambiente de Monte Azul Paulista;93.09;56.69;Serviço Autônomo de Água, Esgoto e Meio Ambiente de Monte Azul Paulista
5108907;100.0;100.0;0.0;100.0;0.98;56.54;58.25;96.95;Prefeitura Municipal de Nova Maringá;;;
4125605;38.71;0.0;0.0;0.0;0.82;61.45;26.06;148.12;Companhia de Saneamento do Paraná S.A.;41.95;35.15;Companhia de Saneamento do Paraná S.A.
3507753;100.0;100.0;0.0;0.0;0.77;90.86;16.59;185.67;Companhia de Saneamento Básico do Estado de São Paulo;76.2;68.76;Companhia de Saneamento Básico do Estado de São Paulo
2612604;100.0;100.0;0.0;0.0;1.56;36.89;54.64;176.99;Companhia Pernambucana de Saneamento;38.0;;Companhia Pernambucana de Saneamento | Prefeitura Municipal de Santa Maria Da Boa Vista
3556800;96.57;0.0;96.57;0.0;0.7;97.24;25.8;234.36;Saneamento Ambiental de Viradouro;97.24;;Saneamento Ambiental de Viradouro
2301703;100.0;100.0;0.0;100.0;0.83;47.87;33.94;142.65;"Companhia de Água e Esgoto do Ceará; Sistema Integrado de Saneamento Rural da Bacia Hidrográfica do Salgado";8.19;;Companhia de Água e Esgoto do Ceará
2211100;58.47;13.66;0.0;100.0;0.27;;;;;;;
4304903;100.0;100.0;0.0;0.0;0.7;55.08;45.34;212.4;Companhia Riograndense de Saneamento;;;
2105500;83.05;45.84;0.0;100.0;1.39;64.11;78.34;140.67;Companhia de Saneamento Ambiental do Maranhão;;;
2513703;100.0;100.0;100.0;0.0;2.93;74.63;69.56;98.62;"Companhia de Águas e Esgotos da Paraíba; Águas do Nordeste S.A.";8.8;;Águas do Nordeste S.A. | Companhia de Águas e Esgotos da Paraíba
3147907;95.96;0.0;95.96;0.0;1.4;95.96;28.19;224.71;Serviço Autônomo de Água e Esgoto;95.46;84.84;Serviço Autônomo de Água e Esgoto
3115201;100.0;100.0;0.0;0.0;0.3;72.66;20.85;145.43;Companhia de Saneamento de Minas Gerais;49.25;60.1;Companhia de Saneamento de Minas Gerais
2902658;100.0;100.0;0.0;100.0;1.49;36.93;27.42;115.96;Empresa Baiana de Águas e Saneamento S.A.;2.94;;Prefeitura Municipal de Banzaê | Empresa Baiana de Águas e Saneamento S.A.
3548609;100.0;100.0;97.71;0.0;0.44;66.9;11.38;189.13;Companhia de Saneamento Básico do Estado de São Paulo;47.06;40.68;Companhia de Saneamento Básico do Estado de São Paulo
2706422;92.57;89.15;0.0;0.0;0.48;73.8;24.28;88.49;"Companhia de Saneamento de Alagoas; Águas do Sertão";;;
3204955;100.0;100.0;0.0;0.0;0.5;51.85;26.26;151.79;Companhia Espírito-santense de Saneamento;3.25;2.77;Companhia Espírito-santense de Saneamento
3140100;85.9;16.23;0.0;100.0;0.34;66.57;35.8;185.01;Companhia de Saneamento de Minas Gerais;83.17;;Prefeitura Municipal de Marilac
3523305;63.44;0.0;0.0;100.0;1.39;43.82;20.48;213.44;Companhia de Saneamento Básico do Estado de São Paulo;33.83;31.32;Companhia de Saneamento Básico do Estado de São Paulo
1504604;71.42;0.0;0.0;100.0;1.0;34.2;5.45;103.42;Companhia de Saneamento do Pará;;;
4117404;50.19;0.0;0.0;0.0;0.86;94.88;29.37;190.04;Companhia de Saneamento do Paraná S.A.;;;
4215000;100.0;100.0;86.89;0.0;0.5;92.05;26.82;156.42;Serviço Autônomo de Saneamento Básico;70.53;65.1;Serviço Autônomo de Saneamento Básico
3515129;88.6;0.0;88.6;0.0;1.63;88.21;13.92;186.64;Companhia de Saneamento Básico do Estado de São Paulo;85.01;75.89;Companhia de Saneamento Básico do Estado de São Paulo
2604403;;;;;;60.41;37.68;107.96;Companhia Pernambucana de Saneamento;;;
4101051;81.05;0.0;81.05;86.16;0.67;85.06;27.39;156.47;Companhia de Saneamento do Paraná S.A.;;;
5003801;86.75;0.0;0.0;0.0;0.64;92.38;41.24;158.58;Empresa de Saneamento de Mato Grosso do Sul S/A;27.02;23.78;Empresa de Saneamento de Mato Grosso do Sul S/A
4321105;98.37;80.65;0.0;0.0;1.14;91.7;15.47;150.59;Companhia Riograndense de Saneamento;5.17;;Companhia Riograndense de Saneamento
2202901;;;;;;;;;;;;
2706406;86.37;78.55;0.0;0.0;0.58;99.98;31.84;130.13;"Serviço Autônomo de Água e Esgoto; Companhia de Saneamento de Alagoas; Águas do Sertão";;;
2505501;100.0;100.0;0.0;0.0;0.41;49.45;32.32;129.16;Companhia de Águas e Esgotos da Paraíba;;;
2210938;70.92;71.22;0.0;100.0;0.44;100.0;30.27;82.94;Prefeitura Municipal de Sussuapara;;;
4215109;86.85;25.95;51.49;0.0;0.45;61.32;53.35;120.82;Companhia Catarinense de Águas e Saneamento;;;
3515103;100.0;100.0;0.0;0.0;0.86;91.56;33.64;134.77;Companhia de Saneamento Básico do Estado de São Paulo;43.75;33.73;Companhia de Saneamento Básico do Estado de São Paulo
2910800;98.03;68.26;0.0;0.0;1.46;92.9;34.8;124.35;Empresa Baiana de Águas e Saneamento S.A.;56.65;56.12;Empresa Baiana de Águas e Saneamento S.A.
2202752;93.84;84.75;0.0;100.0;4.14;;;;;;;
4109203;84.84;14.45;82.28;0.0;0.51;84.59;14.88;184.91;Companhia de Saneamento do Paraná S.A.;;;
3131901;100.0;100.0;0.0;0.0;0.83;99.39;27.18;267.95;Serviço Autônomo de Saneamento Básico;96.0;77.96;Serviço Autônomo de Saneamento Básico
4206801;92.07;85.19;0.0;0.0;0.51;62.17;42.87;116.63;Companhia Catarinense de Águas e Saneamento;;;
1504703;64.87;41.95;0.0;100.0;2.33;14.48;62.35;115.83;Companhia de Saneamento do Pará;;;
2309706;100.0;100.0;0.0;100.0;1.1;77.15;1.31;118.38;Companhia de Água e Esgoto do Ceará;32.08;;Companhia de Água e Esgoto do Ceará
4312906;69.73;0.0;69.73;0.0;0.49;63.71;21.96;162.34;Companhia Riograndense de Saneamento;;;
4321204;100.0;100.0;82.4;0.0;0.63;73.94;25.64;145.67;Companhia Riograndense de Saneamento;;;
2612554;36.67;0.0;0.0;0.0;0.22;36.67;9.04;99.87;Companhia Pernambucana de Saneamento;12.09;;Prefeitura Municipal de Santa Filomena | Companhia Pernambucana de Saneamento
2804508;100.0;100.0;0.0;0.0;0.5;99.14;54.56;129.17;Companhia de Saneamento de Sergipe;;;
2114007;38.15;10.94;0.0;100.0;0.56;29.28;71.42;105.61;Companhia de Saneamento Ambiental do Maranhão;;;
4124905;100.0;100.0;0.0;0.0;0.66;91.89;19.31;164.15;Companhia de Saneamento do Paraná S.A.;90.91;93.75;Companhia de Saneamento do Paraná S.A.
2202737;30.1;2.3;0.0;100.0;0.34;100.0;14.8;128.94;Prefeitura Municipal de Coivaras;;;
2902609;;;;;;58.15;29.41;139.28;Empresa Baiana de Águas e Saneamento S.A.;31.61;;Empresa Baiana de Águas e Saneamento S.A.
2910909;;;;;;91.65;14.81;119.13;Empresa Baiana de Águas e Saneamento S.A.;;;
3107109;100.0;100.0;0.0;0.0;0.71;87.9;35.84;183.91;Serviço Autônomo de Água e Esgoto;87.02;83.0;Serviço Autônomo de Água e Esgoto
4304713;92.68;89.86;0.0;0.0;0.74;100.0;34.15;564.66;Prefeitura Municipal de Caraá;;;
2210904;84.11;74.07;0.0;100.0;3.78;;;;;;;
3205036;100.0;100.0;0.0;0.0;0.53;44.22;31.38;141.89;Serviço Autônomo de Água e Esgoto;24.57;0.0;Serviço Autônomo de Água e Esgoto
4313011;43.87;1.68;43.87;0.0;0.47;43.4;2.91;247.91;Associação Comunitária AGUA-TEL;;;
2202729;42.35;19.24;0.0;100.0;0.85;96.09;56.55;48.54;Prefeitura Municipal de Cocal Dos Alves;;;
3123700;62.9;0.0;0.0;0.0;1.09;47.39;20.98;120.54;Companhia de Saneamento de Minas Gerais;69.89;;Prefeitura Municipal de Engenheiro Caldas
4215075;54.87;0.0;0.0;0.0;0.27;58.76;35.26;128.46;Companhia Catarinense de Águas e Saneamento;;;
4206900;90.14;8.94;89.17;0.0;0.47;84.41;38.94;141.69;Companhia Catarinense de Águas e Saneamento;19.33;17.86;Companhia Catarinense de Águas e Saneamento
3547908;80.95;0.0;24.29;0.0;0.44;100.0;40.0;238.93;Prefeitura Municipal de Santo Antônio Da Alegria;78.05;;Prefeitura Municipal de Santo Antônio Da Alegria
2309805;100.0;100.0;0.0;100.0;1.21;27.08;44.2;47.45;Companhia de Água e Esgoto do Ceará;25.6;;Companhia de Água e Esgoto do Ceará
4313003;48.31;0.0;0.0;0.0;0.3;50.31;36.67;174.3;Companhia Riograndense de Saneamento;;;
4101002;80.73;0.0;32.97;0.0;0.63;81.05;25.59;150.85;Companhia de Saneamento do Paraná S.A.;74.26;66.6;Companhia de Saneamento do Paraná S.A.
3515202;100.0;100.0;0.0;0.0;0.99;91.37;9.12;178.98;Companhia de Saneamento Básico do Estado de São Paulo;85.1;77.75;Companhia de Saneamento Básico do Estado de São Paulo
2105807;;;;;;25.96;75.87;157.43;Companhia de Saneamento Ambiental do Maranhão;;;
2513505;48.41;0.0;0.0;100.0;0.49;37.68;41.14;139.94;Companhia de Águas e Esgotos da Paraíba;;;
4116703;90.37;48.51;90.37;0.0;0.58;83.32;28.02;156.15;Companhia de Saneamento do Paraná S.A.;58.46;;Companhia de Saneamento do Paraná S.A.
2202711;100.0;100.0;0.0;100.0;3.81;;;;;;;
3515194;100.0;100.0;100.0;0.0;0.62;94.45;39.37;154.13;Companhia de Saneamento Básico do Estado de São Paulo;89.14;84.35;Companhia de Saneamento Básico do Estado de São Paulo
3115508;97.63;27.72;97.63;92.3;1.26;85.25;67.04;172.59;Companhia de Saneamento de Minas Gerais;83.69;96.93;Companhia de Saneamento de Minas Gerais
3140159;100.0;100.0;0.0;0.0;0.64;93.77;30.36;161.46;Companhia de Saneamento de Minas Gerais;;;
4215059;100.0;100.0;0.0;0.0;0.45;;;;;;;
2902708;;;;;;;;;;;;
3164308;100.0;100.0;0.0;0.0;0.95;56.18;17.8;217.34;Companhia de Saneamento de Minas Gerais;52.4;60.91;Companhia de Saneamento de Minas Gerais
3147956;88.38;76.11;0.0;0.0;0.31;48.26;16.18;153.18;Companhia de Saneamento de Minas Gerais;19.7;46.9;Companhia de Saneamento de Minas Gerais
2202703;;;;;;;;;;;;
5208103;64.09;77.69;0.0;100.0;0.56;60.91;19.0;232.67;Saneamento de Goiás S/A;;;
3515186;100.0;100.0;90.83;0.0;1.23;95.34;17.88;208.51;Companhia de Saneamento Básico do Estado de São Paulo;91.84;88.78;Companhia de Saneamento Básico do Estado de São Paulo
2407203;80.19;0.0;0.0;100.0;0.82;65.23;65.28;155.78;Companhia de Águas e Esgotos do Rio Grande do Norte;61.82;48.46;Companhia de Águas e Esgotos do Rio Grande do Norte
3205010;52.72;33.44;42.22;0.0;0.85;68.96;46.06;124.63;Serviço Autônomo de Água e Esgoto;38.27;43.88;Serviço Autônomo de Água e Esgoto
2105922;47.16;0.0;0.0;100.0;0.26;97.35;63.92;186.33;Prefeitura Municipal de Lagoa do Mato;;;
2918753;;;;;;26.5;26.5;101.37;Empresa Baiana de Águas e Saneamento S.A.;;;
2301604;90.04;93.8;0.0;100.0;1.32;67.65;33.53;114.72;"Sistema Integrado de Saneamento Rural da Bacia do Alto Jaguaribe; Companhia de Água e Esgoto do Ceará";67.53;;Companhia de Água e Esgoto do Ceará | Prefeitura Municipal de Assaré
2211001;96.0;22.93;94.81;0.0;1.14;94.81;19.55;293.75;Águas de Teresina Saneamento SPE S.A;55.46;44.85;Águas de Teresina Saneamento SPE S.A
4304804;100.0;100.0;100.0;0.0;0.86;77.1;25.75;157.96;Companhia Riograndense de Saneamento;4.06;3.26;Companhia Riograndense de Saneamento
2505303;60.59;0.0;0.0;0.0;1.98;;;;;;;
3205002;100.0;100.0;98.73;0.0;1.42;79.74;29.21;252.16;Companhia Espírito-santense de Saneamento;73.45;70.32;Companhia Espírito-santense de Saneamento
2513604;67.6;64.41;0.0;0.0;0.32;42.63;42.09;145.87;Companhia de Águas e Esgotos da Paraíba;;;
1712454;;;;;;67.96;43.04;150.28;Agência Tocantinense de Saneamento;;;
4320503;53.41;0.0;53.41;0.0;0.44;49.83;39.86;174.3;Companhia Riograndense de Saneamento;;;
2910859;100.0;100.0;0.0;100.0;1.96;85.92;25.0;127.87;Empresa Baiana de Águas e Saneamento S.A.;;;
4108502;55.24;0.0;0.0;0.0;0.67;79.09;36.12;136.57;Companhia de Saneamento do Paraná S.A.;43.38;35.23;Companhia de Saneamento do Paraná S.A.
1504000;25.17;0.0;0.0;100.0;0.88;18.08;48.2;101.94;Companhia de Saneamento do Pará;;;
2105906;;;;;;13.15;58.49;141.65;Companhia de Saneamento Ambiental do Maranhão;;;
4116802;44.12;0.0;0.0;0.0;0.69;68.11;27.87;169.93;Companhia de Saneamento do Paraná S.A.;;;
5101001;66.91;0.0;0.0;100.0;0.63;66.53;21.06;288.2;Prefeitura Municipal de Araguaiana;;;
2706448;;;;;;82.29;62.34;99.6;"BRK Ambiental - Região Metropolitana de Maceió S.A.; Companhia de Saneamento de Alagoas";;;
4214904;46.22;0.0;0.0;0.0;0.4;44.93;24.27;140.84;Companhia Catarinense de Águas e Saneamento;;;
2210979;;;;;;;;;;;;
3156106;;;;;;61.88;18.61;209.4;Companhia de Saneamento de Minas Gerais;;;
3523206;100.0;100.0;28.35;0.0;0.46;96.04;24.54;152.54;Companhia de Saneamento Básico do Estado de São Paulo;90.35;84.47;Companhia de Saneamento Básico do Estado de São Paulo
3515152;;;;;;94.07;44.16;98.33;Serviço de Água e Esgoto de Engenheiro Coelho;94.07;;Serviço de Água e Esgoto de Engenheiro Coelho
5003702;93.9;0.0;14.73;0.0;1.49;92.96;37.58;168.53;Empresa de Saneamento de Mato Grosso do Sul S/A;82.3;70.93;Empresa de Saneamento de Mato Grosso do Sul S/A
3115474;;;;;;48.66;64.03;133.92;Companhia de Saneamento de Minas Gerais;20.15;;Companhia de Saneamento de Minas Gerais
2202802;84.06;66.47;0.0;100.0;0.58;;;;;;;
2706307;;;;;;79.14;66.11;105.29;"Companhia de Saneamento de Alagoas; Águas do Sertão";3.36;;Águas do Sertão
2804300;64.73;34.07;0.0;0.0;0.36;99.96;51.36;115.43;Companhia de Saneamento de Sergipe;;;
3302601;100.0;100.0;100.0;0.0;2.4;87.45;18.82;190.5;Companhia Estadual de Águas e Esgotos do Rio de Janeiro;;;
4100301;84.54;86.2;0.0;0.0;0.77;56.71;19.29;116.83;Companhia de Saneamento do Paraná S.A.;30.97;22.92;Companhia de Saneamento do Paraná S.A.
2505402;;;;;;0.0;0.0;;Companhia de Águas e Esgotos da Paraíba;;;
4108601;93.79;15.01;93.79;0.0;0.54;93.69;26.54;162.83;Companhia de Saneamento do Paraná S.A.;66.06;58.12;Companhia de Saneamento do Paraná S.A.
3106903;100.0;100.0;0.0;0.0;0.31;84.22;15.56;181.99;Companhia de Saneamento de Minas Gerais;91.75;;Prefeitura Municipal de Bicas
2301950;;;;;;31.73;45.36;157.22;Companhia de Água e Esgoto do Ceará;6.69;;Companhia de Água e Esgoto do Ceará
4312302;52.69;0.0;52.69;0.0;0.31;51.53;21.46;383.26;Companhia Riograndense de Saneamento;;;
3515004;100.0;100.0;99.41;100.0;1.54;100.0;22.72;194.98;Companhia de Saneamento Básico do Estado de São Paulo;90.71;70.76;Companhia de Saneamento Básico do Estado de São Paulo
3204351;61.0;30.0;12.85;0.0;0.47;44.28;43.93;160.26;Serviço Autônomo de Água e Esgoto;37.09;31.07;Serviço Autônomo de Água e Esgoto
3507605;100.0;100.0;92.96;0.0;1.12;96.1;22.01;178.89;Companhia de Saneamento Básico do Estado de São Paulo;83.07;71.28;Companhia de Saneamento Básico do Estado de São Paulo
1704105;64.82;0.0;0.0;100.0;0.9;62.44;52.37;150.06;Agência Tocantinense de Saneamento;;;
4206702;;;;;;92.86;7.59;148.81;Serviço Intermunicipal de Água e Esgoto;83.16;;Serviço Intermunicipal de Água e Esgoto
2210953;;;;;;;;;;;;
2202778;56.43;26.55;0.0;100.0;0.39;;;;;;;
2911204;83.62;0.0;0.0;100.0;1.98;77.04;26.13;118.39;Empresa Baiana de Águas e Saneamento S.A.;;;
2804409;96.63;95.76;0.0;0.0;0.61;92.2;54.88;91.69;Companhia de Saneamento de Sergipe;;;
3156452;100.0;100.0;0.0;0.0;0.35;57.88;23.73;140.81;Companhia de Saneamento de Minas Gerais;61.23;;Prefeitura Municipal de Rosário da Limeira
2927002;85.0;50.34;0.0;100.0;2.31;83.96;21.17;111.04;Empresa Baiana de Águas e Saneamento S.A.;;;
1712405;;;;;;86.26;41.09;127.11;Hidro Forte Administração e Operação S/A;;;
4124806;88.31;82.02;0.0;0.0;0.88;70.58;23.16;144.59;Companhia de Saneamento do Paraná S.A.;48.86;43.89;Companhia de Saneamento do Paraná S.A.
5207907;34.98;0.0;0.0;100.0;0.88;27.71;16.04;114.28;Saneamento de Goiás S/A;;;
3302700;94.35;0.0;0.0;0.0;1.03;78.26;37.42;123.49;Águas do Rio 1 SPE S.A.;12.47;0.0;Companhia de Saneamento de Maricá S.A
2310100;;;;;;38.48;41.92;77.87;Companhia de Água e Esgoto do Ceará;8.34;;Companhia de Água e Esgoto do Ceará
4100400;93.46;59.99;50.11;0.0;0.48;88.75;51.53;122.52;Companhia de Saneamento do Paraná S.A.;72.6;64.35;Companhia de Saneamento do Paraná S.A.
4304101;94.77;86.52;0.0;0.0;0.42;50.88;32.43;168.71;Companhia Riograndense de Saneamento;;;
2407005;;;;;;54.44;61.45;87.94;Companhia de Águas e Esgotos do Rio Grande do Norte;;;
4320578;31.1;0.0;31.1;0.0;0.28;100.0;59.45;129.2;Prefeitura Municipal de Sete de Setembro;;;
3107000;60.19;7.47;0.0;100.0;0.53;68.37;22.51;231.14;Companhia de Saneamento de Minas Gerais;;;
2918803;;;;;;35.74;13.37;114.23;Empresa Baiana de Águas e Saneamento S.A.;17.08;;Empresa Baiana de Águas e Saneamento S.A.
2211308;100.0;100.0;0.0;100.0;1.61;;;;;;;
2903003;43.57;0.0;0.0;100.0;1.26;78.02;33.44;104.98;Empresa Baiana de Águas e Saneamento S.A.;;;
3556107;100.0;100.0;91.84;0.0;1.74;99.37;15.29;187.05;Companhia de Saneamento Básico do Estado de São Paulo;95.35;91.78;Companhia de Saneamento Básico do Estado de São Paulo
1504059;;;;;;31.71;19.96;208.68;Prefeitura Municipal de Mãe do Rio;;;
2105708;92.25;99.32;0.0;100.0;0.32;1.71;29.87;735.72;Companhia de Saneamento Ambiental do Maranhão;;;
4116604;100.0;100.0;100.0;0.0;1.29;87.12;41.87;144.98;Companhia de Saneamento do Paraná S.A.;48.8;39.68;Companhia de Saneamento do Paraná S.A.
2505352;61.31;0.0;0.0;0.0;0.28;26.68;56.99;83.64;Companhia de Águas e Esgotos da Paraíba;35.08;0.0;Companhia de Águas e Esgotos da Paraíba | Prefeitura Municipal de Damião
2310209;;;;;;30.61;58.19;76.77;"Companhia de Água e Esgoto do Ceará; Sistema Integrado de Saneamento Rural da Bacia do Curú e Letora";13.46;;Companhia de Água e Esgoto do Ceará
4108551;90.91;80.38;90.91;0.0;0.37;67.24;31.68;156.06;Companhia de Saneamento do Paraná S.A.;;;
4312385;31.35;0.0;31.35;0.0;0.6;100.0;13.96;135.3;Prefeitura Municipal de Monte Belo do Sul;;;
2301901;95.91;85.49;0.0;0.0;0.5;58.08;51.3;130.24;Companhia de Água e Esgoto do Ceará;12.24;;Companhia de Água e Esgoto do Ceará
4320552;26.14;0.0;0.0;0.0;0.26;21.98;23.83;143.45;Companhia Riograndense de Saneamento;;;
3514957;88.27;0.0;0.0;0.0;1.02;100.0;41.49;136.47;Prefeitura Municipal de Embaúba;100.0;;Prefeitura Municipal de Embaúba
3539608;88.44;0.0;0.0;0.0;0.76;99.91;8.04;179.47;Companhia de Saneamento Básico do Estado de São Paulo;99.37;93.67;Companhia de Saneamento Básico do Estado de São Paulo
5208004;89.35;0.0;0.0;100.0;0.91;92.76;29.62;138.96;Saneamento de Goiás S/A;92.76;70.49;Saneamento de Goiás S/A
4312377;80.0;86.07;0.0;0.0;0.25;38.34;20.0;28.66;Prefeitura Municipal de Monte Alegre dos Campos;11.6;;Prefeitura Municipal de Monte Alegre dos Campos
2407104;100.0;100.0;0.0;0.0;1.57;51.49;53.04;129.92;Companhia de Águas e Esgotos do Rio Grande do Norte;2.53;1.92;Companhia de Águas e Esgotos do Rio Grande do Norte
2513901;87.5;20.01;0.0;0.0;1.51;70.03;44.35;154.73;Companhia de Águas e Esgotos da Paraíba;66.77;;Prefeitura Municipal de São Bento | Companhia de Águas e Esgotos da Paraíba
2203107;72.45;0.0;0.0;100.0;2.2;;;;;;;
3204302;73.47;70.01;8.88;0.0;0.6;23.84;19.62;163.46;Companhia Espírito-santense de Saneamento;49.84;;Prefeitura Municipal de Presidente Kennedy
3164704;96.45;49.99;86.21;0.0;0.59;86.09;20.97;174.78;Companhia de Saneamento de Minas Gerais;82.54;89.43;Companhia de Saneamento de Minas Gerais
3506904;;;;;;70.5;13.71;163.82;Companhia de Saneamento Básico do Estado de São Paulo;56.03;;Companhia de Saneamento Básico do Estado de São Paulo
4108403;87.86;3.23;87.45;0.0;0.66;87.13;28.81;158.22;Companhia de Saneamento do Paraná S.A.;75.43;68.45;Companhia de Saneamento do Paraná S.A.
2302008;81.35;54.68;0.0;100.0;0.42;60.55;35.01;120.62;"Companhia de Água e Esgoto do Ceará; Sistema Integrado de Saneamento Rural da Bacia Hidrográfica do Salgado";5.56;;Companhia de Água e Esgoto do Ceará
2903102;67.6;0.0;0.0;100.0;0.69;67.3;19.54;104.21;Empresa Baiana de Águas e Saneamento S.A.;42.23;0.0;Prefeitura Municipal de Barra do Rocha | Empresa Baiana de Águas e Saneamento S.A.
2505709;85.4;70.0;85.4;0.0;2.34;18.66;31.26;114.47;Companhia de Águas e Esgotos da Paraíba;;;
2926301;61.51;29.32;0.0;100.0;1.23;98.63;24.44;107.82;Empresa Baiana de Águas e Saneamento S.A.;1.58;1.29;Empresa Baiana de Águas e Saneamento S.A.
4312351;100.0;100.0;0.0;0.0;0.99;;;;;;;
3531407;93.16;0.0;6.4;0.0;1.07;97.25;15.67;191.02;Companhia de Saneamento Básico do Estado de São Paulo;93.7;87.65;Companhia de Saneamento Básico do Estado de São Paulo
2612000;93.6;83.88;93.6;0.0;2.33;65.82;9.51;178.62;Companhia Pernambucana de Saneamento;;;
5215504;100.0;100.0;91.73;100.0;1.29;83.08;16.08;185.8;Saneamento de Goiás S/A;;;
4206751;36.06;0.0;0.0;0.0;1.08;43.6;28.17;146.4;Companhia Catarinense de Águas e Saneamento;14.6;;Companhia Catarinense de Águas e Saneamento | Prefeitura Municipal de Ibiam
3204401;100.0;100.0;100.0;0.0;1.16;61.02;24.43;169.21;Companhia Espírito-santense de Saneamento;;;
5002951;92.66;0.0;92.66;0.0;1.36;91.73;27.46;206.06;Empresa de Saneamento de Mato Grosso do Sul S/A;82.87;85.86;Empresa de Saneamento de Mato Grosso do Sul S/A
2911253;;;;;;82.37;8.16;113.33;Empresa Baiana de Águas e Saneamento S.A.;;;
2203206;70.63;0.0;0.0;100.0;0.31;;;;;;;
1720499;92.37;94.59;0.0;66.67;1.08;60.41;39.25;135.63;Hidro Forte Administração e Operação S/A;;;
3115359;100.0;100.0;0.0;67.69;0.7;92.15;19.93;317.45;Prefeitura Municipal de Catas Altas;88.62;;Prefeitura Municipal de Catas Altas
3156502;91.03;78.51;0.0;100.0;0.89;64.95;17.44;150.54;COPASA Serviços de Saneamento Integrado do Norte e Nordeste de Minas Gerais S/A;20.84;16.63;COPASA Serviços de Saneamento Integrado do Norte e Nordeste de Minas Gerais S/A
3302502;100.0;100.0;0.0;100.0;1.5;69.27;20.85;158.67;Águas do Rio 1 SPE S.A.;;;
4100202;94.83;92.27;0.0;0.0;0.38;34.09;25.32;290.6;Companhia de Saneamento do Paraná S.A.;;;
3507001;100.0;100.0;100.0;0.0;0.98;98.13;15.14;188.43;Companhia de Saneamento Básico do Estado de São Paulo;80.59;74.93;Companhia de Saneamento Básico do Estado de São Paulo
2513984;40.25;0.0;0.0;0.0;0.31;27.34;63.87;127.41;Companhia de Águas e Esgotos da Paraíba;40.75;;Companhia de Águas e Esgotos da Paraíba | Prefeitura Municipal de São Francisco
2918100;77.05;69.18;0.0;100.0;1.33;54.45;13.09;115.98;Empresa Baiana de Águas e Saneamento S.A.;74.37;17.38;Empresa Baiana de Águas e Saneamento S.A. | Prefeitura Municipal de Jeremoabo
2926400;60.06;33.49;0.0;100.0;0.98;53.49;36.99;125.54;"Central de Associações Comunitárias para Manutenção dos Sistemas de Saneamento - Região de Caetité; Empresa Baiana de Águas e Saneamento S.A.";;;
3123528;48.1;0.0;0.0;100.0;0.89;32.6;21.88;106.76;Companhia de Saneamento de Minas Gerais;63.27;;Prefeitura Municipal de Durandé
2804706;;;;;;98.34;49.07;125.03;Companhia de Saneamento de Sergipe;;;
2603801;;;;;;37.43;52.6;114.0;Companhia Pernambucana de Saneamento;;;
3107307;86.52;0.0;0.0;0.0;0.64;87.13;49.69;121.84;Serviço Autônomo de Água e Esgoto;77.94;67.54;Serviço Autônomo de Água e Esgoto
3140001;100.0;100.0;92.46;0.0;0.83;100.0;21.48;253.23;Serviço Autônomo de Água e Esgoto de Mariana;92.36;0.0;Serviço Autônomo de Água e Esgoto de Mariana
2911105;82.59;48.52;0.0;0.0;1.28;69.94;14.85;117.32;Empresa Baiana de Águas e Saneamento S.A.;;;
2513968;;;;;;;;;;;;
2211357;;;;;;;;;;;;
4207106;100.0;100.0;100.0;0.0;0.76;62.19;34.12;196.8;ILHOTA SANEAMENTO SPE S/A;6.0;;Serviço Autônomo Municipal de Agua e Esgoto do Município de Ilhota
3148301;79.67;51.39;0.0;0.0;0.63;58.22;31.13;135.86;Companhia de Saneamento de Minas Gerais;58.18;;Prefeitura Municipal de Paula Cândido
2918209;50.45;6.69;0.0;100.0;0.76;46.86;12.36;115.75;Empresa Baiana de Águas e Saneamento S.A.;32.61;33.52;Empresa Baiana de Águas e Saneamento S.A.
4312179;100.0;100.0;0.0;0.0;0.52;;;;;;;
2310001;63.21;0.0;0.0;100.0;0.69;62.14;57.02;150.68;"Companhia de Água e Esgoto do Ceará; Sistema Integrado de Saneamento Rural da Bacia Hidrográfica do Baixo e Médio Jaguaribe";;;
4320354;100.0;100.0;0.0;0.0;0.43;25.64;20.09;126.3;Companhia Riograndense de Saneamento;;;
4304002;100.0;100.0;39.46;0.0;1.57;63.46;34.32;107.46;Companhia Riograndense de Saneamento;;;
3115458;31.83;16.54;0.0;100.0;0.36;21.98;31.35;224.15;COPASA Serviços de Saneamento Integrado do Norte e Nordeste de Minas Gerais S/A;15.6;0.0;COPASA Serviços de Saneamento Integrado do Norte e Nordeste de Minas Gerais S/A
2804805;98.57;0.0;0.0;0.0;0.67;99.93;58.23;85.99;Companhia de Saneamento de Sergipe;45.06;26.33;Companhia de Saneamento de Sergipe
3131802;85.23;49.31;0.0;86.32;0.73;81.49;18.13;124.91;"Companhia de Saneamento de Minas Gerais ; COPASA Serviços de Saneamento Integrado do Norte e Nordeste de Minas Gerais S/A";70.62;13.81;COPASA Serviços de Saneamento Integrado do Norte e Nordeste de Minas Gerais S/A | Companhia de Saneamento de Minas Gerais
2513943;56.05;0.0;0.0;0.0;0.27;49.25;4.11;197.32;Companhia de Águas e Esgotos da Paraíba;43.46;;Companhia de Águas e Esgotos da Paraíba | Prefeitura Municipal de São Domingos do Cariri
2902906;94.81;83.56;0.0;100.0;1.12;77.17;15.92;108.07;Empresa Baiana de Águas e Saneamento S.A.;1.17;;Empresa Baiana de Águas e Saneamento S.A.
3164506;37.41;0.0;0.0;100.0;0.31;28.2;17.41;153.41;Companhia de Saneamento de Minas Gerais;20.54;0.0;Companhia de Saneamento de Minas Gerais
3556008;93.07;0.0;0.0;0.0;0.98;93.07;15.0;459.1;Prefeitura Municipal de Urupês;93.07;;Prefeitura Municipal de Urupês
2407401;74.02;0.0;0.0;100.0;0.45;86.1;27.94;115.75;Companhia de Águas e Esgotos do Rio Grande do Norte;;;
2611804;100.0;100.0;0.0;0.0;0.55;77.95;49.42;139.67;Companhia Pernambucana de Saneamento;;;
4108452;100.0;100.0;100.0;0.0;0.58;96.97;18.71;133.46;Companhia de Saneamento do Paraná S.A.;;;
4312153;100.0;100.0;100.0;0.0;0.45;100.0;27.13;157.31;Associações Hídricas Comunitárias;2.0;;Prefeitura Municipal de Mato Leitão
2301802;;;;;;69.39;18.56;125.29;"Sistema Integrado de Saneamento Rural da Bacia Hidrográfica do Salgado; Companhia de Água e Esgoto do Ceará";;;
3204203;89.2;0.0;89.2;0.0;2.07;80.39;31.07;230.68;Companhia Espírito-santense de Saneamento;50.2;56.17;Companhia Espírito-santense de Saneamento
2513927;74.67;0.0;0.0;0.0;2.51;57.81;42.39;126.47;Companhia de Águas e Esgotos da Paraíba;;;
4320453;;;;;;;;;;;;
5215306;100.0;100.0;0.0;100.0;0.85;57.8;22.81;187.69;Saneamento de Goiás S/A;;;
3123601;100.0;100.0;0.0;0.0;1.25;85.15;33.26;177.07;Serviço Autônomo de Água e Esgoto;85.15;;Serviço Autônomo de Água e Esgoto
2203008;;;;;;;;;;;;
3156304;100.0;100.0;0.0;0.0;1.12;77.43;22.67;172.96;Companhia de Saneamento de Minas Gerais;78.12;0.0;Prefeitura Municipal de Rodeiro
3547809;100.0;100.0;100.0;0.0;0.92;100.0;30.94;186.04;Companhia de Saneamento Básico do Estado de São Paulo;100.0;79.78;Companhia de Saneamento Básico do Estado de São Paulo
4215356;49.99;5.9;0.0;0.0;0.17;49.44;46.63;101.15;Companhia Catarinense de Águas e Saneamento;;;
3506805;100.0;100.0;0.0;0.0;1.54;97.28;25.72;204.5;Companhia de Saneamento Básico do Estado de São Paulo;94.34;91.71;Companhia de Saneamento Básico do Estado de São Paulo
3164605;100.0;100.0;0.0;100.0;2.14;62.84;36.66;191.44;Companhia de Saneamento de Minas Gerais;74.43;;Prefeitura Municipal de São Sebastião do Oeste
4312138;100.0;100.0;0.0;0.0;0.43;100.0;3.93;144.56;Prefeitura Municipal de Mato Castelhano;;;
5207253;100.0;100.0;0.0;100.0;1.41;70.01;31.16;191.31;Saneamento de Goiás S/A;;;
3139300;85.57;52.01;0.0;100.0;0.87;59.43;15.96;164.2;Companhia de Saneamento de Minas Gerais;19.18;69.14;Companhia de Saneamento de Minas Gerais
2603603;72.91;0.0;0.0;0.0;0.65;84.51;8.16;136.3;Companhia Pernambucana de Saneamento;;;
2611903;79.02;23.79;0.0;0.0;1.2;47.93;38.96;173.96;Companhia Pernambucana de Saneamento;14.34;;Companhia Pernambucana de Saneamento
3515350;;;;;;84.16;18.47;147.94;Companhia de Saneamento Básico do Estado de São Paulo;64.27;;Companhia de Saneamento Básico do Estado de São Paulo
3540002;100.0;100.0;94.51;0.0;1.24;;;;;;;
1720804;100.0;100.0;0.0;100.0;1.03;75.63;27.68;135.05;Hidro Forte Administração e Operação S/A;30.73;26.08;Hidro Forte Administração e Operação S/A
3115409;;;;;;;;;;;;
2926202;67.2;33.17;0.0;100.0;0.27;54.38;19.32;135.87;Empresa Baiana de Águas e Saneamento S.A.;;;
4312252;96.61;0.0;0.0;0.0;0.53;97.13;45.08;155.27;Companhia Riograndense de Saneamento;;;
2505600;100.0;100.0;0.0;100.0;1.72;65.23;38.85;128.63;Companhia de Águas e Esgotos da Paraíba;;;
3556354;100.0;100.0;0.0;0.0;0.61;56.0;27.59;162.51;Companhia de Saneamento Básico do Estado de São Paulo;45.59;27.72;Companhia de Saneamento Básico do Estado de São Paulo
5215405;70.18;0.0;0.0;0.0;0.48;64.17;24.89;156.53;Saneamento de Goiás S/A;;;
3148103;;;;;;98.9;47.67;153.75;Departamento de Água e Esgoto de Patrocínio;93.96;;Departamento de Água e Esgoto de Patrocínio
3131109;100.0;100.0;0.0;100.0;1.52;71.28;45.84;190.36;Companhia de Saneamento de Minas Gerais;76.71;;Prefeitura Municipal de Inimutaba
3156403;;;;;;;;;;;;
3531803;100.0;100.0;0.0;0.0;1.06;100.0;26.54;174.2;Companhia de Saneamento Básico do Estado de São Paulo;89.11;83.37;Companhia de Saneamento Básico do Estado de São Paulo
5207352;61.17;0.0;0.0;31.31;0.36;64.15;7.6;217.26;Saneamento de Goiás S/A;;;
1503903;54.31;55.0;0.0;100.0;1.43;47.71;37.0;151.87;Prefeitura Municipal de Juruti;;;
2804607;100.0;100.0;0.0;1.69;0.34;99.48;46.69;102.04;Companhia de Saneamento de Sergipe;53.88;34.16;Companhia de Saneamento de Sergipe
3302908;90.39;0.0;0.0;0.0;0.82;81.69;35.38;150.91;Iguá Rio de Janeiro S.A.;10.91;7.9;Iguá Rio de Janeiro S.A.
4100608;89.89;25.91;0.0;0.97;0.4;87.46;21.03;157.37;Companhia de Saneamento do Paraná S.A.;71.81;62.27;Companhia de Saneamento do Paraná S.A.
2918001;88.9;15.97;0.0;0.0;1.01;91.53;21.03;122.81;Empresa Baiana de Águas e Saneamento S.A.;83.12;75.9;Empresa Baiana de Águas e Saneamento S.A.
4320404;88.76;0.0;88.76;0.0;0.55;87.95;35.2;264.39;Companhia Riograndense de Saneamento;;;
2603702;71.69;47.76;0.0;0.0;0.66;58.31;5.56;197.33;Companhia Pernambucana de Saneamento;;;
2705705;73.41;15.0;0.0;0.0;0.43;89.95;63.55;102.58;Companhia de Saneamento de Alagoas;;;
1300029;83.98;80.02;0.0;100.0;0.47;14.76;81.99;66.73;Companhia de Saneamento do Amazonas;;;
4116950;47.7;13.53;0.0;0.0;0.39;45.47;28.02;154.37;Companhia de Saneamento do Paraná S.A.;;;
4215307;77.47;30.59;0.0;0.0;0.45;67.37;35.84;125.73;Companhia Catarinense de Águas e Saneamento;;;
2105153;;;;;;;;;;;;
5100250;85.9;15.96;0.0;100.0;0.59;87.56;13.75;161.0;Águas Alta Floresta LTDA;50.8;;Águas Alta Floresta LTDA
3122900;86.38;0.0;0.0;0.0;0.85;85.42;26.35;172.53;Companhia de Saneamento de Minas Gerais;86.38;;Prefeitura Municipal de Dona Euzébia
3148202;85.68;33.51;0.0;0.0;0.35;87.17;47.83;147.54;Companhia de Saneamento de Minas Gerais;68.16;;Prefeitura Municipal de Patrocínio do Muriaé
2301851;;;;;;82.09;25.93;120.11;"Serviço Autônomo de Água e Esgoto; Sistema Integrado de Saneamento Rural da Bacia do Banabuiu";;;
4312203;69.84;0.0;0.0;0.0;0.4;60.5;39.32;157.11;Companhia Riograndense de Saneamento;;;
3163904;100.0;100.0;0.0;0.0;0.64;60.01;12.87;199.38;Companhia de Saneamento de Minas Gerais;64.61;0.0;Prefeitura Municipal de São Pedro Da União
3523602;96.82;60.47;91.95;0.0;0.91;89.52;28.31;216.91;Prefeitura Municipal de Itirapina;82.64;47.99;Prefeitura Municipal de Itirapina
3556305;100.0;100.0;100.0;0.0;0.46;96.86;49.9;186.71;Departamento de Água e Esgoto de Valparaiso;96.86;87.87;Departamento de Água e Esgoto de Valparaiso
2513851;46.11;0.0;0.0;0.0;0.31;0.0;99.97;0.06;Companhia de Águas e Esgotos da Paraíba;;;
4117057;35.49;13.61;0.0;0.0;0.18;22.58;17.34;138.9;Companhia de Saneamento do Paraná S.A.;19.57;17.97;Companhia de Saneamento do Paraná S.A.
1712702;72.71;71.6;0.0;66.67;1.71;56.48;28.62;133.5;Hidro Forte Administração e Operação S/A;;;
3204252;83.56;0.0;83.56;0.0;0.92;83.56;27.31;144.87;Companhia Espírito-santense de Saneamento;58.02;50.97;Companhia Espírito-santense de Saneamento
3114709;85.95;45.45;74.25;0.0;0.86;78.43;3.36;178.58;Companhia de Saneamento de Minas Gerais;73.81;;Prefeitura Municipal de Carvalhópolis
3123007;93.13;0.0;93.13;0.0;0.3;95.16;32.31;146.84;Prefeitura Municipal de Dores de Campos;93.13;;Prefeitura Municipal de Dores de Campos
3539806;100.0;100.0;9.4;0.0;1.33;100.0;28.62;160.61;Companhia de Saneamento Básico do Estado de São Paulo;100.0;;Companhia de Saneamento Básico do Estado de São Paulo
2407302;69.09;16.66;0.0;100.0;0.38;66.13;28.57;134.69;Companhia de Águas e Esgotos do Rio Grande do Norte;;;
3515400;94.21;79.18;94.21;9.22;0.62;84.02;22.86;169.65;Companhia de Saneamento Básico do Estado de São Paulo;80.45;70.55;Companhia de Saneamento Básico do Estado de São Paulo
3302858;100.0;;20.43;0.0;1.12;100.0;64.54;176.84;Águas do Rio 4 SPE S.A.;27.77;;Águas do Rio 4 SPE S.A.
3548104;64.85;0.0;64.85;0.0;0.57;60.4;15.54;207.84;Companhia de Saneamento Básico do Estado de São Paulo;58.2;53.85;Companhia de Saneamento Básico do Estado de São Paulo
4125209;100.0;100.0;0.0;0.29;0.49;67.25;27.87;175.34;Companhia de Saneamento do Paraná S.A.;;;
2612208;;;;;;85.78;34.4;184.9;Companhia Pernambucana de Saneamento;33.03;;Companhia Pernambucana de Saneamento
3556404;100.0;100.0;0.0;0.0;0.88;95.57;32.0;237.56;Serviço Autônomo de Água e Esgoto;95.57;;Serviço Autônomo de Água e Esgoto
3155702;93.33;56.98;85.09;0.0;0.49;68.04;36.37;192.16;Companhia de Saneamento de Minas Gerais;98.67;;Prefeitura Municipal de Rio Piracicaba
1720853;72.17;0.0;0.0;0.0;0.68;66.85;41.85;121.84;Agência Tocantinense de Saneamento;;;
2105104;19.34;0.0;0.0;21.47;0.15;6.9;73.71;143.77;Companhia de Saneamento Ambiental do Maranhão;;;
3204609;100.0;100.0;62.18;0.0;0.81;45.74;25.3;187.68;Companhia Espírito-santense de Saneamento;29.05;32.05;Companhia Espírito-santense de Saneamento
3114808;77.66;86.79;0.0;0.0;0.46;43.55;19.06;210.07;Companhia de Saneamento de Minas Gerais;34.3;0.0;Companhia de Saneamento de Minas Gerais
2211209;85.34;0.0;0.0;100.0;1.81;;;;;;;
3131158;100.0;100.0;0.0;0.0;0.5;78.28;10.39;165.96;Companhia de Saneamento de Minas Gerais;90.73;;Prefeitura Municipal de Ipaba
5108501;100.0;100.0;100.0;0.0;0.95;75.49;27.48;159.2;Águas de Vera Ltda;;;
3531605;100.0;100.0;0.0;0.0;0.79;;;;;;;
3139201;70.97;0.0;0.0;100.0;0.48;66.89;23.33;117.8;"COPASA Serviços de Saneamento Integrado do Norte e Nordeste de Minas Gerais S/A; Companhia de Saneamento de Minas Gerais";60.63;55.69;Companhia de Saneamento de Minas Gerais | COPASA Serviços de Saneamento Integrado do Norte e Nordeste de Minas Gerais S/A
3539905;88.25;0.0;88.25;0.0;0.64;94.14;18.2;188.98;Companhia de Saneamento Básico do Estado de São Paulo;93.68;88.01;Companhia de Saneamento Básico do Estado de São Paulo
5215702;88.68;0.0;88.68;0.0;0.77;75.09;22.32;148.5;Saneamento de Goiás S/A;75.09;73.0;Saneamento de Goiás S/A
5002902;90.17;0.0;90.17;1.05;0.62;90.17;34.99;123.74;Prefeitura Municipal de Cassilândia;18.56;;Prefeitura Municipal de Cassilândia
2705507;91.13;0.0;0.0;0.0;1.13;58.59;76.42;91.37;"Companhia de Saneamento de Alagoas; BRK Ambiental - Região Metropolitana de Maceió S.A.";91.13;;BRK Ambiental - Região Metropolitana de Maceió S.A. | Prefeitura Municipal de Murici
1504208;88.38;0.0;0.0;100.0;1.14;35.19;46.74;155.21;Companhia de Saneamento do Pará;0.69;0.46;Companhia de Saneamento do Pará
2902252;100.0;100.0;0.0;100.0;0.89;53.24;16.34;94.62;Empresa Baiana de Águas e Saneamento S.A.;;;
4117008;89.29;0.0;0.0;18.52;0.54;89.29;53.94;150.74;Serviço Autônomo de Água e Esgoto;;;
2604007;94.95;0.0;0.0;0.0;0.91;85.97;35.77;120.67;Companhia Pernambucana de Saneamento;;;
3548203;;;;;;57.73;29.78;223.2;Companhia de Saneamento Básico do Estado de São Paulo;29.48;;Companhia de Saneamento Básico do Estado de São Paulo
3147501;86.58;74.74;0.0;0.0;2.46;62.77;27.82;175.72;Companhia de Saneamento de Minas Gerais;31.85;0.0;Companhia de Saneamento de Minas Gerais
4304358;90.98;59.11;0.0;0.0;0.72;47.01;78.71;282.27;Prefeitura Municipal de Candiota;23.33;;Prefeitura Municipal de Candiota
2513802;58.19;0.0;0.0;0.0;0.24;48.97;24.07;154.12;Companhia de Águas e Esgotos da Paraíba;;;
5108352;82.56;76.33;0.0;43.9;1.16;57.79;2.44;273.9;Prefeitura Municipal de Vale de São Domingos;17.2;;Prefeitura Municipal de Vale de São Domingos
2513158;72.77;70.89;0.0;0.0;0.3;;;;;;;
5100300;87.73;0.0;0.0;100.0;1.2;87.73;13.97;578.1;Prefeitura Municipal de Alto Araguaia;6.68;4.92;Prefeitura Municipal de Alto Araguaia
3523404;100.0;100.0;100.0;0.0;0.83;92.59;30.53;179.84;Companhia de Saneamento Básico do Estado de São Paulo;86.4;75.85;Companhia de Saneamento Básico do Estado de São Paulo
2407252;;;;;;;;;;;;
3131000;;;;;;;;;;;;
3531704;100.0;100.0;0.0;0.0;0.93;52.84;25.58;188.56;Companhia de Saneamento Básico do Estado de São Paulo;45.47;27.13;Companhia de Saneamento Básico do Estado de São Paulo
5215801;100.0;100.0;0.0;0.0;0.47;92.87;25.4;171.89;Saneamento de Goiás S/A;;;
5003256;100.0;100.0;100.0;0.0;0.77;84.15;36.73;220.01;Serviço Municipal de Águas e Esgotos;70.12;;Serviço Municipal de Águas e Esgotos
1712504;55.93;0.0;0.0;100.0;0.58;52.51;60.04;153.55;Agência Tocantinense de Saneamento;;;
4108809;100.0;100.0;100.0;0.0;1.08;89.45;21.88;200.14;Companhia de Saneamento do Paraná S.A.;76.03;65.54;Companhia de Saneamento do Paraná S.A.
1504307;41.63;0.0;0.0;100.0;1.43;77.64;7.07;120.31;Prefeitura Municipal de Maracanã;;;
3204559;57.27;24.93;34.25;0.0;0.38;28.13;14.34;141.76;Companhia Espírito-santense de Saneamento;24.61;23.36;Companhia Espírito-santense de Saneamento
2705606;100.0;100.0;0.0;0.0;0.67;51.85;65.45;105.05;"Companhia de Saneamento de Alagoas; Verde Ambiental Alagoas";;;
4215208;43.18;0.0;0.0;0.0;0.26;39.42;46.62;113.72;Companhia Catarinense de Águas e Saneamento;;;
4320800;87.2;0.0;87.2;0.0;0.75;80.33;42.04;161.77;Companhia Riograndense de Saneamento;;;
4312625;74.07;57.24;0.0;0.0;0.32;39.37;19.05;115.05;Prefeitura Municipal de Muliterno;;;
3523503;99.35;95.87;0.0;0.0;1.3;87.71;25.75;152.92;Companhia de Saneamento Básico do Estado de São Paulo;86.57;77.36;Companhia de Saneamento Básico do Estado de São Paulo
3122801;84.98;74.65;0.0;0.0;0.41;97.42;6.39;313.32;Prefeitura Municipal de Dom Viçoso;76.32;;Prefeitura Municipal de Dom Viçoso
3507159;100.0;100.0;0.0;100.0;0.62;71.77;19.22;148.27;Companhia de Saneamento Básico do Estado de São Paulo;66.4;60.33;Companhia de Saneamento Básico do Estado de São Paulo
1720655;83.59;0.0;0.0;100.0;0.75;77.93;8.35;145.22;Hidro Forte Administração e Operação S/A;;;
2210508;100.0;100.0;0.0;0.0;0.74;;;;;;;
4312617;27.94;0.0;0.0;0.0;0.64;27.94;17.46;165.25;Companhia Riograndense de Saneamento;;;
2910503;;;;;;83.32;30.81;122.28;Empresa Baiana de Águas e Saneamento S.A.;12.66;;Empresa Baiana de Águas e Saneamento S.A.
3172103;82.25;0.0;0.0;100.0;0.68;97.59;21.62;180.42;Companhia de Saneamento de Minas Gerais;82.25;;Prefeitura Municipal de Volta Grande
3556206;100.0;100.0;96.48;0.0;0.8;96.28;38.58;192.5;Departamento de Águas e Esgotos de Valinhos;93.66;93.15;Departamento de Águas e Esgotos de Valinhos
2104909;54.2;0.0;0.0;100.0;0.73;0.8;76.92;259.4;Companhia de Saneamento Ambiental do Maranhão;;;
2309409;95.0;89.01;0.0;100.0;1.89;85.47;34.7;117.71;"Companhia de Água e Esgoto do Ceará; Sistema Integrado de Saneamento Rural da Bacia Hidrográfica do Parnaíba";16.6;;Companhia de Água e Esgoto do Ceará
4125001;85.25;0.0;0.0;0.0;0.92;87.8;38.57;167.83;Companhia de Saneamento do Paraná S.A.;70.96;;Companhia de Saneamento do Paraná S.A.
5108303;79.32;0.0;0.0;0.0;0.55;79.32;31.47;145.19;Águas de União do Sul Ltda;;;
2210623;;;;;;;;;;;;
4312609;80.95;0.0;0.0;0.0;0.3;85.66;99.8;0.17;Prefeitura Municipal de Muçum;6.39;;Prefeitura Municipal de Muçum
3539202;94.87;0.0;89.88;0.0;0.54;100.0;17.15;174.31;Companhia de Saneamento Básico do Estado de São Paulo;99.64;95.05;Companhia de Saneamento Básico do Estado de São Paulo
2513109;44.62;0.0;0.0;0.0;1.28;25.33;41.85;142.21;Companhia de Águas e Esgotos da Paraíba;;;
3107208;68.99;38.96;0.0;0.0;0.35;49.2;10.23;362.3;Prefeitura Municipal de Bocaina de Minas;58.28;;Prefeitura Municipal de Bocaina de Minas
4108650;30.62;0.0;11.39;0.0;0.92;39.01;13.02;173.01;Companhia de Saneamento do Paraná S.A.;;;
4207007;100.0;100.0;89.03;0.0;0.75;86.33;40.38;133.27;Companhia Catarinense de Águas e Saneamento;23.44;21.54;Companhia Catarinense de Águas e Saneamento
3114600;93.43;100.0;0.0;0.0;0.43;100.0;86.66;73.12;Prefeitura Municipal de Carrancas;;;
3204658;100.0;100.0;66.61;0.0;2.38;45.48;27.34;279.88;Serviço Autônomo de Água e Esgoto - São Domingos do Norte;42.32;;Serviço Autônomo de Água e Esgoto - São Domingos do Norte
5003207;96.97;60.0;92.42;100.0;1.68;91.5;71.3;136.23;Empresa de Saneamento de Mato Grosso do Sul S/A;66.67;50.47;Empresa de Saneamento de Mato Grosso do Sul S/A
4100459;81.85;60.41;81.85;0.0;0.39;59.47;28.27;166.82;Companhia de Saneamento do Paraná S.A.;23.43;18.2;Companhia de Saneamento do Paraná S.A.
3515301;82.32;0.0;82.32;42.39;0.59;91.56;9.23;169.45;Companhia de Saneamento Básico do Estado de São Paulo;81.96;75.76;Companhia de Saneamento Básico do Estado de São Paulo
3139250;;;;;;;;;;;;
2210607;;;;;;;;;;;;
3548005;100.0;100.0;100.0;0.0;0.74;93.35;38.97;191.5;Prefeitura Municipal de Santo Antônio de Posse;93.35;;Prefeitura Municipal de Santo Antônio de Posse
2918357;85.27;99.85;0.0;100.0;0.7;100.0;33.17;104.71;Empresa Baiana de Águas e Saneamento S.A.;;;
2301208;74.92;55.05;0.0;100.0;1.13;48.38;30.43;174.55;"Sistema Integrado de Saneamento Rural da Bacia do Banabuiu; Companhia de Água e Esgoto do Ceará";;;
4304408;96.95;0.0;96.95;0.0;0.8;82.94;24.79;201.93;Companhia Riograndense de Saneamento;24.59;19.05;Companhia Riograndense de Saneamento
2902302;71.87;23.94;0.0;100.0;1.77;60.56;33.05;104.02;Empresa Baiana de Águas e Saneamento S.A.;44.43;;Empresa Baiana de Águas e Saneamento S.A. | Prefeitura Municipal de Aratuípe
2926657;81.48;82.19;0.0;100.0;1.13;3.45;26.59;126.38;Empresa Baiana de Águas e Saneamento S.A.;;;
3531001;90.48;0.0;0.0;0.0;1.02;99.23;12.33;210.81;Companhia de Saneamento Básico do Estado de São Paulo;98.31;86.78;Companhia de Saneamento Básico do Estado de São Paulo
4125100;100.0;100.0;30.55;0.0;0.44;32.95;29.26;123.75;Companhia de Saneamento do Paraná S.A.;19.19;15.92;Companhia de Saneamento do Paraná S.A.
2105005;33.9;0.0;0.0;100.0;0.1;0.0;39.77;;Companhia de Saneamento Ambiental do Maranhão;;;
2513208;;;;;;39.91;33.22;188.58;Companhia de Águas e Esgotos da Paraíba;;;
5215603;100.0;100.0;49.08;100.0;0.52;46.38;37.82;227.13;Saneamento de Goiás S/A;38.39;27.67;Saneamento de Goiás S/A
4312450;98.99;98.06;94.02;0.0;1.15;45.21;29.29;104.91;Companhia Riograndense de Saneamento;;;
4312443;100.0;100.0;0.0;0.0;0.6;82.96;19.64;117.04;Prefeitura Municipal de Morrinhos do Sul;;;
5108402;95.03;14.89;0.0;0.0;0.81;96.62;59.03;138.29;Departamento de Água e Esgoto de Várzea Grande;28.54;;Departamento de Água e Esgoto de Várzea Grande
4214508;48.5;0.0;48.5;0.0;0.34;63.28;28.93;129.96;Companhia Catarinense de Águas e Saneamento;;;
1504109;;;;;;47.53;37.67;161.34;Companhia de Saneamento do Pará;;;
5003306;90.91;0.0;90.91;0.0;0.85;90.0;22.91;193.24;Empresa de Saneamento de Mato Grosso do Sul S/A;10.15;9.43;Empresa de Saneamento de Mato Grosso do Sul S/A
2202406;;;;;;;;;;;;
2918456;;;;;;56.48;11.98;79.97;Empresa Baiana de Águas e Saneamento S.A.;;;
4312427;73.89;64.73;0.0;0.0;0.44;100.0;4.34;354.67;Prefeitura Municipal de Mormaço;;;
3522802;74.68;0.0;75.65;0.0;0.46;93.01;25.04;137.33;Companhia de Saneamento Básico do Estado de São Paulo;68.04;62.67;Companhia de Saneamento Básico do Estado de São Paulo
4116901;90.86;0.0;90.86;0.0;1.19;93.36;19.11;154.71;Companhia de Saneamento do Paraná S.A.;76.69;66.19;Companhia de Saneamento do Paraná S.A.
2603900;76.09;69.76;0.0;0.0;0.88;53.4;30.27;169.53;Companhia Pernambucana de Saneamento;53.09;;Prefeitura Municipal de Carnaíba | Companhia Pernambucana de Saneamento
4320602;61.72;28.62;46.38;0.0;0.74;37.87;41.92;182.83;Companhia Riograndense de Saneamento;;;
2705903;30.31;0.0;0.0;0.0;0.3;33.12;64.8;150.91;Companhia de Saneamento de Alagoas;;;
5100201;100.0;100.0;83.93;0.0;0.62;100.0;46.69;142.26;Prefeitura Municipal de Água Boa;3.96;2.33;Prefeitura Municipal de Água Boa
5207535;55.65;0.0;0.0;100.0;1.31;;;;;;;
2505006;69.1;0.0;0.0;0.0;2.4;53.58;17.62;108.72;Companhia de Águas e Esgotos da Paraíba;0.0;5.94;Companhia de Águas e Esgotos da Paraíba
3106507;47.12;7.12;0.0;100.0;0.27;46.57;25.52;148.2;COPASA Serviços de Saneamento Integrado do Norte e Nordeste de Minas Gerais S/A;25.7;27.42;COPASA Serviços de Saneamento Integrado do Norte e Nordeste de Minas Gerais S/A
2910305;86.78;78.14;86.78;0.0;0.64;45.51;15.47;127.04;Empresa Baiana de Águas e Saneamento S.A.;;;
2414803;;;;;;77.6;44.11;118.27;Companhia de Águas e Esgotos do Rio Grande do Norte;;;
3507209;100.0;100.0;81.36;0.0;0.51;90.09;7.48;174.22;Companhia de Saneamento Básico do Estado de São Paulo;79.53;78.57;Companhia de Saneamento Básico do Estado de São Paulo
4206306;100.0;100.0;100.0;0.0;0.61;68.99;27.26;119.82;Guabiruba Saneamento SPE S/A;;;
2926608;100.0;100.0;0.0;100.0;1.22;70.42;26.37;123.02;Empresa Baiana de Águas e Saneamento S.A.;1.57;;Empresa Baiana de Águas e Saneamento S.A.
1200807;82.68;60.0;0.0;100.0;0.89;26.08;72.83;180.44;Serviço de Água e Esgoto do Estado do Acre;;;
3514601;;;;;;;;;;;;
4108700;49.77;38.65;0.0;52.76;0.47;65.86;38.69;181.68;Companhia de Saneamento do Paraná S.A.;;;
1703701;79.44;0.0;0.0;100.0;0.74;79.44;17.33;134.72;Hidro Forte Administração e Operação S/A;;;
2309201;;;;;;65.57;36.39;113.68;"Sistema Integrado de Saneamento Rural da Bacia Hidrográfica do Salgado; Companhia de Água e Esgoto do Ceará";;;
4312401;100.0;100.0;18.1;0.0;0.95;81.91;25.83;171.09;Companhia Riograndense de Saneamento;;;
2804003;;;;;;93.73;56.52;98.78;Companhia de Saneamento de Sergipe;;;
4320701;91.28;50.0;82.55;0.0;1.25;82.87;51.98;150.28;Companhia Riograndense de Saneamento;;;
4124400;100.0;100.0;74.73;0.0;0.37;66.38;38.45;128.22;Companhia de Saneamento do Paraná S.A.;55.47;;Companhia de Saneamento do Paraná S.A.
2210409;94.96;91.07;0.0;100.0;0.31;;;;;;;
2902104;59.6;38.59;0.0;99.81;0.44;77.39;23.54;108.74;Empresa Baiana de Águas e Saneamento S.A.;41.06;1.17;Prefeitura Municipal de Araci | Empresa Baiana de Águas e Saneamento S.A.
3123205;93.85;0.0;0.0;0.0;1.6;82.35;26.26;175.24;Companhia de Saneamento de Minas Gerais;78.66;84.49;Companhia de Saneamento de Minas Gerais
3302809;100.0;100.0;10.19;0.0;1.36;79.46;85.74;106.82;Prefeitura Municipal de Mendes;80.31;;Prefeitura Municipal de Mendes
2910404;84.57;79.98;0.0;100.0;1.9;65.18;22.77;58.21;Empresa Baiana de Águas e Saneamento S.A.;48.4;;Empresa Baiana de Águas e Saneamento S.A.
3172004;100.0;100.0;0.0;0.0;1.72;80.74;31.87;149.54;Companhia de Saneamento de Minas Gerais;74.24;;Companhia de Saneamento de Minas Gerais
4100509;67.84;0.0;0.0;0.0;0.66;81.14;22.36;168.96;Companhia de Saneamento do Paraná S.A.;60.62;49.89;Companhia de Saneamento do Paraná S.A.
2918407;79.62;66.28;0.0;100.0;1.39;94.35;45.33;122.15;Serviço Autônomo de Água e Esgoto de Juazeiro;83.94;63.96;Serviço Autônomo de Água e Esgoto de Juazeiro
3106606;74.51;37.65;0.0;100.0;1.8;58.34;23.3;125.6;COPASA Serviços de Saneamento Integrado do Norte e Nordeste de Minas Gerais S/A;46.83;;COPASA Serviços de Saneamento Integrado do Norte e Nordeste de Minas Gerais S/A
4206405;57.46;0.0;0.0;0.0;0.36;52.73;36.21;114.55;Companhia Catarinense de Águas e Saneamento;;;
5207501;91.44;0.0;0.0;100.0;0.51;91.44;18.53;162.97;Saneamento de Goiás S/A;;;
2406601;;;;;;77.45;57.28;91.07;Companhia de Águas e Esgotos do Rio Grande do Norte;;;
3548054;77.35;0.0;0.0;0.0;0.96;77.35;99.46;3.71;Prefeitura Municipal de Santo Antônio do Aracanguá;80.3;;Prefeitura Municipal de Santo Antônio do Aracanguá
2301000;95.17;78.09;0.0;100.0;2.41;31.25;19.87;106.01;Companhia de Água e Esgoto do Ceará;15.18;;Companhia de Água e Esgoto do Ceará
2414902;98.04;0.0;0.0;100.0;0.84;90.48;23.2;116.18;Companhia de Águas e Esgotos do Rio Grande do Norte;95.24;;Prefeitura Municipal de Viçosa
4116208;87.84;72.16;0.0;0.0;1.51;65.21;48.14;174.64;Companhia de Saneamento do Paraná S.A.;51.75;34.07;Companhia de Saneamento do Paraná S.A.
4304200;46.58;0.0;46.58;0.0;0.36;59.89;30.43;141.61;Companhia Riograndense de Saneamento;;;
2210391;;;;;;;;;;;;
2309300;100.0;100.0;82.5;100.0;1.05;;91.1;87.01;"Sistema Integrado de Saneamento Rural da Bacia Hidrográfica do Parnaíba; Serviço Autônomo de Água e Esgoto de Nova Russas";27.8;;Serviço Autônomo de Água e Esgoto de Nova Russas
4312500;60.75;49.44;0.0;0.0;0.28;15.28;2.84;204.01;Companhia Riograndense de Saneamento;;;
4320677;100.0;100.0;5.21;0.0;0.16;56.74;88.08;143.02;Prefeitura Municipal de Sinimbu;;;
2513000;;;;;;16.7;22.35;111.88;Companhia de Águas e Esgotos da Paraíba;55.28;;Companhia de Águas e Esgotos da Paraíba | Prefeitura Municipal de Salgadinho
5215652;66.09;0.0;0.0;100.0;0.89;66.09;20.3;174.5;Saneamento de Goiás S/A;;;
2210383;;;;;;;;;;;;
5003108;39.12;0.0;0.0;0.0;0.25;42.59;3.73;511.93;Serviço Autônomo de Água e Esgoto de Corguinho;18.68;;Serviço Autônomo de Água e Esgoto de Corguinho
2202208;90.0;90.0;0.0;0.0;0.65;96.91;32.08;259.13;Serviço Autônomo de Água e Esgoto;;;
2105302;100.0;100.0;100.0;100.0;1.25;86.72;71.01;145.93;Companhia de Saneamento Ambiental do Maranhão;28.71;23.79;Companhia de Saneamento Ambiental do Maranhão
3115003;67.43;0.0;0.0;0.0;0.37;72.76;16.64;193.44;Companhia de Saneamento de Minas Gerais;54.99;;Prefeitura Municipal de Cascalho Rico
2902203;;;;;;71.26;31.66;88.75;Empresa Baiana de Águas e Saneamento S.A.;;;
3163805;75.12;42.98;0.0;0.0;0.39;57.81;7.34;160.55;Companhia de Saneamento de Minas Gerais;55.44;;Prefeitura Municipal de São Miguel do Anta
2210375;100.0;100.0;0.0;100.0;1.0;;;;;;;
2301109;100.0;100.0;0.0;100.0;1.6;66.0;44.14;164.6;"Companhia de Água e Esgoto do Ceará; Sistema Integrado de Saneamento Rural da Bacia Hidrográfica do Baixo e Médio Jaguaribe";14.45;;Companhia de Água e Esgoto do Ceará
5207600;;;;;;66.6;26.94;151.19;Saneamento de Goiás S/A;;;
4304309;99.67;99.49;0.0;0.0;0.43;26.86;27.04;219.88;Companhia Riograndense de Saneamento;;;
2406700;100.0;100.0;0.0;48.21;1.18;84.44;40.9;106.13;Companhia de Águas e Esgotos do Rio Grande do Norte;64.18;50.12;Companhia de Águas e Esgotos do Rio Grande do Norte
4108007;;;;;;100.0;32.08;148.97;Companhia de Saneamento do Paraná S.A.;77.94;64.75;Companhia de Saneamento do Paraná S.A.
4320651;100.0;100.0;0.0;0.0;0.44;48.35;42.34;229.16;Companhia Riograndense de Saneamento;;;
4312476;100.0;100.0;100.0;0.0;0.46;67.29;35.15;151.21;Companhia Riograndense de Saneamento;;;
5100508;80.15;40.02;0.0;100.0;0.57;81.64;30.0;243.1;Prefeitura Municipal de Alto Paraguai;;;
2504801;83.76;0.0;0.0;100.0;0.97;100.0;98.7;2.01;Prefeitura Municipal de Coremas;;;
2202307;62.8;5.0;0.0;100.0;0.7;;;;;;;
3155603;51.51;17.91;0.0;100.0;0.57;38.33;21.91;128.28;Companhia de Saneamento de Minas Gerais;16.3;32.69;Companhia de Saneamento de Minas Gerais
2105401;64.24;8.86;0.0;100.0;0.49;56.23;58.79;136.14;Companhia de Saneamento Ambiental do Maranhão;9.58;;Companhia de Saneamento Ambiental do Maranhão
2612109;;;;;;38.42;86.11;119.52;Companhia Pernambucana de Saneamento;;;
2803807;100.0;100.0;0.0;0.0;0.7;96.81;57.93;103.5;Companhia de Saneamento de Sergipe;;;
3302106;74.99;76.01;0.0;29.65;1.0;81.47;40.22;205.01;Águas do Rio 1 SPE S.A.;;;
2603926;30.87;16.74;0.0;0.0;0.15;16.97;17.65;90.63;Prefeitura Municipal de Carnaubeira Da Penha;14.19;;Prefeitura Municipal de Carnaubeira Da Penha
4311809;;;;;;84.69;49.47;136.77;Companhia Riograndense de Saneamento;;;
5100607;94.37;0.0;0.0;100.0;0.59;94.37;77.26;53.97;Prefeitura Municipal de Alto Taquari;;;
2504900;51.47;0.0;0.0;0.0;0.57;33.87;51.35;121.91;Companhia de Águas e Esgotos da Paraíba;;;
3106408;94.99;89.99;49.97;0.0;0.43;38.06;17.31;254.05;Companhia de Saneamento de Minas Gerais;39.47;;Prefeitura Municipal de Belo Vale
1720101;100.0;100.0;0.0;100.0;1.75;53.4;53.75;147.07;Agência Tocantinense de Saneamento;;;
4206207;95.73;92.3;0.0;0.0;2.23;89.21;29.06;111.9;Gravatal Saneamento SPE SA;58.0;;Gravatal Saneamento SPE SA
3204500;58.43;48.29;0.0;0.0;0.28;21.6;21.13;165.04;Companhia Espírito-santense de Saneamento;19.17;13.84;Companhia Espírito-santense de Saneamento
3139607;83.48;0.0;0.0;83.67;0.36;77.86;23.03;267.87;Serviço Autônomo de Água e Esgoto;76.81;44.49;Serviço Autônomo de Água e Esgoto
2414704;77.58;0.0;0.0;0.0;0.44;86.33;29.43;100.68;Companhia de Águas e Esgotos do Rio Grande do Norte;;;
2926509;59.11;30.83;0.0;100.0;1.13;11.94;19.13;126.07;Empresa Baiana de Águas e Saneamento S.A.;;;
4311791;35.58;0.0;0.0;0.0;0.35;100.0;3.4;776.06;Prefeitura Municipal de Maratá;3.97;;Prefeitura Municipal de Maratá
3147402;80.65;29.96;0.0;100.0;1.29;86.0;17.93;180.57;Companhia de Saneamento de Minas Gerais;72.58;;Prefeitura Municipal de Paraopeba
3507100;97.8;71.02;0.0;0.0;0.88;92.41;9.74;279.01;Prefeitura Municipal de Bom Jesus dos Perdões;92.41;;Prefeitura Municipal de Bom Jesus dos Perdões
3514502;84.61;0.0;0.0;0.0;0.6;97.17;29.48;160.59;Companhia de Saneamento Básico do Estado de São Paulo;84.32;80.8;Companhia de Saneamento Básico do Estado de São Paulo
1703602;64.88;0.0;0.0;100.0;0.59;64.29;69.06;131.79;Agência Tocantinense de Saneamento;;;
2309607;100.0;100.0;13.36;100.0;0.96;54.8;42.44;94.98;Companhia de Água e Esgoto do Ceará;4.48;;Companhia de Água e Esgoto do Ceará
2910701;90.5;80.0;0.0;100.0;1.01;69.7;37.48;131.65;Empresa Baiana de Águas e Saneamento S.A.;14.83;14.96;Empresa Baiana de Águas e Saneamento S.A.
1503457;38.36;0.0;0.0;100.0;0.64;90.52;45.98;123.02;Prefeitura Municipal de Ipixuna do Pará;;;
4303608;;;;;;45.7;24.13;161.7;Companhia Riograndense de Saneamento;;;
3302205;94.25;0.0;94.18;0.0;0.88;82.32;42.28;149.51;Companhia Estadual de Águas e Esgotos do Rio de Janeiro;89.05;0.0;Companhia Estadual de Águas e Esgotos do Rio de Janeiro | Prefeitura Municipal de Itaperuna
2803906;85.27;71.33;0.0;100.0;2.92;83.64;60.85;113.62;Companhia de Saneamento de Sergipe;87.53;54.98;Companhia de Saneamento de Sergipe | Prefeitura Municipal de Malhador
1711902;;;;;;75.27;21.91;139.76;Companhia de Saneamento do Tocantins;;;
2105351;;;;;;;;;;;;
4311775;;;;;;;;;;;;
5003157;68.54;0.0;0.0;100.0;0.37;67.86;25.3;97.46;Empresa de Saneamento de Mato Grosso do Sul S/A;55.84;45.11;Empresa de Saneamento de Mato Grosso do Sul S/A
2918308;;;;;;71.27;25.23;88.52;Empresa Baiana de Águas e Saneamento S.A.;;;
2202251;35.26;19.11;0.0;100.0;1.2;;;;;;;
3131406;91.92;0.0;0.0;100.0;1.04;92.07;59.92;239.88;Prefeitura Municipal de Ipiaçu;100.0;;Prefeitura Municipal de Ipiaçu
3522653;99.64;99.34;0.0;0.0;0.63;57.62;24.28;156.46;Companhia de Saneamento Básico do Estado de São Paulo;54.42;49.42;Companhia de Saneamento Básico do Estado de São Paulo
5207402;100.0;100.0;0.0;100.0;0.35;88.55;17.71;164.11;Saneamento de Goiás S/A;88.55;79.15;Saneamento de Goiás S/A
2406502;70.0;41.86;70.0;100.0;1.48;42.52;19.88;247.09;Companhia de Águas e Esgotos do Rio Grande do Norte;27.45;20.76;Companhia de Águas e Esgotos do Rio Grande do Norte
2210805;62.52;12.22;0.0;100.0;1.67;;;;;;;
4311759;76.02;0.0;76.02;0.0;0.47;76.02;41.54;134.66;Companhia Riograndense de Saneamento;;;
2902500;;;;;;30.22;10.75;121.3;Empresa Baiana de Águas e Saneamento S.A.;;;
2611408;;;;;;41.07;58.81;113.6;Companhia Pernambucana de Saneamento;;;
3555604;100.0;100.0;0.0;55.91;1.38;93.24;17.64;124.38;Prefeitura Municipal de Uchoa;93.24;;Prefeitura Municipal de Uchoa
2105203;;;;;;27.44;66.3;132.74;Companhia de Saneamento Ambiental do Maranhão;;;
2301406;39.27;13.13;0.0;100.0;0.35;23.84;35.16;98.76;Companhia de Água e Esgoto do Ceará;8.48;;Companhia de Água e Esgoto do Ceará
2504850;48.25;0.0;0.0;0.0;0.31;40.17;30.9;164.1;Companhia de Águas e Esgotos da Paraíba;38.63;;Prefeitura Municipal de Coxixola | Companhia de Águas e Esgotos da Paraíba
5108600;71.89;0.0;0.0;100.0;0.78;28.01;3.92;240.52;Prefeitura Municipal de Vila Rica;;;
3203809;100.0;100.0;0.0;0.0;0.43;69.57;28.33;159.08;Companhia Espírito-santense de Saneamento;72.12;0.0;Companhia Espírito-santense de Saneamento | Município de Muqui - ES
2513406;91.87;0.0;0.0;0.0;0.3;66.97;27.0;141.91;Companhia de Águas e Esgotos da Paraíba;77.99;;Companhia de Águas e Esgotos da Paraíba | Prefeitura Municipal de Santa Luzia
3539103;;;;;;91.79;45.56;181.2;Companhia de Saneamento Básico do Estado de São Paulo;79.26;18.09;Companhia de Saneamento Básico do Estado de São Paulo
3506409;93.96;0.0;93.96;0.0;0.72;93.96;20.24;265.97;Prefeitura Municipal de Bilac;93.96;;Prefeitura Municipal de Bilac
3164209;;;;;;54.32;15.18;148.91;Companhia de Saneamento de Minas Gerais;24.62;;Companhia de Saneamento de Minas Gerais
2202604;100.0;100.0;0.0;100.0;0.42;;;;;;;
2603207;48.78;26.39;0.0;0.0;0.19;27.66;4.66;110.63;Companhia Pernambucana de Saneamento;;;
3547403;79.64;10.83;77.17;0.0;1.45;79.64;3.79;261.99;Prefeitura Municipal de Santa Rita D Oeste;72.97;;Prefeitura Municipal de Santa Rita D Oeste
2910776;;;;;;64.88;;163.95;Serviço Autônomo de Água e Esgoto;;;
5100409;;;;;;92.64;46.53;57.42;Prefeitura Municipal de Alto Garças;;;
2611507;67.61;0.0;0.0;0.0;0.71;;15.72;239.84;"Companhia Pernambucana de Saneamento; Prefeitura Municipal de Quipapá";70.39;;Prefeitura Municipal de Quipapá | Companhia Pernambucana de Saneamento
4107900;97.53;0.0;0.0;0.0;0.85;100.0;19.07;185.97;Companhia de Saneamento do Paraná S.A.;;;
3139409;68.36;0.0;0.0;100.0;0.74;94.51;31.67;132.59;Serviço Autônomo Água e Esgoto;94.51;;Serviço Autônomo Água e Esgoto
2301505;52.5;55.04;0.0;100.0;0.24;70.34;35.09;104.3;"Companhia de Água e Esgoto do Ceará; Sistema Integrado de Saneamento Rural da Bacia do Alto Jaguaribe";;;
2505204;95.31;71.24;0.0;0.0;0.56;76.24;35.81;151.26;Companhia de Águas e Esgotos da Paraíba;;;
3203908;100.0;100.0;0.0;0.0;0.55;67.58;27.29;160.83;Companhia Espírito-santense de Saneamento;24.83;21.11;Companhia Espírito-santense de Saneamento
5215009;100.0;100.0;0.0;0.0;0.3;86.96;10.77;162.61;Saneamento de Goiás S/A;;;
3530904;100.0;100.0;0.0;0.0;1.16;91.9;15.95;187.79;Companhia de Saneamento Básico do Estado de São Paulo;86.11;79.39;Companhia de Saneamento Básico do Estado de São Paulo
4303673;100.0;100.0;0.0;0.0;0.32;24.22;43.71;138.85;Companhia Riograndense de Saneamento;29.6;;Prefeitura Municipal de Campestre Da Serra
2414753;95.55;92.65;0.0;100.0;1.8;46.79;27.68;130.91;Companhia de Águas e Esgotos do Rio Grande do Norte;;;
4116059;100.0;100.0;61.3;0.0;0.55;65.34;21.11;163.09;Companhia de Saneamento do Paraná S.A.;;;
3156007;49.6;0.0;0.0;100.0;0.55;38.77;20.1;122.26;Companhia de Saneamento de Minas Gerais;20.93;;Prefeitura Municipal de Rio Vermelho
3302007;97.92;0.0;0.0;0.0;1.24;68.68;;396.2;Rio+ Saneamento BL3 S.A;0.0;0.0;Rio+ Saneamento BL3 S.A
1703909;63.33;0.0;0.0;100.0;0.37;60.95;55.3;161.93;Agência Tocantinense de Saneamento;;;
1503507;25.27;0.0;0.0;100.0;2.09;;;;;;;
4320008;100.0;100.0;69.77;0.0;0.99;99.67;25.1;177.3;Companhia Riograndense de Saneamento;23.44;18.25;Companhia Riograndense de Saneamento
3131208;84.35;5.25;83.53;45.1;2.07;84.35;25.89;177.19;Serviço Autônomo de Água e Esgoto;75.91;0.0;Serviço Autônomo de Água e Esgoto
1720002;62.0;0.0;0.0;100.0;0.57;57.21;60.66;157.87;Agência Tocantinense de Saneamento;;;
2910750;100.0;100.0;0.0;100.0;1.02;93.85;36.47;116.57;Empresa Baiana de Águas e Saneamento S.A.;45.91;;Empresa Baiana de Águas e Saneamento S.A. | Prefeitura Municipal de Fátima
2513356;40.23;0.0;0.0;100.0;0.33;36.65;48.42;145.9;Companhia de Águas e Esgotos da Paraíba;;;
3139508;68.25;0.0;68.25;100.0;0.73;85.89;30.36;142.52;Serviço Autônomo de Água e Esgoto;84.94;;Serviço Autônomo de Água e Esgoto
2925808;;;;;;70.26;30.49;95.89;Empresa Baiana de Águas e Saneamento S.A.;;;
1703891;83.28;87.48;0.0;66.67;1.47;67.19;41.32;114.06;Companhia de Saneamento do Tocantins;21.18;16.05;Companhia de Saneamento do Tocantins
2603306;;;;;;33.53;5.62;125.16;Companhia Pernambucana de Saneamento;;;
4214409;100.0;100.0;0.0;0.0;3.22;53.88;32.98;129.59;Companhia Catarinense de Águas e Saneamento;;;
3522703;100.0;100.0;92.9;0.0;0.9;58.37;40.91;257.5;Serviço Autônomo de Água e Esgoto de Itápolis;85.8;80.36;Serviço Autônomo de Água e Esgoto de Itápolis
2804201;81.46;75.34;0.0;0.0;1.7;99.12;55.87;81.03;Companhia de Saneamento de Sergipe;54.3;;Prefeitura Municipal de Monte Alegre de Sergipe
1703883;;;;;;73.91;52.54;123.45;Agência Tocantinense de Saneamento;;;
3147808;100.0;100.0;0.0;0.0;0.54;52.8;30.7;193.67;Companhia de Saneamento de Minas Gerais;100.0;;Prefeitura Municipal de Passa Vinte
3106804;96.81;94.06;0.0;0.0;0.28;100.0;4.86;96.96;Prefeitura Municipal de Bias Fortes;97.37;0.0;Prefeitura Municipal de Bias Fortes
5100359;100.0;100.0;0.0;100.0;3.26;59.51;3.67;452.96;Prefeitura Municipal de Alto Boa Vista;;;
2910727;98.12;68.78;0.0;0.0;0.78;94.01;17.7;109.0;Empresa Baiana de Águas e Saneamento S.A.;10.95;9.07;Empresa Baiana de Águas e Saneamento S.A.
2309508;75.43;0.0;0.0;100.0;0.39;87.42;40.14;133.54;"Companhia de Água e Esgoto do Ceará; Sistema Integrado de Saneamento Rural da Bacia do Alto Jaguaribe";0.45;;Companhia de Água e Esgoto do Ceará
1711803;78.09;88.6;0.0;0.0;0.28;50.72;46.86;130.92;Agência Tocantinense de Saneamento;;;
3555406;93.17;0.0;46.58;0.0;1.37;79.62;19.91;341.21;Companhia de Saneamento Básico do Estado de São Paulo;40.88;36.11;Companhia de Saneamento Básico do Estado de São Paulo
3172202;40.55;0.0;0.0;0.0;0.36;45.79;18.69;152.19;Companhia de Saneamento de Minas Gerais;;;
2705804;53.19;0.0;0.0;0.0;0.25;63.92;86.17;90.45;"Águas do Sertão; Companhia de Saneamento de Alagoas";;;
5214838;;;;;;66.17;24.55;198.3;Saneamento de Goiás S/A;;;
3131307;99.74;0.0;0.0;0.0;1.35;96.32;43.0;156.36;Companhia de Saneamento de Minas Gerais;99.75;99.49;Companhia de Saneamento de Minas Gerais
4107850;47.31;0.0;0.0;0.0;0.38;64.71;21.07;150.35;Companhia de Saneamento do Paraná S.A.;;;
2505279;;;;;;;;;;;;
2406908;100.0;100.0;67.06;100.0;1.71;66.02;44.88;123.83;Companhia de Águas e Esgotos do Rio Grande do Norte;66.02;57.28;Companhia de Águas e Esgotos do Rio Grande do Norte
2301307;;;;;;72.38;38.92;93.43;"Companhia de Água e Esgoto do Ceará; Sistema Integrado de Saneamento Rural da Bacia do Alto Jaguaribe";;;
2902401;;;;;;85.95;25.21;115.97;Empresa Baiana de Águas e Saneamento S.A.;;;
3164001;100.0;100.0;0.0;0.0;0.36;68.04;27.71;156.92;Companhia de Saneamento de Minas Gerais;83.04;;Prefeitura Municipal de São Pedro Dos Ferros
2611309;85.67;59.06;0.0;0.0;0.49;69.62;28.35;129.05;Companhia Pernambucana de Saneamento;;;
3555505;67.24;0.0;67.24;0.0;0.62;71.45;13.57;184.01;Companhia de Saneamento Básico do Estado de São Paulo;65.24;60.0;Companhia de Saneamento Básico do Estado de São Paulo
3539400;100.0;100.0;70.72;0.0;0.78;89.5;13.47;183.13;Companhia de Saneamento Básico do Estado de São Paulo;81.4;72.99;Companhia de Saneamento Básico do Estado de São Paulo
2202653;77.99;83.85;0.0;0.0;1.84;;;;;;;
4124301;100.0;100.0;0.0;0.0;1.38;93.38;8.71;436.05;Serviço Autônomo Municipal de Água e Esgoto;;;
5214804;89.39;0.0;0.0;0.0;1.29;89.39;22.56;167.73;Saneamento de Goiás S/A;;;
3123106;87.87;80.04;0.0;100.0;0.69;;;;;;;
4311643;100.0;100.0;100.0;0.0;0.43;52.21;3.16;121.7;Prefeitura Municipal de Linha Nova;;;
3203700;53.16;8.77;48.66;0.0;0.4;42.91;24.65;134.47;Companhia Espírito-santense de Saneamento;13.35;10.07;Companhia Espírito-santense de Saneamento
3531209;100.0;100.0;0.0;0.0;0.81;92.85;86.08;111.81;Prefeitura Municipal de Monte Alegre do Sul;;;
1503309;;;;;;16.04;68.84;95.76;Companhia de Saneamento do Pará;;;
3539509;96.23;0.0;0.0;0.0;0.76;96.23;17.39;316.35;Prefeitura Municipal de Pitangueiras;96.23;;Prefeitura Municipal de Pitangueiras
3302056;100.0;100.0;0.0;0.0;0.74;77.74;62.62;134.9;Companhia Estadual de Águas e Esgotos do Rio de Janeiro;89.34;;Prefeitura Municipal de Italva
4116109;85.84;0.0;0.0;0.0;0.57;86.24;19.65;160.84;Companhia de Saneamento do Paraná S.A.;20.5;16.7;Companhia de Saneamento do Paraná S.A.
3155801;87.55;0.0;0.0;0.0;0.42;78.05;29.47;171.31;Companhia de Saneamento de Minas Gerais;67.55;;Companhia de Saneamento de Minas Gerais
2603108;;;;;;85.81;16.29;125.62;Companhia Pernambucana de Saneamento;;;
3547304;100.0;100.0;0.0;100.0;1.57;100.0;36.2;187.78;Companhia de Saneamento Básico do Estado de São Paulo;82.22;40.94;Companhia de Saneamento Básico do Estado de São Paulo
2309458;79.25;64.1;0.0;63.45;1.03;81.9;39.16;119.77;"Sistema Integrado de Saneamento Rural da Bacia do Banabuiu; Companhia de Água e Esgoto do Ceará";4.74;;Companhia de Água e Esgoto do Ceará
3506300;82.93;0.0;0.0;0.0;0.72;90.3;33.54;163.42;Companhia de Saneamento Básico do Estado de São Paulo;89.85;79.4;Companhia de Saneamento Básico do Estado de São Paulo
3164100;55.17;2.57;0.0;100.0;0.71;47.72;25.27;154.58;Companhia de Saneamento de Minas Gerais;53.99;;Prefeitura Municipal de São Pedro do Suaçuí
4311627;100.0;100.0;0.0;0.0;0.48;98.58;16.67;125.99;Prefeitura Municipal de Lindolfo Collor;;;
1720309;;;;;;76.39;10.69;146.86;Companhia de Saneamento do Tocantins;;;
2505238;;;;;;25.19;57.81;145.6;Companhia de Águas e Esgotos da Paraíba;;;
3114907;100.0;100.0;100.0;13.59;0.93;;;;;;;
3147006;89.36;0.0;72.97;0.0;1.67;80.67;29.63;156.78;Companhia de Saneamento de Minas Gerais;74.88;83.17;Companhia de Saneamento de Minas Gerais
5214903;71.77;54.95;0.0;100.0;0.38;100.0;6.01;140.83;Prefeitura Municipal de Nova Roma;;;
5107958;100.0;100.0;92.02;0.0;0.9;85.31;5.9;315.79;Serviço Autônomo Municipal de Água e Esgoto;17.17;15.63;Serviço Autônomo Municipal de Água e Esgoto
2104552;59.76;45.54;0.0;100.0;1.7;70.45;59.56;535.63;Serviço Autônomo de Água e Esgoto;;;
2705101;83.2;0.0;0.0;0.0;0.73;72.29;55.44;75.64;"Verde Ambiental Alagoas; Companhia de Saneamento de Alagoas";;;
2210656;72.68;72.24;0.0;100.0;0.28;77.35;14.28;452.64;Prefeitura Municipal de Sigefredo Pacheco;;;
3531308;96.48;0.0;80.0;0.0;0.97;100.0;12.94;198.4;Companhia de Saneamento Básico do Estado de São Paulo;100.0;98.66;Companhia de Saneamento Básico do Estado de São Paulo
3147600;89.5;0.0;0.0;0.0;0.36;89.5;3.0;129.82;Prefeitura Municipal de Passa Quatro;100.0;;Prefeitura Municipal de Passa Quatro
1503408;35.44;0.0;0.0;100.0;1.4;30.2;32.57;139.19;Companhia de Saneamento do Pará;;;
1703800;100.0;100.0;0.0;100.0;0.65;88.4;18.22;109.25;Companhia de Saneamento do Tocantins;;;
2301257;60.8;25.6;0.0;100.0;0.84;52.75;27.26;81.49;"Companhia de Água e Esgoto do Ceará; Sistema Integrado de Saneamento Rural da Bacia Hidrográfica do Parnaíba";;;
3138807;97.87;73.27;92.03;0.0;1.55;85.76;28.68;185.24;Companhia de Saneamento de Minas Gerais;100.0;;Serviço Autônomo de Água e Esgoto de Luz
4206652;54.52;0.0;0.0;0.0;1.71;47.63;26.85;118.14;Companhia Catarinense de Águas e Saneamento;;;
3155900;91.05;52.34;0.0;0.0;0.6;91.15;76.23;176.44;Prefeitura Municipal de Rio Preto;;;
4311734;100.0;100.0;0.0;0.0;2.75;99.44;79.67;101.96;Prefeitura Municipal de Mampituba;;;
5107941;54.85;7.74;0.0;0.0;0.36;83.0;23.04;222.49;Prefeitura Municipal de Tabaporã;;;
4303558;100.0;100.0;100.0;0.0;0.81;100.0;9.67;244.76;Prefeitura Municipal de Camargo;;;
3302403;100.0;100.0;0.0;0.0;1.54;;25.19;237.49;"Companhia Estadual de Águas e Esgotos do Rio de Janeiro; Prefeitura Municipal de Macaé";83.49;20.73;BRK Ambiental - Macaé S.A. | Prefeitura Municipal de Macaé
5214879;75.68;0.0;0.0;100.0;0.78;70.41;25.2;177.79;Saneamento de Goiás S/A;;;
4319901;100.0;100.0;100.0;0.0;0.87;78.12;23.96;158.16;Companhia Riograndense de Saneamento;9.82;8.01;Companhia Riograndense de Saneamento
1200385;93.01;80.12;0.0;100.0;0.42;68.23;42.21;126.72;Serviço de Água e Esgoto do Estado do Acre;;;
2804102;100.0;100.0;0.0;0.0;0.85;74.88;53.95;94.23;Companhia de Saneamento de Sergipe;67.64;0.0;Prefeitura Municipal de Moita Bonita
3547650;;;;;;85.11;16.28;183.51;Companhia de Saneamento Básico do Estado de São Paulo;82.33;;Companhia de Saneamento Básico do Estado de São Paulo
2210631;59.95;14.08;0.0;100.0;0.67;;;;;;;
2202455;;;;;;;;;;;;
3147709;92.79;59.94;0.0;0.0;0.58;68.81;10.81;196.96;Companhia de Saneamento de Minas Gerais;75.49;;Prefeitura Municipal de Passa Tempo
2705200;;;;;;79.35;68.1;89.67;"BRK Ambiental - Região Metropolitana de Maceió S.A.; Companhia de Saneamento de Alagoas";;;
3523107;97.51;;0.0;0.0;1.25;100.0;29.36;147.78;Companhia de Saneamento Básico do Estado de São Paulo;80.35;23.3;Companhia de Saneamento Básico do Estado de São Paulo
5107925;95.12;9.48;75.69;0.0;0.7;94.61;14.3;226.56;Águas de Sorriso Ltda;19.88;;Águas de Sorriso Ltda
4311718;47.8;28.58;0.0;0.0;0.21;26.92;59.07;172.1;Companhia Riograndense de Saneamento;;;
4214805;100.0;100.0;100.0;0.0;0.79;90.72;40.58;161.88;Companhia Catarinense de Águas e Saneamento;4.32;4.02;Companhia Catarinense de Águas e Saneamento
3514924;100.0;100.0;0.0;0.0;0.83;93.35;27.99;240.03;Prefeitura Municipal de Elisiário;93.35;93.6;Prefeitura Municipal de Elisiário
3130606;93.21;98.82;2.66;100.0;1.11;58.54;18.62;199.71;Companhia de Saneamento de Minas Gerais;46.6;;Prefeitura Municipal de Inconfidentes
5214861;69.43;0.0;0.0;100.0;1.12;58.71;21.78;172.84;Saneamento de Goiás S/A;;;
4311700;85.27;79.28;59.69;0.0;0.28;56.68;31.09;164.89;Companhia Riograndense de Saneamento;;;
3555802;87.48;0.0;0.0;0.0;0.5;96.55;13.0;185.52;Companhia de Saneamento Básico do Estado de São Paulo;85.91;88.2;Companhia de Saneamento Básico do Estado de São Paulo
2112803;;;;;;;;;;;;
5215231;96.65;100.0;0.0;100.0;0.36;99.49;36.9;112.96;Saneamento de Goiás S/A;47.5;36.11;Saneamento de Goiás S/A
3506359;100.0;100.0;59.81;0.0;1.86;63.25;22.67;587.78;Companhia de Saneamento Básico do Estado de São Paulo;50.58;43.98;Companhia de Saneamento Básico do Estado de São Paulo
2104628;;;;;;39.63;59.43;145.03;Companhia de Saneamento Ambiental do Maranhão;;;
1200351;66.85;59.52;0.0;100.0;3.14;26.42;69.46;123.64;Serviço de Água e Esgoto do Estado do Acre;;;
3514908;100.0;100.0;0.0;0.0;0.83;83.97;18.98;183.36;Companhia de Saneamento Básico do Estado de São Paulo;79.06;76.57;Companhia de Saneamento Básico do Estado de São Paulo
4206603;72.18;0.0;0.0;0.0;0.35;75.18;26.51;121.01;Companhia Catarinense de Águas e Saneamento;;;
2910602;90.79;98.13;0.0;100.0;2.33;96.76;39.64;89.93;Empresa Baiana de Águas e Saneamento S.A.;0.96;0.7;Empresa Baiana de Águas e Saneamento S.A.
5206800;83.38;0.0;0.0;100.0;0.79;83.38;7.56;179.68;Saneamento de Goiás S/A;;;
3539301;100.0;100.0;100.0;0.0;0.79;89.75;33.71;248.58;Serviço de Água e Esgoto de Pirassununga;94.95;;Serviço de Água e Esgoto de Pirassununga
2202554;100.0;100.0;0.0;100.0;1.88;59.32;46.68;63.47;Prefeitura Municipal de Caridade do Piauí;;;
4303509;96.7;89.01;0.0;0.0;0.5;81.3;40.12;153.44;Companhia Riograndense de Saneamento;;;
3122405;81.85;0.0;81.85;0.0;0.48;75.05;16.0;182.99;Companhia de Saneamento de Minas Gerais;81.85;75.48;Prefeitura Municipal de Divisa Nova
4124707;68.57;27.24;68.57;0.0;0.33;90.07;36.0;101.32;Serviço Autônomo Municipal de Água e Esgoto;;;
1703867;60.28;44.64;0.0;66.67;1.19;53.82;51.1;181.16;Hidro Forte Administração e Operação S/A;;;
1200336;59.03;72.25;0.0;100.0;0.33;49.47;21.29;173.48;Serviço de Água e Esgoto do Estado do Acre;;;
2202539;50.95;40.19;0.0;44.02;0.61;83.54;69.33;189.2;Prefeitura Municipal de Caraúbas do Piauí;;;
3547601;100.0;100.0;0.0;0.0;2.63;100.0;22.79;187.36;Companhia de Saneamento Básico do Estado de São Paulo;98.52;94.88;Companhia de Saneamento Básico do Estado de São Paulo
2611705;79.4;66.86;0.0;0.0;0.43;55.23;36.77;153.3;Companhia Pernambucana de Saneamento;;;
3106655;100.0;100.0;0.0;71.74;0.59;79.94;23.27;140.17;Companhia de Saneamento de Minas Gerais;;;
3555901;100.0;100.0;0.0;100.0;0.57;93.09;8.91;184.73;Companhia de Saneamento Básico do Estado de São Paulo;92.6;65.45;Companhia de Saneamento Básico do Estado de São Paulo
5215207;68.11;0.0;0.0;100.0;1.91;58.77;29.76;183.65;Saneamento de Goiás S/A;;;
1200328;30.54;0.0;0.0;100.0;0.58;27.2;70.17;224.35;Serviço de Água e Esgoto do Estado do Acre;;;
5002407;76.62;0.0;76.62;0.0;0.89;75.85;37.08;157.89;Empresa de Saneamento de Mato Grosso do Sul S/A;24.25;23.53;Empresa de Saneamento de Mato Grosso do Sul S/A
4320230;100.0;100.0;0.0;0.0;1.65;54.85;46.26;166.1;Companhia Riograndense de Saneamento;;;
4312054;69.14;56.37;0.0;0.0;1.67;37.33;43.82;148.85;Companhia Riograndense de Saneamento;;;
5108006;80.8;14.72;0.0;50.64;1.17;85.65;37.62;282.03;Prefeitura Municipal de Tapurah;;;
2104602;100.0;100.0;0.0;100.0;0.51;0.0;31.15;;Companhia de Saneamento Ambiental do Maranhão;;;
2210706;48.98;0.0;0.0;100.0;1.47;;;;;;;
3531100;;;;;;96.36;29.46;327.18;Companhia de Saneamento Básico do Estado de São Paulo;87.26;79.3;Companhia de Saneamento Básico do Estado de São Paulo
1200450;62.25;0.0;0.0;100.0;0.73;41.56;56.39;167.31;Serviço de Água e Esgoto do Estado do Acre;;;
2513307;81.93;64.98;0.0;0.0;0.45;40.5;27.14;129.66;Companhia de Águas e Esgotos da Paraíba;61.46;;Companhia de Águas e Esgotos da Paraíba | Prefeitura Municipal de Santa Helena
1712157;83.68;69.81;0.0;94.43;2.03;65.75;17.19;159.87;Companhia de Saneamento do Tocantins;;;
2210052;52.47;0.0;0.0;100.0;0.59;;;;;;;
1503705;76.65;45.18;0.0;100.0;0.72;15.07;51.28;104.04;Hidro Forte Administração e Operação S/A;2.6;2.3;Hidro Forte Administração e Operação S/A
2925758;98.83;97.34;56.09;0.0;1.71;74.2;20.51;74.1;Empresa Baiana de Águas e Saneamento S.A.;;;
3302452;91.02;0.0;0.0;0.0;1.08;88.32;34.03;276.32;Rio+ Saneamento BL3 S.A;7.21;9.96;Rio+ Saneamento BL3 S.A
4116505;100.0;100.0;0.0;14.65;0.35;73.1;20.62;197.09;Companhia de Saneamento do Paraná S.A.;;;
1703842;76.25;83.2;0.0;100.0;1.61;72.18;12.27;173.53;Companhia de Saneamento do Tocantins;;;
2603504;;;;;;75.98;33.64;117.58;Companhia Pernambucana de Saneamento;;;
3547700;93.51;0.0;93.51;0.0;0.75;93.05;18.04;191.01;Companhia de Saneamento Básico do Estado de São Paulo;92.3;87.32;Companhia de Saneamento Básico do Estado de São Paulo
4214607;100.0;100.0;0.0;0.0;0.38;54.72;30.62;137.54;Companhia Catarinense de Águas e Saneamento;;;
4320206;59.14;0.0;0.0;0.0;0.43;87.65;24.79;239.18;"Companhia Riograndense de Saneamento; Prefeitura Municipal de Seberi";;;
2705002;54.63;38.31;0.0;0.0;0.26;37.5;71.31;77.61;"Águas do Sertão; Companhia de Saneamento de Alagoas";;;
1200427;50.33;39.7;0.0;100.0;0.61;34.16;43.5;160.26;Serviço de Água e Esgoto do Estado do Acre;;;
4108320;83.48;0.0;83.48;0.0;1.27;85.3;21.02;180.46;Companhia de Saneamento do Paraná S.A.;80.81;68.51;Companhia de Saneamento do Paraná S.A.
2202505;83.61;73.05;0.0;100.0;0.37;;;;;;;
3522901;100.0;100.0;100.0;0.0;1.44;100.0;12.53;220.43;Prefeitura Municipal de Itapuí;94.33;;Prefeitura Municipal de Itapuí
4320321;39.29;0.0;0.0;0.0;0.23;100.0;17.65;162.2;Prefeitura Municipal de Senador Salgado Filho;;;
3130655;43.52;0.0;0.0;100.0;1.16;45.2;16.43;133.98;Companhia de Saneamento de Minas Gerais;17.21;19.6;Companhia de Saneamento de Minas Gerais
1703826;77.25;0.0;0.0;100.0;0.45;76.34;39.58;426.01;Prefeitura Municipal de Cachoeirinha;;;
2308807;55.2;0.0;0.0;0.0;0.37;58.34;8.15;126.97;"Companhia de Água e Esgoto do Ceará; Sistema Integrado de Saneamento Rural da Bacia do Acaraú";;;
2505105;72.57;0.0;0.0;0.0;0.53;24.48;45.9;388.91;Companhia de Águas e Esgotos da Paraíba;;;
2909901;100.0;100.0;0.0;100.0;1.03;79.53;29.88;110.92;Serviço Autônomo de Água e Esgoto;32.51;;Serviço Autônomo de Água e Esgoto
4108304;100.0;100.0;100.0;0.0;1.55;99.45;29.85;193.12;Companhia de Saneamento do Paraná S.A.;96.33;83.42;Companhia de Saneamento do Paraná S.A.
2112605;60.05;0.0;0.0;100.0;0.52;9.61;85.96;96.87;Companhia de Saneamento Ambiental do Maranhão;;;
1503804;89.38;10.99;0.0;100.0;0.64;67.2;52.01;130.75;Jacundá Ambiental SPE SA;;;
4320305;100.0;100.0;0.0;0.0;0.39;65.86;26.67;147.37;Companhia Riograndense de Saneamento;;;
3122470;79.64;98.68;39.82;100.0;1.11;66.6;83.0;185.63;Prefeitura Municipal de Dom Bosco;26.55;;Prefeitura Municipal de Dom Bosco
3523008;95.89;98.74;0.0;0.0;1.53;84.23;41.11;117.75;Prefeitura Municipal de Itapura;100.0;;Prefeitura Municipal de Itapura
4214706;80.62;86.64;35.83;0.0;0.61;65.85;18.68;132.5;Companhia Catarinense de Águas e Saneamento;;;
1200401;89.82;40.23;1.87;0.0;1.09;46.74;53.35;271.82;Serviço de Água e Esgoto de Rio Branco;25.07;19.32;Serviço de Água e Esgoto de Rio Branco
5206602;;;;;;80.24;24.72;166.91;Saneamento de Goiás S/A;;;
3204054;100.0;100.0;91.92;0.0;0.6;89.63;35.38;120.44;Companhia Espírito-santense de Saneamento;63.41;57.03;Companhia Espírito-santense de Saneamento
3514700;100.0;100.0;100.0;0.0;0.59;97.92;14.69;169.84;Companhia de Saneamento Básico do Estado de São Paulo;90.74;82.63;Companhia de Saneamento Básico do Estado de São Paulo
2910008;61.01;0.0;0.0;100.0;0.33;60.62;18.3;90.7;Empresa Baiana de Águas e Saneamento S.A.;;;
3138682;;;;;;50.94;14.01;128.12;Companhia de Saneamento de Minas Gerais;;;
4124509;;;;;;90.48;32.64;181.88;Companhia de Saneamento do Paraná S.A.;62.19;;Companhia de Saneamento do Paraná S.A.
2210003;93.49;76.87;0.0;100.0;3.72;;;;;;;
3555703;80.84;0.0;0.0;0.0;0.97;95.27;10.83;185.19;Companhia de Saneamento Básico do Estado de São Paulo;85.32;88.78;Companhia de Saneamento Básico do Estado de São Paulo
1200393;46.12;0.0;0.0;100.0;0.57;29.23;39.51;149.37;Serviço de Água e Esgoto do Estado do Acre;;;
2925709;38.5;0.0;0.0;100.0;0.33;40.28;25.03;106.5;Empresa Baiana de Águas e Saneamento S.A.;;;
4100103;100.0;100.0;0.0;0.0;0.62;75.9;29.15;220.76;Serviço Autônomo Municipal de Água e Esgoto;23.11;16.48;Serviço Autônomo Municipal de Água e Esgoto
3122454;80.98;0.0;0.0;100.0;0.31;73.42;2.19;108.71;Companhia de Saneamento de Minas Gerais;35.76;53.44;Companhia de Saneamento de Minas Gerais
2104404;100.0;100.0;0.0;100.0;1.76;45.75;60.5;121.01;Companhia de Saneamento Ambiental do Maranhão;;;
3138674;33.97;0.0;0.0;0.0;0.36;33.97;4.41;197.3;Prefeitura Municipal de Luisburgo;33.97;;Prefeitura Municipal de Luisburgo
1720150;100.0;100.0;0.0;100.0;0.58;68.8;34.0;147.35;Agência Tocantinense de Saneamento;;;
2112704;66.48;0.0;0.0;100.0;2.29;12.52;88.9;118.34;Companhia de Saneamento Ambiental do Maranhão;;;
2308906;;;;;;75.03;17.65;118.47;"Sistema Integrado de Saneamento Rural da Bacia do Curú e Letora; Sistema Integrado de Saneamento Rural da Bacia do Acaraú; Companhia de Água e Esgoto do Ceará";;;
4312104;100.0;100.0;0.0;0.0;1.14;50.94;40.5;129.08;Companhia Riograndense de Saneamento;;;
1200252;;;;;;54.71;66.24;212.1;Serviço de Água e Esgoto do Estado do Acre;;;
5107800;100.0;100.0;0.0;0.0;1.23;41.49;43.57;94.36;Prefeitura Municipal de Santo Antônio de Leverger;;;
2415008;;;;;;83.16;57.5;105.16;Companhia de Águas e Esgotos do Rio Grande do Norte;;;
3302270;100.0;100.0;100.0;0.0;0.52;82.06;69.31;148.59;Águas do Rio 4 SPE S.A.;;;
2512606;53.28;0.0;0.0;0.0;1.19;36.1;35.08;177.19;Companhia de Águas e Esgotos da Paraíba;53.28;;Prefeitura Municipal de Quixaba | Companhia de Águas e Esgotos da Paraíba
3106705;100.0;100.0;39.82;0.0;0.74;92.91;30.54;164.84;Companhia de Saneamento de Minas Gerais;86.32;80.98;Companhia de Saneamento de Minas Gerais
5215256;73.22;0.0;0.0;100.0;0.61;73.22;28.61;158.09;Saneamento de Goiás S/A;;;
3514809;72.63;49.09;35.74;0.0;0.58;58.68;27.61;161.86;Companhia de Saneamento Básico do Estado de São Paulo;51.98;48.41;Companhia de Saneamento Básico do Estado de São Paulo
4206504;93.96;0.0;0.0;0.0;0.56;85.84;43.81;166.85;Prefeitura Municipal de Guaramirim;;;
1720259;50.82;0.0;0.0;100.0;0.61;96.94;36.82;118.05;Agência Tocantinense de Saneamento;;;
5107792;62.18;0.0;0.0;100.0;1.04;;;;;;;
5206701;97.84;100.0;0.0;100.0;1.79;49.38;22.49;202.17;Saneamento de Goiás S/A;;;
3138658;;;;;;61.69;7.49;138.17;Companhia de Saneamento de Minas Gerais;25.96;59.91;Companhia de Saneamento de Minas Gerais
4116307;100.0;100.0;84.45;0.0;0.69;87.42;14.63;182.4;Serviço Autônomo Municipal de Água e Esgoto;;;
2901809;96.75;93.61;0.0;100.0;2.41;69.32;13.87;126.58;Empresa Baiana de Águas e Saneamento S.A.;;;
3122306;97.42;97.42;95.05;100.0;0.69;98.19;30.44;177.63;Companhia de Saneamento de Minas Gerais;87.66;13.74;Companhia de Saneamento de Minas Gerais
4320263;80.19;71.02;0.0;0.0;0.44;57.34;2.86;41.24;Prefeitura Municipal de Segredo;;;
5002704;96.75;0.0;69.1;0.0;0.88;98.72;20.69;240.23;Águas Guariroba S/A;91.11;;Águas Guariroba S/A
1711951;71.39;0.0;0.0;100.0;0.39;67.67;51.25;105.97;Agência Tocantinense de Saneamento;;;
4124608;100.0;100.0;0.0;0.0;0.39;96.9;21.24;189.51;Companhia de Saneamento do Paraná S.A.;;;
2201804;100.0;100.0;0.0;100.0;0.52;;;;;;;
3302254;100.0;100.0;0.0;4.02;0.63;73.43;92.62;45.23;Prefeitura Municipal de Itatiaia;70.69;;Prefeitura Municipal de Itatiaia
3547502;92.53;0.0;92.53;1.9;0.59;92.53;17.36;259.34;Companhia Águas de Santa Rita;92.53;;Companhia Águas de Santa Rita
5107909;97.13;59.39;0.0;0.0;1.25;97.01;32.16;167.1;Águas de Sinop S.A.;33.92;;Águas de Sinop S.A.
2104503;38.2;0.0;0.0;100.0;0.36;44.27;33.95;128.25;Companhia de Saneamento Ambiental do Maranhão;;;
2300705;64.38;28.73;0.0;100.0;1.09;52.55;39.04;181.4;"Companhia de Água e Esgoto do Ceará; Sistema Integrado de Saneamento Rural da Bacia Hidrográfica do Baixo e Médio Jaguaribe";;;
2210102;;;;;;;;;;;;
4303905;100.0;100.0;100.0;0.0;0.59;84.71;10.17;151.23;Companhia Riograndense de Saneamento;0.14;;Companhia Riograndense de Saneamento
1503754;42.22;0.0;0.0;100.0;0.34;28.76;57.49;127.18;Prefeitura Municipal de Jacareacanga;;;
2201919;60.78;40.6;0.0;100.0;0.85;97.93;78.25;210.34;Prefeitura Municipal de Bom Princípio do Piauí;;;
2406809;;;;;;76.35;29.26;89.89;Companhia de Águas e Esgotos do Rio Grande do Norte;27.62;;Companhia de Águas e Esgotos do Rio Grande do Norte
2504405;74.47;20.07;0.0;100.0;0.77;47.74;43.34;147.9;Companhia de Águas e Esgotos da Paraíba;39.27;;Prefeitura Municipal de Conceição | Companhia de Águas e Esgotos da Paraíba
3171600;46.25;0.0;0.0;100.0;1.08;79.39;29.28;151.61;"COPASA Serviços de Saneamento Integrado do Norte e Nordeste de Minas Gerais S/A; Companhia de Saneamento de Minas Gerais";47.27;;Prefeitura Municipal de Virgem Da Lapa
2512705;;;;;;44.85;19.69;114.76;Companhia de Águas e Esgotos da Paraíba;;;
3522307;99.0;89.65;20.11;0.0;0.93;95.49;30.33;170.31;Companhia de Saneamento Básico do Estado de São Paulo;91.04;81.81;Companhia de Saneamento Básico do Estado de São Paulo
4214003;85.75;35.33;70.94;0.0;0.57;71.21;27.39;188.06;Serviço de Abastecimento de Água e Tratamento de Esgotos;;;
5002803;75.86;28.82;58.65;18.15;0.7;65.43;30.1;183.7;Empresa de Saneamento de Mato Grosso do Sul S/A;54.02;51.02;Empresa de Saneamento de Mato Grosso do Sul S/A
4320107;91.14;0.0;0.0;0.0;0.76;90.3;37.29;170.4;Companhia Riograndense de Saneamento;;;
2201903;82.0;0.0;0.0;100.0;0.27;;;;;;;
4108106;100.0;100.0;100.0;0.0;0.72;91.94;3.56;254.56;Prefeitura Municipal de Flórida;100.0;;Prefeitura Municipal de Flórida
5107883;47.71;0.0;0.0;100.0;1.11;47.71;9.72;286.36;Prefeitura Municipal de Serra Nova Dourada;;;
1503606;50.87;0.0;0.0;100.0;0.27;4.26;24.61;177.19;Companhia de Saneamento do Pará;;;
4116406;84.42;0.0;0.0;0.0;0.35;95.09;35.41;186.87;Prefeitura Municipal de Nossa Senhora Das Graças;;;
3163409;84.4;31.11;0.0;0.0;0.38;66.13;19.31;162.7;Companhia de Saneamento de Minas Gerais;76.47;;Prefeitura Municipal de São José do Goiabal
1200203;90.93;99.53;0.0;100.0;2.82;48.71;70.09;144.05;Serviço de Água e Esgoto do Estado do Acre;;;
2705408;100.0;100.0;0.0;0.0;0.4;80.44;59.12;91.65;"Companhia de Saneamento de Alagoas; Águas do Sertão";;;
5107875;88.0;0.0;88.0;100.0;1.01;87.3;25.38;216.21;Naturágua Distribuidora de Água Ltda;;;
2504504;90.58;63.38;0.0;0.0;2.9;62.42;24.11;152.88;Companhia de Águas e Esgotos da Paraíba;;;
2803401;;;;;;81.47;56.29;88.93;Companhia de Saneamento de Sergipe;;;
3204104;68.88;3.84;38.27;9.09;0.23;78.4;34.67;138.66;Companhia Espírito-santense de Saneamento;21.06;18.3;Companhia Espírito-santense de Saneamento
3146909;86.07;0.0;0.0;100.0;2.51;94.6;26.99;183.64;Prefeitura Municipal de Papagaios;86.07;;Prefeitura Municipal de Papagaios
2414308;86.03;0.0;0.0;100.0;2.31;87.52;8.86;151.39;Companhia de Águas e Esgotos do Rio Grande do Norte;;;
3130556;83.24;72.87;0.0;95.46;0.34;31.7;30.84;136.29;Companhia de Saneamento de Minas Gerais;30.52;;Prefeitura Municipal de Imbé de Minas
4205803;100.0;100.0;100.0;0.0;0.68;68.15;35.51;209.59;Prefeitura Municipal de Garuva;;;
2308708;77.02;37.35;76.54;100.0;0.69;97.29;54.92;135.29;"Serviço de Autônomo de Água e Esgoto; Sistema Integrado de Saneamento Rural da Bacia do Banabuiu";1.95;;Serviço de Autônomo de Água e Esgoto
4311908;54.09;0.0;54.09;0.0;0.53;51.2;23.37;193.22;Companhia Riograndense de Saneamento;;;
5107859;48.84;0.0;0.0;100.0;0.64;58.89;4.52;464.59;Prefeitura Municipal de São Félix do Araguaia;;;
2909802;80.69;14.6;0.0;100.0;1.42;83.15;32.16;124.23;Empresa Baiana de Águas e Saneamento S.A.;50.82;51.39;Empresa Baiana de Águas e Saneamento S.A.
3514106;97.36;34.1;96.0;0.0;0.75;100.0;42.4;178.96;Serviço Autônomo de Água e Esgoto de Dois Córregos;96.0;75.66;Serviço Autônomo de Água e Esgoto de Dois Córregos
3155207;;;;;;36.39;23.84;156.2;Companhia de Saneamento de Minas Gerais;;;
3506706;94.03;0.0;0.0;100.0;0.89;;;;;;;
1720200;85.37;92.55;85.37;100.0;0.74;69.38;30.92;110.58;Companhia de Saneamento do Tocantins;;;
1703206;91.57;82.56;0.0;100.0;0.53;46.41;30.24;179.42;Agência Tocantinense de Saneamento;;;
4108205;100.0;100.0;100.0;100.0;0.37;81.9;21.57;174.1;Companhia de Saneamento do Paraná S.A.;;;
3114204;97.72;85.01;86.29;100.0;1.6;94.93;36.56;143.41;Serviço Autárquico de Água e Esgoto;77.66;;Serviço Autárquico de Água e Esgoto
4123907;90.63;32.29;86.16;100.0;0.64;88.83;38.44;191.91;Companhia de Saneamento do Paraná S.A.;83.06;68.58;Companhia de Saneamento do Paraná S.A.
2113009;65.56;20.51;0.0;100.0;0.46;9.83;83.9;144.92;Companhia de Saneamento Ambiental do Maranhão;;;
1200302;;;;;;14.05;77.62;128.05;Serviço de Água e Esgoto do Estado do Acre;;;
2803500;100.0;100.0;0.0;0.0;1.44;100.0;59.48;115.79;Companhia de Saneamento de Sergipe;11.51;;Companhia de Saneamento de Sergipe
3138708;76.83;0.0;76.83;0.0;2.6;89.23;68.0;79.22;Prefeitura Municipal de Luminárias;75.64;;Prefeitura Municipal de Luminárias
3122355;97.99;0.0;0.0;100.0;2.13;89.07;23.14;144.98;Companhia de Saneamento de Minas Gerais;;;
1712009;96.34;86.69;0.0;50.19;0.62;66.62;23.3;152.75;Agência Tocantinense de Saneamento;;;
2300507;67.66;49.78;0.0;0.0;0.81;49.78;17.19;107.61;"Sistema Integrado de Saneamento Rural da Bacia do Acaraú; Companhia de Água e Esgoto do Ceará";12.22;;Companhia de Água e Esgoto do Ceará
2209906;98.09;94.72;0.0;100.0;0.92;;;;;;;
2406106;;;;;;74.06;5.97;113.0;Companhia de Águas e Esgotos do Rio Grande do Norte;19.11;14.99;Companhia de Águas e Esgotos do Rio Grande do Norte
4303707;100.0;100.0;100.0;0.0;0.41;31.74;15.88;190.61;Companhia Riograndense de Saneamento;45.04;49.69;Prefeitura Municipal de Campina Das Missões
2901601;99.59;98.98;0.0;100.0;1.35;74.65;28.28;89.52;Empresa Baiana de Águas e Saneamento S.A.;93.48;;Prefeitura Municipal de Antas | Empresa Baiana de Águas e Saneamento S.A.
3302304;95.37;79.98;0.0;0.0;3.13;88.96;28.24;137.43;Companhia Estadual de Águas e Esgotos do Rio de Janeiro;100.0;;Prefeitura Municipal de Laje do Muriaé
2611533;35.66;0.0;0.0;0.0;1.34;52.15;21.85;129.84;Companhia Pernambucana de Saneamento;41.45;;Prefeitura Municipal de Quixaba | Companhia Pernambucana de Saneamento
2512507;72.74;33.44;2.99;0.0;0.74;48.99;26.27;141.74;Companhia de Águas e Esgotos da Paraíba;1.62;1.49;Companhia de Águas e Esgotos da Paraíba
3114303;88.77;0.0;0.0;100.0;0.69;75.71;24.41;178.51;Companhia de Saneamento de Minas Gerais;75.07;78.77;Companhia de Saneamento de Minas Gerais
4312005;51.27;0.0;0.0;0.0;0.51;60.75;18.43;163.73;Companhia Riograndense de Saneamento;;;
3171402;100.0;100.0;0.0;0.0;0.36;48.25;22.89;174.29;Companhia de Saneamento de Minas Gerais;57.88;;Prefeitura Municipal de Vieiras
3106002;100.0;100.0;0.0;0.0;0.44;70.27;43.28;166.75;Companhia de Saneamento de Minas Gerais;75.87;;Prefeitura Municipal de Bela Vista de Minas
4115705;100.0;100.0;0.0;0.0;2.38;99.99;23.76;254.9;Companhia de Saneamento do Paraná S.A.;99.6;83.55;Companhia de Saneamento do Paraná S.A.
2926103;;;;;;100.0;22.81;102.67;Empresa Baiana de Águas e Saneamento S.A.;;;
3130507;100.0;100.0;0.0;0.0;0.94;74.05;17.33;173.03;Companhia de Saneamento de Minas Gerais;100.0;;Prefeitura Municipal de Ilicínea
5108204;73.29;0.0;0.0;100.0;2.24;;;;;;;
2104800;70.07;15.0;0.0;100.0;1.06;;;;;;;
4107520;64.42;0.0;64.42;0.0;0.46;67.12;19.12;227.58;Companhia de Saneamento do Paraná S.A.;;;
5002605;78.23;0.0;0.0;63.16;0.42;77.46;20.9;204.66;Empresa de Saneamento de Mato Grosso do Sul S/A;47.41;47.19;Empresa de Saneamento de Mato Grosso do Sul S/A
2201705;79.28;0.0;0.0;100.0;0.93;;;;;;;
3538709;97.86;0.0;97.86;0.0;1.08;92.23;50.91;222.86;Serviço Municipal de Água e Esgoto;99.69;96.12;Serviço Municipal de Água e Esgoto
5207105;68.91;0.0;0.0;25.0;0.57;68.91;26.62;183.49;Saneamento de Goiás S/A;;;
2406205;100.0;100.0;0.0;100.0;1.51;94.5;31.61;97.57;Companhia de Águas e Esgotos do Rio Grande do Norte;;;
2901700;;;;;;54.24;23.57;127.62;Empresa Baiana de Águas e Saneamento S.A.;34.47;;Prefeitura Municipal de Antônio Cardoso | Empresa Baiana de Águas e Saneamento S.A.
2209872;47.94;0.0;0.0;100.0;0.62;90.56;89.66;195.0;Prefeitura Municipal de São João Da Fronteira;28.85;;Prefeitura Municipal de São João Da Fronteira
4311981;53.38;44.05;0.0;0.0;0.41;16.46;18.97;173.87;Companhia Riograndense de Saneamento;;;
2300606;90.99;93.2;0.0;100.0;0.97;86.05;28.75;120.08;"Sistema Integrado de Saneamento Rural da Bacia Hidrográfica do Salgado; Companhia de Água e Esgoto do Ceará";9.99;;Companhia de Água e Esgoto do Ceará
4303806;100.0;100.0;81.61;0.0;0.59;77.05;40.22;163.27;Companhia Riograndense de Saneamento;;;
2925956;;;;;;56.79;33.86;120.16;Empresa Baiana de Águas e Saneamento S.A.;;;
2603454;100.0;;0.0;0.0;1.23;69.53;71.9;170.23;Companhia Pernambucana de Saneamento;1.0;;Companhia Pernambucana de Saneamento
2504306;100.0;100.0;0.0;0.0;1.05;54.96;58.44;148.37;Companhia de Águas e Esgotos da Paraíba;16.81;18.36;Companhia de Águas e Esgotos da Paraíba
4123857;56.97;37.99;56.97;0.0;0.24;37.26;23.23;166.87;Companhia de Saneamento do Paraná S.A.;;;
4107504;90.86;0.0;88.49;100.0;1.57;98.33;20.19;165.09;Companhia de Saneamento do Paraná S.A.;22.4;18.19;Companhia de Saneamento do Paraná S.A.
3106101;70.32;29.01;0.0;0.0;0.4;27.49;22.2;186.17;Companhia de Saneamento de Minas Gerais;41.8;;Prefeitura Municipal de Belmiro Braga
3171501;86.15;0.0;0.0;0.0;0.98;71.26;71.47;169.44;Companhia de Saneamento de Minas Gerais;;;
3506508;100.0;100.0;0.0;0.0;0.81;97.84;19.42;255.26;Prefeitura Municipal de Birigui;97.84;92.17;Prefeitura Municipal de Birigui
1703008;55.92;8.05;0.0;100.0;1.08;52.06;11.86;166.93;Companhia de Saneamento do Tocantins;;;
3530508;;;;;;96.16;24.04;207.93;Companhia de Saneamento Básico do Estado de São Paulo;92.05;;Companhia de Saneamento Básico do Estado de São Paulo
2209971;;;;;;;;;;;;
2925931;51.79;0.0;0.0;100.0;0.17;96.16;36.37;88.69;Empresa Baiana de Águas e Saneamento S.A.;;;
2611606;100.0;;0.76;0.0;1.84;78.93;44.2;239.95;Companhia Pernambucana de Saneamento;40.28;;Companhia Pernambucana de Saneamento
3301603;100.0;100.0;0.0;100.0;0.73;71.94;29.97;144.71;Águas do Rio 1 SPE S.A.;;;
3163300;88.49;52.08;0.0;100.0;0.33;73.49;28.8;123.59;COPASA Serviços de Saneamento Integrado do Norte e Nordeste de Minas Gerais S/A;62.58;49.74;COPASA Serviços de Saneamento Integrado do Norte e Nordeste de Minas Gerais S/A
4123956;100.0;100.0;100.0;0.0;0.49;75.42;12.39;174.42;Serviço Autônomo Municipal de Água e Esgoto;;;
1200609;97.85;95.1;0.0;100.0;1.15;33.26;65.87;159.15;Serviço de Água e Esgoto do Estado do Acre;;;
2803302;64.66;11.18;0.0;0.0;3.06;97.04;67.3;90.39;Companhia de Saneamento de Sergipe;8.8;;Prefeitura Municipal de Japaratuba
3204005;100.0;100.0;49.9;0.0;0.36;43.47;21.46;154.88;Companhia Espírito-santense de Saneamento;16.16;13.52;Companhia Espírito-santense de Saneamento
2414209;100.0;100.0;0.0;100.0;1.0;56.89;61.11;162.17;Companhia de Águas e Esgotos do Rio Grande do Norte;35.66;25.34;Companhia de Águas e Esgotos do Rio Grande do Norte
3506607;98.28;90.67;0.0;0.0;0.75;60.92;0.29;152.25;Companhia de Saneamento Básico do Estado de São Paulo;52.55;46.24;Companhia de Saneamento Básico do Estado de São Paulo
1703107;83.42;0.0;0.0;100.0;0.4;84.05;25.83;172.43;Companhia de Saneamento do Tocantins;;;
2209955;32.57;0.0;0.0;100.0;0.77;100.0;25.27;127.57;Prefeitura Municipal de São João Da Varjota;;;
2406155;100.0;100.0;0.0;0.0;0.36;26.74;78.24;132.73;Companhia de Águas e Esgotos do Rio Grande do Norte;;;
5100102;;;;;;;;;;;;
3155108;75.74;22.78;0.0;100.0;0.35;60.21;17.84;136.29;COPASA Serviços de Saneamento Integrado do Norte e Nordeste de Minas Gerais S/A;40.54;0.0;COPASA Serviços de Saneamento Integrado do Norte e Nordeste de Minas Gerais S/A
3114105;100.0;100.0;0.0;100.0;0.54;88.95;41.69;137.72;Serviço Autônomo de Água e Esgoto;85.07;0.0;Serviço Autônomo de Água e Esgoto
2925907;71.81;75.78;0.0;100.0;0.97;79.11;37.63;97.12;Empresa Baiana de Águas e Saneamento S.A.;;;
2603405;83.85;73.1;0.0;0.0;0.51;43.54;32.41;163.03;Companhia Pernambucana de Saneamento;;;
3147303;100.0;100.0;100.0;0.0;0.46;88.76;23.5;198.59;Serviço Autônomo de Água e Esgoto de Paraisópolis;84.71;;Serviço Autônomo de Água e Esgoto de Paraisópolis
2910206;87.18;74.11;50.5;0.0;0.75;55.1;27.87;214.12;Empresa Baiana de Águas e Saneamento S.A.;;;
2201770;;;;;;;;;;;;
4303103;100.0;;0.0;0.0;1.09;93.52;;390.44;Companhia Riograndense de Saneamento;88.89;71.14;Companhia Riograndense de Saneamento
1200708;56.5;0.0;0.0;100.0;0.67;54.63;31.41;189.05;Serviço de Água e Esgoto do Estado do Acre;;;
2406007;72.57;41.4;0.0;100.0;0.47;69.16;31.35;106.88;Companhia de Águas e Esgotos do Rio Grande do Norte;6.52;5.45;Companhia de Águas e Esgotos do Rio Grande do Norte
1502954;100.0;100.0;0.0;100.0;1.77;41.92;30.6;105.31;Companhia de Saneamento do Tocantins;;;
4115754;97.0;75.76;97.0;0.0;1.1;97.93;31.15;145.3;Companhia de Saneamento do Paraná S.A.;;;
5206909;;;;;;77.28;27.33;188.93;Saneamento de Goiás S/A;;;
3301702;99.76;0.0;0.0;100.0;2.29;86.79;27.77;282.14;"Companhia Estadual de Águas e Esgotos do Rio de Janeiro; Águas do Rio 4 SPE S.A.";19.95;;Águas do Rio 4 SPE S.A.
2112902;;;;;;46.02;79.23;136.11;Companhia de Saneamento Ambiental do Maranhão;;;
2309102;90.97;99.65;0.0;100.0;3.03;52.57;19.87;80.98;Companhia de Água e Esgoto do Ceará;7.54;;Companhia de Água e Esgoto do Ceará
3522158;91.69;84.35;91.69;0.0;0.8;71.03;21.3;156.01;Companhia de Saneamento Básico do Estado de São Paulo;30.69;27.59;Companhia de Saneamento Básico do Estado de São Paulo
1502939;81.04;5.15;0.0;100.0;0.8;18.29;77.38;133.29;Companhia de Saneamento do Pará;;;
4115739;34.79;14.18;11.18;0.0;0.51;34.23;27.83;188.53;Companhia de Saneamento do Paraná S.A.;;;
3105905;97.22;0.0;97.22;0.0;0.61;84.4;26.68;163.58;Companhia de Saneamento de Minas Gerais;100.0;;Prefeitura Municipal de Barroso
4311270;100.0;100.0;100.0;0.0;0.6;100.0;11.33;472.31;Prefeitura Municipal de Lagoa Dos Três Cantos;;;
2902005;;;;;;46.91;31.5;138.24;"Empresa Baiana de Águas e Saneamento S.A.; Central de Associações Comunitárias para Manutenção dos Sistemas de Saneamento - Região de Caetité";;;
3203320;100.0;100.0;0.0;0.0;1.2;97.92;15.0;280.06;Serviço Autônomo de Água e Esgoto;48.74;;Serviço Autônomo de Água e Esgoto
1703073;98.13;92.67;0.0;15.44;0.92;70.76;10.42;127.71;Agência Tocantinense de Saneamento;;;
2504355;100.0;100.0;0.0;0.0;0.47;22.85;74.53;140.64;Companhia de Águas e Esgotos da Paraíba;;;
3555109;78.57;2.42;78.04;0.0;1.25;79.64;3.3;195.71;Prefeitura Municipal de Tupi Paulista;78.04;;Prefeitura Municipal de Tupi Paulista
3171808;74.72;32.5;0.0;0.0;0.38;70.67;25.92;127.9;Companhia de Saneamento de Minas Gerais;;;
2201739;41.43;9.69;0.0;100.0;0.14;;;;;;;
2210300;84.12;50.03;0.0;100.0;0.56;;;;;;;
2300903;77.16;80.06;0.0;100.0;0.54;47.13;41.31;130.2;"Sistema Integrado de Saneamento Rural da Bacia do Curú e Letora; Companhia de Água e Esgoto do Ceará";;;
2926004;42.74;0.0;0.0;100.0;1.42;47.95;7.61;197.58;Serviço Autônomo de Água e Esgoto;40.44;49.18;Serviço Autônomo de Água e Esgoto
3139102;89.87;49.01;80.13;0.0;0.39;68.83;23.0;178.87;Companhia de Saneamento de Minas Gerais;82.94;;Prefeitura Municipal de Madre de Deus de Minas
2414159;;;;;;88.87;55.22;171.08;Companhia de Águas e Esgotos do Rio Grande do Norte;;;
2610905;98.63;95.0;0.0;0.0;0.76;62.1;55.79;174.74;Companhia Pernambucana de Saneamento;91.45;;Prefeitura Municipal de Pesqueira | Companhia Pernambucana de Saneamento
4107553;93.98;79.96;90.97;0.0;1.2;68.38;21.3;152.28;Companhia de Saneamento do Paraná S.A.;;;
5214408;100.0;100.0;0.0;0.0;1.63;80.67;16.6;186.11;Saneamento de Goiás S/A;;;
2104701;100.0;100.0;0.0;100.0;1.29;44.05;74.7;177.87;Companhia de Saneamento Ambiental do Maranhão;;;
4311254;35.37;0.0;0.0;0.0;0.88;31.88;26.79;139.44;Companhia Riograndense de Saneamento;;;
2202117;;;;;;;;;;;;
3203304;60.73;0.0;45.55;0.0;2.5;60.64;15.25;146.03;Companhia Espírito-santense de Saneamento;43.06;36.08;Companhia Espírito-santense de Saneamento
1703057;;;;;;61.23;36.27;192.71;Sannorte Saneamento Ambiental Ltda.;;;
4107546;100.0;100.0;47.41;0.0;0.29;47.63;12.07;140.05;Companhia de Saneamento do Paraná S.A.;;;
1503044;100.0;100.0;0.0;100.0;2.95;69.15;88.3;210.96;Prefeitura Municipal de Floresta do Araguaia;;;
4311239;20.55;0.0;0.0;0.0;0.21;20.55;37.17;237.37;Companhia Riograndense de Saneamento;;;
3538600;100.0;100.0;0.0;0.0;0.92;74.13;29.0;191.54;Companhia de Saneamento Básico do Estado de São Paulo;57.64;49.42;Companhia de Saneamento Básico do Estado de São Paulo
2202109;;;;;;;;;;;;
3130903;;;;;;48.21;30.45;150.95;Companhia de Saneamento de Minas Gerais;39.56;;Companhia de Saneamento de Minas Gerais
4107538;73.48;0.0;73.48;0.0;0.51;100.0;17.78;341.18;Prefeitura Municipal de Entre Rios do Oeste;;;
3163607;59.84;0.0;0.0;0.0;0.38;57.52;25.88;165.84;Companhia de Saneamento de Minas Gerais;57.73;;Prefeitura Municipal de São José do Mantimento
3505906;97.13;0.0;0.0;0.0;0.84;97.13;55.24;194.76;Prefeitura Municipal de Batatais;96.16;98.51;Prefeitura Municipal de Batatais
3171907;63.2;0.0;0.0;100.0;0.95;63.62;27.15;174.08;Companhia de Saneamento de Minas Gerais;63.2;;Prefeitura Municipal de Virgolândia
2602704;72.02;0.0;0.0;0.0;0.29;68.54;58.45;114.17;Companhia Pernambucana de Saneamento;;;
2112852;65.09;0.0;0.0;100.0;2.82;69.07;11.48;352.01;Prefeitura Municipal de Vila Nova Dos Martírios;;;
3546900;97.42;0.0;0.0;0.0;0.56;97.42;14.34;162.23;Prefeitura Municipal de Santa Lúcia;97.42;84.21;Prefeitura Municipal de Santa Lúcia
2104677;;;;;;;;;;;;
2202091;;;;;;;;;;;;
5214507;96.94;0.0;96.94;0.0;0.68;85.38;28.89;119.84;Saneamento de Goiás S/A;;;
3530409;86.42;0.0;86.42;0.0;1.22;80.61;85.0;10.69;Prefeitura Municipal de Mirassolândia;80.91;;Prefeitura Municipal de Mirassolândia
2611002;100.0;100.0;72.5;0.0;1.32;74.23;23.12;150.44;Companhia Pernambucana de Saneamento;0.69;;Companhia Pernambucana de Saneamento | Prefeitura Municipal de Petrolândia
2933505;100.0;100.0;0.0;100.0;0.33;61.86;21.09;84.31;Empresa Baiana de Águas e Saneamento S.A.;;;
2504702;61.31;0.0;0.0;0.0;0.81;53.47;54.0;151.07;Companhia de Águas e Esgotos da Paraíba;;;
2202083;79.48;28.05;0.0;100.0;0.58;;;;;;;
3147105;100.0;100.0;10.33;0.0;0.59;100.0;14.46;151.88;Águas de Pará de Minas S. A.;98.7;88.0;Águas de Pará de Minas S. A.
3301504;100.0;100.0;0.0;100.0;0.7;97.38;34.92;188.31;Águas do Rio 1 SPE S.A.;12.66;;Águas do Rio 1 SPE S.A.
2202075;;;;;;;;;;;;
5108055;58.8;0.0;0.0;0.0;1.3;67.64;10.12;307.06;Prefeitura Municipal de Terra Nova do Norte;;;
3122702;74.77;20.94;0.0;0.1;0.64;82.95;24.56;155.8;Companhia de Saneamento de Minas Gerais;80.37;;Prefeitura Municipal de Dom Silvério
2104651;;;;;;37.46;72.45;105.48;Companhia de Saneamento Ambiental do Maranhão;;;
2803708;100.0;100.0;0.0;0.0;0.41;91.19;51.38;97.29;Companhia de Saneamento de Sergipe;7.12;;Prefeitura Municipal de Macambira
3155405;43.33;0.83;0.0;0.0;0.31;74.07;38.63;159.12;Companhia de Saneamento de Minas Gerais;71.18;;Prefeitura Municipal de Rio Novo
2602803;57.14;24.96;0.0;0.0;0.33;31.66;45.12;90.3;Companhia Pernambucana de Saneamento;56.41;;Companhia Pernambucana de Saneamento | Prefeitura Municipal de Buíque
4319505;100.0;100.0;0.0;0.0;1.07;68.8;44.63;132.21;Companhia Riograndense de Saneamento;;;
3163706;100.0;100.0;0.0;0.0;0.79;98.76;28.54;239.58;Serviço Autônomo de Água e Esgoto;95.37;0.0;Serviço Autônomo de Água e Esgoto
1503002;54.79;0.0;0.0;100.0;1.43;64.09;81.54;60.39;Companhia de Saneamento do Pará;;;
2925303;100.0;100.0;0.0;0.0;0.75;84.52;23.44;96.87;Empresa Baiana de Águas e Saneamento S.A.;68.14;48.37;Empresa Baiana de Águas e Saneamento S.A.
3522208;100.0;100.0;15.0;0.0;1.09;91.44;26.95;190.32;Companhia de Saneamento Básico do Estado de São Paulo;65.27;49.42;Companhia de Saneamento Básico do Estado de São Paulo
2202059;38.28;25.04;0.0;100.0;0.26;;;;;;;
4213906;100.0;100.0;0.0;0.0;0.36;44.83;24.46;447.84;Companhia Catarinense de Águas e Saneamento;;;
2210359;31.13;0.0;0.0;100.0;0.37;;;;;;;
3138906;79.65;0.0;0.0;100.0;0.5;81.61;22.74;140.0;Companhia de Saneamento de Minas Gerais;70.22;;Prefeitura Municipal de Machacalis
4319364;51.42;28.75;0.0;0.0;0.26;97.99;14.38;177.07;Prefeitura Municipal de São Pedro Das Missões;;;
3147204;85.09;5.36;0.0;0.0;1.1;84.24;24.43;191.04;Concessionária de Saneamento Básico Ltda;84.24;74.08;Concessionária de Saneamento Básico Ltda
3554904;90.52;0.0;90.52;0.0;0.4;100.0;12.03;199.45;Companhia de Saneamento Básico do Estado de São Paulo;99.2;91.66;Companhia de Saneamento Básico do Estado de São Paulo
2705309;40.7;0.0;0.0;0.0;1.04;37.38;34.93;88.68;Companhia de Saneamento de Alagoas;;;
2902054;;;;;;;;;;;;
4319356;88.57;67.04;0.0;0.0;0.51;46.29;29.97;185.17;Companhia Riograndense de Saneamento;;;
3155504;100.0;100.0;0.0;0.0;1.19;57.24;10.31;204.37;Companhia de Saneamento de Minas Gerais;76.99;;Prefeitura Municipal de Rio Paranaíba
4123824;68.64;0.0;68.64;100.0;0.6;74.19;15.91;150.24;Companhia de Saneamento do Paraná S.A.;;;
4311304;91.68;24.98;88.91;0.56;0.65;85.87;37.83;157.55;Companhia Riograndense de Saneamento;;;
2202174;;;;;;;;;;;;
3114501;100.0;100.0;84.96;0.0;0.67;100.0;24.67;189.34;Seerviço de Saneamento Ambiental Municipal;89.12;;Seerviço de Saneamento Ambiental Municipal
2933455;50.24;0.0;0.0;100.0;0.55;63.39;38.32;134.56;Empresa Baiana de Águas e Saneamento S.A.;;;
3514007;100.0;100.0;0.0;85.21;0.62;97.68;7.64;197.79;Prefeitura Municipal de Dobrada;97.68;;Prefeitura Municipal de Dobrada
4205704;100.0;100.0;0.0;0.0;1.75;100.0;27.38;160.05;Companhia Catarinense de Águas e Saneamento;;;
3203353;100.0;100.0;0.0;0.0;1.14;56.09;25.0;214.51;Serviço Autônomo de Água e Esgoto;53.87;;Serviço Autônomo de Água e Esgoto
3130705;90.74;70.71;90.74;0.0;0.6;69.35;17.67;192.59;Companhia de Saneamento de Minas Gerais;68.39;;Prefeitura Municipal de Indianópolis
3538907;86.81;28.66;58.01;0.0;0.92;81.51;2.93;426.74;Serviço Autônomo de Água e Esgoto;81.51;;Serviço Autônomo de Água e Esgoto
3139003;89.0;33.21;0.0;0.0;0.58;90.73;36.77;190.53;Serviço Autônomo de Água e Esgoto;90.03;;Serviço Autônomo de Água e Esgoto
2406403;94.95;83.23;0.0;0.0;1.27;98.37;61.06;100.89;Companhia de Águas e Esgotos do Rio Grande do Norte;;;
4123808;100.0;100.0;100.0;0.0;0.45;64.37;24.91;144.16;Companhia de Saneamento do Paraná S.A.;45.62;45.22;Companhia de Saneamento do Paraná S.A.
3106309;93.87;57.98;89.78;0.0;0.47;78.4;58.05;107.16;Companhia de Saneamento de Minas Gerais;86.03;;Prefeitura Municipal de Belo Oriente
3171709;100.0;100.0;0.0;0.0;0.54;55.16;6.1;180.31;Prefeitura Municipal de Virgínia;55.16;59.18;Prefeitura Municipal de Virgínia
4311155;73.02;61.03;0.0;0.0;0.24;36.67;59.71;176.68;Prefeitura Municipal de Jóia;;;
3203346;100.0;100.0;0.0;0.0;0.87;50.4;10.36;136.16;Companhia Espírito-santense de Saneamento;31.69;25.7;Companhia Espírito-santense de Saneamento
2300804;75.8;0.0;0.0;100.0;1.1;84.18;35.56;130.68;"Companhia de Água e Esgoto do Ceará; Sistema Integrado de Saneamento Rural da Bacia do Alto Jaguaribe";45.44;;Prefeitura Municipal de Antonina do Norte | Companhia de Água e Esgoto do Ceará
3546702;98.87;0.0;0.0;0.0;1.12;97.94;16.89;188.08;BRK Ambiental - Santa Gertrudes S.A.;97.94;;BRK Ambiental - Santa Gertrudes S.A.
3555000;94.92;0.0;0.0;29.63;1.13;98.05;14.18;199.07;Companhia de Saneamento Básico do Estado de São Paulo;94.05;91.53;Companhia de Saneamento Básico do Estado de São Paulo
2610806;;;;;;47.08;31.68;128.35;Companhia Pernambucana de Saneamento;;;
3203205;98.83;89.73;0.0;0.0;1.76;84.2;57.12;121.86;Serviço Autônomo de Água e Esgoto de Linhares;68.6;;Serviço Autônomo de Água e Esgoto de Linhares
3122504;89.12;0.0;0.0;0.0;0.66;75.61;34.69;179.26;Companhia de Saneamento de Minas Gerais;89.12;;Prefeitura Municipal de Dom Cavati
2910057;100.0;100.0;0.0;28.57;0.61;97.66;58.33;97.3;Empresa Baiana de Águas e Saneamento S.A.;54.69;42.5;Empresa Baiana de Águas e Saneamento S.A.
3130804;65.89;0.0;0.0;0.0;0.41;63.27;14.38;176.78;Companhia de Saneamento de Minas Gerais;64.94;;Prefeitura Municipal de Ingaí
2202133;;;;;;;;;;;;
4319307;40.2;0.0;0.0;0.0;0.36;;;;;;;
3163508;31.76;0.0;0.0;100.0;0.26;41.33;2.94;170.09;Companhia de Saneamento de Minas Gerais;26.12;0.0;Companhia de Saneamento de Minas Gerais
3530706;100.0;100.0;97.14;0.0;1.55;97.14;42.3;222.37;Serviço Autônomo Municipal de Água e Esgoto de Mogi Guaçu;97.14;;Serviço Autônomo Municipal de Água e Esgoto de Mogi Guaçu
3539004;92.37;0.0;0.0;0.0;0.72;92.37;33.0;355.1;Prefeitura Municipal de Pirangi;92.37;;Prefeitura Municipal de Pirangi
1502806;35.66;0.0;0.0;100.0;1.09;18.11;94.36;11.68;Prefeitura Municipal de Curralinho;;;
4115606;100.0;100.0;0.0;0.0;1.77;80.56;28.35;161.58;Companhia de Saneamento do Paraná S.A.;72.88;65.7;Companhia de Saneamento do Paraná S.A.
2602605;58.7;19.36;0.0;0.0;0.68;48.62;40.05;99.38;Companhia Pernambucana de Saneamento;46.96;;Prefeitura Municipal de Brejo Da Madre de Deus | Companhia Pernambucana de Saneamento
5002001;79.3;0.0;0.0;0.0;0.72;78.52;24.02;182.84;Empresa de Saneamento de Mato Grosso do Sul S/A;58.73;54.82;Empresa de Saneamento de Mato Grosso do Sul S/A
3546801;100.0;100.0;0.0;0.0;1.08;69.81;54.98;140.54;Companhia de Saneamento Básico do Estado de São Paulo;50.03;20.35;Companhia de Saneamento Básico do Estado de São Paulo
5108105;;;;;;;;;;;;
4311130;27.27;0.0;0.0;0.0;0.28;28.71;48.38;623.43;Prefeitura Municipal de Jari;;;
2512903;90.57;74.29;0.0;0.0;0.99;23.04;42.44;196.77;Companhia de Águas e Esgotos da Paraíba;;;
2201988;25.2;0.0;0.0;100.0;0.35;;;;;;;
2112233;100.0;100.0;0.0;100.0;1.99;84.82;53.91;156.24;Companhia de Saneamento Ambiental do Maranhão;;;
2104057;;;;;;;;;;;;
4311122;96.27;89.23;0.0;30.2;0.43;55.95;25.25;155.17;Companhia Riograndense de Saneamento;31.96;;Prefeitura Municipal de Jaquirana
3122603;75.15;0.0;75.15;100.0;0.43;50.56;15.82;247.75;Companhia de Saneamento de Minas Gerais;52.62;;Prefeitura Municipal de Dom Joaquim
3522505;100.0;100.0;49.6;0.0;0.82;100.0;36.62;151.02;Companhia de Saneamento Básico do Estado de São Paulo;84.44;39.73;Companhia de Saneamento Básico do Estado de São Paulo
3203163;100.0;100.0;0.0;0.0;0.32;25.17;24.92;143.3;Companhia Espírito-santense de Saneamento;15.49;14.09;Companhia Espírito-santense de Saneamento
4107405;100.0;100.0;63.34;0.0;0.46;37.2;29.46;166.83;Companhia de Saneamento do Paraná S.A.;;;
3530805;100.0;100.0;9.11;0.0;0.63;89.4;47.4;205.2;Serviço Autônomo de Água e Esgotos de Mogi Mirim;84.99;86.12;Serviço Autônomo de Água e Esgotos de Mogi Mirim
3554953;100.0;100.0;46.06;0.0;0.55;47.24;50.99;213.8;Águas de Tuiuti SPE Ltda;39.51;20.67;Águas de Tuiuti SPE Ltda
2512762;19.13;0.0;0.0;0.0;1.66;81.64;18.26;3188.21;Prefeitura Municipal de Riachão do Poço;;;
1502905;72.39;89.48;0.0;100.0;0.58;39.67;58.9;75.96;Serviço Autônomo de Água e Esgoto;;;
2300754;62.02;47.39;0.0;100.0;0.99;64.5;25.73;85.27;"Serviço Autônomo de Água e Esgoto; Sistema Integrado de Saneamento Rural da Bacia do Curú e Letora";2.71;;Serviço Autônomo de Água e Esgoto
3155306;78.58;27.35;0.0;0.0;0.36;68.22;12.78;245.26;Companhia de Saneamento de Minas Gerais;;;
4319406;100.0;100.0;0.0;0.0;0.38;73.94;42.96;139.23;Companhia Riograndense de Saneamento;;;
2112209;89.23;0.0;0.0;0.0;1.53;89.23;47.94;158.89;Águas de Timon Saneamento S/A;34.86;;Águas de Timon Saneamento S/A
3138302;100.0;100.0;0.0;100.0;0.33;63.27;48.05;175.42;Companhia de Saneamento de Minas Gerais;59.88;59.09;Companhia de Saneamento de Minas Gerais
2512754;100.0;100.0;0.0;0.0;0.4;34.84;76.25;96.05;Companhia de Águas e Esgotos da Paraíba;;;
2512747;100.0;100.0;0.0;0.0;0.65;39.47;30.32;111.85;Companhia de Águas e Esgotos da Paraíba;;;
3114550;79.81;0.0;0.0;9.16;1.4;69.5;14.08;187.18;Companhia de Saneamento de Minas Gerais;66.96;75.28;Companhia de Saneamento de Minas Gerais
2201960;91.16;83.38;0.0;100.0;0.72;;;;;;;
2704609;30.88;0.0;0.0;0.0;0.85;52.69;71.63;68.0;"Águas do Sertão; Companhia de Saneamento de Alagoas";;;
2901957;74.56;0.0;0.0;100.0;1.0;74.39;10.31;99.97;Empresa Baiana de Águas e Saneamento S.A.;;;
3522604;100.0;100.0;43.0;0.0;0.85;94.56;51.13;207.3;Serviço Autônomo de Água e Esgoto;94.56;;Serviço Autônomo de Água e Esgoto
4214300;98.98;98.26;0.0;0.16;0.96;49.37;20.46;146.15;Companhia Catarinense de Águas e Saneamento;36.01;19.53;Companhia Catarinense de Águas e Saneamento
3555307;75.54;0.0;0.0;0.0;1.45;96.71;9.69;192.22;Companhia de Saneamento Básico do Estado de São Paulo;73.62;76.22;Companhia de Saneamento Básico do Estado de São Paulo
2201945;59.85;22.85;0.0;100.0;0.22;100.0;70.0;12.32;Prefeitura Municipal de Boqueirão do Piauí;;;
4311205;100.0;100.0;0.0;0.0;0.5;84.81;47.08;147.8;Companhia Riograndense de Saneamento;;;
4124103;85.65;0.0;85.65;0.0;1.35;91.88;33.92;149.94;Companhia de Saneamento do Paraná S.A.;91.15;85.98;Companhia de Saneamento do Paraná S.A.
3130101;100.0;100.0;97.15;0.0;1.31;79.56;45.65;202.62;Companhia de Saneamento de Minas Gerais;39.5;0.0;Companhia de Saneamento de Minas Gerais
2104008;54.69;0.0;0.0;100.0;1.13;39.54;61.9;153.37;Companhia de Saneamento Ambiental do Maranhão;;;
4107751;;;;;;87.89;26.01;152.77;Companhia de Saneamento do Paraná S.A.;12.44;;Companhia de Saneamento do Paraná S.A.
3301876;100.0;100.0;0.0;0.0;0.94;97.73;50.77;154.63;Prolagos S/A - Concessionária de Serviços Públicos de Água e Esgoto;89.76;;Prolagos S/A - Concessionária de Serviços Públicos de Água e Esgoto
2112308;;;;;;12.67;62.57;184.85;Companhia de Saneamento Ambiental do Maranhão;;;
4319372;60.53;18.81;0.0;0.0;0.42;100.0;3.52;179.6;Prefeitura Municipal de São Pedro do Butiá;;;
5107404;95.55;67.3;0.0;0.0;0.49;93.2;90.08;99.64;Prefeitura Municipal de São Pedro Da Cipa;;;
2512721;100.0;100.0;0.0;0.0;2.31;28.84;18.17;141.02;Companhia de Águas e Esgotos da Paraíba;;;
2910107;100.0;100.0;0.0;100.0;1.32;76.59;17.44;168.43;"Serviço Autônomo de Água e Esgotos; Central de Associações Comunitárias para Manutenção dos Sistemas de Saneamento - Região de Caetité";;;
3538808;100.0;100.0;100.0;0.0;1.04;96.02;25.91;190.09;Companhia de Saneamento Básico do Estado de São Paulo;92.95;86.18;Companhia de Saneamento Básico do Estado de São Paulo
4206108;54.71;12.73;0.0;0.0;0.35;50.88;92.12;16.51;Serviço Autônomo Municipal de Água e Esgoto;;;
2704708;96.24;0.0;0.0;0.0;0.68;93.06;52.81;180.08;BRK Ambiental - Região Metropolitana de Maceió S.A.;27.96;;BRK Ambiental - Região Metropolitana de Maceió S.A.
2201929;30.38;11.54;0.0;100.0;0.45;;;;;;;
2414605;35.68;16.37;0.0;0.0;0.49;60.49;51.34;120.09;Companhia de Águas e Esgotos do Rio Grande do Norte;14.63;;Prefeitura Municipal de Upanema
5206305;84.63;0.0;0.0;0.0;0.98;70.85;27.12;206.52;Saneamento de Goiás S/A;;;
3514403;86.79;14.29;85.72;100.0;0.95;97.42;31.8;224.36;Empresa de Desenvolvimento, Água, Esgoto e Pavimentação de Dracena;92.57;94.18;Empresa de Desenvolvimento, Água, Esgoto e Pavimentação de Dracena
1502855;100.0;100.0;0.0;100.0;0.81;;;;;;;
2309003;89.04;68.08;19.19;0.0;0.49;89.94;22.5;131.3;"Sistema Integrado de Saneamento Rural da Bacia do Acaraú; Companhia de Água e Esgoto do Ceará";9.68;;Companhia de Água e Esgoto do Ceará
4107736;93.94;88.84;90.17;0.0;0.31;48.9;24.79;126.64;Companhia de Saneamento do Paraná S.A.;;;
4303004;89.13;19.99;43.41;0.0;0.82;86.76;38.49;151.08;Companhia Riograndense de Saneamento;39.53;31.75;Companhia Riograndense de Saneamento
3146552;40.34;4.81;35.73;0.0;0.52;29.62;22.12;160.91;Companhia de Saneamento de Minas Gerais;;;
4319737;96.38;95.45;0.0;0.0;2.4;97.46;22.38;177.99;Prefeitura Municipal de São Valério do Sul;;;
3121902;100.0;100.0;0.0;0.0;0.48;52.87;19.24;186.73;Companhia de Saneamento de Minas Gerais;63.26;;Prefeitura Municipal de Divinésia
3547106;92.4;20.76;90.41;0.0;0.95;95.15;21.64;199.23;Companhia de Saneamento Básico do Estado de São Paulo;77.86;76.12;Companhia de Saneamento Básico do Estado de São Paulo
2104107;;;;;;8.95;65.33;294.74;Companhia de Saneamento Ambiental do Maranhão;;;
2308351;54.66;10.63;23.92;100.0;1.32;62.6;31.48;92.93;"Sistema Integrado de Saneamento Rural da Bacia do Banabuiu; Serviço Autônomo de Água e Esgoto";;;
3301850;96.85;0.0;95.2;0.0;0.72;;;;;;;
2901908;;;;;;79.33;29.87;133.05;Empresa Baiana de Águas e Saneamento S.A.;;;
3530607;100.0;100.0;100.0;0.0;1.97;92.25;47.34;149.14;Serviço Municipal de Águas e Esgotos;82.99;44.95;Serviço Municipal de Águas e Esgotos
2611200;64.78;90.89;0.0;0.0;0.38;52.09;48.78;7.1;Companhia Pernambucana de Saneamento;57.38;;Prefeitura Municipal de Poção | Companhia Pernambucana de Saneamento
4124202;91.19;49.31;0.0;8.5;0.69;97.04;19.05;148.3;Companhia de Saneamento do Paraná S.A.;;;
2414456;100.0;100.0;0.0;100.0;1.49;100.0;36.71;132.88;Companhia de Águas e Esgotos do Rio Grande do Norte;;;
2104099;36.84;0.0;0.0;100.0;0.36;;;;;;;
3171071;74.36;0.0;0.0;100.0;0.94;82.73;13.59;135.32;COPASA Serviços de Saneamento Integrado do Norte e Nordeste de Minas Gerais S/A;65.44;7.86;COPASA Serviços de Saneamento Integrado do Norte e Nordeste de Minas Gerais S/A
5214705;71.71;0.0;71.71;100.0;1.98;71.71;12.97;143.88;Saneamento de Goiás S/A;;;
5001904;89.25;0.0;89.25;0.0;0.64;88.36;20.96;194.04;Empresa de Saneamento de Mato Grosso do Sul S/A;31.12;31.24;Empresa de Saneamento de Mato Grosso do Sul S/A
2112274;27.69;0.0;0.0;100.0;0.65;;;;;;;
2210201;87.98;74.54;0.0;0.0;0.45;;;;;;;
2202026;60.63;43.23;0.0;100.0;0.55;100.0;16.15;445.23;Prefeitura Municipal de Buriti Dos Montes;;;
4319711;100.0;100.0;0.0;0.0;0.41;100.0;3.45;102.65;Prefeitura Municipal de São Valentim do Sul;;;
3138351;99.27;98.25;0.0;0.0;0.37;37.22;24.4;192.74;COPASA Serviços de Saneamento Integrado do Norte e Nordeste de Minas Gerais S/A;28.17;22.75;COPASA Serviços de Saneamento Integrado do Norte e Nordeste de Minas Gerais S/A
2512804;55.55;0.0;0.0;0.0;0.48;0.0;100.0;;Companhia de Águas e Esgotos da Paraíba;30.55;;Companhia de Águas e Esgotos da Paraíba | Prefeitura Municipal de Riacho Dos Cavalos
2603009;;;;;;74.32;45.96;166.34;Companhia Pernambucana de Saneamento;;;
3547205;100.0;100.0;0.0;0.0;0.93;81.8;9.47;185.79;Companhia de Saneamento Básico do Estado de São Paulo;81.39;66.45;Companhia de Saneamento Básico do Estado de São Paulo
4319703;98.68;96.87;0.0;100.0;1.35;46.51;24.16;166.31;Companhia Riograndense de Saneamento;;;
4116000;89.64;31.13;0.0;0.0;0.52;84.96;49.52;185.7;Serviço Autônomo Municipal de Água e Esgoto;;;
1503200;92.0;73.81;27.73;100.0;0.33;;;;;;;
2925253;76.86;83.96;0.0;100.0;0.35;99.98;5.37;122.71;Empresa Baiana de Águas e Saneamento S.A.;;;
2104081;;;;;;;;;;;;
3505807;;;;;;88.39;14.26;177.37;Companhia de Saneamento Básico do Estado de São Paulo;87.25;84.78;Companhia de Saneamento Básico do Estado de São Paulo
2300150;100.0;100.0;0.0;100.0;1.05;44.35;54.39;171.88;Companhia de Água e Esgoto do Ceará;13.1;;Companhia de Água e Esgoto do Ceará
3522406;99.91;99.42;75.82;0.0;0.61;95.92;29.81;149.9;Companhia de Saneamento Básico do Estado de São Paulo;79.4;74.21;Companhia de Saneamento Básico do Estado de São Paulo
2104073;;;;;;;;;;;;
1101559;38.56;0.0;0.0;0.0;0.26;10.43;54.41;178.01;Companhia de Águas e Esgotos do Estado de Rondônia;;;
2512788;79.4;79.03;0.0;0.0;0.99;0.0;;;Companhia de Águas e Esgotos da Paraíba;65.07;0.0;Companhia de Águas e Esgotos da Paraíba | Prefeitura Municipal de Riacho de Santo Antônio
4214102;100.0;100.0;0.0;0.0;0.31;43.03;49.17;133.64;Companhia Catarinense de Águas e Saneamento;;;
2202000;100.0;100.0;0.0;0.0;0.68;;;;;;;
3146503;100.0;100.0;87.99;0.0;0.36;99.11;21.37;255.52;Serviço Autônomo de Água e Esgoto de Pains;89.7;85.2;Serviço Autônomo de Água e Esgoto de Pains
2504603;100.0;100.0;0.0;0.0;2.58;19.89;73.76;184.22;Companhia de Águas e Esgotos da Paraíba;;;
3555356;94.43;0.0;0.0;0.0;0.64;94.43;8.88;196.89;Prefeitura Municipal de Ubarana;94.43;;Prefeitura Municipal de Ubarana
2917607;84.08;10.29;0.0;100.0;0.69;82.22;20.78;104.02;Empresa Baiana de Águas e Saneamento S.A.;37.65;34.55;Empresa Baiana de Águas e Saneamento S.A.
2414407;45.18;0.0;0.0;0.0;0.55;91.96;51.58;368.45;"Companhia de Águas e Esgotos do Rio Grande do Norte; Serviço Autônomo de Água e Esgoto";7.86;;Serviço Autônomo de Água e Esgoto
2933406;73.74;11.96;0.0;100.0;0.95;71.55;11.1;92.68;Empresa Baiana de Águas e Saneamento S.A.;;;
2112100;70.65;0.0;0.0;100.0;0.9;44.12;71.98;163.55;Companhia de Saneamento Ambiental do Maranhão;;;
4107801;98.18;67.88;0.0;0.0;0.61;100.0;15.66;189.9;Companhia de Saneamento do Paraná S.A.;30.92;25.19;Companhia de Saneamento do Paraná S.A.
4124020;100.0;100.0;100.0;0.0;0.57;90.7;21.32;161.08;Companhia de Saneamento do Paraná S.A.;46.69;41.4;Companhia de Saneamento do Paraná S.A.
3171030;73.28;33.76;0.0;0.0;0.46;65.84;33.09;124.97;Companhia de Saneamento de Minas Gerais;;;
2308302;82.45;62.74;44.68;100.0;1.53;42.65;36.54;130.43;"Sistema Integrado de Saneamento Rural da Bacia Hidrográfica do Salgado; Companhia de Água e Esgoto do Ceará";22.34;;Companhia de Água e Esgoto do Ceará | Prefeitura Municipal de Milagres
4311502;81.78;0.0;0.0;0.0;0.74;62.94;28.6;180.98;Companhia Riograndense de Saneamento;;;
3514205;100.0;100.0;0.0;0.0;1.17;99.73;12.61;198.36;Companhia de Saneamento Básico do Estado de São Paulo;99.56;92.31;Companhia de Saneamento Básico do Estado de São Paulo
4319802;38.25;0.0;0.0;0.0;0.4;72.95;18.0;151.82;Companhia Riograndense de Saneamento;;;
1703305;71.75;0.0;0.0;100.0;0.51;72.42;45.77;149.32;Hidro Forte Administração e Operação S/A;;;
2704500;78.97;0.0;0.0;0.0;1.71;;72.83;83.84;"Verde Ambiental Alagoas; Companhia de Saneamento de Alagoas";50.61;;Verde Ambiental Alagoas
4205902;100.0;100.0;94.27;0.0;0.77;94.62;18.7;205.33;Serviço Autônomo Municipal de Água e Esgoto;1.89;;Serviço Autônomo Municipal de Água e Esgoto
4214201;67.74;0.0;0.0;0.0;0.56;64.25;61.24;107.86;Companhia Catarinense de Águas e Saneamento;;;
2803609;82.75;58.69;0.0;0.0;1.42;98.71;35.51;348.94;Companhia de Saneamento de Sergipe;;;
4124004;71.82;0.0;71.82;0.0;0.62;75.07;23.55;135.81;Companhia de Saneamento do Paraná S.A.;42.22;33.49;Companhia de Saneamento do Paraná S.A.
4107652;100.0;100.0;100.0;0.0;0.73;98.53;25.69;117.93;Companhia de Saneamento do Paraná S.A.;98.84;88.13;Companhia de Saneamento do Paraná S.A.
2209500;100.0;100.0;0.0;100.0;0.48;;;;;;;
2925204;100.0;100.0;0.0;100.0;2.59;90.26;30.63;119.09;Empresa Baiana de Águas e Saneamento S.A.;;;
3301900;100.0;100.0;0.0;0.0;0.76;42.57;78.56;73.94;Águas do Rio 1 SPE S.A.;7.92;;Águas do Rio 1 SPE S.A.
5107305;83.42;0.0;0.0;76.11;0.67;83.42;24.99;243.57;Águas de São José;;;
2909406;57.14;10.84;0.0;100.0;1.34;58.89;29.14;143.31;Empresa Baiana de Águas e Saneamento S.A.;;;
2103901;54.93;0.0;0.0;100.0;0.48;21.39;81.1;146.77;Companhia de Saneamento Ambiental do Maranhão;;;
4206009;100.0;100.0;100.0;0.0;1.27;100.0;5.35;213.75;Serviço Autônomo Municipal de Água e Esgoto;96.43;;Serviço Autônomo Municipal de Água e Esgoto
2308401;100.0;100.0;0.0;100.0;0.82;54.4;38.82;134.03;"Sistema Integrado de Saneamento Rural da Bacia Hidrográfica do Salgado; Companhia de Água e Esgoto do Ceará";2.24;;Companhia de Água e Esgoto do Ceará
4311601;100.0;100.0;0.0;0.0;0.6;23.69;14.31;246.73;Companhia Riograndense de Saneamento;;;
2512101;84.3;0.0;0.0;0.0;1.36;69.55;51.91;169.81;Companhia de Águas e Esgotos da Paraíba;;;
3162948;;;;;;;;;;;;
5107297;45.61;0.0;0.0;0.0;0.3;51.58;94.37;179.74;Prefeitura Municipal de São José do Povo;;;
5206206;86.97;0.0;0.0;0.0;1.13;75.78;42.49;113.16;Saneamento de Goiás S/A;38.43;;Saneamento de Goiás S/A
3514304;93.9;0.0;0.0;0.0;3.82;97.46;27.07;209.43;Companhia de Saneamento Básico do Estado de São Paulo;96.24;92.2;Companhia de Saneamento Básico do Estado de São Paulo
2414506;93.71;52.45;0.0;100.0;1.16;80.18;48.71;132.86;Companhia de Águas e Esgotos do Rio Grande do Norte;;;
3547007;92.72;0.0;92.72;0.0;0.78;88.45;17.2;196.92;Companhia de Saneamento Básico do Estado de São Paulo;92.72;58.46;Prefeitura Municipal de Santa Maria Da Serra
5002209;82.43;0.0;60.58;0.0;1.5;81.6;27.61;205.45;Empresa de Saneamento de Mato Grosso do Sul S/A;78.19;72.49;Empresa de Saneamento de Mato Grosso do Sul S/A
2201309;44.99;0.0;0.0;100.0;1.02;;;;;;;
4115804;100.0;100.0;91.58;0.0;0.82;92.83;30.78;164.79;Companhia de Saneamento do Paraná S.A.;42.69;38.96;Companhia de Saneamento do Paraná S.A.
3114402;81.08;21.32;45.56;0.0;0.3;67.78;21.83;181.91;Companhia de Saneamento de Minas Gerais;65.51;66.56;Companhia de Saneamento de Minas Gerais
2901205;37.38;25.11;0.0;100.0;0.93;25.17;31.69;114.92;Empresa Baiana de Águas e Saneamento S.A.;;;
2909505;67.72;0.0;0.0;0.0;0.83;70.78;18.92;114.68;Empresa Baiana de Águas e Saneamento S.A.;56.49;51.96;Empresa Baiana de Águas e Saneamento S.A.
3171105;59.05;3.17;0.0;0.0;0.25;64.05;33.08;199.18;Companhia de Saneamento de Minas Gerais;57.18;;Prefeitura Municipal de Veríssimo
2300200;84.2;85.52;1.2;100.0;0.78;47.92;31.88;145.6;"Sistema Integrado de Saneamento Rural da Bacia do Acaraú; Companhia de Água e Esgoto do Ceará";5.0;;Companhia de Água e Esgoto do Ceará
2308377;89.96;76.14;0.0;100.0;0.56;55.87;54.03;116.49;"Sistema Integrado de Saneamento Rural da Bacia do Curú e Letora; Companhia de Água e Esgoto do Ceará";;;
4319752;100.0;100.0;67.09;0.0;0.51;100.0;6.99;222.55;Prefeitura Municipal de São Vendelino;;;
4303400;54.73;19.18;0.0;0.0;0.25;32.37;27.79;254.1;Companhia Riograndense de Saneamento;;;
2406304;;;;;;49.27;43.01;114.09;Companhia de Águas e Esgotos do Rio Grande do Norte;;;
2512077;100.0;100.0;0.0;0.0;0.99;26.53;12.19;128.45;Companhia de Águas e Esgotos da Paraíba;35.9;;Prefeitura Municipal de Poço de José de Moura | Companhia de Águas e Esgotos da Paraíba
4214151;42.08;0.0;0.0;0.0;0.65;53.41;11.31;266.74;Prefeitura Municipal de Princesa;;;
2503902;59.53;0.0;0.0;0.0;0.45;46.14;46.24;164.28;Companhia de Águas e Esgotos da Paraíba;8.1;3.68;Companhia de Águas e Esgotos da Paraíba
3162922;97.0;97.0;0.0;0.0;0.5;57.98;62.72;262.08;Companhia de Saneamento de Minas Gerais;28.63;0.0;Companhia de Saneamento de Minas Gerais
1101609;;;;;;14.82;71.71;116.45;Companhia de Águas e Esgotos do Estado de Rondônia;;;
5002308;70.02;0.0;70.02;19.95;0.85;69.32;19.13;199.99;Empresa de Saneamento de Mato Grosso do Sul S/A;39.89;35.3;Empresa de Saneamento de Mato Grosso do Sul S/A
2201408;;;;;;;;;;;;
4107603;93.27;39.5;88.88;100.0;0.78;90.0;31.9;175.08;Companhia de Saneamento do Paraná S.A.;50.58;42.91;Companhia de Saneamento do Paraná S.A.
3106200;84.28;;16.52;0.0;1.09;98.57;68.29;194.67;Companhia de Saneamento de Minas Gerais;99.41;94.4;Companhia de Saneamento de Minas Gerais
4115903;100.0;100.0;66.43;16.32;0.41;70.28;19.76;194.54;Companhia de Saneamento do Paraná S.A.;;;
4213500;100.0;100.0;100.0;0.0;1.19;93.94;18.74;254.06;Prefeitura Municipal de Porto Belo;;;
4319604;;;;;;83.11;42.45;140.4;Companhia Riograndense de Saneamento;;;
1503101;41.62;0.0;0.0;100.0;0.52;44.81;49.05;305.7;Serviço Autônomo de Água e Esgoto;;;
4311429;100.0;100.0;0.0;0.0;0.69;99.25;10.0;26.37;Prefeitura Municipal de Lajeado do Bugre;;;
2901304;96.96;92.03;0.0;100.0;1.95;67.11;20.96;105.11;Empresa Baiana de Águas e Saneamento S.A.;;;
3162906;96.44;8.17;0.0;0.0;0.99;83.99;36.01;170.18;Companhia de Saneamento de Minas Gerais;66.53;0.0;Companhia de Saneamento de Minas Gerais
1503093;55.43;0.0;0.0;100.0;0.5;22.17;23.08;123.52;Prefeitura Municipal de Goianésia do Pará;;;
2209559;87.28;83.79;0.0;100.0;0.37;;;;;;;
4205308;83.01;0.0;83.01;36.84;2.19;79.46;34.48;123.23;Companhia Catarinense de Águas e Saneamento;66.21;71.38;Prefeitura Municipal de Faxinal Dos Guedes | Companhia Catarinense de Águas e Saneamento
3203601;88.39;50.0;0.0;0.0;0.3;73.13;22.93;138.37;Companhia Espírito-santense de Saneamento;64.61;52.77;Companhia Espírito-santense de Saneamento
3146404;100.0;100.0;0.0;100.0;1.57;76.97;14.83;189.52;Companhia de Saneamento de Minas Gerais;;;
3130051;;;;;;39.18;14.94;133.24;Companhia de Saneamento de Minas Gerais;14.53;;Companhia de Saneamento de Minas Gerais
3513603;59.02;0.0;0.0;0.0;0.43;59.02;18.53;249.73;Prefeitura Municipal de Cunha;59.02;;Prefeitura Municipal de Cunha
2413805;85.91;0.0;0.0;100.0;0.79;96.34;55.93;121.79;Companhia de Águas e Esgotos do Rio Grande do Norte;;;
1702703;67.95;0.0;0.0;100.0;0.57;58.65;35.07;241.13;Agência Tocantinense de Saneamento;;;
2917508;59.65;39.45;37.7;100.0;1.74;;27.52;118.53;"Empresa Baiana de Águas e Saneamento S.A.; Central de Associações Comunitárias para Manutenção dos Sistemas de Saneamento - Região de Jacobina";41.16;31.37;Empresa Baiana de Águas e Saneamento S.A. | Central de Associações Comunitárias para Manutenção dos Sistemas de Saneamento - Região de Jacobina
2308203;100.0;100.0;0.0;0.0;0.73;77.85;31.4;109.02;"Sistema Integrado de Saneamento Rural da Bacia do Acaraú; Companhia de Água e Esgoto do Ceará";;;
4311403;100.0;100.0;99.66;0.0;0.91;88.66;38.04;151.62;Companhia Riograndense de Saneamento;3.75;2.82;Companhia Riograndense de Saneamento
4124053;100.0;100.0;100.0;0.0;1.63;91.6;20.59;147.38;Companhia de Saneamento do Paraná S.A.;90.94;82.42;Companhia de Saneamento do Paraná S.A.
1503077;;;;;;;;;;;;
3506201;98.41;79.21;0.0;0.0;1.48;100.0;20.84;172.18;Companhia de Saneamento Básico do Estado de São Paulo;92.39;94.75;Companhia de Saneamento Básico do Estado de São Paulo
4107702;100.0;100.0;0.0;0.0;0.55;89.56;18.72;180.19;Companhia de Saneamento do Paraná S.A.;;;
3154705;100.0;100.0;0.0;0.0;1.01;87.48;25.72;168.1;Companhia de Saneamento de Minas Gerais;89.22;;Prefeitura Municipal de Ribeirão Vermelho
3113701;82.08;42.53;0.0;100.0;1.83;65.91;25.61;148.92;"COPASA Serviços de Saneamento Integrado do Norte e Nordeste de Minas Gerais S/A; Companhia de Saneamento de Minas Gerais";54.78;53.2;COPASA Serviços de Saneamento Integrado do Norte e Nordeste de Minas Gerais S/A | Companhia de Saneamento de Minas Gerais
5107354;;;;;;;;;;;;
1101435;27.22;0.0;0.0;0.0;0.13;25.22;38.48;153.12;Companhia de Águas e Esgotos do Estado de Rondônia;;;
2802908;83.66;0.0;0.0;0.0;0.77;99.23;60.63;109.49;Companhia de Saneamento de Sergipe;23.01;16.01;Companhia de Saneamento de Sergipe
2112506;;;;;;5.03;95.27;88.03;Companhia de Saneamento Ambiental do Maranhão;2.01;1.61;Companhia de Saneamento Ambiental do Maranhão
3138203;96.93;29.98;95.62;0.0;0.87;89.71;32.78;162.69;Companhia de Saneamento de Minas Gerais;87.18;91.87;Companhia de Saneamento de Minas Gerais
5206503;75.79;0.0;0.0;0.0;0.33;68.22;16.86;191.08;Saneamento de Goiás S/A;;;
2405603;86.71;21.35;0.0;100.0;2.88;75.15;10.32;126.34;Companhia de Águas e Esgotos do Rio Grande do Norte;23.49;19.73;Companhia de Águas e Esgotos do Rio Grande do Norte
2909307;;;;;;71.25;4.76;220.11;Serviço Autônomo de Água e Esgoto;;;
1711506;40.29;0.0;0.0;100.0;0.23;56.33;71.11;176.91;Hidro Forte Administração e Operação S/A;;;
3105509;;;;;;77.24;35.81;154.77;Companhia de Saneamento de Minas Gerais;;;
3170909;;;;;;56.47;19.58;159.64;Companhia de Saneamento de Minas Gerais;8.36;27.99;Companhia de Saneamento de Minas Gerais
2209401;;;;;;;;;;;;
4115853;100.0;100.0;100.0;0.0;0.65;95.11;23.48;237.99;Prefeitura Municipal de Mercedes;;;
3301801;;;;;;82.58;41.76;137.99;Companhia Estadual de Águas e Esgotos do Rio de Janeiro;;;
4303202;100.0;100.0;0.0;100.0;0.36;36.22;21.59;166.25;Companhia Riograndense de Saneamento;;;
3146750;;;;;;73.62;14.64;142.33;Companhia de Saneamento de Minas Gerais;;;
2512002;;;;;;50.33;39.48;124.16;Companhia de Águas e Esgotos da Paraíba;;;
4115200;99.4;0.0;99.4;0.0;0.9;93.14;22.78;171.42;Companhia de Saneamento do Paraná S.A.;99.47;;Companhia de Saneamento do Paraná S.A.
2104305;;;;;;22.38;73.84;134.02;Companhia de Saneamento Ambiental do Maranhão;;;
2925600;100.0;100.0;0.0;100.0;0.51;99.71;34.1;116.27;Empresa Baiana de Águas e Saneamento S.A.;;;
5107701;;;;;;;;;;;;
3555208;82.6;0.0;0.0;0.0;1.19;84.23;15.62;208.02;Companhia de Saneamento Básico do Estado de São Paulo;82.38;68.95;Companhia de Saneamento Básico do Estado de São Paulo
2803005;59.36;40.86;11.87;97.62;0.58;93.55;51.66;110.18;"Companhia de Saneamento de Sergipe; Prefeitura Municipal de Itabaianinha";;;
1101401;45.61;0.0;0.0;18.48;0.3;43.98;41.16;149.44;Companhia de Águas e Esgotos do Estado de Rondônia;;;
5002100;81.43;0.0;81.43;0.0;0.34;100.0;45.53;168.44;Serviço Autônomo de Água e Esgoto;28.5;;Serviço Autônomo de Água e Esgoto
3162708;40.64;0.0;0.0;98.98;0.79;67.94;13.2;146.1;Companhia de Saneamento de Minas Gerais;25.47;47.93;Companhia de Saneamento de Minas Gerais
2201200;45.88;0.0;0.0;100.0;0.46;;;;;;;
2209377;;;;;;;;;;;;
3130002;90.11;0.0;98.47;0.0;0.67;90.11;2.51;154.97;Prefeitura Municipal de Ibituruna;90.11;;Prefeitura Municipal de Ibituruna
3538204;58.31;0.0;41.97;0.0;0.54;58.78;23.69;164.79;Companhia de Saneamento Básico do Estado de São Paulo;45.9;34.69;Companhia de Saneamento Básico do Estado de São Paulo
2405702;;;;;;84.21;26.35;123.62;Companhia de Águas e Esgotos do Rio Grande do Norte;;;
2901106;100.0;100.0;0.0;0.0;1.06;86.1;10.08;95.05;Empresa Baiana de Águas e Saneamento S.A.;;;
2503803;;;;;;18.57;24.96;280.7;Companhia de Águas e Esgotos da Paraíba;;;
4107009;86.94;90.42;0.0;0.0;2.98;76.07;18.16;149.82;Companhia de Saneamento do Paraná S.A.;43.65;35.37;Companhia de Saneamento do Paraná S.A.
1719004;65.91;0.0;0.0;100.0;0.59;61.86;46.95;147.26;Agência Tocantinense de Saneamento;;;
3171006;100.0;100.0;85.18;59.37;2.62;80.23;21.86;194.07;Companhia de Saneamento de Minas Gerais;70.28;81.74;Companhia de Saneamento de Minas Gerais
2300101;;;;;;34.55;38.35;101.62;Companhia de Água e Esgoto do Ceará;;;
3203403;71.49;84.41;0.0;0.0;0.42;63.22;65.2;155.16;Serviço Autônomo de Água e Esgoto de Mimoso do Sul;44.01;0.0;Serviço Autônomo de Água e Esgoto de Mimoso do Sul
4303301;79.45;39.8;0.0;0.0;0.63;55.85;36.81;199.4;Companhia Riograndense de Saneamento;4.17;;Prefeitura Municipal de Caibaté
2112456;;;;;;;;;;;;
3121803;91.32;41.03;0.0;0.0;0.95;52.41;43.62;148.4;Companhia de Saneamento de Minas Gerais;69.23;;Prefeitura Municipal de Dionísio
3506003;100.0;100.0;80.0;0.0;0.78;94.02;44.26;213.33;Departamento de Água e Esgoto;88.26;4.72;Departamento de Água e Esgoto
2209351;100.0;100.0;0.0;100.0;0.94;;;;;;;
3154507;55.76;0.0;0.0;0.0;0.36;57.58;40.84;129.56;Companhia de Saneamento de Minas Gerais;31.89;45.44;Companhia de Saneamento de Minas Gerais
4205357;17.84;0.0;0.0;0.0;0.11;39.03;40.0;227.68;Associação de Poço Artesiano Flor do Sertão;;;
2201176;71.65;44.46;0.0;100.0;0.36;99.19;50.0;67.51;Prefeitura Municipal de Barra D Alcântara;0.02;;Prefeitura Municipal de Barra D Alcântara
3530003;100.0;100.0;87.53;0.0;0.75;66.46;17.16;242.11;Companhia de Saneamento Básico do Estado de São Paulo;62.3;49.75;Companhia de Saneamento Básico do Estado de São Paulo
1101500;45.53;0.0;38.57;0.0;0.43;27.63;35.07;146.71;Companhia de Águas e Esgotos do Estado de Rondônia;19.99;;Prefeitura Municipal de Seringueiras
3162807;86.16;43.0;0.0;100.0;1.23;67.8;12.91;179.75;Companhia de Saneamento de Minas Gerais;;;
3301108;91.97;44.45;85.54;93.31;0.32;85.54;33.96;187.29;Águas do Rio 1 SPE S.A.;;;
1101492;56.86;0.0;0.0;24.02;1.63;;;;;;;
3146701;83.46;0.0;0.0;0.0;0.41;80.79;20.19;165.38;Companhia de Saneamento de Minas Gerais;83.39;;Prefeitura Municipal de Palma
2611101;95.27;50.99;0.0;0.0;1.33;82.99;27.34;179.33;Companhia Pernambucana de Saneamento;64.66;;Companhia Pernambucana de Saneamento
2933604;;;;;;93.55;26.79;90.48;Águas de Xique Xique Saneamento SPE LTDA;;;
5214606;72.54;0.0;0.0;100.0;2.05;78.07;24.62;144.79;Saneamento de Goiás S/A;48.3;;Saneamento de Goiás S/A
1101484;41.16;0.0;0.0;0.0;0.2;43.68;36.0;111.4;Companhia de Águas e Esgotos do Estado de Rondônia;;;
1200104;80.0;80.0;0.0;100.0;0.89;56.5;66.8;194.05;Serviço de Água e Esgoto do Estado do Acre;;;
3203502;94.25;69.0;81.45;0.0;1.56;79.93;21.61;145.85;Companhia Espírito-santense de Saneamento;10.26;9.25;Companhia Espírito-santense de Saneamento
5107776;39.35;0.0;0.0;100.0;0.2;39.35;47.31;269.24;Prefeitura Municipal de Santa Terezinha;;;
1101476;45.2;0.0;45.2;0.0;0.29;45.2;99.9;1.92;Serviço Autônomo de Água e Esgoto;;;
3521804;85.0;12.43;85.0;56.32;1.53;73.95;21.24;166.87;Companhia de Saneamento Básico do Estado de São Paulo;65.55;61.84;Companhia de Saneamento Básico do Estado de São Paulo
5107768;30.38;5.64;0.0;0.0;0.45;63.85;40.0;316.22;Prefeitura Municipal de Santa Rita do Trivelato;;;
3506102;100.0;100.0;0.0;0.0;1.21;96.54;33.44;229.81;Serviço Autônomo de Água e Esgoto de Bebedouro;96.54;;Serviço Autônomo de Água e Esgoto de Bebedouro
3554508;100.0;100.0;90.79;0.0;0.88;98.91;37.81;227.23;Serviço Autônomo Municipal de Água e Esgoto;83.99;;Serviço Autônomo Municipal de Água e Esgoto
2209450;;;;;;;;;;;;
1101468;100.0;100.0;0.0;0.0;0.52;56.73;45.82;219.37;Companhia de Águas e Esgotos do Estado de Rondônia;;;
3154606;95.64;0.0;0.0;0.0;0.49;79.41;55.68;150.95;Companhia de Saneamento de Minas Gerais;75.44;79.73;Companhia de Saneamento de Minas Gerais
3113602;92.52;69.52;0.0;0.0;0.49;65.67;26.09;182.58;Companhia de Saneamento de Minas Gerais;71.7;;Prefeitura Municipal de Careaçu
2308609;90.0;78.36;90.0;100.0;1.38;46.71;39.72;97.08;"Companhia de Água e Esgoto do Ceará; Sistema Integrado de Saneamento Rural da Bacia Hidrográfica do Parnaíba";;;
2503753;48.41;0.0;0.0;100.0;0.54;40.27;33.51;192.02;Companhia de Águas e Esgotos da Paraíba;10.81;8.65;Companhia de Águas e Esgotos da Paraíba
1710904;66.08;0.0;0.0;0.0;0.57;52.68;68.09;81.99;Hidro Forte Administração e Operação S/A;;;
2602902;96.91;50.0;0.0;0.0;1.71;73.91;66.68;224.9;Companhia Pernambucana de Saneamento;11.5;;Companhia Pernambucana de Saneamento
3138625;100.0;100.0;88.04;0.0;1.4;61.09;12.36;175.09;Companhia de Saneamento de Minas Gerais;61.03;82.54;Companhia de Saneamento de Minas Gerais
2802809;;;;;;51.77;49.8;103.92;Companhia de Saneamento de Sergipe;;;
5002159;71.28;1.98;0.0;0.0;0.68;71.84;52.55;149.68;Empresa de Saneamento de Mato Grosso do Sul S/A;66.06;58.75;Empresa de Saneamento de Mato Grosso do Sul S/A
2925402;;;;;;99.75;34.09;86.68;Empresa Baiana de Águas e Saneamento S.A.;;;
5206404;;;;;;78.8;18.62;143.76;Saneamento de Goiás S/A;;;
2405504;;;;;;60.01;14.92;120.92;Companhia de Águas e Esgotos do Rio Grande do Norte;;;
4213351;100.0;100.0;0.0;0.0;3.24;89.84;58.08;118.37;Companhia Catarinense de Águas e Saneamento;;;
1600808;79.97;0.0;0.0;100.0;1.02;63.93;28.61;270.35;Concessionária de Saneamento do Amapá;;;
4205175;32.03;0.0;0.0;0.0;0.4;25.82;66.78;105.69;Companhia Catarinense de Águas e Saneamento;14.18;;Companhia Catarinense de Águas e Saneamento | Prefeitura Municipal de Entre Rios
3538006;96.33;0.0;90.24;0.0;1.31;100.0;34.15;165.18;Companhia de Saneamento Básico do Estado de São Paulo;98.87;94.49;Companhia de Saneamento Básico do Estado de São Paulo
5107750;54.36;0.0;0.0;0.0;0.43;55.72;57.19;162.09;Prefeitura Municipal de Salto do Céu;;;
5107743;94.85;94.74;0.0;100.0;1.99;57.16;85.88;34.51;Prefeitura Municipal de Santa Cruz do Xingu;;;
2512036;83.93;74.74;0.0;0.0;0.64;10.61;48.06;151.06;Companhia de Águas e Esgotos da Paraíba;36.37;;Companhia de Águas e Esgotos da Paraíba | Prefeitura Municipal de Poço Dantas
2901155;77.46;2.02;0.0;100.0;0.35;88.76;33.69;109.15;Empresa Baiana de Águas e Saneamento S.A.;;;
3138609;92.18;50.0;0.0;0.0;0.56;84.66;22.95;155.98;Departamento Municipal de Água e Esgoto;81.0;;Departamento Municipal de Água e Esgoto
1101450;100.0;100.0;0.0;0.0;0.57;35.24;37.0;162.14;Companhia de Águas e Esgotos do Estado de Rondônia;;;Prefeitura Municipal de Parecis
3554607;100.0;100.0;100.0;0.0;0.87;78.84;31.97;175.37;Companhia de Saneamento Básico do Estado de São Paulo;63.86;60.94;Companhia de Saneamento Básico do Estado de São Paulo
3105400;100.0;100.0;0.0;0.0;0.87;82.03;25.92;176.42;Companhia de Saneamento de Minas Gerais;84.75;;Prefeitura Municipal de Barão de Cocais
2300408;100.0;100.0;0.0;100.0;1.16;92.78;40.8;97.82;"Prefeitura Municipal de Aiuaba; Sistema Integrado de Saneamento Rural da Bacia do Alto Jaguaribe";;;
4302584;37.04;0.0;0.0;0.0;0.42;37.04;20.0;213.98;Prefeitura Municipal de Bozano;;;
3171303;98.0;70.89;85.24;100.0;0.6;93.13;35.18;179.69;Serviço Autônomo de Água e Esgoto;87.92;1.56;Serviço Autônomo de Água e Esgoto
4205159;100.0;100.0;65.5;0.0;0.57;67.01;31.69;115.0;Companhia Catarinense de Águas e Saneamento;;;
4310751;71.44;54.05;0.0;0.0;0.31;30.86;34.91;168.35;Companhia Riograndense de Saneamento;37.83;;Prefeitura Municipal de Ivorá
1200179;40.66;0.0;0.0;100.0;2.41;37.15;50.44;208.38;Serviço de Água e Esgoto do Estado do Acre;;;
2925501;88.23;65.0;0.0;100.0;2.19;70.46;32.19;107.08;Empresa Baiana de Águas e Saneamento S.A.;;;
3529807;96.13;0.0;96.13;0.0;1.34;97.45;35.27;196.33;Águas de Mineiros do Tietê;96.13;77.84;Águas de Mineiros do Tietê
2610400;42.83;0.0;0.0;0.0;0.28;54.93;31.17;140.04;Companhia Pernambucana de Saneamento;39.46;;Companhia Pernambucana de Saneamento
4123402;100.0;100.0;88.94;50.72;3.87;91.26;23.57;179.98;Companhia de Saneamento do Paraná S.A.;68.77;56.67;Companhia de Saneamento do Paraná S.A.
5213905;;;;;;68.12;59.55;238.59;Agencia Municipal de Abastecimento de Água;;;
5222203;78.83;0.0;0.0;100.0;0.38;78.83;26.28;153.19;Saneamento de Goiás S/A;;;
1101807;39.35;0.0;0.0;0.0;0.18;6.47;61.82;131.08;Companhia de Águas e Esgotos do Estado de Rondônia;;;
2704906;88.73;78.22;0.0;0.0;0.43;67.81;27.51;100.73;"Companhia de Saneamento de Alagoas; Verde Ambiental Alagoas";16.0;7.85;Verde Ambiental Alagoas
3538105;100.0;100.0;0.0;0.0;1.02;94.44;35.93;197.84;Prefeitura Municipal de Pindorama;94.44;89.0;Prefeitura Municipal de Pindorama
1718907;71.52;0.0;0.0;100.0;0.37;74.09;50.81;105.89;Hidro Forte Administração e Operação S/A;;;
3130408;100.0;100.0;0.0;0.0;0.45;82.01;48.62;136.5;Companhia de Saneamento de Minas Gerais;68.14;80.2;Companhia de Saneamento de Minas Gerais
3202801;96.64;90.01;0.0;0.0;1.08;94.95;7.12;274.42;Serviço Autônomo de Água e Esgoto;21.17;11.44;Serviço Autônomo de Água e Esgoto
1702554;86.42;0.0;0.0;100.0;0.27;86.42;26.91;163.3;Companhia de Saneamento do Tocantins;8.32;8.57;Companhia de Saneamento do Tocantins
2201606;39.59;18.53;0.0;100.0;0.2;;;;;;;
1718899;47.8;4.78;0.0;23.23;0.65;41.77;53.72;111.99;Hidro Forte Administração e Operação S/A;;;
3301157;71.28;0.0;0.0;0.0;0.42;73.48;57.48;117.22;Companhia Estadual de Águas e Esgotos do Rio de Janeiro;;;
2602209;79.43;78.04;0.0;0.0;0.83;57.8;52.52;123.22;Companhia Pernambucana de Saneamento;84.02;;Prefeitura Municipal de Bom Jardim | Companhia Pernambucana de Saneamento
3546405;100.0;100.0;89.95;0.0;1.32;100.0;32.32;197.83;Companhia de Saneamento Básico do Estado de São Paulo;97.43;92.34;Companhia de Saneamento Básico do Estado de São Paulo
3505401;86.68;75.79;86.68;0.0;0.43;50.29;29.36;150.89;Companhia de Saneamento Básico do Estado de São Paulo;40.73;33.05;Companhia de Saneamento Básico do Estado de São Paulo
5107578;;;;;;;;;;;;
2901502;43.05;0.0;0.0;100.0;1.91;60.97;39.28;114.52;Empresa Baiana de Águas e Saneamento S.A.;;;
3163102;;;;;;89.72;4.19;218.6;Prefeitura Municipal de São José Da Varginha;;;
4310850;92.21;83.84;0.0;0.0;0.33;35.22;33.73;190.39;Companhia Riograndense de Saneamento;;;
3122207;91.96;42.96;0.0;100.0;0.78;38.35;8.97;395.58;Serviço Autônomo de Água e Esgoto de Divinolândia de Minas;61.6;;Serviço Autônomo de Água e Esgoto de Divinolândia de Minas
3529906;64.64;0.0;0.0;0.0;0.82;64.62;25.36;176.14;Companhia de Saneamento Básico do Estado de São Paulo;51.86;42.98;Companhia de Saneamento Básico do Estado de São Paulo
5214002;99.01;87.01;0.0;100.0;2.2;77.28;19.49;133.04;Saneamento de Goiás S/A;;;
2209757;;;;;;;;;;;;
1718881;57.96;15.22;0.0;57.14;1.41;58.58;36.09;158.16;Hidro Forte Administração e Operação S/A;;;
1710706;67.5;26.18;0.0;100.0;0.36;55.95;64.22;131.39;Hidro Forte Administração e Operação S/A;53.19;;Hidro Forte Administração e Operação S/A
3146602;100.0;100.0;0.0;0.0;0.76;100.0;32.59;198.12;Prefeitura Municipal de Paiva;;;
4302659;49.68;0.0;0.0;2.02;0.28;90.75;53.69;137.64;Prefeitura Municipal de Brochier;;;
1502509;;;;;;;;;;;;
1702901;;;;;;;;;;;;
2602308;100.0;100.0;0.0;0.0;0.91;76.53;35.75;153.41;Companhia Pernambucana de Saneamento;70.22;;Companhia Pernambucana de Saneamento | Prefeitura Municipal de Bonito
3154903;87.36;0.0;0.0;0.0;0.45;71.39;26.8;171.2;Companhia de Saneamento de Minas Gerais;58.97;28.06;Companhia de Saneamento de Minas Gerais
2201572;59.49;0.0;0.0;100.0;0.37;;;;;;;
1200138;32.69;0.0;0.0;0.0;0.38;41.71;14.86;460.17;Serviço de Água e Esgoto do Estado do Acre;;;
4319000;86.36;0.0;86.36;0.0;0.63;86.36;28.39;133.54;Companhia Riograndense de Saneamento;;;
1718865;66.46;0.0;0.0;0.0;0.39;82.48;45.89;204.05;Prefeitura Municipal de Santa Fé do Araguaia;;;
3163201;100.0;100.0;0.0;0.0;0.45;89.39;5.06;183.07;Companhia de Saneamento de Minas Gerais;59.88;0.0;Prefeitura Municipal de São José do Alegre
3521705;100.0;100.0;100.0;0.0;0.51;78.3;27.37;134.69;Companhia de Saneamento Básico do Estado de São Paulo;65.86;58.92;Companhia de Saneamento Básico do Estado de São Paulo
1600600;100.0;100.0;0.0;0.0;0.75;82.39;32.3;201.45;"Companhia de Água e Esgoto do Amapá; Concessionária de Saneamento do Amapá";;;
2924801;100.0;100.0;0.0;100.0;0.45;80.83;26.28;114.77;Empresa Baiana de Águas e Saneamento S.A.;;;
4213401;88.03;7.34;0.0;0.0;0.65;73.56;40.81;118.96;Companhia Catarinense de Águas e Saneamento;;;
2201556;43.13;0.0;0.0;100.0;0.33;97.72;61.54;255.57;Prefeitura Municipal de Bela Vista do Piauí;;;
3554409;100.0;100.0;0.0;0.0;0.77;100.0;15.3;180.15;Companhia de Saneamento Básico do Estado de São Paulo;100.0;95.96;Companhia de Saneamento Básico do Estado de São Paulo
3138401;91.38;0.0;0.0;0.0;0.48;72.83;35.85;185.21;Companhia de Saneamento de Minas Gerais;99.02;;Prefeitura Municipal de Leopoldina
2209856;34.84;23.03;0.0;100.0;0.86;;;;;;;
3505351;100.0;100.0;0.0;0.0;0.76;45.97;26.05;169.72;Companhia de Saneamento Básico do Estado de São Paulo;35.14;30.19;Companhia de Saneamento Básico do Estado de São Paulo
4106852;;;;;;68.16;20.5;171.81;Companhia de Saneamento do Paraná S.A.;;;
3155009;100.0;100.0;100.0;0.0;0.74;93.55;48.27;212.41;Prefeitura Municipal de Rio Doce;85.68;;Prefeitura Municipal de Rio Doce
2504157;83.46;60.41;0.0;0.0;0.34;24.77;45.2;116.11;Companhia de Águas e Esgotos da Paraíba;48.31;0.0;Prefeitura Municipal de Casserengue | Companhia de Águas e Esgotos da Paraíba
4205209;100.0;100.0;0.0;0.0;1.13;69.95;37.08;118.57;Companhia Catarinense de Águas e Saneamento;56.48;48.21;Companhia Catarinense de Águas e Saneamento
5222005;90.46;54.35;0.0;100.0;2.37;68.45;21.61;161.87;Saneamento de Goiás S/A;51.6;37.31;Saneamento de Goiás S/A
4310801;100.0;100.0;0.0;0.0;0.64;89.24;36.64;181.6;Água de Ivoti;4.44;;Água de Ivoti
1600709;79.8;82.47;0.0;100.0;2.49;35.71;23.57;201.25;Concessionária de Saneamento do Amapá;;;
3513504;100.0;100.0;100.0;0.0;0.98;92.59;5.24;261.52;Companhia de Saneamento Básico do Estado de São Paulo;59.28;56.99;Companhia de Saneamento Básico do Estado de São Paulo
2413706;90.37;95.29;0.0;100.0;0.9;38.97;50.79;136.3;Companhia de Águas e Esgotos do Rio Grande do Norte;42.03;;Prefeitura Municipal de Sítio Novo
2803203;100.0;100.0;0.0;0.0;0.73;79.18;62.4;73.79;Companhia de Saneamento de Sergipe;;;
3546207;93.24;63.94;0.0;0.0;1.13;84.47;27.54;200.91;Prefeitura Municipal de Santa Cruz Da Conceição;74.98;73.16;Prefeitura Municipal de Santa Cruz Da Conceição
3130200;89.66;14.67;0.0;0.0;0.49;57.37;18.69;147.63;Companhia de Saneamento de Minas Gerais;96.77;;Prefeitura Municipal de Igaratinga
4205191;100.0;100.0;0.0;0.0;0.47;40.02;38.95;139.66;Companhia Catarinense de Águas e Saneamento;;;
3300951;96.89;0.0;0.0;0.0;0.52;96.89;8.47;282.73;Prefeitura Municipal de Comendador Levy Gasparian;96.89;;Prefeitura Municipal de Comendador Levy Gasparian
2112407;30.84;15.68;0.0;100.0;0.21;17.75;87.73;318.07;Prefeitura Municipal de Turiaçu;;;
3138500;;;;;;77.36;24.4;167.7;Companhia de Saneamento de Minas Gerais;;;
4123303;89.39;54.86;76.5;0.0;1.44;78.0;16.12;179.21;Companhia de Saneamento do Paraná S.A.;48.98;42.52;Companhia de Saneamento do Paraná S.A.
3171204;61.4;0.0;61.4;0.0;1.38;85.75;48.88;150.22;Companhia de Saneamento de Minas Gerais;85.05;;Companhia de Saneamento de Minas Gerais
4310652;100.0;100.0;0.0;0.0;0.33;100.0;41.1;189.33;Prefeitura Municipal de Itati;;;
2917904;89.15;72.07;0.0;100.0;0.78;63.22;10.93;86.11;Empresa Baiana de Águas e Saneamento S.A.;;;
2704807;;;;;;58.91;61.98;97.21;"Companhia de Saneamento de Alagoas; Verde Ambiental Alagoas";;;
2933059;90.21;78.62;0.0;100.0;0.52;80.59;39.05;91.65;Empresa Baiana de Águas e Saneamento S.A.;26.75;25.28;Empresa Baiana de Águas e Saneamento S.A.
2610301;20.8;0.0;0.0;0.0;0.12;9.62;28.94;66.93;Companhia Pernambucana de Saneamento;;;
4302600;70.41;0.0;0.0;51.72;2.69;60.79;47.41;150.53;Companhia Riograndense de Saneamento;3.4;2.85;Companhia Riograndense de Saneamento
5213806;90.03;0.0;41.67;60.61;1.72;77.38;25.12;177.67;Saneamento de Goiás S/A;69.52;53.43;Saneamento de Goiás S/A
3122009;84.39;58.03;0.0;100.0;0.39;48.27;21.7;158.26;Companhia de Saneamento de Minas Gerais;46.46;52.91;Companhia de Saneamento de Minas Gerais
3300936;100.0;100.0;0.0;0.0;0.87;37.42;25.08;145.83;Rio+ Saneamento BL3 S.A;15.01;9.74;Rio+ Saneamento BL3 S.A
3130309;100.0;100.0;0.0;0.0;0.79;96.22;51.67;176.79;Serviço Autônomo de Água e Esgoto de Iguatama;73.66;0.0;Serviço Autônomo de Água e Esgoto de Iguatama
4205555;28.46;0.0;0.0;0.0;0.3;;;;;;;
2209807;;;;;;;;;;;;
2111748;;;;;;;;;;;;
5001508;100.0;100.0;0.0;0.0;0.63;74.07;31.52;164.48;Serviço Autônomo de Água e Esgoto;;;
3546306;97.71;0.0;97.71;25.92;0.77;97.71;47.44;118.47;Palmeiras Saneamento;97.73;92.59;Palmeiras Saneamento
3163003;66.77;0.0;0.0;100.0;1.97;;;;;63.46;;Prefeitura Municipal de São José Da Safira
3530201;60.06;0.0;60.06;0.0;0.27;70.76;26.59;158.8;Companhia de Saneamento Básico do Estado de São Paulo;57.18;54.76;Companhia de Saneamento Básico do Estado de São Paulo
4318804;78.19;57.66;55.08;0.0;0.56;56.5;23.72;156.28;Companhia Riograndense de Saneamento;;;
4302451;90.1;86.49;0.0;0.0;0.72;26.76;53.91;168.24;Companhia Riograndense de Saneamento;;;
2909703;100.0;100.0;0.0;0.0;1.03;63.92;10.51;86.64;Empresa Baiana de Águas e Saneamento S.A.;;;
4115101;79.52;0.0;0.0;0.0;0.31;91.13;33.24;170.78;Serviço Autônomo Municipal de Água e Esgoto;49.81;53.4;Serviço Autônomo Municipal de Água e Esgoto
1502301;;;;;;19.95;69.45;141.75;Companhia de Saneamento do Pará;;;
3538501;98.81;85.51;0.0;0.05;0.43;91.77;7.96;237.7;Águas Piquete S.A.;91.77;;Águas Piquete S.A.
3513850;100.0;100.0;81.47;0.0;1.55;88.48;10.59;209.01;Companhia de Saneamento Básico do Estado de São Paulo;78.49;75.9;Companhia de Saneamento Básico do Estado de São Paulo
2512408;;;;;;29.7;7.56;105.25;Companhia de Águas e Esgotos da Paraíba;;;
2104206;59.34;0.0;0.0;100.0;0.88;43.31;74.92;123.09;Companhia de Saneamento Ambiental do Maranhão;;;
2602100;100.0;100.0;0.0;20.0;0.61;65.49;19.96;118.81;Companhia Pernambucana de Saneamento;;;
5107602;96.56;0.0;96.56;0.0;0.96;96.6;53.29;166.7;Serviço de Saneamento Ambiental de Rondonópolis;96.56;83.23;Serviço de Saneamento Ambiental de Rondonópolis
3122108;83.61;0.0;0.0;0.0;0.43;86.55;20.63;145.2;Companhia de Saneamento de Minas Gerais;83.87;;Prefeitura Municipal de Divino Das Laranjeiras
4213708;79.26;59.16;58.57;0.0;0.51;55.77;52.09;129.53;Companhia Catarinense de Águas e Saneamento;;;
5213772;49.55;0.0;0.0;100.0;0.42;49.55;19.95;179.11;Saneamento de Goiás S/A;;;
2103554;100.0;100.0;0.0;100.0;1.44;27.01;86.87;93.42;Companhia de Saneamento Ambiental do Maranhão;;;
2209658;33.39;0.0;0.0;100.0;0.22;;;;;;;
2111722;43.13;0.0;0.0;100.0;1.6;14.99;76.1;109.51;Companhia de Saneamento Ambiental do Maranhão;;;
3522000;100.0;100.0;0.0;0.0;1.58;80.9;6.3;90.1;Prefeitura Municipal de Itaju;;;
3154804;92.23;100.0;0.0;0.0;0.77;12.29;90.0;38.6;Prefeitura Municipal de Rio Acima;2.82;;Prefeitura Municipal de Rio Acima
4310603;89.21;0.0;0.0;0.0;0.49;88.56;60.52;139.57;Companhia Riograndense de Saneamento;;;
2504207;66.84;0.0;0.0;0.0;0.79;50.42;26.95;149.81;Companhia de Águas e Esgotos da Paraíba;;;
3530300;100.0;100.0;0.0;0.0;0.88;97.43;22.77;214.28;Saneamento de Mirassol - Sanessol S.A;97.43;;Saneamento de Mirassol - Sanessol S.A
4318903;94.74;95.58;0.0;0.0;0.84;81.78;48.66;149.39;Companhia Riograndense de Saneamento;;;
4106902;100.0;;100.0;0.0;0.99;100.0;33.76;174.66;Companhia de Saneamento do Paraná S.A.;100.0;99.72;Companhia de Saneamento do Paraná S.A.
3171154;40.39;0.0;0.0;0.0;0.31;40.39;43.71;169.43;Serviço Autônomo de Água e Esgoto;36.35;35.22;Serviço Autônomo de Água e Esgoto
1502400;85.0;85.0;0.0;100.0;1.32;25.53;72.54;127.81;Companhia de Saneamento do Pará;0.72;0.45;Companhia de Saneamento do Pará
4115457;32.82;0.0;0.0;100.0;0.36;44.3;15.31;176.41;Companhia de Saneamento do Paraná S.A.;;;
1711100;65.46;0.0;0.0;100.0;0.47;60.63;63.88;103.19;Agência Tocantinense de Saneamento;;;
3202652;55.27;22.27;45.75;0.0;0.33;30.65;27.13;154.06;Companhia Espírito-santense de Saneamento;23.48;18.56;Prefeitura Municipal de Irupi | Companhia Espírito-santense de Saneamento
2111706;;;;;;20.05;81.64;114.02;Companhia de Saneamento Ambiental do Maranhão;;;
5222054;90.88;0.0;90.88;100.0;0.86;81.79;30.56;369.04;Prefeitura Municipal de Vicentinópolis;;;
2933000;100.0;100.0;0.0;100.0;1.33;99.74;27.22;91.77;Empresa Baiana de Águas e Saneamento S.A.;;;
4213807;99.98;99.91;0.0;0.0;1.11;77.42;26.17;187.04;Água dos Canyons;63.4;22.17;Água dos Canyons
5205703;93.65;82.78;0.0;0.0;0.77;63.11;15.9;188.64;Saneamento de Goiás S/A;;;
2704104;;;;;;46.0;60.64;90.71;Companhia de Saneamento de Alagoas;;;
3301009;100.0;100.0;19.31;0.0;1.33;99.13;33.64;141.75;Águas do Paraíba S/A;93.66;55.69;Águas do Paraíba S/A | Empresa Municipal de Habitação, Urbanização e Saneamento
3546256;83.07;29.34;0.0;0.0;0.58;80.34;17.03;191.07;Companhia de Saneamento Básico do Estado de São Paulo;75.95;58.48;Companhia de Saneamento Básico do Estado de São Paulo
3522109;100.0;100.0;1.3;0.0;1.16;92.6;9.78;293.15;Companhia de Saneamento Básico do Estado de São Paulo;53.67;45.96;Companhia de Saneamento Básico do Estado de São Paulo
3162955;98.57;20.16;57.02;0.0;1.03;67.72;45.04;240.81;Companhia de Saneamento de Minas Gerais;54.42;94.52;Companhia de Saneamento de Minas Gerais
1200013;55.38;0.0;0.0;100.0;1.7;43.19;53.78;157.05;Serviço de Água e Esgoto do Estado do Acre;;;
3513801;100.0;;100.0;0.0;1.04;100.0;37.09;157.5;Companhia de Saneamento Básico do Estado de São Paulo;98.98;80.69;Companhia de Saneamento Básico do Estado de São Paulo
2917706;91.61;70.0;72.14;100.0;0.79;95.4;20.42;100.48;"Empresa Baiana de Águas e Saneamento S.A.; Central de Associações Comunitárias para Manutenção dos Sistemas de Saneamento - Região de Jacobina";41.26;25.09;Empresa Baiana de Águas e Saneamento S.A. | Central de Associações Comunitárias para Manutenção dos Sistemas de Saneamento - Região de Jacobina
2901353;58.91;26.12;0.0;100.0;0.51;56.28;28.3;129.3;Empresa Baiana de Águas e Saneamento S.A.;;;
4107256;80.21;0.0;80.21;0.0;0.41;81.56;16.8;207.94;Companhia de Saneamento do Paraná S.A.;;;
5213855;;;;;;65.99;20.39;175.42;Saneamento de Goiás S/A;;;
3554805;100.0;100.0;0.0;0.0;0.75;96.86;62.31;165.39;Companhia de Saneamento Básico do Estado de São Paulo;92.65;79.75;Companhia de Saneamento Básico do Estado de São Paulo
4310702;92.34;83.27;0.0;100.0;0.36;47.4;42.56;202.4;Companhia Riograndense de Saneamento;;;
4123600;;;;;;86.65;18.09;189.22;Companhia de Saneamento do Paraná S.A.;;;
2103505;57.38;0.0;0.0;100.0;0.67;40.87;76.91;165.18;Companhia de Saneamento Ambiental do Maranhão;;;
2924678;;;;;;39.54;28.38;84.79;Empresa Baiana de Águas e Saneamento S.A.;;;
2111805;38.0;5.53;0.0;100.0;0.13;;;;;;;
2209609;83.29;78.4;0.0;0.0;1.98;;;;;;;
1101757;;;;;;17.23;59.32;117.35;Companhia de Águas e Esgotos do Estado de Rondônia;;;
3538303;81.31;0.0;0.0;0.0;0.32;90.9;14.68;169.87;Companhia de Saneamento Básico do Estado de São Paulo;80.98;71.26;Companhia de Saneamento Básico do Estado de São Paulo
3121407;96.58;91.99;0.0;0.0;0.31;73.18;9.04;348.18;Prefeitura Municipal de Desterro de Entre Rios;70.32;;Prefeitura Municipal de Desterro de Entre Rios
4205605;59.38;0.0;0.0;0.0;0.91;71.94;30.42;127.07;Companhia Catarinense de Águas e Saneamento;8.75;;Companhia Catarinense de Águas e Saneamento | Prefeitura Municipal de Galvão
2414100;72.26;0.0;0.0;0.0;1.68;79.0;37.21;115.21;Companhia de Águas e Esgotos do Rio Grande do Norte;67.04;;Companhia de Águas e Esgotos do Rio Grande do Norte | Prefeitura Municipal de Tenente Ananias
5205802;65.11;91.87;0.0;100.0;0.39;65.34;9.19;405.95;Serviço Autônomo de Água e Esgoto;;;
3513900;81.5;47.5;0.0;0.0;0.77;72.97;18.45;206.27;Companhia de Saneamento Básico do Estado de São Paulo;64.06;48.14;Companhia de Saneamento Básico do Estado de São Paulo
2504033;;;;;;16.71;71.19;181.02;Companhia de Águas e Esgotos da Paraíba;;;
4115408;70.93;0.0;70.93;0.0;0.43;70.31;28.34;152.97;Companhia de Saneamento do Paraná S.A.;44.62;40.77;Companhia de Saneamento do Paraná S.A.
2917805;64.45;40.0;40.76;0.0;0.47;57.6;33.49;92.97;Empresa Baiana de Águas e Saneamento S.A.;;;
2308500;97.64;94.79;48.35;100.0;1.78;58.96;47.98;115.23;"Companhia de Água e Esgoto do Ceará; Sistema Integrado de Saneamento Rural da Bacia do Banabuiu";;;
3546603;98.25;44.25;97.09;0.0;0.89;96.87;45.71;208.68;Serviço Autônomo de Água e Esgoto;96.87;91.31;Serviço Autônomo de Água e Esgoto
3114006;98.63;91.08;0.0;0.0;0.58;98.78;24.09;164.95;Serviço Autônomo de Água e Esgoto;90.55;31.51;Serviço Autônomo de Água e Esgoto
2111789;43.4;0.0;0.0;100.0;0.22;;;;;;;
4123709;81.38;9.7;80.1;0.0;1.1;86.8;42.39;233.11;Serviço Autônomo de Água e Esgoto;75.21;79.47;Serviço Autônomo de Água e Esgoto
2512200;66.85;0.0;0.0;0.0;0.43;50.86;44.33;128.56;Companhia de Águas e Esgotos da Paraíba;58.36;;Companhia de Águas e Esgotos da Paraíba | Prefeitura Municipal de Prata
4302501;58.27;0.0;58.27;0.0;0.22;54.79;38.23;159.96;Companhia Riograndense de Saneamento;;;
2924652;89.02;70.17;0.0;100.0;1.29;74.39;15.32;88.68;Empresa Baiana de Águas e Saneamento S.A.;50.49;34.96;Prefeitura Municipal de Pintadas | Empresa Baiana de Águas e Saneamento S.A.
5107008;100.0;100.0;0.0;0.0;0.62;;;;;24.4;;Prefeitura Municipal de Poxoréu
2103604;;;;;;64.52;78.98;196.87;Companhia de Saneamento Ambiental do Maranhão;0.0;;Companhia de Saneamento Ambiental do Maranhão
2209708;;;;;;;;;;;;
2300309;83.31;63.26;0.0;100.0;2.25;73.76;33.19;114.63;"Sistema Integrado de Saneamento Rural da Bacia do Alto Jaguaribe; Companhia de Água e Esgoto do Ceará";8.46;;Companhia de Água e Esgoto do Ceará
2405900;64.02;1.95;0.0;100.0;0.37;33.49;51.18;124.1;Companhia de Águas e Esgotos do Rio Grande do Norte;;;
2504009;100.0;100.0;0.0;0.0;1.1;79.91;25.33;143.0;Companhia de Águas e Esgotos da Paraíba;96.86;78.15;Companhia de Águas e Esgotos da Paraíba
3530102;93.04;37.07;0.0;59.52;1.6;88.94;26.26;88.62;Serviço Autônomo de Água e Esgoto de Mirandópolis;84.89;;Serviço Autônomo de Água e Esgoto de Mirandópolis
4107207;100.0;100.0;100.0;0.0;0.65;82.72;22.09;151.52;Companhia de Saneamento do Paraná S.A.;62.24;56.51;Companhia de Saneamento do Paraná S.A.
2909604;100.0;100.0;0.0;100.0;1.76;56.53;19.44;86.19;Empresa Baiana de Águas e Saneamento S.A.;;;
2111763;;;;;;67.97;76.28;199.96;Companhia de Saneamento Ambiental do Maranhão;;;
2512309;77.69;12.05;0.0;0.0;0.96;56.18;45.34;129.93;Companhia de Águas e Esgotos da Paraíba;;;
1502707;96.29;88.61;0.0;100.0;3.39;47.76;59.27;165.01;Companhia de Saneamento do Pará;;;
4115507;94.18;41.93;90.0;27.65;0.42;90.02;12.57;202.75;Serviço Autônomo de Água e Esgotos de Marumbi;;;
4319208;97.52;91.1;0.0;0.0;0.58;63.3;23.25;145.05;Companhia Riograndense de Saneamento;;;
4205431;100.0;100.0;100.0;0.0;0.43;50.13;44.36;112.21;Companhia Catarinense de Águas e Saneamento;;;
1101708;51.25;0.0;51.25;0.0;0.33;37.21;46.37;147.99;Companhia de Águas e Esgotos do Estado de Rondônia;;;
4213609;86.89;0.0;86.89;0.0;0.75;85.7;;148.61;"Companhia Catarinense de Águas e Saneamento; Companhia de Saneamento do Paraná S.A.";14.74;12.8;Companhia Catarinense de Águas e Saneamento | Companhia de Saneamento do Paraná S.A.
2201507;36.87;0.0;0.0;100.0;0.45;;;;;;;
3202702;100.0;100.0;58.77;0.0;0.54;74.53;19.18;223.32;Serviço Autônomo de Água de Água e Esgoto;;;
3521903;100.0;100.0;100.0;0.0;1.06;89.09;14.41;248.83;Prefeitura Municipal de Itajobi;88.23;;Prefeitura Municipal de Itajobi
3146008;79.08;26.97;0.0;0.0;0.75;65.05;12.09;246.15;Departamento Municipal Autônomo de Água e Esgoto;76.79;0.0;Departamento Municipal Autônomo de Água e Esgoto
2901403;;;;;;52.76;10.91;178.77;Empresa Baiana de Águas e Saneamento S.A.;;;
3505302;100.0;100.0;0.0;0.0;0.46;98.87;19.99;176.84;Serviço Autônomo de Água e Esgoto;100.0;;Serviço Autônomo de Água e Esgoto
2504108;100.0;100.0;0.0;0.0;0.58;71.23;32.58;132.72;Companhia de Águas e Esgotos da Paraíba;6.34;;Prefeitura Municipal de Carrapateira | Companhia de Águas e Esgotos da Paraíba
3129657;;;;;;84.98;20.34;112.99;Companhia de Saneamento de Minas Gerais;;;
2111607;70.83;1.0;0.0;100.0;1.83;0.0;32.06;;Companhia de Saneamento Ambiental do Maranhão;;;
2307809;87.15;77.14;0.0;100.0;1.31;68.7;15.65;123.56;"Companhia de Água e Esgoto do Ceará; Sistema Integrado de Saneamento Rural da Bacia do Acaraú";5.12;;Companhia de Água e Esgoto do Ceará
4311007;92.91;0.0;92.91;0.0;0.71;89.78;15.88;144.88;Companhia Riograndense de Saneamento;39.79;27.76;Companhia Riograndense de Saneamento
2932903;100.0;100.0;0.0;0.0;0.95;77.89;56.4;109.24;Serviço Autônomo de Água e Esgotos;73.64;0.0;Serviço Autônomo de Água e Esgotos
4107306;90.39;0.0;0.0;0.0;0.93;90.62;32.42;170.28;Companhia de Saneamento do Paraná S.A.;87.85;67.57;Companhia de Saneamento do Paraná S.A.
4205407;100.0;100.0;70.0;0.0;1.29;96.67;37.35;183.95;Companhia Catarinense de Águas e Saneamento;67.66;54.99;Companhia Catarinense de Águas e Saneamento
3170529;52.12;0.0;0.0;100.0;1.56;39.43;57.47;114.62;Companhia de Saneamento de Minas Gerais;12.85;;Prefeitura Municipal de Urucuia
3203056;100.0;100.0;14.29;0.0;1.29;66.49;91.75;110.03;Serviço Autônomo de Água e Esgoto;47.33;;Serviço Autônomo de Água e Esgoto
2413904;100.0;100.0;0.0;1.51;2.32;29.63;53.15;159.3;Companhia de Águas e Esgotos do Rio Grande do Norte;;;
2917102;97.04;60.03;0.0;100.0;1.83;90.63;37.0;169.53;Serviços Autônomos de Água e Esgotos;51.9;;Serviços Autônomos de Água e Esgotos
2704005;94.34;88.9;0.0;0.0;0.52;29.45;59.72;103.98;"Companhia de Saneamento de Alagoas; Águas do Sertão";3.41;2.88;Águas do Sertão
3513702;100.0;100.0;0.0;100.0;1.17;90.71;31.6;313.35;Prefeitura Municipal de Descalvado;89.3;76.97;Prefeitura Municipal de Descalvado
3137809;90.0;54.9;0.0;100.0;0.59;81.05;51.27;174.62;Serviço Autônomo de Água e Esgoto;78.82;0.0;Serviço Autônomo de Água e Esgoto
3145851;73.13;0.0;0.0;0.0;0.34;;;;;73.13;;Prefeitura Municipal de Oratórios
3113800;84.15;69.25;0.0;100.0;1.1;61.6;76.41;91.83;Serviço Autônomo de Água e Esgoto;48.47;41.01;Serviço Autônomo de Água e Esgoto
2209005;68.17;1.22;0.0;100.0;1.01;;;;;;;
4302808;86.55;40.12;0.0;0.0;0.55;75.36;36.8;137.99;Companhia Riograndense de Saneamento;3.71;2.66;Companhia Riograndense de Saneamento
2307908;73.95;0.0;0.0;100.0;0.31;65.37;13.07;115.13;"Sistema Integrado de Saneamento Rural da Bacia do Acaraú; Companhia de Água e Esgoto do Ceará";;;
3301405;91.87;92.72;0.0;0.0;1.21;72.07;37.33;69.6;Prefeitura Municipal de Conceição de Macabu;51.03;1.08;Prefeitura Municipal de Conceição de Macabu
2908903;100.0;100.0;59.45;100.0;1.51;44.61;26.7;101.34;Empresa Baiana de Águas e Saneamento S.A.;;;
4123501;100.0;100.0;68.33;0.0;0.54;50.69;32.2;174.48;Companhia de Saneamento do Paraná S.A.;43.95;39.23;Companhia de Saneamento do Paraná S.A.
3170503;82.36;0.0;0.0;0.0;0.42;65.18;19.66;147.6;Companhia de Saneamento de Minas Gerais;82.36;;Prefeitura Municipal de Urucânia
2103406;;;;;;7.72;86.21;118.3;Companhia de Saneamento Ambiental do Maranhão;;;
2511608;61.54;39.02;0.0;0.0;0.4;26.48;51.48;121.3;Companhia de Águas e Esgotos da Paraíba;;;
2504074;89.16;80.01;0.0;0.0;0.26;32.27;34.27;146.7;Companhia de Águas e Esgotos da Paraíba;45.77;;Companhia de Águas e Esgotos da Paraíba | Prefeitura Municipal de Caraúbas
2924702;36.74;14.64;0.0;100.0;0.18;55.71;22.62;126.05;Empresa Baiana de Águas e Saneamento S.A.;;;
4311106;60.54;0.0;60.54;0.0;0.62;56.42;27.37;151.07;Companhia Riograndense de Saneamento;;;
5106802;60.63;0.0;50.35;0.0;0.63;87.35;18.18;217.4;Águas de Porto dos Gaúchos SPE;;;
2111573;;;;;;;;;;;;
1502772;;;;;;81.2;18.09;127.96;Companhia de Saneamento do Tocantins;;;
3105608;96.5;55.58;0.0;0.0;0.93;92.32;34.21;125.75;"Serviço de Água e Saneamento; Companhia de Saneamento de Minas Gerais";89.66;17.3;Companhia de Saneamento de Minas Gerais | Serviço de Água e Saneamento
3154150;91.8;79.68;0.0;100.0;0.48;62.69;35.17;347.28;Serviço Autônomo de Água e Esgoto de Reduto;62.69;;Serviço Autônomo de Água e Esgoto de Reduto
4205506;87.92;0.0;87.92;0.0;0.57;88.13;48.47;154.01;Autarquia Municipal de Saneamento de Fraiburgo;11.0;;Autarquia Municipal de Saneamento de Fraiburgo
3113909;100.0;100.0;0.0;61.12;2.06;74.45;20.75;147.06;Companhia de Saneamento de Minas Gerais;67.59;62.62;Companhia de Saneamento de Minas Gerais
3129608;;;;;;87.8;92.82;150.97;Companhia de Saneamento de Minas Gerais;47.17;77.52;Companhia de Saneamento de Minas Gerais
2414001;;;;;;100.0;36.09;97.36;Companhia de Águas e Esgotos do Rio Grande do Norte;;;
1502764;30.13;10.4;0.0;100.0;0.7;;;;;;;
4115309;100.0;100.0;73.36;0.0;0.7;73.65;26.19;159.37;Companhia de Saneamento do Paraná S.A.;;;
1101005;31.78;0.0;0.0;0.0;0.14;;;;;;;
2200806;;;;;;79.96;45.22;112.22;Companhia de Abastecimento de Água e Esgotamento Sanitário de Antônio Almeida;30.98;;Companhia de Abastecimento de Água e Esgotamento Sanitário de Antônio Almeida
4302907;80.33;0.0;80.33;0.0;0.5;80.33;31.77;137.59;Companhia Riograndense de Saneamento;6.0;4.68;Companhia Riograndense de Saneamento
1502756;76.81;40.01;0.0;100.0;2.44;50.0;34.96;78.95;Prefeitura Municipal de Concórdia do Pará;;;
4107124;100.0;100.0;0.0;0.0;0.35;52.11;17.81;139.19;Companhia de Saneamento do Paraná S.A.;;;
2503407;68.57;32.74;0.0;0.0;0.41;39.89;19.12;171.05;Companhia de Águas e Esgotos da Paraíba;52.21;;Companhia de Águas e Esgotos da Paraíba | Prefeitura Municipal de Cacimba de Areia
2803104;;;;;;97.59;56.0;139.54;Companhia de Saneamento de Sergipe;;;
5106778;69.59;0.0;0.0;100.0;0.35;69.59;4.61;220.97;Saneamento de Porto Alegre do Norte (Spe) LTDA;;;
2900702;100.0;100.0;0.0;0.0;1.09;94.0;62.6;114.18;Serviço Autônomo de Água e Esgoto;34.59;27.62;Serviço Autônomo de Água e Esgoto
2111672;;;;;;;;;;;;
3170602;100.0;100.0;0.0;0.0;0.9;61.51;30.2;275.97;Companhia de Saneamento de Minas Gerais;100.0;;Prefeitura Municipal de Vargem Bonita
3105707;100.0;100.0;0.0;0.0;0.54;48.22;19.41;182.95;Companhia de Saneamento de Minas Gerais;;;
2405801;77.44;30.0;0.0;100.0;0.4;75.54;57.76;107.87;Companhia de Águas e Esgotos do Rio Grande do Norte;37.61;30.17;Companhia de Águas e Esgotos do Rio Grande do Norte
3203130;100.0;100.0;0.0;0.0;0.74;100.0;67.8;174.54;Serviço Autônomo de Água e Esgoto;100.0;;Serviço Autônomo de Água e Esgoto
1702109;97.24;0.0;0.0;0.0;0.81;97.55;27.67;177.12;Companhia de Saneamento do Tocantins;32.16;29.94;Companhia de Saneamento do Tocantins
4107108;100.0;100.0;100.0;0.0;1.99;86.54;23.79;166.52;Companhia de Saneamento do Paraná S.A.;71.22;61.77;Companhia de Saneamento do Paraná S.A.
3505609;100.0;100.0;0.0;100.0;0.57;99.4;69.12;223.42;Prefeitura Municipal de Barrinha;99.4;;Prefeitura Municipal de Barrinha
3554656;98.93;95.24;98.93;0.0;1.99;100.0;31.52;274.86;Companhia de Saneamento Básico do Estado de São Paulo;71.35;68.62;Companhia de Saneamento Básico do Estado de São Paulo
1101104;;;;;;;;;;;;
3145802;30.39;0.0;0.0;100.0;0.55;48.17;32.52;133.56;Companhia de Saneamento de Minas Gerais;57.05;;Prefeitura Municipal de Onça de Pitangui
2610707;100.0;100.0;0.86;0.0;0.63;78.9;42.93;153.1;Companhia Pernambucana de Saneamento;40.54;;Companhia Pernambucana de Saneamento
4319109;100.0;100.0;0.0;0.0;0.72;57.63;32.99;196.82;Companhia Riograndense de Saneamento;;;
2933208;86.09;1.72;0.0;100.0;3.47;83.52;50.52;191.35;Empresa Baiana de Águas e Saneamento S.A.;25.96;23.53;Empresa Baiana de Águas e Saneamento S.A.
4205456;100.0;100.0;100.0;0.0;0.54;88.58;20.38;200.18;Companhia Catarinense de Águas e Saneamento;19.32;18.01;Companhia Catarinense de Águas e Saneamento
2900801;54.49;4.37;0.0;100.0;0.86;52.17;27.78;123.4;Empresa Baiana de Águas e Saneamento S.A.;;;
3162401;;;;;;30.7;22.34;142.68;Companhia de Saneamento de Minas Gerais;11.67;;Companhia de Saneamento de Minas Gerais
3170578;86.63;0.0;0.0;0.0;1.82;76.95;24.58;180.85;Companhia de Saneamento de Minas Gerais;;;
3203106;91.07;58.51;0.0;0.0;0.37;78.49;20.55;293.43;Serviço Autônomo de Água e Esgoto;78.49;;Serviço Autônomo de Água e Esgoto
3301207;93.09;29.13;90.25;100.0;0.6;78.96;48.63;244.43;Rio+ Saneamento BL3 S.A;;;
3121258;100.0;100.0;0.0;0.0;2.99;94.37;13.64;150.4;Prefeitura Municipal de Delta;92.64;;Prefeitura Municipal de Delta
1702208;85.53;50.0;0.0;100.0;0.59;;;;;;;
3505708;100.0;100.0;100.0;62.39;1.43;100.0;34.31;202.04;Companhia de Saneamento Básico do Estado de São Paulo;98.27;61.77;Companhia de Saneamento Básico do Estado de São Paulo
3554755;97.85;93.13;0.0;0.0;0.54;91.62;35.63;208.76;Prefeitura Municipal de Trabiju;92.38;;Prefeitura Municipal de Trabiju
4204806;98.23;74.99;0.0;0.0;0.58;86.63;40.84;124.56;Companhia Catarinense de Águas e Saneamento;30.1;26.33;Companhia Catarinense de Águas e Saneamento
3170438;77.96;57.48;0.0;0.0;1.18;55.56;8.94;183.24;Companhia de Saneamento de Minas Gerais;56.94;61.29;Companhia de Saneamento de Minas Gerais
2111631;38.15;15.17;0.0;100.0;0.25;79.56;36.54;185.9;Prefeitura Municipal de São Raimundo do Doca Bezerra;;;
3145901;100.0;100.0;27.22;0.0;0.71;93.05;30.48;177.02;Companhia de Saneamento de Minas Gerais;87.34;87.85;Companhia de Saneamento de Minas Gerais
2413300;;;;;;66.47;22.36;136.33;Companhia de Águas e Esgotos do Rio Grande do Norte;;;
2307700;100.0;100.0;0.0;100.0;0.5;66.16;45.36;110.71;Companhia de Água e Esgoto do Ceará;15.77;;Companhia de Água e Esgoto do Ceará
3113206;80.01;0.0;0.0;0.0;0.28;89.79;23.33;142.03;Companhia de Saneamento de Minas Gerais;85.77;;Prefeitura Municipal de Carandaí
2602506;50.87;0.0;0.0;0.0;1.88;56.33;4.95;126.32;Companhia Pernambucana de Saneamento;;;
4310900;72.74;0.0;0.0;0.0;0.73;72.74;29.03;158.26;Companhia Riograndense de Saneamento;;;
5106851;100.0;100.0;0.0;100.0;0.65;;;;;;;
2933307;96.07;60.0;0.0;0.0;1.18;97.17;25.03;112.98;Empresa Baiana de Águas e Saneamento S.A.;83.76;76.42;Empresa Baiana de Águas e Saneamento S.A.
5214051;100.0;100.0;0.0;100.0;2.47;53.37;34.02;163.0;Saneamento de Goiás S/A;;;
3154200;95.36;73.75;82.34;0.0;0.5;76.41;8.25;175.92;Companhia de Saneamento de Minas Gerais;41.34;43.37;Companhia de Saneamento de Minas Gerais
2925006;89.87;69.12;0.0;100.0;0.9;71.89;16.86;101.73;Empresa Baiana de Águas e Saneamento S.A.;;;
2802403;99.99;99.99;0.0;0.0;0.38;98.89;54.53;95.82;Companhia de Saneamento de Sergipe;;;
2405108;100.0;100.0;0.0;100.0;1.18;60.03;28.88;107.49;Companhia de Águas e Esgotos do Rio Grande do Norte;;;
2112001;69.6;0.0;0.0;100.0;0.74;63.44;79.08;150.2;Companhia de Saneamento Ambiental do Maranhão;32.95;;Prefeitura Municipal de Tasso Fragoso
1100924;56.86;0.0;0.0;0.0;0.5;51.11;82.0;87.88;Prefeitura Municipal de Chupinguaia;;;
3137700;63.55;0.0;0.0;0.0;0.52;63.55;27.91;151.75;Serviço Autônomo de Água e Esgoto;100.0;;Serviço Autônomo de Água e Esgoto
3145877;79.92;68.38;0.0;0.0;0.57;31.05;23.24;142.58;Companhia de Saneamento de Minas Gerais;81.06;;Prefeitura Municipal de Orizânia
4115358;76.55;30.0;33.5;0.0;0.47;69.17;19.82;192.74;Companhia de Saneamento do Paraná S.A.;;;
4302709;100.0;100.0;0.0;0.0;0.35;96.41;47.46;156.0;Companhia Riograndense de Saneamento;;;
3301306;100.0;100.0;0.0;0.0;1.66;;39.35;114.95;"Serviço Autônomo de Água e Esgoto; Águas do Rio 1 SPE S.A.";51.14;31.84;Serviço Autônomo de Água e Esgoto | Águas do Rio 1 SPE S.A.
2908804;44.54;0.0;0.0;100.0;0.73;60.4;21.85;119.89;Empresa Baiana de Águas e Saneamento S.A.;;;
3105004;89.31;59.91;32.83;0.0;0.85;55.86;29.61;177.73;Companhia de Saneamento de Minas Gerais;29.55;;Prefeitura Municipal de Baldim
3170404;100.0;100.0;0.0;100.0;2.11;87.17;28.08;211.13;Serviço Municipal de Saneamento Básico;71.95;70.86;Serviço Municipal de Saneamento Básico
4310876;;;;;;;;;;;;
5106828;63.93;24.45;0.0;7.9;0.23;52.26;24.61;146.62;Águas de Porto Esperidião;38.67;;Águas de Porto Esperidião
2925105;77.35;0.0;0.0;100.0;0.43;81.25;24.0;108.66;Empresa Baiana de Águas e Saneamento S.A.;;;
1100908;57.87;49.32;0.0;0.0;1.16;23.73;44.12;136.67;Companhia de Águas e Esgotos do Estado de Rondônia;;;
2200707;61.03;21.04;0.0;100.0;1.28;;;;;;;
3129509;100.0;100.0;0.0;33.33;0.76;80.74;33.41;192.23;Serviço Autônomo de Água e Esgoto;80.03;;Serviço Autônomo de Água e Esgoto
5107206;83.31;100.0;0.0;0.0;2.43;83.31;29.58;109.46;Prefeitura Municipal de Rio Branco;;;
2103802;;;;;;48.29;6.74;481.39;Companhia de Saneamento Ambiental do Maranhão;;;
4204756;47.37;0.0;0.0;0.0;0.2;41.92;36.54;115.87;Companhia Catarinense de Águas e Saneamento;;;
2610509;87.49;90.73;0.0;0.0;3.13;52.92;26.22;102.42;Companhia Pernambucana de Saneamento;;;
1702158;67.1;0.0;0.0;0.0;0.58;81.63;24.6;111.85;Companhia de Saneamento do Tocantins;;;
4107157;52.97;0.0;52.97;28.1;0.39;67.98;25.5;148.32;Companhia de Saneamento do Paraná S.A.;;;
5107198;82.65;0.0;0.0;100.0;1.32;84.06;18.3;660.58;Prefeitura Municipal de Ribeirãozinho;77.86;;Prefeitura Municipal de Ribeirãozinho
3554706;98.43;88.44;83.75;0.0;1.15;93.34;30.46;178.02;Companhia de Saneamento Básico do Estado de São Paulo;90.52;;Companhia de Saneamento Básico do Estado de São Paulo
2802502;;;;;;92.51;60.71;105.67;Companhia de Saneamento de Sergipe;;;
2900603;58.4;0.0;43.61;100.0;1.14;58.4;23.43;114.81;Empresa Baiana de Águas e Saneamento S.A.;40.08;;Prefeitura Municipal de Aiquara | Empresa Baiana de Águas e Saneamento S.A.
3162203;95.46;70.26;0.0;100.0;0.75;84.74;36.34;196.57;Serviço de Autônomo de Água e Esgoto;84.74;88.89;Serviço de Autônomo de Água e Esgoto
1600253;48.4;0.0;0.0;100.0;1.4;55.04;16.03;286.64;"Concessionária de Saneamento do Amapá; Companhia de Água e Esgoto do Amapá";;;
2208874;54.69;38.36;0.0;100.0;0.72;97.23;5.0;65.24;Prefeitura Municipal de Ribeira do Piauí;;;
3537701;100.0;100.0;87.11;0.0;0.8;97.53;17.49;176.77;Companhia de Saneamento Básico do Estado de São Paulo;96.0;87.56;Companhia de Saneamento Básico do Estado de São Paulo
4319158;100.0;100.0;59.05;0.0;0.37;53.68;37.36;174.49;Companhia Riograndense de Saneamento;;;
1718501;52.92;0.0;0.0;100.0;0.43;50.59;9.67;123.46;Agência Tocantinense de Saneamento;;;
2933257;100.0;100.0;0.0;100.0;0.61;69.55;17.09;76.89;Empresa Baiana de Águas e Saneamento S.A.;;;
3202900;100.0;100.0;81.94;0.0;0.39;59.24;14.07;190.78;Serviço Autônomo de Água e Esgoto;41.42;34.41;Serviço Autônomo de Água e Esgoto
5107180;60.2;0.0;0.0;16.67;0.83;60.2;79.58;160.0;Prefeitura Municipal de Ribeirão Cascalheira;;;
2111953;;;;;;50.45;51.5;181.4;Companhia de Saneamento Ambiental do Maranhão;;;
3121308;84.3;0.0;0.0;0.0;0.7;79.34;33.78;160.96;Companhia de Saneamento de Minas Gerais;84.3;;Prefeitura Municipal de Descoberto
2413359;100.0;100.0;0.0;100.0;1.27;7.13;34.2;636.3;Companhia de Águas e Esgotos do Rio Grande do Norte;;;
5222302;60.73;0.0;0.0;0.0;0.36;29.89;25.82;174.95;Saneamento de Goiás S/A;;;
1600238;70.9;0.0;0.0;100.0;1.57;70.9;50.52;289.4;Concessionária de Saneamento do Amapá;;;
2208858;47.16;0.0;0.0;100.0;0.31;;;;;;;
3546504;96.26;0.0;0.0;0.0;0.66;100.0;11.26;180.07;Companhia de Saneamento Básico do Estado de São Paulo;100.0;;Companhia de Saneamento Básico do Estado de São Paulo
1702000;;;;;;67.96;24.06;171.99;Companhia de Saneamento do Tocantins;;;
3505500;100.0;100.0;100.0;0.0;0.88;97.04;39.9;213.72;Serviço Autônomo de Água e Esgoto de Barretos;97.04;94.49;Serviço Autônomo de Água e Esgoto de Barretos
2610608;100.0;100.0;0.0;0.0;0.92;59.52;18.81;146.08;Companhia Pernambucana de Saneamento;;;
3170479;;;;;;;;;;;;
3529500;100.0;100.0;0.0;0.0;2.96;77.7;2.4;426.44;Prefeitura Municipal de Mendonça;77.39;0.0;Prefeitura Municipal de Mendonça
3146206;65.36;0.0;0.0;100.0;0.6;59.24;18.06;133.03;Companhia de Saneamento de Minas Gerais;53.04;0.0;Companhia de Saneamento de Minas Gerais
2933109;65.92;74.46;0.0;100.0;0.34;83.88;29.12;102.73;Empresa Baiana de Águas e Saneamento S.A.;;;
3203007;75.55;59.49;1.81;0.0;0.56;53.23;20.29;158.83;Companhia Espírito-santense de Saneamento;38.64;33.55;Companhia Espírito-santense de Saneamento
3154002;100.0;100.0;0.0;0.0;1.32;68.61;26.5;184.79;Serviço Autônomo de Água e Esgoto;68.61;0.0;Serviço Autônomo de Água e Esgoto
3300605;80.73;100.0;0.0;0.0;1.31;87.54;45.71;146.85;Companhia Estadual de Águas e Esgotos do Rio de Janeiro;;;
4319125;99.21;98.71;0.0;0.0;0.35;100.0;58.0;99.21;Prefeitura Municipal de São Martinho Da Serra;;;
3162302;;;;;;60.87;22.44;250.59;Prefeitura Municipal de São João Da Mata;99.2;;Prefeitura Municipal de São João Da Mata
5107156;72.11;0.0;0.0;0.0;0.59;43.65;30.23;365.13;Prefeitura Municipal de Reserva do Cabaçal;;;
2103752;;;;;;59.83;80.25;132.46;Companhia de Saneamento Ambiental do Maranhão;;;
1600212;42.33;11.6;0.0;100.0;1.57;71.03;54.31;266.67;"Companhia de Água e Esgoto do Amapá; Concessionária de Saneamento do Amapá";;;
5214101;70.8;0.0;0.0;100.0;1.12;70.8;22.62;170.01;Saneamento de Goiás S/A;;;
3521309;97.5;0.0;85.09;0.0;0.62;97.5;60.13;295.18;Serviço Autônomo de Água e Esgotos;;;
1600204;93.25;59.99;0.0;100.0;0.33;79.65;32.26;131.13;"Concessionária de Saneamento do Amapá; Companhia de Água e Esgoto do Amapá";;;
1502608;39.58;0.0;0.0;100.0;0.76;;;;;;;
2602407;100.0;100.0;0.0;0.0;1.64;40.48;22.06;104.74;Companhia Pernambucana de Saneamento;;;
4213005;100.0;100.0;0.0;0.0;0.61;70.9;27.64;140.83;Companhia Catarinense de Águas e Saneamento;33.35;;Prefeitura Municipal de Pinheiro Preto | Companhia Catarinense de Águas e Saneamento
3138005;79.11;7.75;0.0;0.0;0.84;82.46;29.53;155.86;Companhia de Saneamento de Minas Gerais;77.36;;Prefeitura Municipal de Laranjal
5107263;57.15;0.0;0.0;100.0;0.28;51.67;33.33;431.11;Prefeitura Municipal de Santo Afonso;3.9;;Prefeitura Municipal de Santo Afonso
4106456;73.42;58.55;0.0;0.0;0.25;56.96;18.7;147.55;Companhia de Saneamento do Paraná S.A.;;;
3146305;79.03;30.0;0.0;100.0;0.59;62.22;22.03;140.83;"COPASA Serviços de Saneamento Integrado do Norte e Nordeste de Minas Gerais S/A; Companhia de Saneamento de Minas Gerais";50.0;26.22;Prefeitura Municipal de Padre Paraíso
3554003;100.0;100.0;0.0;0.0;0.67;100.0;37.75;160.82;Companhia de Saneamento Básico do Estado de São Paulo;88.38;84.53;Companhia de Saneamento Básico do Estado de São Paulo
1501956;;;;;;;;;;;;
3154101;78.5;0.0;0.0;0.0;0.29;92.21;28.09;141.17;Serviço Autônomo de Água e Esgoto;92.21;0.0;Serviço Autônomo de Água e Esgoto
2924900;72.69;48.23;0.0;100.0;0.4;47.23;10.0;105.93;Empresa Baiana de Águas e Saneamento S.A.;;;
2802304;100.0;100.0;0.0;0.0;0.59;99.42;51.64;106.04;Companhia de Saneamento de Sergipe;;;
3513108;100.0;100.0;0.0;48.54;1.24;98.42;51.33;248.14;Serviço Autônomo de Água e Esgoto;98.42;96.74;Serviço Autônomo de Água e Esgoto
3537503;66.9;0.0;0.0;0.0;0.59;80.48;26.02;170.16;Companhia de Saneamento Básico do Estado de São Paulo;64.09;58.01;Companhia de Saneamento Básico do Estado de São Paulo
5107248;100.0;100.0;0.0;0.0;0.7;80.11;25.17;177.81;Águas de Santa Carmem Ltda;;;
1600303;100.0;100.0;0.0;0.0;1.4;76.05;37.84;227.17;"Concessionária de Saneamento do Amapá; Companhia de Água e Esgoto do Amapá";14.94;8.27;Concessionária de Saneamento do Amapá
5221601;100.0;100.0;9.97;100.0;0.85;87.76;26.31;147.63;Saneamento de Goiás S/A;66.48;45.43;Saneamento de Goiás S/A
2917003;67.62;67.3;14.09;100.0;3.17;70.97;36.02;90.61;"Central de Associações Comunitárias para Manutenção dos Sistemas de Saneamento - Região de Jacobina; Empresa Baiana de Águas e Saneamento S.A.";20.22;12.75;Empresa Baiana de Águas e Saneamento S.A. | Central de Associações Comunitárias para Manutenção dos Sistemas de Saneamento - Região de Jacobina
3521150;85.76;0.0;0.0;0.0;0.77;85.76;39.26;282.99;Prefeitura Municipal de Ipiguá;85.76;;Prefeitura Municipal de Ipiguá
3129806;95.0;83.87;40.42;0.0;0.58;83.03;25.54;161.12;Companhia de Saneamento de Minas Gerais;71.61;51.99;Companhia de Saneamento de Minas Gerais
3138104;89.7;74.29;0.0;0.0;0.32;;;;;;;
3545803;100.0;100.0;49.72;0.0;0.74;99.43;47.21;183.24;Departamento de Água e Esgoto de Santa Bárbara D´Oeste;99.05;;Departamento de Água e Esgoto de Santa Bárbara D´Oeste
3162252;58.53;0.0;0.0;0.0;0.23;60.55;18.68;160.76;Serviço Autônomo de Água e Esgoto;;;
2609907;;;;;;60.66;16.62;152.91;Companhia Pernambucana de Saneamento;;;
4122909;100.0;100.0;79.74;0.0;1.46;77.14;18.1;144.08;Companhia de Saneamento do Paraná S.A.;53.35;40.14;Companhia de Saneamento do Paraná S.A.
4106555;66.14;0.0;66.14;0.0;0.31;66.24;23.57;156.7;Companhia de Saneamento do Paraná S.A.;66.3;;Companhia de Saneamento do Paraná S.A.
1100940;66.68;3.64;0.0;0.0;0.41;14.16;39.93;153.87;Companhia de Águas e Esgotos do Estado de Rondônia;;;
4318465;100.0;100.0;0.0;0.0;0.61;38.99;19.73;168.41;Companhia Riograndense de Saneamento;;;
3554102;100.0;100.0;98.32;0.0;1.06;95.61;19.08;210.62;Companhia de Saneamento Básico do Estado de São Paulo;93.92;89.98;Companhia de Saneamento Básico do Estado de São Paulo
1718550;27.61;0.0;0.0;100.0;0.94;80.96;29.07;107.73;Agência Tocantinense de Saneamento;;;
3170800;85.18;0.0;0.0;0.0;1.22;93.33;23.84;157.13;Companhia de Saneamento de Minas Gerais;33.49;79.79;Companhia de Saneamento de Minas Gerais
2208908;;;;;;;;;;;;
2933174;67.99;47.91;0.0;0.0;0.63;42.46;28.15;123.34;Empresa Baiana de Águas e Saneamento S.A.;;;
4318457;59.3;30.93;0.0;0.0;0.32;100.0;77.84;329.74;Prefeitura Municipal de São José Das Missões;;;
1600279;89.55;0.0;0.0;100.0;0.83;67.43;55.91;295.71;"Companhia de Água e Esgoto do Amapá; Concessionária de Saneamento do Amapá";;;
3202306;73.51;0.0;73.51;0.0;0.42;57.64;55.15;182.49;Serviço Autônomo de Água e Esgoto;68.18;0.0;Serviço Autônomo de Água e Esgoto
5221577;66.0;0.0;0.0;100.0;0.95;52.58;20.11;212.16;Saneamento de Goiás S/A;;;
5213400;63.61;0.0;0.0;100.0;1.02;63.2;19.87;197.0;Saneamento de Goiás S/A;;;
3529302;100.0;100.0;78.53;0.0;0.84;98.18;30.27;252.0;Águas de Matão;98.18;;Águas de Matão
2704401;42.62;6.35;0.0;0.0;0.57;39.85;72.62;97.21;Companhia de Saneamento de Alagoas;;;
3146255;100.0;100.0;28.42;0.0;0.95;72.39;25.69;119.53;COPASA Serviços de Saneamento Integrado do Norte e Nordeste de Minas Gerais S/A;40.92;;COPASA Serviços de Saneamento Integrado do Norte e Nordeste de Minas Gerais S/A
5221700;;;;;;83.93;29.02;171.53;Saneamento de Goiás S/A;12.71;;Saneamento de Goiás S/A
3537602;97.88;46.37;97.88;100.0;1.31;100.0;32.67;279.93;Companhia de Saneamento Básico do Estado de São Paulo;75.85;75.76;Companhia de Saneamento Básico do Estado de São Paulo
2511509;100.0;100.0;0.0;0.0;0.58;45.96;66.94;136.1;Companhia de Águas e Esgotos da Paraíba;;;
1501907;35.52;0.0;0.0;100.0;0.6;;;;;;;
2917359;61.41;37.15;0.0;0.0;1.1;;;;;;;
3129905;69.06;0.0;0.0;0.0;0.55;71.5;20.13;183.39;Companhia de Saneamento de Minas Gerais;;;
4114708;73.45;0.0;73.45;0.0;0.55;82.04;21.38;165.14;Companhia de Saneamento do Paraná S.A.;29.86;24.16;Companhia de Saneamento do Paraná S.A.
1101302;54.0;0.0;30.91;0.0;0.37;30.4;64.76;142.08;Companhia de Águas e Esgotos do Estado de Rondônia;;;
3162609;92.17;51.35;0.0;78.28;0.91;83.01;37.42;157.4;Companhia de Saneamento de Minas Gerais;83.91;;Prefeitura Municipal de São João do Oriente
2933158;88.4;60.89;0.0;100.0;0.53;74.26;12.98;101.73;Empresa Baiana de Águas e Saneamento S.A.;57.69;;Empresa Baiana de Águas e Saneamento S.A.
1718402;84.86;0.0;0.0;100.0;0.28;84.86;41.57;119.04;Hidro Forte Administração e Operação S/A;;;
4318440;100.0;100.0;0.0;0.0;0.97;49.36;39.85;142.55;Companhia Riograndense de Saneamento;;;
2601706;80.0;75.51;0.0;0.0;0.66;90.46;18.66;181.94;Companhia Pernambucana de Saneamento;68.74;;Prefeitura Municipal de Belo Jardim | Companhia Pernambucana de Saneamento
4212809;100.0;100.0;100.0;0.0;1.07;100.0;18.05;201.31;Companhia Catarinense de Águas e Saneamento;51.89;29.04;Companhia Catarinense de Águas e Saneamento
4318432;100.0;100.0;0.0;0.0;0.53;100.0;5.12;70.22;Prefeitura Municipal de São João do Polêsine;100.0;;Prefeitura Municipal de São João do Polêsine
5213509;22.68;0.0;0.0;100.0;2.0;45.02;42.23;152.09;Saneamento de Goiás S/A;;;
3146107;93.7;32.79;15.79;0.0;0.66;85.15;39.33;206.44;Ouro Preto Serviços de Saneamento S.A.;69.38;0.42;Ouro Preto Serviços de Saneamento S.A.
3521101;;;;;;92.78;14.81;219.35;Prefeitura Municipal de Ipeúna;;;
4318424;59.9;0.0;59.9;0.0;0.54;49.29;17.63;140.03;Companhia Riograndense de Saneamento;;;
3529401;100.0;100.0;17.45;0.0;0.94;96.45;36.22;176.11;Companhia de Saneamento Básico do Estado de São Paulo;91.29;;BRK Ambiental - Mauá S.A.
2503308;;;;;;33.23;17.59;151.93;Companhia de Águas e Esgotos da Paraíba;10.74;;Prefeitura Municipal de Cachoeira Dos índios | Companhia de Águas e Esgotos da Paraíba
5107065;81.41;13.97;0.0;95.96;2.62;84.84;18.14;281.53;Prefeitura Municipal de Querência;;;
3121704;91.77;87.25;0.0;0.0;0.67;35.46;5.31;82.34;Prefeitura Municipal de Diogo de Vasconcelos;42.46;;Prefeitura Municipal de Diogo de Vasconcelos
1702406;;;;;;69.2;28.29;143.78;Companhia de Saneamento do Tocantins;;;
3154408;100.0;100.0;0.0;0.0;0.6;70.8;25.54;118.51;Companhia de Saneamento de Minas Gerais;;;
2917334;69.37;0.0;0.0;100.0;0.67;93.85;29.82;85.36;"Central de Associações Comunitárias para Manutenção dos Sistemas de Saneamento - Região de Caetité; Empresa Baiana de Águas e Saneamento S.A.";59.12;;Empresa Baiana de Águas e Saneamento S.A.
4106506;100.0;100.0;100.0;0.0;0.47;77.36;17.88;149.19;Companhia de Saneamento do Paraná S.A.;62.74;54.5;Companhia de Saneamento do Paraná S.A.
1502004;;;;;;15.56;42.51;57.06;Companhia de Saneamento do Pará;;;
3162575;90.65;20.03;88.31;0.0;0.95;88.31;47.64;381.35;"COPASA Serviços de Saneamento Integrado do Norte e Nordeste de Minas Gerais S/A; Prefeitura Municipal de São João do Manteninha";88.31;88.67;Prefeitura Municipal de São João do Manteninha | COPASA Serviços de Saneamento Integrado do Norte e Nordeste de Minas Gerais S/A
4212908;87.87;0.0;87.87;0.0;0.9;80.88;41.16;130.84;Companhia Catarinense de Águas e Saneamento;;;
4318408;78.3;0.0;0.0;0.0;0.56;78.33;39.16;166.0;Companhia Riograndense de Saneamento;;;
3202256;100.0;100.0;46.43;0.0;0.68;42.12;23.05;228.75;Serviço Autônomo de Água e Esgoto de Governador Lindenberg;33.97;27.37;Serviço Autônomo de Água e Esgoto de Governador Lindenberg
4302055;89.62;86.59;0.0;90.91;0.43;65.09;65.21;62.16;Prefeitura Municipal de Benjamin Constant do Sul;;;Prefeitura Municipal de Benjamin Constant do Sul
3137908;48.23;0.0;0.0;0.0;0.26;;;;;;;
1600105;;;;;;83.48;37.73;190.45;Concessionária de Saneamento do Amapá;;;
5107040;95.77;0.0;0.0;0.0;0.94;95.77;24.49;135.69;Águas de Primavera Ltda;73.19;;Águas de Primavera Ltda
3521200;85.55;72.85;46.79;0.0;0.6;55.78;25.15;161.89;Companhia de Saneamento Básico do Estado de São Paulo;49.38;43.11;Companhia de Saneamento Básico do Estado de São Paulo
2201051;28.89;0.0;0.0;100.0;0.39;;;;;;;
3553906;100.0;100.0;100.0;0.0;0.44;95.7;10.29;165.19;Companhia de Saneamento Básico do Estado de São Paulo;94.51;89.9;Companhia de Saneamento Básico do Estado de São Paulo
4122701;90.25;0.0;90.13;0.0;0.79;91.67;17.94;169.74;Companhia de Saneamento do Paraná S.A.;;;
4204707;66.44;0.0;66.44;48.28;0.71;64.38;47.82;133.36;Companhia Catarinense de Águas e Saneamento;;;
2704203;35.36;0.0;0.0;0.0;0.71;27.59;94.79;3.77;Prefeitura Municipal de Limoeiro de Anadia;;;
2932457;;;;;;78.36;36.35;102.62;"Empresa Baiana de Águas e Saneamento S.A.; Central de Associações Comunitárias para Manutenção dos Sistemas de Saneamento - Região de Jacobina";37.78;;Empresa Baiana de Águas e Saneamento S.A.
3513009;100.0;100.0;23.78;100.0;4.03;99.09;14.91;173.11;Companhia de Saneamento Básico do Estado de São Paulo;68.49;31.43;Companhia de Saneamento Básico do Estado de São Paulo
4318507;43.73;0.0;0.0;0.0;0.51;58.98;13.12;134.49;Companhia Riograndense de Saneamento;;;
3129707;67.15;0.0;0.0;0.0;1.63;80.21;17.57;191.5;Companhia de Saneamento de Minas Gerais;73.84;0.0;Companhia de Saneamento de Minas Gerais
3113107;46.62;5.95;0.0;0.0;0.18;77.3;19.6;134.91;Prefeitura Municipal de Caranaíba;43.24;;Prefeitura Municipal de Caranaíba
5221502;83.25;0.0;0.0;49.02;2.18;83.25;17.71;168.12;Saneamento de Goiás S/A;;;
2413201;;;;;;86.41;59.6;100.11;Companhia de Águas e Esgotos do Rio Grande do Norte;;;
4310330;100.0;100.0;0.0;0.0;1.55;99.99;21.23;251.21;Companhia Riograndense de Saneamento;1.23;0.7;Companhia Riograndense de Saneamento
4318499;58.79;0.0;58.79;0.0;0.46;31.3;38.53;186.3;Companhia Riograndense de Saneamento;;;
3537909;100.0;100.0;79.41;0.0;0.63;95.5;20.58;159.91;Companhia de Saneamento Básico do Estado de São Paulo;56.19;54.01;Companhia de Saneamento Básico do Estado de São Paulo
3300456;100.0;;0.0;0.0;1.25;97.0;37.73;164.28;Águas do Rio 4 SPE S.A.;7.62;;Águas do Rio 4 SPE S.A.
3545704;100.0;100.0;87.61;0.0;1.17;97.2;11.29;194.99;Companhia de Saneamento Básico do Estado de São Paulo;96.07;81.44;Companhia de Saneamento Básico do Estado de São Paulo
5000906;80.85;15.94;0.0;27.04;0.37;76.45;30.77;140.12;Empresa de Saneamento de Mato Grosso do Sul S/A;39.47;37.26;Empresa de Saneamento de Mato Grosso do Sul S/A
1718451;100.0;100.0;0.0;100.0;1.34;61.36;38.27;145.27;Agência Tocantinense de Saneamento;;;
2917409;;;;;;37.77;34.91;68.26;Empresa Baiana de Águas e Saneamento S.A.;25.21;;Empresa Baiana de Águas e Saneamento S.A.
2111904;81.18;86.17;0.0;100.0;0.37;0.0;16.32;;Companhia de Saneamento Ambiental do Maranhão;;;
2308104;48.6;0.0;0.0;100.0;2.11;65.39;45.62;86.68;"Companhia de Água e Esgoto do Ceará; Sistema Integrado de Saneamento Rural da Bacia Hidrográfica do Salgado";5.93;;Companhia de Água e Esgoto do Ceará
4122800;100.0;100.0;0.0;0.0;0.34;63.39;32.94;148.52;Companhia de Saneamento do Paraná S.A.;;;
3162658;;;;;;;;;;;;
2201150;59.26;19.52;0.0;100.0;0.38;;;;;;;
2405009;82.36;0.0;0.0;60.0;2.04;52.35;22.5;71.39;Companhia de Águas e Esgotos do Rio Grande do Norte;82.36;;Prefeitura Municipal de Jaçanã
3104908;100.0;100.0;0.0;100.0;0.55;73.92;;187.16;Companhia de Saneamento de Minas Gerais;86.57;;Prefeitura Municipal de Baependi
5205901;83.28;0.0;0.0;100.0;2.04;83.28;20.0;153.2;Saneamento de Goiás S/A;83.28;51.97;Saneamento de Goiás S/A
4318481;96.73;91.86;0.0;0.0;0.35;98.79;51.55;162.93;Prefeitura Municipal de São José do Hortêncio;;;
4310306;56.07;0.0;56.07;0.0;0.45;51.38;18.89;162.29;Companhia Riograndense de Saneamento;;;
2704302;99.97;0.0;14.26;0.0;1.43;85.7;64.05;122.04;"BRK Ambiental - Região Metropolitana de Maceió S.A.; Companhia de Saneamento de Alagoas";33.53;29.33;Companhia de Saneamento de Alagoas | BRK Ambiental - Região Metropolitana de Maceió S.A.
3529708;96.67;29.27;0.0;0.0;0.84;97.78;24.47;175.89;Companhia de Saneamento Básico do Estado de São Paulo;89.77;85.19;Companhia de Saneamento Básico do Estado de São Paulo
3121506;72.61;44.8;0.0;0.0;1.79;49.46;31.16;171.46;Companhia de Saneamento de Minas Gerais;44.98;52.01;Companhia de Saneamento de Minas Gerais
2413557;90.0;76.93;0.0;100.0;0.33;80.13;39.79;132.31;Companhia de Águas e Esgotos do Rio Grande do Norte;;;
1501808;44.16;0.0;0.0;100.0;0.57;22.4;3.71;346.24;Companhia de Saneamento do Pará;;;
4114609;86.08;0.0;86.08;0.0;0.67;92.67;27.7;218.65;Serviço Autônomo de Água e Esgoto;35.69;34.35;Serviço Autônomo de Água e Esgoto
5001003;100.0;100.0;90.28;6.71;0.63;89.38;47.93;127.17;Empresa de Saneamento de Mato Grosso do Sul S/A;26.18;19.78;Empresa de Saneamento de Mato Grosso do Sul S/A
5107107;74.4;0.0;74.4;0.0;0.25;77.27;16.63;294.39;Prefeitura Municipal de São José Dos Quatro Marcos;31.62;;Prefeitura Municipal de São José Dos Quatro Marcos
2909208;100.0;100.0;0.0;100.0;1.03;59.21;36.17;104.65;Empresa Baiana de Águas e Saneamento S.A.;51.84;;Prefeitura Municipal de Coronel João de Sá | Empresa Baiana de Águas e Saneamento S.A.
2103703;85.01;75.72;0.0;100.0;0.71;69.86;45.88;373.1;Serviço Autônomo de Água e Esgoto;;;
3154457;61.34;0.0;0.0;100.0;1.54;62.92;11.3;152.06;Companhia de Saneamento de Minas Gerais;;;
2209302;;;;;;;;;;;;
3162500;99.0;96.74;0.0;100.0;0.99;;32.99;354.15;"Companhia de Saneamento de Minas Gerais ; Departamento Autônomo Municipal de Água e Esgoto";;;Departamento Autônomo Municipal de Água e Esgoto | Companhia de Saneamento de Minas Gerais
2511905;;;;;;11.98;52.37;155.12;Companhia de Águas e Esgotos da Paraíba;;;
5221452;64.75;0.0;0.0;100.0;0.65;67.84;42.32;133.87;Serviço Autônomo de Água e Esgoto;;;
4302105;100.0;100.0;100.0;0.0;0.88;88.96;47.14;176.8;Companhia Riograndense de Saneamento;3.65;2.86;Companhia Riograndense de Saneamento
3521507;90.69;0.0;0.0;0.0;0.72;100.0;9.22;176.21;Companhia de Saneamento Básico do Estado de São Paulo;91.0;87.58;Companhia de Saneamento Básico do Estado de São Paulo
1600154;72.47;69.08;0.0;100.0;0.73;67.0;;192.64;"Concessionária de Saneamento do Amapá; Companhia de Água e Esgoto do Amapá";;;
4213203;100.0;100.0;87.27;0.0;0.54;75.45;36.46;201.49;Pomerwasser Ambiental S.P.E. S.A.;1.57;1.45;Pomerwasser Ambiental S.P.E. S.A.
4106407;96.22;0.0;96.22;0.0;0.36;96.98;33.14;171.11;Companhia de Saneamento do Paraná S.A.;96.77;91.8;Companhia de Saneamento do Paraná S.A.
3121605;90.76;0.0;90.76;100.0;0.68;83.07;26.77;161.23;"Companhia de Saneamento de Minas Gerais ; COPASA Serviços de Saneamento Integrado do Norte e Nordeste de Minas Gerais S/A";65.73;46.51;Companhia de Saneamento de Minas Gerais | COPASA Serviços de Saneamento Integrado do Norte e Nordeste de Minas Gerais S/A
3504909;100.0;100.0;0.0;0.0;0.64;88.76;33.87;143.39;Companhia de Saneamento Básico do Estado de São Paulo;76.08;70.52;Companhia de Saneamento Básico do Estado de São Paulo
3553955;96.5;0.0;96.5;0.0;0.58;99.31;13.03;181.02;Companhia de Saneamento Básico do Estado de São Paulo;99.21;96.03;Companhia de Saneamento Básico do Estado de São Paulo
2209153;;;;;;;;;;;;
3154309;100.0;100.0;100.0;0.0;0.48;57.74;29.83;207.37;Companhia de Saneamento de Minas Gerais;44.05;60.42;Companhia de Saneamento de Minas Gerais
2901007;94.25;75.17;0.0;100.0;0.71;78.13;21.28;122.85;Empresa Baiana de Águas e Saneamento S.A.;2.16;1.89;Empresa Baiana de Águas e Saneamento S.A.
1501782;62.35;0.0;0.0;100.0;1.37;66.28;61.0;20.51;"Prefeitura Municipal de Breu Branco; Companhia de Saneamento do Pará";21.12;;Prefeitura Municipal de Breu Branco
3170651;58.51;0.0;0.0;45.63;0.46;73.68;18.53;131.29;Companhia de Saneamento de Minas Gerais;;;
2201101;64.56;0.0;0.0;100.0;0.46;;;;;;;
2932507;76.36;64.22;0.0;100.0;1.85;67.71;26.91;123.07;Empresa Baiana de Águas e Saneamento S.A.;10.36;8.83;Empresa Baiana de Águas e Saneamento S.A.
2503704;83.2;0.0;83.2;0.0;0.47;71.87;51.98;158.7;Companhia de Águas e Esgotos da Paraíba;29.1;15.75;Companhia de Águas e Esgotos da Paraíba
4318309;90.18;0.0;0.0;0.0;0.57;90.18;35.01;142.71;São Gabriel Saneamento S.A;57.45;49.09;São Gabriel Saneamento S.A
4301958;72.09;0.0;0.0;0.0;1.13;100.0;23.33;248.18;Prefeitura Municipal de Barra Funda;;;
5221551;78.95;0.0;0.0;100.0;0.35;78.13;13.49;191.3;Saneamento de Goiás S/A;;;
5205208;100.0;100.0;0.0;100.0;1.29;77.66;23.48;150.72;Saneamento de Goiás S/A;;;
2111201;77.7;0.0;0.0;0.0;0.6;96.98;57.73;125.01;BRK Ambiental - Maranhão;41.9;;BRK Ambiental - Maranhão
3513306;100.0;100.0;81.35;0.0;0.6;96.05;14.33;204.87;Companhia de Saneamento Básico do Estado de São Paulo;93.33;90.09;Companhia de Saneamento Básico do Estado de São Paulo
2200954;86.44;84.34;0.0;100.0;0.75;100.0;3.9;312.7;Prefeitura Municipal de Aroeiras do Itaim;;;Prefeitura Municipal de Aroeiras do Itaim
4205001;76.69;0.0;0.0;0.0;0.63;68.71;26.29;137.05;Companhia Catarinense de Águas e Saneamento;46.74;40.8;Companhia Catarinense de Águas e Saneamento
2703601;72.96;81.31;0.0;0.0;1.47;45.02;56.42;107.6;"Companhia de Saneamento de Alagoas; Verde Ambiental Alagoas";;;
3145455;100.0;100.0;0.0;0.0;1.55;69.0;10.0;142.76;COPASA Serviços de Saneamento Integrado do Norte e Nordeste de Minas Gerais S/A;;;
5106422;89.29;61.65;0.0;0.0;2.53;80.69;46.71;126.65;Águas de Peixoto S/A;35.9;;Águas de Peixoto S/A
3300506;100.0;100.0;57.52;0.0;0.68;58.76;21.75;154.89;Rio+ Saneamento BL3 S.A;;;
3521606;73.83;0.0;85.09;42.64;1.0;75.12;38.8;339.62;Prefeitura Municipal de Irapuru;70.8;;Prefeitura Municipal de Irapuru
2503555;80.24;88.05;0.0;0.0;0.29;0.0;0.0;;Companhia de Águas e Esgotos da Paraíba;;;
1600501;;;;;;37.39;45.75;59.21;Concessionária de Saneamento do Amapá;;;
4213302;76.55;0.0;76.55;0.0;0.46;84.58;22.27;121.68;Companhia Catarinense de Águas e Saneamento;;;
1718758;41.83;0.0;0.0;100.0;0.35;51.69;16.59;176.57;Companhia de Saneamento do Tocantins;;;
2917201;;;;;;57.31;33.97;116.4;"Empresa Baiana de Águas e Saneamento S.A.; Central de Associações Comunitárias para Manutenção dos Sistemas de Saneamento - Região de Caetité";;;
4310108;100.0;100.0;100.0;0.0;1.22;92.62;26.34;146.86;Companhia Riograndense de Saneamento;2.82;2.16;Companhia Riograndense de Saneamento
3162450;;;;;;17.58;16.57;185.35;Companhia de Saneamento de Minas Gerais;;;
4123105;100.0;100.0;0.0;0.0;0.5;77.58;39.26;184.09;Companhia de Saneamento do Paraná S.A.;;;
3554300;84.54;0.0;0.0;0.0;0.95;93.01;16.0;180.74;Companhia de Saneamento Básico do Estado de São Paulo;87.49;84.68;Companhia de Saneamento Básico do Estado de São Paulo
3170750;100.0;100.0;0.0;100.0;0.77;84.91;19.19;184.33;Companhia de Saneamento de Minas Gerais;;;
5000807;100.0;100.0;59.28;100.0;0.64;58.69;23.09;242.4;Empresa de Saneamento de Mato Grosso do Sul S/A;38.1;37.57;Empresa de Saneamento de Mato Grosso do Sul S/A
2924306;63.07;20.05;0.0;100.0;0.56;100.0;66.16;216.31;Prefeitura Municipal de Piatã;9.63;;Prefeitura Municipal de Piatã
2103000;73.4;16.99;0.0;100.0;1.41;86.97;62.95;159.11;Serviço Autônomo de Água e Esgoto;15.11;12.27;Serviço Autônomo de Água e Esgoto
5205307;61.72;16.03;31.89;100.0;0.39;52.12;22.75;176.91;Saneamento de Goiás S/A;;;
2413607;;;;;;91.84;70.91;106.09;Companhia de Águas e Esgotos do Rio Grande do Norte;;;
4301925;23.2;0.0;0.0;100.0;1.1;74.25;16.13;52.28;Prefeitura Municipal de Barra do Rio Azul;;;
2111300;100.0;100.0;12.84;0.0;1.04;89.23;30.28;244.38;Companhia de Saneamento Ambiental do Maranhão;41.85;36.13;Companhia de Saneamento Ambiental do Maranhão
2209104;;;;;;;;;;;;
3162559;;;;;;46.15;15.57;128.08;Companhia de Saneamento de Minas Gerais;43.9;;Companhia de Saneamento de Minas Gerais
3513405;100.0;100.0;97.57;0.0;1.29;100.0;62.17;154.91;Serviço Autônomo de Água e Esgoto;97.57;87.31;Serviço Autônomo de Água e Esgoto
2511707;45.34;36.57;0.0;0.0;0.38;47.01;37.57;119.66;Companhia de Águas e Esgotos da Paraíba;;;
4205100;54.63;0.0;0.0;0.0;0.34;62.22;19.23;119.82;Companhia Catarinense de Águas e Saneamento;;;
2308005;55.51;0.0;2.02;1.67;0.35;72.34;37.52;128.11;"Companhia de Água e Esgoto do Ceará; Sistema Integrado de Saneamento Rural da Bacia do Acaraú";18.04;;Companhia de Água e Esgoto do Ceará
3113503;94.6;54.67;0.0;0.0;0.37;93.22;15.97;133.19;"COPASA Serviços de Saneamento Integrado do Norte e Nordeste de Minas Gerais S/A; Companhia de Saneamento de Minas Gerais";68.12;52.62;COPASA Serviços de Saneamento Integrado do Norte e Nordeste de Minas Gerais S/A | Companhia de Saneamento de Minas Gerais
3546108;100.0;100.0;0.0;100.0;1.3;100.0;9.05;195.55;Companhia de Saneamento Básico do Estado de São Paulo;93.5;74.83;Companhia de Saneamento Básico do Estado de São Paulo
2909000;;;;;;39.51;34.91;199.49;Empresa Baiana de Águas e Saneamento S.A.;;;
4301909;100.0;100.0;0.0;0.0;0.78;76.71;27.55;166.13;Companhia Riograndense de Saneamento;;;
2917300;88.53;65.94;0.0;100.0;2.46;77.02;34.09;104.41;Empresa Baiana de Águas e Saneamento S.A.;3.64;3.71;Empresa Baiana de Águas e Saneamento S.A.
4310207;100.0;100.0;100.0;0.0;0.75;87.09;45.86;177.38;Companhia Riograndense de Saneamento;37.18;29.98;Companhia Riograndense de Saneamento
4114906;79.64;0.0;79.64;0.0;0.32;85.34;22.75;151.37;Companhia de Saneamento do Paraná S.A.;49.62;43.04;Companhia de Saneamento do Paraná S.A.
4123204;88.86;0.0;88.86;85.71;0.61;88.86;45.43;168.73;Serviço Autônomo Municipal de Água e Esgoto;75.17;;Serviço Autônomo Municipal de Água e Esgoto
2103109;;;;;;;;;;;;
2200905;50.75;0.0;0.0;100.0;0.98;;;;;;;
2209203;67.11;0.0;0.0;100.0;0.28;;;;;;;
1718840;54.22;5.88;0.0;57.14;0.99;54.01;54.39;124.36;Agência Tocantinense de Saneamento;;;
2802700;;;;;;99.11;64.16;76.43;Companhia de Saneamento de Sergipe;;;
2405405;;;;;;89.29;53.61;80.77;Companhia de Águas e Esgotos do Rio Grande do Norte;;;
2609808;;;;;;37.84;46.42;140.13;Companhia Pernambucana de Saneamento;;;
2909109;100.0;100.0;0.0;100.0;2.36;;;;;;;
2932309;89.16;0.0;0.0;100.0;0.51;87.99;20.96;114.06;Empresa Baiana de Águas e Saneamento S.A.;;;
2503506;100.0;100.0;0.0;0.0;0.92;34.26;51.0;117.35;Companhia de Águas e Esgotos da Paraíba;;;
3202207;100.0;100.0;0.0;0.0;0.79;86.32;48.46;173.33;Companhia Espírito-santense de Saneamento;18.61;;Companhia Espírito-santense de Saneamento
4106704;80.93;0.0;80.93;0.0;0.52;87.66;15.66;157.24;Companhia de Saneamento do Paraná S.A.;;;
3170701;100.0;100.0;97.3;0.0;0.87;91.2;33.99;180.74;Companhia de Saneamento de Minas Gerais;90.74;97.18;Companhia de Saneamento de Minas Gerais
3105301;100.0;100.0;0.0;100.0;0.63;91.12;44.27;156.03;Serviço de Água, Esgoto e Limpeza Pública;91.12;0.0;Serviço de Água, Esgoto e Limpeza Pública
2511806;81.56;6.48;0.0;0.0;1.22;64.78;50.1;141.38;Companhia de Águas e Esgotos da Paraíba;;;
3120870;58.98;93.79;0.0;100.0;0.26;78.26;19.33;107.02;Companhia de Saneamento de Minas Gerais;60.97;;Prefeitura Municipal de Curral de Dentro
4302006;;;;;;37.51;44.29;154.78;Companhia Riograndense de Saneamento;;;
3521408;100.0;100.0;0.0;0.0;0.79;100.0;15.98;364.9;Prefeitura Municipal de Iracemápolis;100.0;;Prefeitura Municipal de Iracemápolis
1502202;87.34;76.14;0.0;100.0;0.49;18.32;90.0;18.92;Companhia de Saneamento do Pará;;;
4115002;100.0;100.0;100.0;0.0;0.54;80.69;18.03;183.07;Companhia de Saneamento do Paraná S.A.;;;
4213104;65.74;0.0;0.0;0.0;0.24;100.0;34.63;167.83;Companhia Catarinense de Águas e Saneamento;81.43;54.07;Companhia Catarinense de Águas e Saneamento
1101203;45.86;0.0;0.0;5.27;0.28;40.14;23.31;153.42;Companhia de Águas e Esgotos do Estado de Rondônia;9.01;;Prefeitura Municipal de Ministro Andreazza
5221858;100.0;;0.0;0.0;2.87;86.33;24.87;139.84;Saneamento de Goiás S/A;46.83;33.14;Saneamento de Goiás S/A
2111250;70.4;58.85;0.0;100.0;0.51;35.67;2.86;126.82;Companhia de Saneamento Ambiental do Maranhão;;;
2601607;66.12;0.0;0.0;1.11;0.33;66.32;47.67;171.83;Companhia Pernambucana de Saneamento;58.25;;Companhia Pernambucana de Saneamento | Prefeitura Municipal de Belém de São Francisco
3504800;100.0;100.0;100.0;0.0;0.51;93.75;13.32;193.72;Prefeitura Municipal de Bálsamo;92.73;94.92;Prefeitura Municipal de Bálsamo
2201002;56.87;0.0;0.0;100.0;0.43;;;;;;;
1718808;57.18;83.22;0.0;66.67;1.13;80.35;38.47;141.86;Agência Tocantinense de Saneamento;;;
2924108;100.0;100.0;0.0;100.0;1.2;32.03;13.22;210.05;Empresa Baiana de Águas e Saneamento S.A.;3.46;;Prefeitura Municipal de Pedrão | Empresa Baiana de Águas e Saneamento S.A.
3145505;90.14;0.0;0.0;0.0;0.63;90.14;10.96;359.99;Prefeitura Municipal de Olímpio Noronha;90.14;;Prefeitura Municipal de Olímpio Noronha
2900900;84.91;0.0;0.0;100.0;0.76;84.79;6.53;125.62;Empresa Baiana de Águas e Saneamento S.A.;;;
2932408;94.55;99.68;0.0;100.0;1.18;99.69;34.97;140.72;Empresa Baiana de Águas e Saneamento S.A.;;;
1600550;;;;;;45.15;51.83;190.94;Concessionária de Saneamento do Amapá;;;
2503605;;;;;;60.2;33.2;133.41;Companhia de Águas e Esgotos da Paraíba;;;
4106803;66.0;47.02;0.0;0.0;0.62;37.71;35.11;133.89;Companhia de Saneamento do Paraná S.A.;3.48;2.81;Companhia de Saneamento do Paraná S.A.
2916609;61.15;0.0;0.0;100.0;0.91;69.78;16.69;107.91;Empresa Baiana de Águas e Saneamento S.A.;;;
2307304;100.0;100.0;1.1;100.0;3.28;87.62;49.48;126.79;"Companhia de Água e Esgoto do Ceará; Sistema Integrado de Saneamento Rural da Bacia Hidrográfica do Salgado";28.64;;Companhia de Água e Esgoto do Ceará
5106455;;;;;;;;;;;;
3513207;;;;;;82.28;40.0;268.82;Prefeitura Municipal de Cristais Paulista;80.69;;Prefeitura Municipal de Cristais Paulista
5205109;98.62;64.24;96.13;0.0;0.73;100.0;31.89;142.03;Superintendência Municipal de Água e Esgoto;63.71;;Superintendência Municipal de Água e Esgoto
2413409;83.32;44.5;0.0;100.0;2.18;73.07;41.24;93.73;Prefeitura Municipal de Serra Negra do Norte;69.95;;Prefeitura Municipal de Serra Negra do Norte
3120839;86.53;0.0;0.0;100.0;1.91;20.33;31.56;142.1;Companhia de Saneamento de Minas Gerais;86.53;;Prefeitura Municipal de Cuparaque
1702307;72.03;0.0;0.0;0.0;0.44;80.05;38.27;158.51;Companhia de Saneamento do Tocantins;;;
1600535;100.0;100.0;0.0;100.0;0.65;14.5;65.28;183.56;Concessionária de Saneamento do Amapá;;;
2111102;80.53;67.82;0.0;100.0;0.31;86.45;52.05;177.49;Companhia de Saneamento Ambiental do Maranhão;;;
4204905;53.39;0.0;0.0;0.0;0.39;59.45;33.6;124.41;Companhia Catarinense de Águas e Saneamento;;;
5000856;79.2;0.0;0.0;12.5;0.7;78.42;22.02;186.84;Empresa de Saneamento de Mato Grosso do Sul S/A;60.13;59.75;Empresa de Saneamento de Mato Grosso do Sul S/A
1718659;87.82;59.17;0.0;100.0;0.42;89.13;31.66;136.28;Hidro Forte Administração e Operação S/A;;;
4318705;99.46;0.0;99.46;0.0;1.2;99.46;38.89;155.79;Serviço Municipal de Água e Esgotos;16.67;2.73;Serviço Municipal de Água e Esgotos
3202553;100.0;100.0;35.09;0.0;0.29;31.39;61.43;122.88;Serviço Autônomo de Água e Esgoto;25.08;;Serviço Autônomo de Água e Esgoto
3113305;83.73;0.0;42.86;15.14;0.79;83.73;38.37;204.33;Serviço Municipal de Saneametno Básico e Infraestrutura;80.37;6.71;Serviço Municipal de Saneametno Básico e Infraestrutura
3137304;84.63;27.02;0.0;0.0;0.85;81.58;27.29;149.11;Companhia de Saneamento de Minas Gerais;55.16;75.79;Companhia de Saneamento de Minas Gerais
2924207;76.99;64.26;0.0;100.0;0.35;50.24;37.88;84.79;Empresa Baiana de Águas e Saneamento S.A.;;;
5106307;56.68;72.92;0.0;100.0;0.58;72.07;33.7;160.84;Águas de Paranatinga Ltda;;;
4123006;63.33;72.69;0.0;0.0;0.58;60.61;30.86;152.84;Companhia de Saneamento do Paraná S.A.;43.28;42.47;Companhia de Saneamento do Paraná S.A.
2908408;96.0;88.26;0.0;100.0;1.09;94.03;27.82;103.33;Empresa Baiana de Águas e Saneamento S.A.;3.64;3.58;Empresa Baiana de Águas e Saneamento S.A.
3170008;100.0;100.0;0.0;100.0;0.73;38.26;31.83;140.12;Companhia de Saneamento de Minas Gerais;;;
2102903;;;;;;8.04;40.84;125.13;Companhia de Saneamento Ambiental do Maranhão;;;
2208502;;;;;;;;;;;;
1502152;98.29;82.98;0.0;100.0;1.21;;;;;;;
2405207;85.13;35.17;31.03;100.0;0.51;80.8;43.24;98.68;Companhia de Águas e Esgotos do Rio Grande do Norte;;;
3300902;;;;;;82.12;31.08;201.16;Águas do Rio 1 SPE S.A.;;;
2111078;49.32;10.0;0.0;100.0;0.72;98.66;6.97;335.06;Prefeitura Municipal de São João do Soter;;;
2511103;40.94;0.0;0.0;0.0;0.26;38.77;39.03;108.1;Companhia de Águas e Esgotos da Paraíba;45.46;;Prefeitura Municipal de Pedra Lavrada | Companhia de Águas e Esgotos da Paraíba
5106299;81.74;51.38;0.0;20.93;0.39;56.46;11.99;280.88;Prefeitura Municipal de Paranaíta;;;
2413508;;;;;;54.86;28.7;136.9;Companhia de Águas e Esgotos do Rio Grande do Norte;;;
5213756;84.43;0.0;84.43;100.0;1.39;84.43;18.78;163.43;Saneamento de Goiás S/A;49.42;36.66;Saneamento de Goiás S/A
4310504;63.52;13.93;0.0;0.0;0.35;51.0;32.64;224.45;Companhia Riograndense de Saneamento;11.48;8.68;Companhia Riograndense de Saneamento
3529658;100.0;100.0;83.0;0.0;1.2;94.32;13.73;178.35;Companhia de Saneamento Básico do Estado de São Paulo;85.16;79.08;Companhia de Saneamento Básico do Estado de São Paulo
3105103;90.97;26.02;0.0;0.0;0.79;83.36;26.52;190.85;Companhia de Saneamento de Minas Gerais;87.79;;Prefeitura Municipal de Bambuí
4114807;92.47;42.0;92.47;0.0;0.78;78.76;60.0;138.37;Serviço de Água e Esgoto de Marialva;71.62;84.39;Serviço de Água e Esgoto de Marialva
3113404;96.33;77.21;0.0;0.0;0.73;76.81;21.5;153.36;Companhia de Saneamento de Minas Gerais;64.55;65.22;Companhia de Saneamento de Minas Gerais
3129103;100.0;100.0;0.0;0.0;0.53;46.34;17.48;235.82;Companhia de Saneamento de Minas Gerais;49.39;;Município de Gurinhatã
2900207;;;;;;62.32;44.22;102.12;Empresa Baiana de Águas e Saneamento S.A.;34.3;;Empresa Baiana de Águas e Saneamento S.A.
1100502;43.16;0.0;0.0;0.0;0.19;36.43;16.6;135.73;Companhia de Águas e Esgotos do Estado de Rondônia;;;
3161809;95.16;61.69;80.71;44.68;0.93;70.19;14.46;170.1;Companhia de Saneamento de Minas Gerais;87.37;;Prefeitura Municipal de São Gonçalo do Pará
2200301;;;;;;;;;;;;
3170107;100.0;100.0;2.74;0.0;1.05;99.65;32.52;193.77;Companhia Operacional de Desenvolvimento, Saneamento e Ações Urbanas de Uberaba;99.11;96.26;Companhia Operacional de Desenvolvimento, Saneamento e Ações Urbanas de Uberaba
2111052;62.02;13.13;0.0;100.0;0.33;;;;;;;
5106281;60.46;0.0;0.0;0.0;0.8;60.46;8.02;251.46;Serviço de Tratamento de Água e Esgoto;60.06;42.58;Serviço de Tratamento de Água e Esgoto
2502904;84.73;0.0;0.0;0.0;0.49;69.21;34.11;137.03;Companhia de Águas e Esgotos da Paraíba;15.92;14.65;Companhia de Águas e Esgotos da Paraíba
5221908;;;;;;59.29;17.66;177.67;Saneamento de Goiás S/A;;;
3202504;100.0;100.0;34.45;0.0;4.47;89.0;43.65;182.55;Serviço Autônomo de Água e Esgoto;75.61;31.35;Serviço Autônomo de Água e Esgoto
4302303;93.65;69.98;0.0;0.0;0.47;73.55;29.77;146.4;Companhia Riograndense de Saneamento;;;
5106273;58.75;0.0;0.0;0.0;0.26;61.17;15.75;183.84;Prefeitura Municipal de Novo Horizonte do Norte;;;
3145307;100.0;100.0;0.0;100.0;1.4;47.04;21.71;117.7;"COPASA Serviços de Saneamento Integrado do Norte e Nordeste de Minas Gerais S/A; Companhia de Saneamento de Minas Gerais";34.12;4.71;COPASA Serviços de Saneamento Integrado do Norte e Nordeste de Minas Gerais S/A | Companhia de Saneamento de Minas Gerais
2802601;100.0;100.0;0.0;0.0;0.35;91.29;53.36;132.5;Companhia de Saneamento de Sergipe;;;
2405306;56.59;41.48;0.0;100.0;0.83;55.14;18.49;159.72;Companhia de Águas e Esgotos do Rio Grande do Norte;;;
4213153;58.07;0.0;58.07;0.0;0.27;78.12;29.83;261.61;Prefeitura Municipal de Planalto Alegre;1.64;;Prefeitura Municipal de Planalto Alegre
3537800;92.19;90.19;0.0;0.0;1.24;62.68;14.25;167.14;Companhia de Saneamento Básico do Estado de São Paulo;33.77;28.81;Companhia de Saneamento Básico do Estado de São Paulo
5106265;40.64;0.0;0.0;3.42;0.37;38.39;23.94;605.72;Prefeitura Municipal de Novo Mundo;;;
3120904;100.0;100.0;9.54;0.0;1.07;82.75;31.77;168.15;Companhia de Saneamento de Minas Gerais;70.59;83.83;Companhia de Saneamento de Minas Gerais
3505104;85.1;0.0;0.0;0.0;0.92;85.1;16.31;181.38;PREFEITURA MUNICIPAL DE BARBOSA;85.1;83.47;PREFEITURA MUNICIPAL DE BARBOSA
3537156;90.45;0.0;0.0;0.0;0.89;94.05;14.8;215.81;Companhia de Saneamento Básico do Estado de São Paulo;85.48;88.01;Companhia de Saneamento Básico do Estado de São Paulo
4106605;100.0;100.0;100.0;100.0;0.55;87.75;22.86;166.44;Companhia de Saneamento do Paraná S.A.;73.09;62.11;Companhia de Saneamento do Paraná S.A.
3153608;96.03;60.54;0.0;0.0;0.53;82.3;34.57;168.02;Companhia de Saneamento de Minas Gerais;55.85;83.26;Companhia de Saneamento de Minas Gerais
3105202;54.41;0.0;0.0;100.0;1.04;54.43;36.98;143.67;COPASA Serviços de Saneamento Integrado do Norte e Nordeste de Minas Gerais S/A;44.33;0.0;COPASA Serviços de Saneamento Integrado do Norte e Nordeste de Minas Gerais S/A
2200277;;;;;;;;;;;;
1100601;87.46;76.53;0.0;0.0;0.25;20.81;21.35;129.32;Companhia de Águas e Esgotos do Estado de Rondônia;37.38;23.95;Companhia de Águas e Esgotos do Estado de Rondônia
3161908;100.0;100.0;100.0;0.0;1.31;54.7;83.78;258.34;Prefeitura Municipal de São Gonçalo do Rio Abaixo;63.39;;Prefeitura Municipal de São Gonçalo do Rio Abaixo
5106257;100.0;100.0;0.0;0.0;0.61;82.27;21.78;230.73;Serviço de Tratamento de Água e Esgoto;60.97;47.6;Serviço de Tratamento de Água e Esgoto
5213707;76.43;0.0;0.0;100.0;2.74;61.46;31.62;172.0;Saneamento de Goiás S/A;38.7;21.65;Saneamento de Goiás S/A
3529609;100.0;100.0;0.0;0.0;0.58;88.14;14.02;190.44;Companhia de Saneamento Básico do Estado de São Paulo;87.91;79.44;Companhia de Saneamento Básico do Estado de São Paulo
2610202;100.0;100.0;0.0;0.0;0.56;63.38;17.5;112.6;Companhia Pernambucana de Saneamento;85.29;;Prefeitura Municipal de Panelas | Companhia Pernambucana de Saneamento
2932705;;;;;;81.09;22.99;118.41;Empresa Baiana de Águas e Saneamento S.A.;13.0;;Empresa Baiana de Águas e Saneamento S.A.
3202603;93.23;81.09;0.0;0.0;0.52;55.51;78.63;90.83;Serviço Autônomo de Água e Esgoto de Iconha;42.4;;Serviço Autônomo de Água e Esgoto de Iconha
4310579;100.0;100.0;0.0;0.0;0.43;24.66;23.66;179.19;Companhia Riograndense de Saneamento;;;
5106372;100.0;100.0;0.0;0.0;1.46;77.06;36.6;234.8;Águas de Pedra Preta;48.57;;Águas de Pedra Preta
3137106;100.0;100.0;0.0;100.0;0.31;68.71;15.69;163.27;Companhia de Saneamento de Minas Gerais;70.49;74.55;Prefeitura Municipal de Lagamar
1718709;55.77;14.69;0.0;57.14;1.35;51.92;17.93;142.26;Agência Tocantinense de Saneamento;;;
3300704;80.3;100.0;0.0;0.0;1.62;97.53;25.35;196.37;Prolagos S/A - Concessionária de Serviços Públicos de Água e Esgoto;89.57;91.87;Prolagos S/A - Concessionária de Serviços Públicos de Água e Esgoto
4302402;;;;;;79.03;54.86;147.08;Companhia Riograndense de Saneamento;;;
3145406;58.61;0.0;0.0;0.0;0.62;100.0;22.87;174.74;Prefeitura Municipal de Olaria;58.61;0.0;Prefeitura Municipal de Olaria
3505203;100.0;100.0;0.0;0.0;1.07;93.24;68.11;190.34;Serviço de Água e Esgoto do município de Bariri;96.9;;Serviço de Água e Esgoto do município de Bariri
2208551;86.83;55.26;0.0;100.0;0.72;78.8;20.0;142.71;Serviço Autônomo de Água e Esgoto;55.21;36.29;Serviço Autônomo de Água e Esgoto
3153707;84.92;0.0;0.0;100.0;0.55;85.63;19.14;183.62;Companhia de Saneamento de Minas Gerais;40.47;71.99;Companhia de Saneamento de Minas Gerais
3112703;83.33;0.0;0.0;0.0;0.98;66.47;31.69;121.24;Companhia de Saneamento de Minas Gerais;46.79;;Companhia de Saneamento de Minas Gerais
2307205;100.0;100.0;0.0;100.0;0.36;60.22;41.63;108.43;"Companhia de Água e Esgoto do Ceará; Sistema Integrado de Saneamento Rural da Bacia Hidrográfica do Salgado";;;
4106571;66.0;0.0;0.0;0.0;0.47;78.47;28.82;162.16;Companhia de Saneamento do Paraná S.A.;;;
3170057;100.0;100.0;0.0;0.0;0.36;43.35;32.37;124.68;Companhia de Saneamento de Minas Gerais;48.84;;Prefeitura Municipal de Ubaporanga
2602001;;;;;;44.93;39.89;126.87;Companhia Pernambucana de Saneamento;;;
2924504;54.09;38.6;0.0;100.0;1.09;29.24;29.95;174.61;Empresa Baiana de Águas e Saneamento S.A.;;;
3128907;100.0;100.0;0.0;0.0;0.38;72.85;37.0;158.14;Companhia de Saneamento de Minas Gerais;71.71;0.0;Companhia de Saneamento de Minas Gerais
2932804;;;;;;72.94;6.9;101.71;Empresa Baiana de Águas e Saneamento S.A.;;;
1710508;59.94;0.0;0.0;100.0;0.59;61.82;44.28;518.8;Serviço Municipal de Água e Esgoto;29.72;;Serviço Municipal de Água e Esgoto
4310553;45.83;0.0;0.0;0.0;0.26;;;;;;;
3537107;98.33;0.0;98.33;0.0;0.82;98.33;58.36;159.5;Serviço Autônomo de Água e Esgoto;97.35;78.7;Serviço Autônomo de Água e Esgoto
4302378;46.86;0.0;59.84;0.0;1.22;42.88;16.45;200.89;Companhia Riograndense de Saneamento;;;
2801900;;;;;;99.77;61.42;110.7;Companhia de Saneamento de Sergipe;;;
3137205;98.48;0.0;18.94;0.0;1.14;92.05;33.48;207.49;Serviço Autônomo de Água e Esgoto;91.23;;Serviço Autônomo de Água e Esgoto
3300803;100.0;100.0;0.0;0.0;0.43;80.96;88.24;131.52;"Autarquia Municipal de Água e Esgoto de Cachoeiras de Macacu; Águas do Rio 1 SPE S.A.";;;
2404606;80.0;80.0;0.0;0.0;1.3;13.76;56.85;79.44;Companhia de Águas e Esgotos do Rio Grande do Norte;;;
3145372;100.0;100.0;0.0;100.0;0.83;66.83;13.17;194.42;COPASA Serviços de Saneamento Integrado do Norte e Nordeste de Minas Gerais S/A;6.11;12.0;COPASA Serviços de Saneamento Integrado do Norte e Nordeste de Minas Gerais S/A
5205497;100.0;100.0;0.0;0.0;1.32;60.64;36.16;184.4;Saneamento de Goiás S/A;37.27;25.51;Saneamento de Goiás S/A
5001243;55.07;0.0;0.0;71.67;0.31;54.52;43.88;165.6;Empresa de Saneamento de Mato Grosso do Sul S/A;32.94;35.59;Empresa de Saneamento de Mato Grosso do Sul S/A
3169901;88.54;0.0;0.0;0.0;0.82;88.13;38.54;130.07;Companhia de Saneamento de Minas Gerais;82.03;0.0;Companhia de Saneamento de Minas Gerais
3104502;66.43;0.0;0.0;100.0;1.0;59.74;11.13;215.28;Companhia de Saneamento de Minas Gerais;48.3;;Prefeitura Municipal de Arinos
4310538;100.0;100.0;0.0;0.0;0.55;77.36;40.91;174.57;Companhia Riograndense de Saneamento;;;
2924603;100.0;100.0;0.0;100.0;0.35;;;;;;;
4310405;100.0;100.0;68.44;0.0;0.43;58.6;30.06;159.35;Companhia Riograndense de Saneamento;;;
4302352;;;;;;;;;;;;
5106315;67.45;0.0;0.0;56.72;1.62;67.45;50.75;460.62;Prefeitura Municipal de Novo Santo Antônio;;;
1100403;45.18;0.0;0.0;0.0;0.51;11.38;37.54;143.4;Companhia de Águas e Esgotos do Estado de Rondônia;;;
2703502;74.36;0.0;0.0;0.0;0.48;77.06;60.83;102.7;"Companhia de Saneamento de Alagoas; Verde Ambiental Alagoas";19.02;12.95;Verde Ambiental Alagoas
3145356;59.65;0.0;0.0;100.0;0.48;53.04;29.44;140.52;COPASA Serviços de Saneamento Integrado do Norte e Nordeste de Minas Gerais S/A;46.17;;COPASA Serviços de Saneamento Integrado do Norte e Nordeste de Minas Gerais S/A
3528908;100.0;100.0;86.1;97.6;0.67;99.1;14.95;171.67;Companhia de Saneamento Básico do Estado de São Paulo;91.95;81.68;Companhia de Saneamento Básico do Estado de São Paulo
1600402;42.42;0.0;0.0;0.0;0.24;41.19;38.38;150.49;"Concessionária de Saneamento do Amapá; Companhia de Água e Esgoto do Amapá";;;
3129004;87.03;68.0;0.0;0.0;0.28;40.64;27.82;187.89;Companhia de Saneamento de Minas Gerais;70.31;;Prefeitura Municipal de Guiricema
4204251;89.36;0.0;81.17;0.0;0.61;98.15;40.83;184.19;Serviço Autônomo Municipal de Água e Esgoto;;;
5205471;92.19;0.0;0.0;0.0;1.39;92.19;8.66;233.9;Sistema de Água e Esgoto de Chapadão do Céu;92.19;89.65;Sistema de Água e Esgoto de Chapadão do Céu
2610004;92.48;65.12;0.0;0.0;0.68;83.57;61.63;118.38;Serviço Autônomo de Águas e Esgotos;;;
3537206;;;;;;61.33;31.16;207.22;Companhia de Saneamento Básico do Estado de São Paulo;39.14;38.4;Companhia de Saneamento Básico do Estado de São Paulo
3554201;65.28;0.0;0.0;100.0;1.04;69.89;34.91;154.69;Companhia de Saneamento Básico do Estado de São Paulo;67.62;22.79;Companhia de Saneamento Básico do Estado de São Paulo
3112653;76.13;0.0;0.0;0.0;0.93;76.13;32.39;101.31;Prefeitura Municipal de Capitão Andrade;76.13;;Prefeitura Municipal de Capitão Andrade
3161700;66.76;16.01;0.0;100.0;1.65;53.86;45.44;170.85;Companhia de Saneamento de Minas Gerais;46.02;40.37;Companhia de Saneamento de Minas Gerais
5221809;96.89;90.54;0.0;100.0;2.6;60.89;23.37;207.51;Saneamento de Goiás S/A;;;
1718006;44.02;25.97;0.0;100.0;0.26;66.61;35.25;170.51;Hidro Forte Administração e Operação S/A;;;
3202405;100.0;100.0;0.0;0.0;0.91;78.38;36.11;224.45;Companhia Espírito-santense de Saneamento;51.04;;Companhia Espírito-santense de Saneamento
4302204;70.76;0.0;70.76;0.0;1.12;62.57;38.1;180.87;Companhia Riograndense de Saneamento;;;
1100379;43.44;0.0;0.0;0.0;0.28;31.45;39.8;399.34;Sistema Autônomo de Água e Esgoto;;;
5205455;100.0;100.0;0.0;0.0;0.84;74.31;25.53;189.41;Saneamento de Goiás S/A;;;
3546009;100.0;100.0;0.0;0.0;0.8;64.78;41.47;179.73;Companhia de Saneamento Básico do Estado de São Paulo;53.2;1.96;Companhia de Saneamento Básico do Estado de São Paulo
3120805;;;;;;84.72;14.64;152.96;Companhia de Saneamento de Minas Gerais;79.59;;Companhia de Saneamento de Minas Gerais
3505005;100.0;100.0;77.39;0.0;0.73;75.35;20.94;145.79;Companhia de Saneamento Básico do Estado de São Paulo;53.29;47.88;Companhia de Saneamento Básico do Estado de São Paulo
3137536;80.67;0.0;80.67;100.0;0.7;74.33;21.5;181.25;Companhia de Saneamento de Minas Gerais;80.67;;Prefeitura Municipal de Lagoa Grande
3153509;59.35;69.95;0.0;100.0;0.47;47.81;17.98;175.74;Companhia de Saneamento de Minas Gerais;59.35;;Prefeitura Municipal de Alto Jequitibá
4310363;;;;;;;;;;;;
3529005;100.0;100.0;100.0;0.0;0.72;;46.16;133.38;"RIC Ambiental; Departamento de Água e Esgoto de Marília";;;Departamento de Água e Esgoto de Marília | RIC Ambiental
1709807;53.1;0.0;0.0;0.0;0.84;50.46;44.04;106.45;Agência Tocantinense de Saneamento;;;
2601805;;;;;;40.43;31.48;156.66;Companhia Pernambucana de Saneamento;;;
3145703;;;;;;60.09;23.42;139.1;Companhia de Saneamento de Minas Gerais;;;
2610103;;;;;;65.05;49.39;132.79;Companhia Pernambucana de Saneamento;;;
4204350;70.6;43.73;68.64;0.0;0.99;57.56;51.3;179.84;Prefeitura Municipal de Cordilheira Alta;9.81;;Prefeitura Municipal de Cordilheira Alta
2307254;92.57;84.53;12.65;100.0;2.62;64.11;27.64;159.84;"Sistema Integrado de Saneamento Rural da Bacia do Acaraú; Companhia de Água e Esgoto do Ceará";18.25;;Companhia de Água e Esgoto do Ceará
2103257;60.83;50.52;0.0;100.0;0.25;35.37;74.93;150.02;Companhia de Saneamento Ambiental do Maranhão;;;
2932606;40.65;24.36;0.0;100.0;0.61;97.0;70.13;3.7;Prefeitura Municipal de Urandi;22.69;0.0;Prefeitura Municipal de Urandi
3300100;100.0;100.0;0.0;0.0;2.0;93.68;21.27;239.62;Serviço Autônomo de Água e Esgoto de Angra dos Reis;65.0;;Serviço Autônomo de Água e Esgoto de Angra dos Reis
5106653;;;;;;85.09;34.75;148.57;Prefeitura Municipal de Pontal do Araguaia;;;
1502103;64.07;26.91;0.0;100.0;0.66;55.62;96.79;22.09;Serviço Autônomo de Água e Esgoto;;;
3520806;92.1;0.0;97.0;0.0;1.31;99.54;16.88;175.09;Companhia de Saneamento Básico do Estado de São Paulo;95.31;91.35;Companhia de Saneamento Básico do Estado de São Paulo
2601904;100.0;100.0;0.0;0.0;0.59;81.34;55.32;143.3;Companhia Pernambucana de Saneamento;;;
4212502;100.0;100.0;100.0;0.0;1.05;99.83;27.8;208.01;Águas de Penha;5.99;;Águas de Penha
3137502;100.0;100.0;0.0;100.0;1.46;84.03;14.23;214.62;Serviço Autônomo de Água e Esgotos;82.09;78.82;Serviço Autônomo de Água e Esgotos
2924405;;;;;;0.03;33.73;351.95;Empresa Baiana de Águas e Saneamento S.A.;;;
4310462;42.91;0.0;0.0;0.0;0.47;;;;;;;
2111532;90.93;46.41;0.0;100.0;1.49;61.5;83.11;106.87;Companhia de Saneamento Ambiental do Maranhão;;;
3553500;100.0;100.0;100.0;0.0;1.21;65.55;29.56;145.43;Companhia de Saneamento Básico do Estado de São Paulo;56.86;44.25;Companhia de Saneamento Básico do Estado de São Paulo
4302154;100.0;100.0;0.0;0.0;0.39;87.96;8.89;7.37;Prefeitura Municipal de Boa Vista Das Missões;;;
3537008;100.0;100.0;79.56;0.0;1.93;86.38;13.81;166.3;Companhia de Saneamento Básico do Estado de São Paulo;80.9;;Companhia de Saneamento Básico do Estado de São Paulo
2412807;;;;;;76.9;63.25;129.76;Companhia de Águas e Esgotos do Rio Grande do Norte;57.22;;Companhia de Águas e Esgotos do Rio Grande do Norte
5106752;86.12;0.0;0.0;0.0;3.05;86.12;8.68;256.43;Águas Pontes e Lacerda LTDA;66.82;;Águas Pontes e Lacerda LTDA
1100452;69.36;0.0;0.0;0.0;0.28;50.46;11.95;86.61;Águas de Buritis S.A.;;;
2200251;39.27;6.79;0.0;100.0;0.49;;;;;;;
4318622;100.0;100.0;0.0;0.0;0.64;52.05;24.32;141.65;Companhia Riograndense de Saneamento;52.5;;Prefeitura Municipal de São José Dos Ausentes
3512605;81.02;0.0;24.8;0.0;2.34;94.34;42.0;128.58;Companhia de Saneamento Básico do Estado de São Paulo;77.51;72.93;Companhia de Saneamento Básico do Estado de São Paulo
4310439;90.01;75.44;90.01;0.0;0.71;59.33;34.8;143.05;Companhia Riograndense de Saneamento;43.67;;Prefeitura Municipal de Ipê
4204301;80.44;0.0;80.44;0.0;0.6;82.28;48.24;133.03;Companhia Catarinense de Águas e Saneamento;26.59;23.8;Companhia Catarinense de Águas e Saneamento
3545308;100.0;100.0;38.33;0.0;0.39;98.58;37.16;184.93;Companhia de Saneamento Básico do Estado de São Paulo;77.13;65.95;Companhia de Saneamento Básico do Estado de São Paulo
5205521;69.78;0.0;0.0;100.0;0.74;;;;;;;
3129301;71.76;26.47;40.04;0.0;0.35;57.73;22.02;136.13;Companhia de Saneamento de Minas Gerais;44.05;;Prefeitura Municipal de Iapu
4318614;100.0;100.0;100.0;0.0;0.49;100.0;50.0;125.35;Prefeitura Municipal de São José do Sul;;;
2916500;100.0;100.0;0.0;100.0;2.38;53.26;36.4;108.25;Empresa Baiana de Águas e Saneamento S.A.;31.58;;Empresa Baiana de Águas e Saneamento S.A. | Prefeitura Municipal de Itapicuru
2111508;72.21;0.0;0.0;100.0;1.71;57.46;53.93;157.54;"Companhia de Saneamento Ambiental do Maranhão; SPE SÃO MATEUS AMBIENTAL LTDA";;;
3137601;98.63;0.0;98.63;0.0;1.06;81.02;30.83;263.19;Companhia de Saneamento de Minas Gerais;51.69;76.1;Companhia de Saneamento de Minas Gerais
4122404;98.19;49.0;98.19;0.0;0.83;96.83;27.45;154.96;Companhia de Saneamento do Paraná S.A.;61.0;54.02;Companhia de Saneamento do Paraná S.A.
5205513;75.48;0.0;10.54;75.0;1.24;66.84;30.18;155.97;Saneamento de Goiás S/A;;;
3170305;81.87;0.0;0.0;100.0;0.65;58.64;26.01;231.55;COPASA Serviços de Saneamento Integrado do Norte e Nordeste de Minas Gerais S/A;14.33;;COPASA Serviços de Saneamento Integrado do Norte e Nordeste de Minas Gerais S/A
3202454;93.53;93.09;91.91;0.0;0.7;47.89;27.73;136.76;Companhia Espírito-santense de Saneamento;36.54;31.51;Companhia Espírito-santense de Saneamento
4318606;100.0;100.0;0.0;24.53;0.83;63.44;42.15;161.09;Companhia Riograndense de Saneamento;;;
5212907;96.79;70.94;88.66;2.47;0.34;70.17;9.73;207.46;Saneamento de Goiás S/A;;;
4302253;70.52;64.62;0.0;0.0;0.49;100.0;21.86;361.81;Prefeitura Municipal de Boa Vista do Sul;;;
3528809;91.16;0.0;91.16;0.0;0.86;93.6;32.87;189.64;Companhia de Saneamento Básico do Estado de São Paulo;92.8;89.62;Companhia de Saneamento Básico do Estado de São Paulo
2703908;62.5;0.0;0.0;0.0;0.5;83.12;43.77;96.01;"Verde Ambiental Alagoas; Companhia de Saneamento de Alagoas";13.17;8.99;Verde Ambiental Alagoas
2609402;76.53;0.0;0.0;0.0;0.67;72.73;32.52;166.21;Companhia Pernambucana de Saneamento;30.42;;Companhia Pernambucana de Saneamento
5221080;100.0;100.0;0.0;100.0;1.39;69.46;16.31;191.51;Saneamento de Goiás S/A;;;
2208403;;;;;;;;;;;;
4204152;100.0;100.0;0.0;0.0;0.53;51.33;34.18;105.14;Companhia Catarinense de Águas e Saneamento;;;
2908309;;;;;;61.13;32.57;112.56;Empresa Baiana de Águas e Saneamento S.A.;;;
4317954;33.4;0.0;0.0;100.0;0.76;33.82;17.68;179.72;Companhia Riograndense de Saneamento;;;
3300159;100.0;100.0;0.0;0.0;0.57;91.77;40.56;174.15;Águas do Rio 1 SPE S.A.;49.55;;Águas do Rio 1 SPE S.A.
3545407;100.0;100.0;0.0;0.0;0.65;93.83;30.84;176.68;Prefeitura Municipal de Salto Grande;68.45;;Prefeitura Municipal de Salto Grande
3121100;38.59;0.0;0.0;0.0;0.36;61.5;25.82;41.99;Prefeitura Municipal de Delfim Moreira;38.59;;Prefeitura Municipal de Delfim Moreira
4310413;100.0;100.0;0.0;0.0;0.87;63.93;37.94;151.85;Companhia Riograndense de Saneamento;;;
4302238;41.43;0.0;41.43;0.0;0.24;100.0;16.68;76.94;Prefeitura Municipal de Boa Vista do Incra;;;
2511004;75.4;17.45;0.0;0.0;0.83;56.06;40.24;158.12;Companhia de Águas e Esgotos da Paraíba;57.2;;Companhia de Águas e Esgotos da Paraíba | Prefeitura Municipal de Pedra Branca
2103307;92.99;74.21;0.0;100.0;2.09;;;;;;;
3129400;100.0;100.0;100.0;0.0;0.72;60.93;21.12;165.26;Companhia de Saneamento de Minas Gerais;100.0;;Prefeitura Municipal de Ibertioga
4114203;95.43;0.0;40.47;0.0;0.77;95.52;21.56;154.26;Companhia de Saneamento do Paraná S.A.;81.9;71.8;Companhia de Saneamento do Paraná S.A.
2916856;86.72;44.52;0.0;0.0;1.01;99.23;33.8;118.33;Empresa Baiana de Águas e Saneamento S.A.;;;
3162104;95.42;83.14;95.42;0.0;0.92;75.98;18.75;193.84;Companhia de Saneamento de Minas Gerais;74.77;74.99;Companhia de Saneamento de Minas Gerais
5106703;86.66;0.0;0.0;100.0;0.85;94.41;39.84;392.82;Prefeitura Municipal de Ponte Branca;;;
3520608;100.0;100.0;100.0;0.0;1.62;91.62;3.33;312.5;Prefeitura Municipal de Indiana;87.77;88.11;Prefeitura Municipal de Indiana
1501402;82.3;0.0;0.0;0.0;1.03;88.18;58.96;143.8;Companhia de Saneamento do Pará;25.27;11.55;Companhia de Saneamento do Pará
2601201;;;;;;89.27;56.24;142.47;Companhia Pernambucana de Saneamento;4.13;;Companhia Pernambucana de Saneamento
4212304;84.88;39.02;0.0;0.0;0.75;60.27;29.79;121.96;Companhia Catarinense de Águas e Saneamento;;;
2103174;96.8;99.5;0.0;100.0;0.83;;;;;;;
4302220;28.4;0.0;0.0;0.0;0.35;98.86;7.9;112.95;Prefeitura Municipal de Boa Vista do Cadeado;;;
2900108;80.52;62.03;0.0;100.0;1.02;89.91;20.0;124.59;Prefeitura Municipal de Abaíra;43.83;;Prefeitura Municipal de Abaíra
4309753;32.51;0.0;0.0;0.0;0.14;36.65;30.55;201.52;Prefeitura Municipal de Ibarama;;;
5001102;96.38;82.89;0.0;0.0;0.52;78.05;21.56;166.29;Empresa de Saneamento de Mato Grosso do Sul S/A;18.91;18.09;Empresa de Saneamento de Mato Grosso do Sul S/A
3121209;100.0;100.0;72.55;0.0;0.66;42.61;24.68;209.42;Companhia de Saneamento de Minas Gerais;39.38;47.33;Companhia de Saneamento de Minas Gerais
3145604;95.32;38.73;0.0;0.0;0.94;100.0;32.77;161.26;Serviço Autônomo de Água e Esgoto;100.0;87.44;Serviço Autônomo de Água e Esgoto
2200202;97.22;78.28;0.0;0.0;0.67;;;;;;;
2502805;82.19;0.0;0.0;0.0;0.47;58.88;46.79;128.83;Companhia de Águas e Esgotos da Paraíba;67.62;;Companhia de Águas e Esgotos da Paraíba | Prefeitura Municipal de Brejo do Cruz
2103158;;;;;;;;;;;;
3153905;100.0;100.0;0.0;0.0;0.41;82.34;45.59;158.57;Companhia de Saneamento de Minas Gerais;69.73;24.87;Companhia de Saneamento de Minas Gerais
3512407;100.0;100.0;95.57;0.0;0.69;99.0;44.49;166.9;Serviço Autônomo de Água e Esgoto de Cordeirópolis;97.36;87.16;Serviço Autônomo de Água e Esgoto de Cordeirópolis
4106001;77.64;54.33;0.0;0.0;1.09;61.47;27.62;137.44;Companhia de Saneamento do Paraná S.A.;;;
4204103;48.12;38.0;0.0;0.0;0.26;56.78;40.51;121.91;Companhia Catarinense de Águas e Saneamento;;;
1501501;100.0;100.0;0.0;100.0;1.11;89.91;28.23;128.87;Prefeitura Municipal de Benevides;;;
3520707;82.65;0.0;82.65;0.0;0.75;91.31;3.6;197.04;Companhia de Saneamento Básico do Estado de São Paulo;82.31;70.64;Companhia de Saneamento Básico do Estado de São Paulo
4212403;100.0;100.0;0.0;0.0;0.49;39.14;11.85;413.22;Prefeitura Municipal de Pedras Grandes;;;
2307650;100.0;100.0;0.0;100.0;0.77;65.3;50.67;163.96;Companhia de Água e Esgoto do Ceará;37.26;;Companhia de Água e Esgoto do Ceará
4317905;86.23;64.25;61.48;0.0;0.37;49.0;38.17;186.11;Companhia Riograndense de Saneamento;;;
4301552;52.14;0.0;0.0;0.0;0.4;45.35;20.58;149.26;Companhia Riograndense de Saneamento;;;
3137403;;;;;;71.32;20.65;162.87;Companhia de Saneamento de Minas Gerais;12.11;;Companhia de Saneamento de Minas Gerais
2307635;72.66;32.14;0.0;0.0;0.5;56.29;39.78;125.56;"Serviço Autônomo de Água e Esgoto Madalena; Sistema Integrado de Saneamento Rural da Bacia do Banabuiu";;;
3104452;50.21;0.0;0.0;100.0;0.55;58.51;6.55;149.84;COPASA Serviços de Saneamento Integrado do Norte e Nordeste de Minas Gerais S/A;50.21;49.53;COPASA Serviços de Saneamento Integrado do Norte e Nordeste de Minas Gerais S/A
2916807;75.64;56.87;0.0;100.0;2.52;85.84;21.98;113.91;Empresa Baiana de Águas e Saneamento S.A.;;;
4122206;100.0;100.0;72.29;0.0;0.5;67.79;24.06;134.73;Companhia de Saneamento do Paraná S.A.;;;
3553401;91.11;0.0;91.11;43.57;1.16;91.11;30.56;174.05;Prefeitura Municipal de Tanabi;91.11;96.14;Prefeitura Municipal de Tanabi
2103125;82.95;59.45;0.0;100.0;1.7;89.87;29.84;88.51;Prefeitura Municipal de Central do Maranhão;;;
2412708;96.53;90.94;0.0;0.0;0.93;70.75;54.46;93.51;Companhia de Águas e Esgotos do Rio Grande do Norte;;;
5212956;73.84;0.0;0.0;100.0;0.57;;;;;;;
4309704;63.22;0.0;0.0;6.23;0.56;58.42;32.4;177.4;Companhia Riograndense de Saneamento;;;
2703700;;;;;;37.56;81.4;57.12;"Águas do Sertão; Companhia de Saneamento de Alagoas";;;
3528858;100.0;100.0;0.0;0.0;0.71;100.0;47.98;213.48;Prefeitura Municipal de Marapoama;100.0;97.34;Prefeitura Municipal de Marapoama
3512506;85.32;0.0;0.0;0.0;1.08;95.58;8.49;172.12;Companhia de Saneamento Básico do Estado de São Paulo;94.53;82.47;Companhia de Saneamento Básico do Estado de São Paulo
4204202;95.11;0.0;94.45;0.0;1.25;74.26;43.53;127.89;Companhia Catarinense de Águas e Saneamento;38.4;37.48;Companhia Catarinense de Águas e Saneamento
3545209;100.0;100.0;100.0;0.0;1.04;96.86;38.83;165.66;Serviço Autônomo de Água, Esgoto e Meio Ambiente;95.88;94.61;Sanesalto Saneamento S.A. | Serviço Autônomo de Água, Esgoto e Meio Ambiente
3112604;100.0;100.0;95.05;100.0;1.43;85.29;34.23;199.36;Companhia de Saneamento de Minas Gerais;;;
4318002;91.79;38.79;87.87;0.0;1.19;87.14;40.31;135.33;Companhia Riograndense de Saneamento;29.88;24.19;Companhia Riograndense de Saneamento
3537404;97.21;55.75;93.69;0.0;1.47;94.06;22.78;291.77;Serviço Autônomo de Água e Esgoto;100.0;;Serviço Autônomo de Água e Esgoto
3129202;100.0;100.0;0.0;0.0;0.52;76.17;14.48;175.16;Companhia de Saneamento de Minas Gerais;96.81;0.0;Prefeitura Municipal de Heliodora
4114005;86.57;29.99;86.57;0.0;1.19;81.73;26.18;166.7;Companhia de Saneamento do Paraná S.A.;78.98;68.88;Companhia de Saneamento do Paraná S.A.
2111409;;;;;;0.0;37.99;;Companhia de Saneamento Ambiental do Maranhão;;;
4204194;100.0;100.0;0.0;0.0;0.25;16.6;11.89;160.51;Companhia Catarinense de Águas e Saneamento;;;
4122305;78.14;0.0;75.02;0.0;0.6;83.61;34.43;145.02;Companhia de Saneamento do Paraná S.A.;60.02;52.03;Companhia de Saneamento do Paraná S.A.
5106505;;;;;;74.98;47.51;60.18;Águas de Poconé Ltda;;;
1501451;84.41;71.71;0.0;100.0;0.47;86.0;18.78;379.06;Prefeitura Municipal de Belterra;;;
2404507;94.06;68.06;0.0;0.0;0.87;26.97;70.96;114.54;Companhia de Águas e Esgotos do Rio Grande do Norte;55.23;;Prefeitura Municipal de Guamaré
2916906;95.91;80.27;0.0;100.0;2.96;93.55;15.8;105.05;Empresa Baiana de Águas e Saneamento S.A.;87.91;;Empresa Baiana de Águas e Saneamento S.A. | Prefeitura Municipal de Itiruçu
2307601;100.0;100.0;80.0;100.0;1.86;97.0;65.77;126.39;Serviço Autônomo de Água e Esgoto;29.22;;Serviço Autônomo de Água e Esgoto
4301636;100.0;100.0;0.0;0.0;2.14;99.13;14.38;157.65;Companhia Riograndense de Saneamento;;;
2703809;100.0;100.0;0.0;0.0;0.8;68.33;45.12;108.12;"Verde Ambiental Alagoas; Companhia de Saneamento de Alagoas";;;
5205406;95.37;0.0;95.37;100.0;0.9;95.37;9.3;183.96;Saneamento de Goiás S/A;95.37;77.88;Saneamento de Goiás S/A
4309803;100.0;100.0;0.0;0.0;0.57;61.43;19.71;185.22;Companhia Riograndense de Saneamento;;;
4204178;48.62;26.05;30.52;0.0;1.08;37.1;29.86;124.8;Companhia Catarinense de Águas e Saneamento;;;
3104403;88.0;40.0;0.0;0.0;0.6;84.55;7.42;370.98;Prefeitura Municipal de Argirita;84.62;;Prefeitura Municipal de Argirita
2208809;77.42;0.0;0.0;23.08;1.02;;;;;;;
3529203;85.66;0.0;85.66;0.0;0.62;85.66;34.37;208.58;Prefeitura Municipal de Martinópolis;85.66;;Prefeitura Municipal de Martinópolis
3121001;58.22;0.0;0.0;95.24;0.31;;15.2;447.31;"Companhia de Saneamento de Minas Gerais ; Prefeitura Municipal de Datas";74.21;;Prefeitura Municipal de Datas
4105805;100.0;100.0;100.0;0.0;0.62;98.02;28.17;135.95;Companhia de Saneamento do Paraná S.A.;84.0;74.9;Companhia de Saneamento do Paraná S.A.
2103208;47.5;0.0;0.0;97.99;0.81;38.39;70.74;166.2;Companhia de Saneamento Ambiental do Maranhão;;;
1501303;76.5;60.0;0.0;100.0;2.04;72.02;40.38;133.49;Águas de São Francisco Concessionária de Saneamento S.A;27.13;10.53;Águas de São Francisco Concessionária de Saneamento S.A
4114104;100.0;100.0;95.9;0.0;0.74;95.95;27.4;157.79;Companhia de Saneamento do Paraná S.A.;35.03;30.3;Companhia de Saneamento do Paraná S.A.
2908705;;;;;;50.15;25.74;141.31;Empresa Baiana de Águas e Saneamento S.A.;;;
3201803;100.0;100.0;42.43;0.0;0.37;36.11;16.65;137.27;Companhia Espírito-santense de Saneamento;31.83;;Companhia Espírito-santense de Saneamento
2511400;73.0;30.61;0.0;0.0;0.42;30.98;43.35;80.28;Companhia de Águas e Esgotos da Paraíba;;;
3545159;100.0;100.0;100.0;0.0;1.07;88.07;24.51;186.86;Companhia de Saneamento Básico do Estado de São Paulo;84.78;82.48;Companhia de Saneamento Básico do Estado de São Paulo
1100809;;;;;;46.92;28.35;123.21;Companhia de Águas e Esgotos do Estado de Rondônia;;;
2200608;93.1;68.39;0.0;0.0;0.46;;;;;;;
1717909;62.48;65.87;0.0;100.0;0.96;60.99;49.81;174.24;Hidro Forte Administração e Operação S/A;;;
4301602;100.0;100.0;0.0;0.0;0.67;97.41;44.18;173.83;Departamento de Água e Esgoto de Bagé;83.77;31.66;Departamento de Água e Esgoto de Bagé
2404853;85.47;0.0;0.0;100.0;1.01;85.47;0.0;0.16;"Prefeitura Municipal de Itajá; Companhia de Águas e Esgotos do Rio Grande do Norte";;;
3504404;84.15;0.0;84.15;0.0;0.99;85.61;84.68;53.8;Departamento de Água e Esgoto de Avanhandava;85.61;;Departamento de Água e Esgoto de Avanhandava
4212700;42.28;0.0;0.0;0.0;0.27;34.18;49.02;127.73;Companhia Catarinense de Águas e Saneamento;;;
4105904;93.03;0.0;93.03;0.0;1.02;100.0;5.24;155.87;Prefeitura Municipal de Colorado;82.58;;Prefeitura Municipal de Colorado
3521002;100.0;100.0;0.0;0.0;0.83;77.62;17.36;169.71;Companhia de Saneamento Básico do Estado de São Paulo;59.59;53.12;Companhia de Saneamento Básico do Estado de São Paulo
2703759;100.0;100.0;100.0;0.0;0.64;;;;;;;
2900504;31.97;13.29;0.0;100.0;0.28;63.55;47.76;260.0;Serviço Autônomo de Água e Esgoto;;;
2503209;100.0;;3.0;0.0;2.14;79.96;59.1;188.63;Companhia de Águas e Esgotos da Paraíba;40.21;31.13;Companhia de Águas e Esgotos da Paraíba
2110708;54.25;0.0;0.0;100.0;0.89;40.04;67.42;145.8;Companhia de Saneamento Ambiental do Maranhão;;;
4317806;100.0;100.0;0.0;0.0;0.62;79.28;28.36;175.02;Companhia Riograndense de Saneamento;;;
4204509;99.14;96.0;0.0;0.0;0.52;78.63;36.76;136.65;Águas de Corupá;;;
2932002;;;;;;57.74;23.52;106.71;Empresa Baiana de Águas e Saneamento S.A.;;;
2413003;61.41;0.0;0.0;100.0;0.38;68.84;35.69;140.73;Companhia de Águas e Esgotos do Rio Grande do Norte;;;
3512803;100.0;100.0;0.0;0.0;1.21;97.47;25.02;284.36;Prefeitura Municipal de Cosmópolis;97.47;19.08;Prefeitura Municipal de Cosmópolis
5204706;86.77;0.0;0.0;100.0;0.99;83.45;21.43;143.89;Saneamento de Goiás S/A;;;
1701903;47.61;0.0;0.0;100.0;0.28;72.1;53.59;155.79;Hidro Forte Administração e Operação S/A;;;
2916708;;;;;;61.93;15.72;119.49;Empresa Baiana de Águas e Saneamento S.A.;;;
2703106;41.79;22.15;0.0;0.0;0.4;41.23;55.42;92.14;"Águas do Sertão; Companhia de Saneamento de Alagoas";;;
2307403;85.91;62.94;0.0;100.0;0.8;92.69;19.44;143.17;"Sistema Integrado de Saneamento Rural da Bacia do Alto Jaguaribe; Serviço Autônomo de Água e Esgoto";27.53;;Serviço Autônomo de Água e Esgoto
2900355;96.19;92.32;0.0;100.0;1.28;91.24;33.84;97.26;Empresa Baiana de Águas e Saneamento S.A.;27.48;;Empresa Baiana de Águas e Saneamento S.A. | Prefeitura Municipal de Adustina
2601052;79.44;58.82;0.0;0.0;0.58;24.9;47.7;164.79;Companhia Pernambucana de Saneamento;;;
2102507;;;;;;0.0;39.93;;Companhia de Saneamento Ambiental do Maranhão;;;
2923803;64.59;48.55;0.0;100.0;0.58;99.81;38.92;77.57;Empresa Baiana de Águas e Saneamento S.A.;;;
4309605;97.95;86.39;84.92;0.0;0.98;80.23;28.47;192.97;Companhia Riograndense de Saneamento;;;
5105903;96.24;99.9;0.0;52.43;1.36;;;;;;;
4122602;;;;;;87.15;16.35;160.33;Companhia de Saneamento do Paraná S.A.;73.13;;Companhia de Saneamento do Paraná S.A.
4204608;95.15;0.0;68.51;0.0;1.4;100.0;27.52;148.31;Companhia Catarinense de Águas e Saneamento;51.25;45.94;Companhia Catarinense de Águas e Saneamento
2908507;100.0;100.0;0.0;0.0;1.59;94.22;14.51;60.54;Empresa Baiana de Águas e Saneamento S.A.;5.28;2.93;Empresa Baiana de Águas e Saneamento S.A.
5204805;77.34;0.0;0.0;100.0;0.87;77.34;26.05;168.48;Saneamento de Goiás S/A;;;
2208601;;;;;;;;;;;;
3113008;;;;;;31.81;13.24;166.71;COPASA Serviços de Saneamento Integrado do Norte e Nordeste de Minas Gerais S/A;4.79;;COPASA Serviços de Saneamento Integrado do Norte e Nordeste de Minas Gerais S/A
2413102;;;;;;46.5;63.46;161.04;Companhia de Águas e Esgotos do Rio Grande do Norte;;;
3512902;77.99;0.0;67.83;0.0;2.0;77.99;66.67;167.84;Prefeitura Municipal de Cosmorama;77.99;;Prefeitura Municipal de Cosmorama
5221007;100.0;100.0;0.0;0.0;1.36;71.03;16.15;187.31;Saneamento de Goiás S/A;;;
3545605;100.0;100.0;92.94;0.0;1.5;95.56;46.93;234.96;Prefeitura Municipal de Santa Adélia;95.56;84.7;Prefeitura Municipal de Santa Adélia
2307502;61.17;0.0;0.0;100.0;0.4;57.28;45.63;124.01;"Companhia de Água e Esgoto do Ceará; Sistema Integrado de Saneamento Rural da Bacia Hidrográfica do Salgado";43.58;;Prefeitura Municipal de Lavras Da Mangabeira | Companhia de Água e Esgoto do Ceará
2511202;;;;;;28.6;46.91;132.72;Companhia de Águas e Esgotos da Paraíba;2.93;;Companhia de Águas e Esgotos da Paraíba
4301404;100.0;100.0;0.0;0.0;2.6;60.64;22.76;161.64;Companhia Riograndense de Saneamento;;;
4114401;47.72;14.92;0.0;0.0;0.86;62.93;23.93;165.05;Companhia de Saneamento do Paraná S.A.;60.01;52.4;Companhia de Saneamento do Paraná S.A.
2802205;100.0;100.0;0.0;0.0;0.39;94.75;54.41;117.5;Companhia de Saneamento de Sergipe;;;
2404903;85.29;15.76;0.0;100.0;1.7;85.22;63.22;112.05;Companhia de Águas e Esgotos do Rio Grande do Norte;;;
3504206;90.1;0.0;0.0;0.0;0.91;100.0;16.98;191.44;Companhia de Saneamento Básico do Estado de São Paulo;100.0;97.32;Companhia de Saneamento Básico do Estado de São Paulo
2200400;;;;;;;;;;;;
3104809;84.59;57.5;0.0;100.0;0.51;60.57;24.48;193.58;Companhia de Saneamento de Minas Gerais;;;
2208700;;;;;;;;;;;;
2609303;51.38;0.0;0.0;0.0;0.34;72.11;4.72;139.41;Companhia Pernambucana de Saneamento;43.16;;Companhia Pernambucana de Saneamento | Prefeitura Municipal de Mirandiba
2900306;;;;;;74.92;29.64;135.81;Empresa Baiana de Águas e Saneamento S.A.;;;
3144904;60.31;2.4;0.0;100.0;0.69;59.61;17.06;154.52;Companhia de Saneamento de Minas Gerais;50.58;0.0;Companhia de Saneamento de Minas Gerais
4106209;91.15;75.01;82.3;0.0;0.44;72.28;34.22;124.76;Companhia de Saneamento do Paraná S.A.;58.1;47.41;Companhia de Saneamento do Paraná S.A.
2908606;32.82;0.0;0.0;100.0;1.61;68.93;33.06;118.21;Empresa Baiana de Águas e Saneamento S.A.;25.86;18.09;Empresa Baiana de Águas e Saneamento S.A.
3170206;100.0;100.0;90.14;0.0;1.56;98.05;21.64;269.36;Departamento Municipal de Água e Esgoto;97.01;94.14;Departamento Municipal de Água e Esgoto
5212808;77.48;0.0;0.0;100.0;1.52;70.65;21.95;190.35;Saneamento de Goiás S/A;57.88;39.42;Saneamento de Goiás S/A
2503001;85.16;0.0;3.35;47.62;1.29;64.25;61.84;111.81;"Serviço Autônomo de Água e Esgoto; Companhia de Águas e Esgotos da Paraíba";;;
2931806;26.36;0.0;0.0;100.0;1.06;28.19;13.93;141.77;Empresa Baiana de Águas e Saneamento S.A.;;;
3201704;96.86;92.78;96.86;0.0;0.44;53.22;28.78;140.61;Companhia Espírito-santense de Saneamento;48.17;40.13;Companhia Espírito-santense de Saneamento
2511301;72.88;0.0;0.0;0.0;0.91;50.69;48.17;128.75;Companhia de Águas e Esgotos da Paraíba;;;
4301503;67.41;23.96;67.41;0.0;0.95;58.34;17.28;164.59;Prefeitura Municipal de Augusto Pestana;;;
4114500;83.45;60.0;58.63;0.0;0.52;59.7;23.02;176.13;Companhia de Saneamento do Paraná S.A.;32.96;31.2;Companhia de Saneamento do Paraná S.A.
2200509;89.88;78.32;0.0;0.0;1.41;;;;;;;
1600055;100.0;100.0;0.0;100.0;0.97;66.93;74.72;205.24;"Companhia de Água e Esgoto do Amapá; Concessionária de Saneamento do Amapá";35.18;21.26;Concessionária de Saneamento do Amapá
4204558;86.21;0.0;0.0;0.0;0.37;86.49;23.58;140.83;Companhia Catarinense de Águas e Saneamento;;;
3504305;79.66;39.9;11.06;0.0;1.03;76.68;11.89;176.03;Companhia de Saneamento Básico do Estado de São Paulo;68.27;58.31;Companhia de Saneamento Básico do Estado de São Paulo
4212601;100.0;100.0;49.72;0.0;3.18;64.23;27.77;130.12;Companhia Catarinense de Águas e Saneamento;;;
1100700;30.88;0.0;30.88;0.0;0.18;25.77;16.11;870.21;Prefeitura Municipal de Campo Novo de Rondônia;;;
3300308;100.0;100.0;5.08;0.0;0.55;84.87;15.82;208.67;"Prefeitura Municipal de Barra do Piraí; Companhia Estadual de Águas e Esgotos do Rio de Janeiro";67.95;;Companhia Estadual de Águas e Esgotos do Rio de Janeiro | Prefeitura Municipal de Barra do Piraí
2900405;83.44;80.07;0.0;100.0;2.08;53.49;21.9;128.85;Empresa Baiana de Águas e Saneamento S.A.;;;
3162005;87.57;0.0;0.0;0.0;1.31;77.61;23.49;156.71;Companhia de Saneamento de Minas Gerais;87.57;;Prefeitura Municipal de São Gonçalo do Sapucaí
1718303;;;;;;76.71;41.46;113.98;Hidro Forte Administração e Operação S/A;30.01;;Hidro Forte Administração e Operação S/A
4106308;89.58;14.55;87.86;0.0;0.59;87.9;28.53;158.67;Companhia de Saneamento do Paraná S.A.;81.86;;Companhia de Saneamento do Paraná S.A.
3553856;100.0;100.0;0.0;28.57;1.35;79.58;30.16;139.54;Companhia de Saneamento Básico do Estado de São Paulo;41.14;36.84;Companhia de Saneamento Básico do Estado de São Paulo
2923605;;;;;;92.01;31.71;126.16;Empresa Baiana de Águas e Saneamento S.A.;;;
2601102;47.03;0.0;0.0;0.0;1.29;59.92;19.89;107.89;Companhia Pernambucana de Saneamento;40.48;;Companhia Pernambucana de Saneamento | Prefeitura Municipal de Araripina
3145000;;;;;;96.5;16.67;205.63;Departamento Municipal de Água e Esgotos;;;
4122651;50.14;0.0;0.0;0.0;0.36;51.37;15.69;182.87;Companhia de Saneamento do Paraná S.A.;44.89;35.83;Companhia de Saneamento do Paraná S.A.
2503100;94.65;88.93;0.0;0.0;0.6;26.93;35.26;119.5;Companhia de Águas e Esgotos da Paraíba;;;
2931905;;;;;;68.23;29.15;129.72;Empresa Baiana de Águas e Saneamento S.A.;25.69;;Empresa Baiana de Águas e Saneamento S.A.
2102556;43.81;0.0;0.0;100.0;1.11;72.89;19.19;717.45;Serviço Autônomo de Água e Esgoto de Campestre do Maranhão;;;
5204607;100.0;100.0;0.0;0.0;1.26;68.71;23.01;155.93;Saneamento de Goiás S/A;;;
2306801;65.93;20.2;0.0;100.0;1.05;74.36;48.07;158.68;"Companhia de Água e Esgoto do Ceará; Sistema Integrado de Saneamento Rural da Bacia Hidrográfica do Baixo e Médio Jaguaribe";35.42;;Companhia de Água e Esgoto do Ceará
4309654;42.77;0.0;0.0;0.0;0.63;67.35;4.03;321.75;Prefeitura Municipal de Hulha Negra;42.77;;Prefeitura Municipal de Hulha Negra
3512704;54.87;4.1;54.87;0.0;0.46;76.92;46.54;227.56;Prefeitura Municipal de Corumbataí;64.67;;Prefeitura Municipal de Corumbataí
2412906;60.77;11.12;55.86;0.0;0.57;60.32;29.82;123.59;Companhia de Águas e Esgotos do Rio Grande do Norte;30.2;23.14;Companhia de Águas e Esgotos do Rio Grande do Norte
4204400;66.25;0.0;66.25;0.0;0.92;60.62;51.29;124.41;Companhia Catarinense de Águas e Saneamento;26.94;24.52;Companhia Catarinense de Águas e Saneamento
1100031;53.2;0.0;0.0;0.0;0.32;46.06;17.97;158.67;Companhia de Águas e Esgotos do Estado de Rondônia;;;
4318200;89.39;62.49;0.0;0.0;1.01;61.9;30.81;183.26;Companhia Riograndense de Saneamento;;;
3300407;100.0;100.0;64.3;0.0;0.73;97.43;46.74;157.69;Serviço Autônomo de Água e Esgoto de Barra Mansa;80.11;0.2;Serviço Autônomo de Água e Esgoto de Barra Mansa
2208650;31.31;8.66;0.0;95.96;0.21;23.03;73.78;88.72;Prefeitura Municipal de Queimada Nova;;;
3153806;38.89;0.0;0.0;0.0;1.14;86.89;4.99;299.57;Prefeitura Municipal de Queluzito;22.22;;Prefeitura Municipal de Queluzito
3112802;88.8;49.98;88.8;38.91;1.46;74.14;16.44;313.01;Companhia de Saneamento de Minas Gerais;77.6;;Prefeitura Municipal de Capitólio
1100023;72.92;0.01;72.92;0.0;1.91;86.7;22.98;130.12;Águas de Ariquemes Saneamento Ltda;24.07;12.09;Águas de Ariquemes Saneamento Ltda
2802007;100.0;100.0;50.01;0.0;0.65;62.55;60.53;100.76;Companhia de Saneamento de Sergipe;;;
3136801;100.0;100.0;0.0;0.0;0.61;61.6;13.79;139.89;Companhia de Saneamento de Minas Gerais;52.92;47.49;Companhia de Saneamento de Minas Gerais
2923704;97.81;96.24;0.0;100.0;1.41;26.77;7.26;100.58;Central de Associações Comunitárias para Manutenção dos Sistemas de Saneamento - Região de Caetité;;;
2200459;39.57;0.0;0.0;100.0;0.26;39.57;10.3;510.39;Serviços de Aguas e Esgotos de Alvorada do Gurguéia;;;
2907905;78.49;26.3;0.0;100.0;0.89;70.45;36.06;130.95;Empresa Baiana de Águas e Saneamento S.A.;;;
3169505;71.87;0.0;0.0;0.0;0.79;77.42;21.02;190.39;Companhia de Saneamento de Minas Gerais;55.72;;Prefeitura Municipal de Tumiritinga
1100015;60.35;0.0;0.0;0.0;0.5;60.35;60.39;94.42;Serviço Autônomo de Água e Esgoto;;;
2404705;;;;;;12.61;71.73;129.74;Companhia de Águas e Esgotos do Rio Grande do Norte;;;
4310009;83.28;0.0;83.28;0.0;1.01;73.67;40.17;178.57;Companhia Riograndense de Saneamento;;;
5000708;86.51;0.0;0.0;0.0;0.55;85.64;38.8;157.66;Empresa de Saneamento de Mato Grosso do Sul S/A;33.46;29.03;Empresa de Saneamento de Mato Grosso do Sul S/A
3553807;80.44;0.0;64.35;0.0;0.82;90.18;25.13;157.27;Companhia de Saneamento Básico do Estado de São Paulo;87.73;80.19;Companhia de Saneamento Básico do Estado de São Paulo
3104601;76.47;0.0;0.0;0.0;0.29;82.81;25.06;164.59;Companhia de Saneamento de Minas Gerais;;;
3112901;100.0;100.0;0.0;100.0;1.13;38.86;26.53;178.57;Companhia de Saneamento de Minas Gerais;52.86;;Prefeitura Municipal de Caputira
3128600;100.0;100.0;0.0;100.0;1.0;53.38;24.62;201.78;Companhia de Saneamento de Minas Gerais;51.68;57.17;Companhia de Saneamento de Minas Gerais
4114302;59.46;25.92;0.0;0.0;0.58;55.97;23.67;129.71;Companhia de Saneamento do Paraná S.A.;22.74;16.25;Companhia de Saneamento do Paraná S.A.
3161304;100.0;100.0;0.0;33.06;2.26;72.65;8.79;200.33;Companhia de Saneamento de Minas Gerais;;;
1501758;61.63;12.99;0.0;100.0;1.4;65.21;4.55;60.01;Prefeitura Municipal de Brejo Grande do Araguaia;;;
3169604;;;;;;100.0;34.61;255.99;Departamento de Água e Esgoto;88.54;;Departamento de Água e Esgoto
3202009;;;;;;51.63;28.97;139.56;Companhia Espírito-santense de Saneamento;43.22;34.77;Companhia Espírito-santense de Saneamento
5204557;100.0;100.0;14.78;0.0;0.76;48.85;25.58;175.19;Saneamento de Goiás S/A;;;
2802106;91.55;30.0;10.0;0.0;0.83;82.65;55.39;157.59;Serviço Autônomo de Água e Esgoto;11.14;8.89;Serviço Autônomo de Água e Esgoto
2102374;29.99;0.0;0.0;100.0;0.19;12.0;89.05;28.92;Prefeitura Municipal de Cachoeira Grande;;;
5221403;;;;;;85.88;23.72;141.3;Saneamento de Goiás S/A;85.8;73.06;Saneamento de Goiás S/A
2404804;92.63;0.0;0.0;100.0;0.51;94.02;23.17;141.92;Companhia de Águas e Esgotos do Rio Grande do Norte;;;
3537305;96.05;0.0;96.05;0.0;1.78;96.05;22.94;221.37;Departamento Autônomo de Água e Esgoto de Penápolis;96.05;;Departamento Autônomo de Água e Esgoto de Penápolis
2207959;31.06;12.08;0.0;100.0;0.5;;;;;;;
4301800;58.94;0.0;10.16;0.0;0.37;60.35;29.9;170.54;Companhia Riograndense de Saneamento;;;
3120409;;;;;;82.53;27.52;129.34;Companhia de Saneamento de Minas Gerais;63.63;;Companhia de Saneamento de Minas Gerais
3144805;100.0;100.0;16.87;0.0;1.48;79.12;;221.34;Companhia de Saneamento de Minas Gerais;21.51;24.4;Companhia de Saneamento de Minas Gerais
4212650;100.0;100.0;0.0;0.0;0.53;48.47;47.54;104.98;Companhia Catarinense de Águas e Saneamento;;;
3553658;100.0;100.0;0.0;0.0;0.66;95.63;5.15;199.11;Prefeitura Municipal de Taquaral;95.63;;Prefeitura Municipal de Taquaral
3104700;58.85;0.0;0.0;100.0;0.75;45.0;13.58;153.9;"Companhia de Saneamento de Minas Gerais ; COPASA Serviços de Saneamento Integrado do Norte e Nordeste de Minas Gerais S/A";29.55;31.63;Companhia de Saneamento de Minas Gerais
1701101;61.18;59.93;0.0;57.14;0.76;23.68;78.95;456.62;Agência Aparecidence de Saneamento e Limpeza Pública;;;
2102358;60.8;47.73;0.0;100.0;0.35;64.15;42.86;129.84;Prefeitura Municipal de Buritirana;;;
4106100;100.0;100.0;69.45;0.0;0.92;82.13;32.12;136.29;Companhia de Saneamento do Paraná S.A.;74.47;72.08;Companhia de Saneamento do Paraná S.A.
3300225;100.0;100.0;84.16;0.0;2.3;92.76;8.74;172.44;Serviço Autônomo de Água e Esgoto;;;
3504602;;;;;;;;;;;;
2609709;71.31;54.36;0.0;0.0;0.81;37.04;49.81;125.21;Companhia Pernambucana de Saneamento;35.52;9.56;Companhia Pernambucana de Saneamento | Prefeitura Municipal de Orobó
3153103;100.0;100.0;0.0;0.0;0.39;38.6;19.95;183.97;Companhia de Saneamento de Minas Gerais;30.94;0.0;Companhia de Saneamento de Minas Gerais
2110658;100.0;100.0;0.0;100.0;0.58;16.39;77.07;115.31;Companhia de Saneamento Ambiental do Maranhão;;;
4204459;46.06;0.0;0.0;0.0;0.29;44.97;26.13;109.84;Companhia Catarinense de Águas e Saneamento;;;
3161403;100.0;100.0;0.0;0.0;0.45;65.68;16.47;278.09;Prefeitura Municipal de São Francisco do Glória;65.68;;Prefeitura Municipal de São Francisco do Glória
1100098;72.93;0.0;72.93;0.0;0.36;51.31;20.05;140.27;Companhia de Águas e Esgotos do Estado de Rondônia;3.6;3.52;Prefeitura Municipal de Espigão Doeste
3202108;74.99;23.93;0.0;99.84;0.52;65.33;24.05;153.41;Companhia Espírito-santense de Saneamento;10.8;8.14;Companhia Espírito-santense de Saneamento
1501725;55.07;35.56;0.0;100.0;0.85;;;;;;;
5204656;58.54;0.0;0.0;100.0;0.45;59.23;25.83;169.29;Saneamento de Goiás S/A;;;
3529104;100.0;100.0;0.0;0.0;0.86;95.19;9.84;199.24;Companhia de Saneamento Básico do Estado de São Paulo;90.21;83.91;Companhia de Saneamento Básico do Estado de São Paulo
2932200;100.0;100.0;0.0;100.0;1.0;91.81;25.47;116.97;Empresa Baiana de Águas e Saneamento S.A.;;;
3136603;;;;;;60.45;34.57;156.56;Companhia de Saneamento de Minas Gerais;;;
3300209;100.0;100.0;0.0;0.0;3.33;100.0;22.15;233.32;Concessionária Águas de Juturnaíba S/A;74.86;62.96;Concessionária Águas de Juturnaíba S/A
1100080;52.82;0.0;0.0;100.0;1.01;24.24;40.0;145.14;Companhia de Águas e Esgotos do Estado de Rondônia;;;
1718204;100.0;100.0;72.93;0.0;0.84;89.75;31.14;187.2;Companhia de Saneamento do Tocantins;47.84;42.62;Companhia de Saneamento do Tocantins
1501709;100.0;100.0;0.0;100.0;1.16;14.97;69.22;126.79;Companhia de Saneamento do Pará;;;
2601508;41.56;0.0;0.0;0.0;0.38;71.61;19.58;117.67;Companhia Pernambucana de Saneamento;;;
2510659;52.14;0.0;0.0;0.0;0.64;0.0;99.33;0.9;Companhia de Águas e Esgotos da Paraíba;;;
3504701;100.0;100.0;0.0;0.0;0.42;38.33;26.55;160.5;Companhia de Saneamento Básico do Estado de São Paulo;32.53;36.8;Companhia de Saneamento Básico do Estado de São Paulo
1100072;36.97;0.0;0.0;0.0;0.25;30.85;35.62;153.23;Companhia de Águas e Esgotos do Estado de Rondônia;;;
2924009;95.74;66.36;0.0;0.0;0.79;88.37;45.98;130.26;Empresa Baiana de Águas e Saneamento S.A.;34.57;32.01;Empresa Baiana de Águas e Saneamento S.A.
5213053;47.66;0.0;26.59;0.0;1.44;47.47;26.77;131.05;Saneamento de Goiás S/A;47.47;30.14;Saneamento de Goiás S/A
1100064;74.76;0.0;0.0;0.0;0.59;74.76;59.8;191.24;Companhia de Águas e Esgotos do Estado de Rondônia;;;
3153202;65.45;36.82;0.0;100.0;0.64;51.07;15.68;216.68;Companhia de Saneamento de Minas Gerais;48.81;41.93;Companhia de Saneamento de Minas Gerais
3520905;100.0;100.0;100.0;0.0;0.67;97.12;31.72;355.4;Prefeitura Municipal de Ipaussu;97.12;89.63;Prefeitura Municipal de Ipaussu
4301875;79.78;35.25;0.0;0.0;0.43;69.17;27.27;147.36;Companhia Riograndense de Saneamento;30.87;24.59;Companhia Riograndense de Saneamento
3553609;100.0;100.0;87.3;0.0;1.09;89.26;41.79;194.27;Companhia de Saneamento Básico do Estado de São Paulo;83.75;80.16;Companhia de Saneamento Básico do Estado de São Paulo
2801405;88.98;70.16;0.0;0.0;0.48;99.71;51.8;94.17;Companhia de Saneamento de Sergipe;;;
1100056;88.84;0.0;88.84;0.0;0.54;65.96;47.56;132.61;Companhia de Águas e Esgotos do Estado de Rondônia;100.0;;Prefeitura Municipal de Cerejeiras
3128402;74.97;0.0;0.0;0.0;1.06;74.97;5.2;83.89;Serviço Autônomo de Água e Esgoto de Guarani;74.55;;Serviço Autônomo de Água e Esgoto de Guarani
3536604;88.2;0.0;0.0;0.0;0.63;100.0;10.48;234.49;Companhia de Saneamento Básico do Estado de São Paulo;100.0;94.99;Companhia de Saneamento Básico do Estado de São Paulo
3136702;99.7;72.98;98.89;0.0;0.84;100.0;35.65;167.67;Companhia de Saneamento Municipal;100.0;28.04;Companhia de Saneamento Municipal
2110609;64.61;30.02;0.0;100.0;1.18;16.72;69.93;140.9;Companhia de Saneamento Ambiental do Maranhão;;;
4114351;100.0;100.0;0.0;0.0;0.44;32.31;40.26;168.21;Companhia de Saneamento do Paraná S.A.;;;
2404101;;;;;;;;;;;;
1100049;87.06;24.93;0.0;0.0;0.58;82.76;30.78;258.89;Serviço Autônomo de Água e Esgoto de Cacoal;64.55;56.81;Serviço Autônomo de Água e Esgoto de Cacoal
3169406;92.59;9.89;61.31;0.0;1.01;93.95;36.56;187.24;Serviço Autônomo de Água e Esgoto;93.59;1.69;Serviço Autônomo de Água e Esgoto
2916104;;;;;;79.99;48.73;157.1;Empresa Baiana de Águas e Saneamento S.A.;37.58;;Empresa Baiana de Águas e Saneamento S.A.
2703007;83.0;0.0;0.0;0.0;0.66;79.7;48.15;95.22;"Companhia de Saneamento de Alagoas; Verde Ambiental Alagoas";;;
4301859;100.0;100.0;63.59;0.0;0.3;46.93;26.47;267.83;Companhia Riograndense de Saneamento;;;
5221197;100.0;100.0;0.0;0.0;2.36;90.2;14.68;128.63;Saneamento de Goiás S/A;81.12;53.77;Saneamento de Goiás S/A
2208007;86.98;84.9;0.0;100.0;2.01;;;;;;;
3553708;100.0;100.0;0.0;0.0;0.66;95.66;39.38;194.46;Serviço Autônomo de Água e Esgoto de Taquaritinga;95.66;;Serviço Autônomo de Água e Esgoto de Taquaritinga
3120201;83.36;0.0;0.0;0.0;1.2;83.52;13.82;168.36;Companhia de Saneamento de Minas Gerais;;;Prefeitura Municipal de Cristais
3528403;96.79;54.84;0.0;0.0;1.33;92.94;26.43;163.45;Saneaqua Mairinque S/A;81.81;;Saneaqua Mairinque S/A
4122503;62.7;3.78;62.7;0.0;0.45;73.97;24.0;157.76;Companhia de Saneamento do Paraná S.A.;;;
3536703;100.0;100.0;0.0;0.0;2.77;93.01;27.95;202.63;Companhia de Saneamento Básico do Estado de São Paulo;90.13;86.11;Companhia de Saneamento Básico do Estado de São Paulo
2102408;30.0;18.49;0.0;100.0;0.61;17.62;77.87;148.46;Companhia de Saneamento Ambiental do Maranhão;;;
3128501;92.98;0.0;0.0;0.0;0.53;91.79;62.95;170.02;Companhia de Saneamento de Minas Gerais;83.68;;Prefeitura Municipal de Guarará
3161205;95.34;77.13;0.0;0.0;0.47;76.78;19.9;158.26;Companhia de Saneamento de Minas Gerais;79.64;;Prefeitura Municipal de São Francisco de Paula
1717503;53.37;0.0;0.0;100.0;0.58;53.37;39.3;134.61;Hidro Forte Administração e Operação S/A;;;
2609501;;;;;;81.86;32.13;143.04;Companhia Pernambucana de Saneamento;25.82;;Companhia Pernambucana de Saneamento
5213004;68.37;0.0;0.0;100.0;0.51;96.68;33.16;178.65;Saneamento de Goiás S/A;;;
5221304;100.0;100.0;0.0;100.0;3.61;86.2;16.96;243.04;Saneamento de Goiás S/A;;;
4318051;100.0;100.0;73.33;0.0;0.5;100.0;86.53;118.87;Prefeitura Municipal de São Domingos do Sul;;;
2510600;69.25;0.0;0.0;0.0;0.4;49.17;49.93;107.61;Companhia de Águas e Esgotos da Paraíba;;;
5106182;100.0;100.0;0.0;6.46;0.52;51.28;88.0;57.06;Prefeitura Municipal de Nova Lacerda;;;
3201902;80.54;98.18;13.74;0.0;0.58;26.29;28.15;201.52;Companhia Espírito-santense de Saneamento;18.18;18.13;Companhia Espírito-santense de Saneamento
4301701;73.66;0.0;38.74;0.0;0.5;54.96;47.29;177.16;Companhia Riograndense de Saneamento;;;
3504503;100.0;100.0;0.0;0.0;0.83;94.58;26.31;174.1;Companhia de Saneamento Básico do Estado de São Paulo;87.54;81.99;Companhia de Saneamento Básico do Estado de São Paulo
3136652;100.0;100.0;92.59;0.0;0.83;77.86;;208.27;Companhia de Saneamento de Minas Gerais;30.65;;Companhia de Saneamento de Minas Gerais
5204953;89.92;0.0;0.0;100.0;1.03;77.71;42.29;148.31;Saneamento de Goiás S/A;;;
3120300;59.85;0.0;0.0;100.0;0.32;52.02;30.2;159.32;Companhia de Saneamento de Minas Gerais;28.69;52.71;Companhia de Saneamento de Minas Gerais
3300258;100.0;;0.0;0.0;2.22;98.0;37.59;170.77;Prolagos S/A - Concessionária de Serviços Públicos de Água e Esgoto;90.0;84.02;Prolagos S/A - Concessionária de Serviços Públicos de Água e Esgoto
5106174;35.53;0.0;0.0;0.0;0.13;35.53;6.0;486.83;Prefeitura Municipal de Nova Nazaré;;;
3145208;97.98;0.0;0.0;100.0;0.51;73.95;39.7;160.92;Companhia de Saneamento de Minas Gerais;72.86;88.11;Companhia de Saneamento de Minas Gerais
3169356;100.0;100.0;0.0;100.0;0.99;93.76;31.79;162.88;Companhia de Saneamento de Minas Gerais;71.73;72.83;Companhia de Saneamento de Minas Gerais
3545506;75.7;20.65;0.0;0.0;0.67;90.97;19.25;158.63;Companhia de Saneamento Básico do Estado de São Paulo;86.94;78.92;Companhia de Saneamento Básico do Estado de São Paulo
3153004;58.51;0.0;0.0;0.0;0.9;58.51;14.03;830.1;Prefeitura Municipal de Pratinha;58.51;;Prefeitura Municipal de Pratinha
3520202;100.0;100.0;0.0;0.0;1.16;51.22;16.2;295.22;Companhia de Saneamento Básico do Estado de São Paulo;25.21;21.77;Companhia de Saneamento Básico do Estado de São Paulo
2207850;100.0;100.0;0.0;100.0;0.97;;;;;;;
2601300;91.67;29.51;0.0;0.0;0.55;88.47;23.75;112.28;Companhia Pernambucana de Saneamento;19.02;;Companhia Pernambucana de Saneamento | Prefeitura Municipal de Barra de Guabiraba
3528502;92.4;83.73;65.71;0.0;1.13;63.8;25.27;179.89;Companhia de Saneamento Básico do Estado de São Paulo;40.12;16.92;Companhia de Saneamento Básico do Estado de São Paulo
2502409;73.18;0.0;0.0;0.0;0.49;51.31;24.46;122.6;Companhia de Águas e Esgotos da Paraíba;;;
2609600;100.0;;0.0;0.0;0.77;85.87;43.78;192.6;Companhia Pernambucana de Saneamento;36.66;;Companhia Pernambucana de Saneamento
5213103;93.66;0.0;0.0;100.0;1.47;94.29;16.7;207.8;Serviço Autônomo de Água e Esgoto;93.51;90.72;Serviço Autônomo de Água e Esgoto
2924058;72.98;42.74;0.0;100.0;0.91;79.78;32.59;96.41;Empresa Baiana de Águas e Saneamento S.A.;;;
1709302;91.65;0.0;0.0;100.0;0.86;91.65;38.15;164.93;Companhia de Saneamento do Tocantins;54.86;51.15;Companhia de Saneamento do Tocantins
2932101;79.4;59.3;0.0;100.0;0.91;49.37;29.31;105.63;Empresa Baiana de Águas e Saneamento S.A.;30.88;30.3;Empresa Baiana de Águas e Saneamento S.A.
5106158;41.67;0.0;0.0;50.07;0.77;45.9;5.09;235.08;Prefeitura Municipal de Nova Bandeirantes;;;
5205059;92.78;0.0;0.0;100.0;1.17;92.78;22.65;190.69;Saneamento de Goiás S/A;;;
2102754;;;;;;;;;;;;
3300233;100.0;;0.0;0.0;2.45;98.0;43.9;254.81;Prolagos S/A - Concessionária de Serviços Públicos de Água e Esgoto;90.0;;Prolagos S/A - Concessionária de Serviços Públicos de Água e Esgoto
3137007;100.0;100.0;0.0;100.0;1.92;35.63;27.01;138.92;COPASA Serviços de Saneamento Integrado do Norte e Nordeste de Minas Gerais S/A;25.93;27.03;COPASA Serviços de Saneamento Integrado do Norte e Nordeste de Minas Gerais S/A
5213087;60.0;60.01;0.0;100.0;0.55;87.04;26.21;180.59;Saneamento de Goiás S/A;75.54;49.81;Saneamento de Goiás S/A
2601409;87.54;0.0;0.0;0.0;0.61;75.18;49.3;125.28;Companhia Pernambucana de Saneamento;23.4;;Companhia Pernambucana de Saneamento
3520301;100.0;100.0;0.0;0.0;0.66;66.58;10.43;208.88;Companhia de Saneamento Básico do Estado de São Paulo;56.04;52.84;Companhia de Saneamento Básico do Estado de São Paulo
1501600;84.63;85.22;0.0;100.0;0.95;;;;;;;
3553005;90.66;0.0;0.0;0.0;1.43;99.92;13.28;141.68;Companhia de Saneamento Básico do Estado de São Paulo;95.19;91.55;Companhia de Saneamento Básico do Estado de São Paulo
4301651;100.0;100.0;100.0;0.0;0.77;46.97;14.79;135.91;Companhia Riograndense de Saneamento;;;
2923902;97.04;99.77;0.0;57.14;2.0;67.38;15.81;123.45;Empresa Baiana de Águas e Saneamento S.A.;26.09;;Empresa Baiana de Águas e Saneamento S.A. | Prefeitura Municipal de Pau Brasil
4309951;98.15;94.12;0.0;0.0;1.48;89.74;66.46;123.14;Prefeitura Municipal de Ibirapuitã;;;
2111029;;;;;;;;;;;;
5220603;72.0;0.0;0.0;100.0;0.77;61.91;33.94;167.09;Saneamento de Goiás S/A;61.91;45.79;Saneamento de Goiás S/A
2703304;72.78;76.97;0.0;0.0;0.4;42.34;76.64;81.52;"Águas do Sertão; Companhia de Saneamento de Alagoas";;;
2207934;76.57;58.02;0.0;100.0;0.56;99.88;7.86;148.62;Prefeitura Municipal de Pedro Laurentino;;;
3536505;100.0;100.0;100.0;0.0;2.05;100.0;22.43;217.23;Companhia de Saneamento Básico do Estado de São Paulo;100.0;;Companhia de Saneamento Básico do Estado de São Paulo
3128808;75.25;0.0;0.0;0.0;0.63;59.14;31.96;194.68;Companhia de Saneamento de Minas Gerais;;;
3112208;30.0;5.53;0.0;0.0;0.59;45.72;12.66;176.05;Companhia de Saneamento de Minas Gerais;43.12;;Prefeitura Municipal de Capela Nova
4212007;77.7;6.68;0.0;0.0;0.43;69.7;37.97;118.62;Companhia Catarinense de Águas e Saneamento;;;
2412302;89.24;0.0;0.0;100.0;0.61;90.31;44.92;88.81;Companhia de Águas e Esgotos do Rio Grande do Norte;30.86;;Companhia de Águas e Esgotos do Rio Grande do Norte | Prefeitura Municipal de São José do Campestre
3512100;88.35;60.3;88.35;0.0;0.32;92.32;21.18;184.11;Companhia de Saneamento Básico do Estado de São Paulo;89.8;77.94;Companhia de Saneamento Básico do Estado de São Paulo
1501576;100.0;100.0;0.0;0.0;0.72;56.76;41.49;89.81;Araguaia Saneamento S/A;;;
2916005;49.29;0.0;0.0;100.0;0.31;70.5;23.73;114.78;Empresa Baiana de Águas e Saneamento S.A.;69.24;;Empresa Baiana de Águas e Saneamento S.A. | Prefeitura Municipal de Itanhém
5106240;41.3;0.0;0.0;0.0;0.45;100.0;25.57;686.66;Prefeitura Municipal de Nova Ubiratã;;;
2306702;51.82;0.0;0.0;100.0;0.36;60.96;47.44;133.42;"Sistema Integrado de Saneamento Rural da Bacia do Banabuiu; Sistema Integrado de Saneamento Rural da Bacia Hidrográfica do Baixo e Médio Jaguaribe; Companhia de Água e Esgoto do Ceará";1.55;;Companhia de Água e Esgoto do Ceará
3544806;88.52;0.0;0.0;0.0;0.78;92.76;42.23;355.49;Prefeitura Municipal de Sales;92.76;;Prefeitura Municipal de Sales
2111003;;;;;;6.85;85.08;112.41;Companhia de Saneamento Ambiental do Maranhão;;;
5106232;90.0;0.0;0.0;100.0;0.85;89.54;30.03;200.26;Prefeitura Municipal de Nova Olímpia;;;
4318101;74.68;0.0;74.68;0.0;0.43;70.61;24.8;140.23;Companhia Riograndense de Saneamento;5.74;4.14;Companhia Riograndense de Saneamento
3112059;74.28;26.36;0.0;100.0;1.02;63.88;21.89;135.64;Companhia de Saneamento de Minas Gerais;;;
5106224;100.0;100.0;100.0;55.66;1.94;93.42;6.53;215.66;Serviço Autônomo de Águas e Esgotos;;;
3528304;83.66;0.0;0.0;0.0;0.8;91.94;3.96;193.6;Companhia de Saneamento Básico do Estado de São Paulo;91.03;81.34;Companhia de Saneamento Básico do Estado de São Paulo
4301750;100.0;100.0;0.0;0.0;0.32;12.54;16.29;174.23;Companhia Riograndense de Saneamento;;;
2703403;82.98;72.78;0.0;0.0;1.23;90.18;68.95;111.41;Companhia de Saneamento de Alagoas;;;
3120607;100.0;100.0;0.0;0.0;0.5;58.99;17.63;172.07;Companhia de Saneamento de Minas Gerais;67.57;;Prefeitura Municipal de Crucilândia
4121802;82.38;66.54;0.0;0.15;0.56;82.62;74.66;102.86;Serviço Autônomo Municipal de Água e Esgoto de Ribeirão Claro;72.11;;Serviço Autônomo Municipal de Água e Esgoto de Ribeirão Claro
1701051;69.36;0.0;0.0;100.0;0.66;90.78;38.89;134.65;Hidro Forte Administração e Operação S/A;;;
3104007;98.32;0.0;98.32;0.0;0.97;88.33;28.58;179.94;Companhia de Saneamento de Minas Gerais;88.84;96.48;Companhia de Saneamento de Minas Gerais
5205000;;;;;;83.1;22.25;152.79;Saneamento de Goiás S/A;;;
2207900;70.05;20.01;0.0;100.0;0.9;;;;;;;
4203808;79.58;0.0;79.58;0.0;0.25;79.96;41.74;126.99;Companhia Catarinense de Águas e Saneamento;21.23;19.14;Companhia Catarinense de Águas e Saneamento
5106216;63.29;0.0;0.0;100.0;0.31;49.27;28.33;199.8;Prefeitura Municipal de Nova Canaã do Norte;;;
2907806;67.68;97.45;0.0;100.0;0.79;77.97;28.33;107.75;Empresa Baiana de Águas e Saneamento S.A.;63.73;;Empresa Baiana de Águas e Saneamento S.A. | Prefeitura Municipal de Cícero Dantas
1500909;100.0;100.0;0.0;100.0;1.74;5.43;50.27;96.82;Companhia de Saneamento do Pará;;;
2600708;100.0;100.0;0.0;0.0;0.56;75.67;36.83;135.65;Companhia Pernambucana de Saneamento;;;
5106208;71.24;0.0;0.0;100.0;1.73;76.51;17.04;131.31;Serviço Autônomo de Água e Esgoto;;;
2510501;68.05;24.11;0.0;0.0;0.26;42.3;14.33;123.82;Companhia de Águas e Esgotos da Paraíba;;;
2102804;69.45;0.0;0.0;100.0;0.69;80.39;70.07;74.0;Serviço Autônomo de Água e Esgoto;;;
5000609;94.96;85.73;61.79;0.0;0.77;64.01;35.42;159.67;Empresa de Saneamento de Mato Grosso do Sul S/A;40.98;38.66;Empresa de Saneamento de Mato Grosso do Sul S/A
3161601;95.15;91.06;42.97;0.0;1.01;90.55;25.0;414.34;Prefeitura Municipal de São Geraldo Da Piedade;42.97;;Prefeitura Municipal de São Geraldo Da Piedade
4113734;74.48;0.0;74.48;0.0;0.54;75.9;21.97;162.22;Companhia de Saneamento do Paraná S.A.;;;
4309902;56.52;0.0;0.0;0.0;0.33;56.52;38.0;165.64;Companhia Riograndense de Saneamento;;;
3520103;98.62;50.2;0.0;13.75;0.78;97.24;25.92;194.92;"IGARAPAVA SANEAMENTO SA; Companhia de Saneamento Básico do Estado de São Paulo";97.23;85.06;IGARAPAVA SANEAMENTO SA | Companhia de Saneamento Básico do Estado de São Paulo
1100288;83.79;0.0;9.43;0.0;0.59;84.15;28.94;163.2;Águas de Rolim de Moura Saneamento SPE LTDA;8.26;;Águas de Rolim de Moura Saneamento SPE LTDA
5204854;81.88;0.0;0.0;0.0;0.37;83.7;18.19;144.86;Saneamento de Goiás S/A;;;
4121901;99.09;91.82;0.0;0.0;1.56;93.55;29.29;148.45;Companhia de Saneamento do Paraná S.A.;76.78;63.09;Companhia de Saneamento do Paraná S.A.
4220000;100.0;100.0;0.0;0.0;0.98;81.14;7.09;585.81;Serviço Autônomo Municipal de Água e Esgoto Balneário Rincão;;;
3120706;82.88;0.0;0.0;100.0;0.99;83.99;8.64;219.44;Companhia de Saneamento de Minas Gerais;82.88;;Prefeitura Municipal de Cruzeiro da Fortaleza
5106190;63.01;0.0;0.0;0.0;0.85;63.01;21.57;364.05;Prefeitura Municipal de Nova Santa Helena;;;
2502300;63.29;47.02;0.0;0.0;0.26;31.08;22.03;155.88;Companhia de Águas e Esgotos da Paraíba;33.76;;Companhia de Águas e Esgotos da Paraíba | Prefeitura Municipal de Bom Sucesso
3536570;100.0;100.0;100.0;0.0;1.34;71.58;17.19;188.9;Companhia de Saneamento Básico do Estado de São Paulo;68.87;58.89;Companhia de Saneamento Básico do Estado de São Paulo
3153400;78.84;59.2;0.0;100.0;0.36;75.81;4.67;176.59;Companhia de Saneamento de Minas Gerais;89.77;;Prefeitura Municipal de Presidente Olegário
2412104;75.33;0.0;0.0;100.0;0.43;85.37;51.57;128.98;Companhia de Águas e Esgotos do Rio Grande do Norte;29.36;;Prefeitura Municipal de São João do Sabugi
3511904;94.84;0.0;94.84;0.0;0.45;98.35;63.57;498.27;Prefeitura Municipal de Clementina;98.35;;Prefeitura Municipal de Clementina
4301057;100.0;100.0;0.0;0.0;1.44;96.13;19.28;236.78;Companhia Riograndense de Saneamento;;;
4113700;99.16;70.0;97.19;0.0;0.73;97.57;29.61;214.35;Companhia de Saneamento do Paraná S.A.;97.26;97.14;Companhia de Saneamento do Paraná S.A.
1100262;29.84;0.0;0.0;0.0;0.23;18.17;60.14;153.81;Companhia de Águas e Esgotos do Estado de Rondônia;;;
4317400;100.0;100.0;92.13;0.0;0.86;89.29;47.45;142.87;Companhia Riograndense de Saneamento;5.76;;Município de Santiago
1701002;79.72;18.93;0.0;100.0;1.0;;;;;;;
3136900;96.4;91.66;0.0;0.0;0.66;55.82;12.95;189.77;Companhia de Saneamento de Minas Gerais;54.62;0.0;Prefeitura Municipal de Juruaia
2110807;;;;;;0.0;17.67;;Companhia de Saneamento Ambiental do Maranhão;;;
4211801;65.1;14.19;0.0;0.0;0.97;75.19;18.96;145.64;Serviço Intermunicipal de Água e Esgoto;30.76;;Serviço Intermunicipal de Água e Esgoto
1100254;64.06;0.0;64.06;0.0;0.44;60.65;38.03;142.84;Companhia de Águas e Esgotos do Estado de Rondônia;12.73;9.2;Companhia de Águas e Esgotos do Estado de Rondônia
2200053;23.91;0.0;0.0;100.0;0.22;;;;;;;
4105508;94.98;40.0;91.64;0.0;0.64;93.09;20.04;170.9;Companhia de Saneamento do Paraná S.A.;68.65;60.24;Companhia de Saneamento do Paraná S.A.
2916302;;;;;;79.23;18.96;103.88;Empresa Baiana de Águas e Saneamento S.A.;;;
4309209;96.07;0.0;42.96;0.0;1.49;94.16;53.2;121.61;Companhia Riograndense de Saneamento;49.3;40.96;Companhia Riograndense de Saneamento
2703205;81.36;76.39;0.0;0.0;0.93;63.92;90.19;59.45;"Companhia de Saneamento de Alagoas; Águas do Sertão";;;
3145059;100.0;100.0;0.0;0.0;0.58;100.0;67.21;155.8;Companhia de Saneamento de Minas Gerais;28.26;41.05;Companhia de Saneamento de Minas Gerais
2412203;65.21;0.0;0.0;0.0;0.49;48.0;37.73;128.46;Companhia de Águas e Esgotos do Rio Grande do Norte;5.28;4.07;Companhia de Águas e Esgotos do Rio Grande do Norte
4317509;98.0;62.26;93.1;0.0;0.6;92.25;44.56;159.36;Companhia Riograndense de Saneamento;33.27;26.32;Companhia Riograndense de Saneamento
3128709;95.07;0.0;95.07;0.0;0.66;87.75;20.93;178.17;Companhia de Saneamento de Minas Gerais;82.29;0.0;Companhia de Saneamento de Minas Gerais
3112109;100.0;100.0;0.0;0.0;0.53;34.99;;136.62;Companhia de Saneamento de Minas Gerais;100.0;;Prefeitura Municipal de Caparaó
3544707;100.0;100.0;79.4;0.0;1.28;92.66;22.02;160.81;Companhia de Saneamento Básico do Estado de São Paulo;90.67;78.76;Companhia de Saneamento Básico do Estado de São Paulo
3512001;95.29;1.77;95.29;0.0;1.09;;;;;;;
4203600;100.0;100.0;0.0;0.0;0.64;90.04;35.71;151.22;Serviço Autônomo Municipal de Água e Esgoto;69.97;75.33;Serviço Autônomo Municipal de Água e Esgoto
2208205;;;;;;;;;;;;
4211900;100.0;100.0;28.46;0.0;0.92;;;70.89;"Águas de Palhoça; Prefeitura Municipal de Palhoça";23.39;;Águas de Palhoça | Prefeitura Municipal de Palhoça
3536901;62.32;0.0;42.13;0.0;0.43;72.75;9.09;189.06;Companhia de Saneamento Básico do Estado de São Paulo;72.51;62.59;Companhia de Saneamento Básico do Estado de São Paulo
2102606;;;;;;13.1;73.0;114.11;Companhia de Saneamento Ambiental do Maranhão;;;
2510808;100.0;100.0;0.0;0.0;0.86;82.25;34.82;150.95;Companhia de Águas e Esgotos da Paraíba;26.83;;Companhia de Águas e Esgotos da Paraíba
1500958;73.19;56.26;0.0;100.0;0.39;;;;;;;
2110906;;;;;;29.97;71.77;127.34;Companhia de Saneamento Ambiental do Maranhão;;;
2307106;77.44;64.1;0.0;100.0;0.45;61.17;11.05;176.95;"Sistema Integrado de Saneamento Rural da Bacia Hidrográfica do Salgado; Serviço Autônomo de Água e Esgoto de Jardim";28.09;;Serviço Autônomo de Água e Esgoto de Jardim
4121703;67.8;7.62;32.19;0.0;0.85;70.95;20.34;149.08;Companhia de Saneamento do Paraná S.A.;64.52;52.6;Companhia de Saneamento do Paraná S.A.
5106000;84.2;0.0;0.0;100.0;0.82;84.2;51.11;161.21;Águas de Nortelândia Ltda;;;
4211892;44.88;0.0;0.0;0.0;0.33;46.95;30.34;116.79;Companhia Catarinense de Águas e Saneamento;;;
1100346;64.86;14.13;0.0;48.57;0.69;57.14;11.99;221.65;Serviço Autônomo de Água e Esgoto;49.61;;Serviço Autônomo de Água e Esgoto
4301008;100.0;100.0;44.46;0.0;0.83;73.31;27.25;154.44;Companhia Riograndense de Saneamento;;;
2801306;69.38;0.0;0.0;0.0;3.16;76.34;55.37;175.56;Serviço Autônomo de Águas e Esgotos;;;
5204904;84.89;0.0;0.0;100.0;1.15;88.97;39.6;135.56;Saneamento de Goiás S/A;88.97;65.45;Saneamento de Goiás S/A
2916401;97.01;0.0;0.0;100.0;0.68;100.0;31.98;185.3;Serviço Autônomo de Água e Esgoto;98.69;;Serviço Autônomo de Água e Esgoto
4309308;100.0;100.0;0.0;0.0;1.49;97.5;36.33;273.17;Companhia Riograndense de Saneamento;37.2;29.56;Companhia Riograndense de Saneamento
3120508;100.0;100.0;82.39;0.0;0.35;89.55;8.33;301.46;Prefeitura Municipal de Cristina;89.55;;Prefeitura Municipal de Cristina
3161650;74.58;0.0;0.0;100.0;0.78;76.38;7.73;344.9;Prefeitura Municipal de São Geraldo do Baixio;74.58;;Prefeitura Municipal de São Geraldo do Baixio
1100338;57.85;0.0;0.0;100.0;0.31;13.29;30.46;138.19;Companhia de Águas e Esgotos do Estado de Rondônia;;;
2404002;100.0;100.0;0.0;100.0;0.78;68.61;31.56;116.23;Companhia de Águas e Esgotos do Rio Grande do Norte;;;
4203709;100.0;100.0;0.0;0.0;0.58;74.29;33.2;207.57;Serviço Municipal de Água, Infra-Estrutura e Saneamento de Canelinha;;;
3103900;93.83;56.62;0.0;100.0;0.76;85.77;26.66;158.22;SANARJ Concessionária de Saneamento Básico;85.77;75.36;SANARJ Concessionária de Saneamento Básico
2208304;100.0;100.0;0.0;100.0;0.94;;;;;;;
4211876;26.56;0.0;0.0;0.0;0.21;26.56;5.0;173.52;Prefeitura Municipal de Paial;;;
3528700;99.83;99.72;39.33;0.0;0.68;44.82;3.29;196.98;Companhia de Saneamento Básico do Estado de São Paulo;43.09;40.83;Companhia de Saneamento Básico do Estado de São Paulo
2502607;42.63;0.0;0.0;0.0;0.54;63.22;28.5;163.81;Companhia de Águas e Esgotos da Paraíba;;;
2608909;76.47;60.47;33.83;0.0;0.54;73.83;20.24;130.88;Companhia Pernambucana de Saneamento;;;
5106109;62.78;36.73;0.0;100.0;0.68;45.46;52.58;86.33;Prefeitura Municipal de Nossa Senhora do Livramento;;;
2102705;67.99;0.0;0.0;40.0;0.52;26.12;52.18;137.57;Companhia de Saneamento Ambiental do Maranhão;;;
1500800;99.69;0.0;6.53;0.0;0.98;39.39;26.4;205.67;Companhia de Saneamento do Pará;37.27;17.65;Prefeitura Municipal de Ananindeua | Companhia de Saneamento do Pará
2510907;80.23;55.51;0.0;0.0;0.54;45.87;41.46;165.96;Companhia de Águas e Esgotos da Paraíba;;;
1100320;55.29;0.0;0.0;0.0;0.4;25.28;22.41;143.92;Companhia de Águas e Esgotos do Estado de Rondônia;;;
3201308;99.02;15.01;1.76;0.0;0.81;80.95;24.62;169.07;Companhia Espírito-santense de Saneamento;43.64;41.72;Companhia Espírito-santense de Saneamento
2908200;66.55;0.0;0.0;0.0;1.01;73.55;29.39;157.11;Empresa Baiana de Águas e Saneamento S.A.;1.27;1.63;Empresa Baiana de Águas e Saneamento S.A.
4301107;93.82;79.62;0.0;0.0;2.55;90.62;37.3;155.02;Companhia Riograndense de Saneamento;;;
3169802;;;;;;66.48;23.33;182.44;Companhia de Saneamento de Minas Gerais;;;
3136959;75.9;0.0;0.0;100.0;0.43;66.3;27.83;162.43;Companhia de Saneamento de Minas Gerais;11.13;49.0;Companhia de Saneamento de Minas Gerais
4113502;100.0;100.0;100.0;0.0;1.45;92.97;22.25;178.89;Companhia de Saneamento do Paraná S.A.;90.65;79.52;Companhia de Saneamento do Paraná S.A.
5220454;99.86;79.95;68.76;0.0;1.64;99.31;50.5;155.09;Sistema Municipal de Saneamento de Senador Canedo;5.49;3.68;Sistema Municipal de Saneamento de Senador Canedo
2931400;100.0;100.0;0.0;0.0;0.75;81.62;12.72;128.88;Empresa Baiana de Águas e Saneamento S.A.;;;
3520509;100.0;100.0;100.0;0.0;1.59;95.09;38.95;208.24;Serviço Autônomo de Água e Esgotos;94.41;94.81;Serviço Autônomo de Água e Esgotos
1100304;94.23;4.25;0.0;0.0;0.64;95.83;67.38;207.25;Serviço Autônomo de Águas e Esgotos;;;
2200103;77.64;0.0;0.0;0.0;0.54;;;;;;;
2110856;100.0;100.0;0.0;100.0;1.65;37.45;76.48;153.58;Companhia de Saneamento Ambiental do Maranhão;;;
4211850;48.52;0.0;0.0;0.0;0.37;46.53;50.74;125.81;Companhia Catarinense de Águas e Saneamento;;;
3503901;97.02;0.0;97.02;0.0;0.77;100.0;25.6;177.4;Companhia de Saneamento Básico do Estado de São Paulo;80.62;65.16;Companhia de Saneamento Básico do Estado de São Paulo
1100296;45.7;13.57;0.0;0.0;0.54;43.89;32.93;135.11;Companhia de Águas e Esgotos do Estado de Rondônia;;;
2923209;70.5;50.77;70.5;100.0;0.69;;;;;;;
2931509;;;;;;99.98;24.57;97.22;Empresa Baiana de Águas e Saneamento S.A.;;;
2608750;100.0;100.0;0.0;4.82;0.42;59.19;59.59;150.36;Companhia Pernambucana de Saneamento;76.73;;Companhia Pernambucana de Saneamento | Prefeitura Municipal de Lagoa Grande
4105300;81.05;29.03;74.66;0.0;0.71;82.37;33.2;158.23;Companhia de Saneamento do Paraná S.A.;81.87;73.37;Companhia de Saneamento do Paraná S.A.
2502706;82.27;0.0;0.0;0.0;0.71;75.63;60.4;172.03;Prefeitura Municipal de Borborema;;;
2110203;;;;;;0.0;40.0;;Companhia de Saneamento Ambiental do Maranhão;;;
5212253;;;;;;73.98;14.25;249.45;Saneamento de Goiás S/A;73.98;;Saneamento de Goiás S/A
4113601;92.33;0.0;63.92;0.0;0.5;92.33;5.66;100.99;Serviço Autônomo Municipal de Água e Esgoto;92.33;;Serviço Autônomo Municipal de Água e Esgoto
4309258;52.5;0.0;52.5;0.0;0.57;87.17;10.42;101.65;Prefeitura Municipal de Guabiju;;;
1100155;79.05;0.0;0.0;0.0;0.62;61.92;31.67;143.35;Companhia de Águas e Esgotos do Estado de Rondônia;;;
3145109;100.0;100.0;0.0;0.0;1.46;61.22;25.56;159.9;Companhia de Saneamento de Minas Gerais;46.69;43.07;Companhia de Saneamento de Minas Gerais
4317301;100.0;100.0;0.0;100.0;0.93;79.54;37.96;126.55;Companhia Riograndense de Saneamento;;;
3512308;91.02;74.83;0.0;0.0;0.52;98.3;14.26;161.27;Companhia de Saneamento Básico do Estado de São Paulo;68.58;62.87;Companhia de Saneamento Básico do Estado de São Paulo
4309126;100.0;100.0;0.0;0.0;1.11;100.0;30.0;365.58;Prefeitura Municipal de Gramado Dos Loureiros;;;
4301073;100.0;100.0;0.0;0.0;0.35;30.22;68.33;407.31;Prefeitura Municipal de Arroio do Padre;;;
2412500;100.0;100.0;0.0;100.0;2.36;43.7;46.96;122.31;Companhia de Águas e Esgotos do Rio Grande do Norte;;;
1100148;52.84;22.67;0.0;0.0;0.27;39.42;35.04;224.04;Serviço Autônomo de Água e Esgoto de Nova Brasilândia D'Oeste;8.85;6.52;Serviço Autônomo de Água e Esgoto de Nova Brasilândia D'Oeste
5204201;99.01;94.8;0.0;0.0;1.22;81.04;98.33;4.98;Prefeitura Municipal de Cachoeira de Goiás;;;
2916203;;;;;;92.56;24.43;90.0;Empresa Baiana de Águas e Saneamento S.A.;;;
3112406;87.24;0.0;76.41;0.0;0.36;79.96;19.42;190.31;Companhia de Saneamento de Minas Gerais;7.04;;Companhia de Saneamento de Minas Gerais
2306900;71.3;7.35;0.0;100.0;1.09;81.53;32.39;201.05;"Serviço Autônomo de Água e Esgoto; Sistema Integrado de Saneamento Rural da Bacia Hidrográfica do Baixo e Médio Jaguaribe";47.12;35.81;Serviço Autônomo de Água e Esgoto
4212205;67.97;0.0;71.19;0.0;0.35;67.97;54.98;107.03;Serviço Autônomo Municipal de Água e Esgoto;;;
4105409;77.72;25.01;70.29;0.0;0.42;73.14;22.49;162.83;Companhia de Saneamento do Paraná S.A.;64.1;54.36;Companhia de Saneamento do Paraná S.A.
2923308;;;;;;46.06;35.42;189.66;Empresa Baiana de Águas e Saneamento S.A.;;;
4121752;61.21;0.0;0.0;0.0;0.53;63.5;21.82;129.72;Companhia de Saneamento do Paraná S.A.;55.19;42.73;Companhia de Saneamento do Paraná S.A.
4309100;100.0;100.0;96.43;0.0;0.95;81.28;46.56;305.73;Companhia Riograndense de Saneamento;39.5;30.01;Companhia Riograndense de Saneamento
2404309;;;;;;48.12;43.25;107.99;Companhia de Águas e Esgotos do Rio Grande do Norte;;;
2102002;70.52;57.7;0.0;100.0;0.34;32.26;80.18;101.95;Companhia de Saneamento Ambiental do Maranhão;;;
3552908;100.0;100.0;100.0;0.0;0.51;98.5;22.42;148.63;Companhia de Saneamento Básico do Estado de São Paulo;93.64;80.99;Companhia de Saneamento Básico do Estado de São Paulo
2412609;100.0;100.0;0.0;0.0;1.04;83.21;27.78;94.23;Companhia de Águas e Esgotos do Rio Grande do Norte;16.29;13.1;Companhia de Águas e Esgotos do Rio Grande do Norte
1100130;52.84;0.0;0.0;0.0;0.29;42.3;57.71;136.41;Companhia de Águas e Esgotos do Estado de Rondônia;;;
1500859;;;;;;;;;;;;
2208106;48.75;12.51;0.0;100.0;0.43;;;;;;;
5007976;78.23;10.96;75.55;0.0;0.32;74.8;19.51;196.02;Empresa de Saneamento de Mato Grosso do Sul S/A;;;
2307007;57.45;0.0;0.0;100.0;0.87;80.21;48.74;146.32;"Sistema Integrado de Saneamento Rural da Bacia Hidrográfica do Baixo e Médio Jaguaribe; Companhia de Água e Esgoto do Ceará";;;
3104205;95.39;0.0;66.67;0.0;0.62;87.51;35.31;199.64;Companhia de Saneamento de Minas Gerais;;;
2510709;49.53;0.0;0.0;0.0;0.39;47.07;55.92;140.46;Companhia de Águas e Esgotos da Paraíba;;;
4204004;90.86;17.08;0.0;0.0;0.6;89.06;29.15;129.31;Companhia Catarinense de Águas e Saneamento;63.45;58.47;Companhia Catarinense de Águas e Saneamento
1100122;90.87;0.0;0.0;16.67;0.64;65.88;37.94;155.21;Companhia de Águas e Esgotos do Estado de Rondônia;1.05;0.85;Companhia de Águas e Esgotos do Estado de Rondônia
3112505;95.5;0.0;0.0;0.0;0.78;82.68;33.31;188.01;Companhia de Saneamento de Minas Gerais;23.23;54.34;Companhia de Saneamento de Minas Gerais
2908002;;;;;;89.36;22.3;113.09;Empresa Baiana de Águas e Saneamento S.A.;;;
1100114;61.89;0.0;0.0;0.0;0.85;;54.64;99.87;"Companhia de Águas e Esgotos do Estado de Rondônia; Águas de Jaru";;;
5220504;88.67;39.24;0.0;100.0;0.66;81.28;18.7;175.65;Saneamento de Goiás S/A;;;
4122107;85.32;48.42;71.55;0.0;0.44;74.37;33.02;173.51;Companhia de Saneamento do Paraná S.A.;;;
3201100;47.38;0.0;0.0;0.0;0.77;94.4;27.31;158.52;Companhia Espírito-santense de Saneamento;82.85;59.4;Companhia Espírito-santense de Saneamento
4300901;;;;;;47.27;22.94;180.57;Companhia Riograndense de Saneamento;;;
2404408;100.0;100.0;0.0;100.0;0.41;71.12;74.78;117.99;Companhia de Águas e Esgotos do Rio Grande do Norte;;;
1100106;80.58;0.0;0.0;72.09;2.7;40.87;57.41;125.07;Companhia de Águas e Esgotos do Estado de Rondônia;7.18;4.33;Companhia de Águas e Esgotos do Estado de Rondônia
3503703;96.79;0.0;0.0;0.0;1.07;96.79;20.0;159.77;Prefeitura Municipal de Ariranha;96.79;;Prefeitura Municipal de Ariranha
2110278;39.77;0.0;0.0;0.0;0.24;;;;;;;
2702553;47.9;36.61;0.0;0.0;0.36;39.62;46.14;91.21;Companhia de Saneamento de Alagoas;;;
2801702;77.68;0.0;77.68;0.0;1.02;99.26;60.07;79.48;Companhia de Saneamento de Sergipe;;;
2101970;81.17;0.0;0.0;100.0;0.71;78.67;91.11;159.61;Prefeitura Municipal de Boa Vista do Gurupi;;;
3144409;100.0;100.0;0.0;0.0;0.44;57.79;19.69;196.94;Companhia de Saneamento de Minas Gerais;41.85;0.0;Companhia de Saneamento de Minas Gerais
2502508;86.77;49.9;0.0;0.0;0.75;43.65;38.42;150.71;Companhia de Águas e Esgotos da Paraíba;57.84;0.0;Prefeitura Municipal de Boqueirão | Companhia de Águas e Esgotos da Paraíba
5007950;35.42;0.0;35.42;0.0;0.18;35.07;7.74;162.37;Empresa de Saneamento de Mato Grosso do Sul S/A;31.99;38.62;Empresa de Saneamento de Mato Grosso do Sul S/A
3169703;99.52;97.33;0.0;100.0;1.03;90.03;9.58;134.71;"COPASA Serviços de Saneamento Integrado do Norte e Nordeste de Minas Gerais S/A; Companhia de Saneamento de Minas Gerais";67.33;58.86;Companhia de Saneamento de Minas Gerais | COPASA Serviços de Saneamento Integrado do Norte e Nordeste de Minas Gerais S/A
3104304;100.0;100.0;0.0;100.0;0.85;88.74;20.89;168.91;Companhia de Saneamento de Minas Gerais;;;
2608800;90.94;73.94;0.0;0.0;0.34;87.73;33.63;117.91;Companhia Pernambucana de Saneamento;70.0;;Companhia Pernambucana de Saneamento | Prefeitura Municipal de Lajedo
2908101;;;;;;53.58;50.03;136.83;Serviço Autono de Água e Esgoto;;;
3201209;86.49;0.0;0.0;0.0;1.16;95.48;23.83;154.55;BRK Ambiental - Cachoeiro de Itapemirim S.A.;91.96;82.03;BRK Ambiental - Cachoeiro de Itapemirim S.A.
5212303;100.0;100.0;0.0;0.0;0.39;;;;;;;
4113908;73.23;31.7;73.23;0.0;0.46;68.28;16.57;129.88;Companhia de Saneamento do Paraná S.A.;31.38;26.86;Companhia de Saneamento do Paraná S.A.
2931301;98.3;93.33;0.0;100.0;1.31;76.63;10.77;76.98;Empresa Baiana de Águas e Saneamento S.A.;45.04;;Empresa Baiana de Águas e Saneamento S.A. | Prefeitura Municipal de Tapiramutá
2412559;;;;;;7.84;31.51;128.09;Companhia de Águas e Esgotos do Rio Grande do Norte;;;
4300877;100.0;100.0;0.0;0.0;0.79;;;;;;;
4212270;100.0;100.0;0.0;0.0;0.46;44.1;35.04;122.23;Companhia Catarinense de Águas e Saneamento;;;
2102077;31.42;22.42;0.0;100.0;0.66;84.58;10.0;86.39;Prefeitura Municipal de Bom Lugar;;;
1100205;79.89;0.0;28.3;0.0;0.75;30.74;41.69;198.23;Companhia de Águas e Esgotos do Estado de Rondônia;8.69;0.64;Companhia de Águas e Esgotos do Estado de Rondônia
3136207;99.92;0.0;99.92;0.0;1.34;99.92;30.26;174.04;Departamento Municipal de Águas e Esgotos;100.0;;Departamento Municipal de Águas e Esgotos
2600609;80.81;63.56;0.0;0.0;0.38;50.13;28.12;164.39;Companhia Pernambucana de Saneamento;60.08;;Companhia Pernambucana de Saneamento | Prefeitura Municipal de Alagoinha
3144508;96.97;84.64;80.29;0.0;0.41;65.86;13.85;190.39;Companhia de Saneamento de Minas Gerais;80.29;;Prefeitura Municipal de Nazareno
3503802;100.0;100.0;0.0;0.0;1.02;91.16;25.7;168.52;Serviço de Água e Esgoto de Artur Nogueira;89.94;;Serviço de Água e Esgoto de Artur Nogueira
5204250;93.01;0.0;0.0;49.81;0.94;69.54;27.7;169.73;Saneamento de Goiás S/A;62.45;;Saneamento de Goiás S/A
4309159;75.0;70.45;75.0;10.53;0.43;43.77;8.3;184.08;Prefeitura Municipal de Gramado Xavier;;;
2110237;;;;;;;;;;;;
4212254;;;;;;100.0;35.21;145.05;Companhia Catarinense de Águas e Saneamento;;;
3161502;87.29;30.0;0.0;0.0;0.57;71.33;31.73;163.99;Companhia de Saneamento de Minas Gerais;81.84;;Prefeitura Municipal de São Geraldo
1100189;79.38;0.0;46.09;0.0;0.65;81.84;17.95;199.16;Águas de Pimenta Bueno Saneamento SPE LTDA;;;
1717800;51.22;15.56;0.0;100.0;0.31;54.09;49.36;160.07;Hidro Forte Administração e Operação S/A;;;
2923100;77.97;55.29;0.0;100.0;0.63;50.28;25.33;139.57;Empresa Baiana de Águas e Saneamento S.A.;;;
2306306;100.0;100.0;0.0;100.0;0.73;78.38;18.52;158.03;"Serviço Autônomo de Água e Esgoto; Sistema Integrado de Saneamento Rural da Bacia do Curú e Letora";60.44;;Serviço Autônomo de Água e Esgoto
2609154;89.67;86.57;0.0;0.0;0.88;30.86;41.56;114.39;Companhia Pernambucana de Saneamento;;;
1701309;48.02;0.0;0.0;0.0;0.27;43.13;53.86;121.11;Agência Tocantinense de Saneamento;;;
4212239;89.12;80.94;0.0;0.0;0.34;41.38;40.19;114.45;Companhia Catarinense de Águas e Saneamento;;;
4105706;89.72;0.0;89.72;0.0;0.72;90.85;26.08;154.93;Companhia de Saneamento do Paraná S.A.;89.82;84.49;Companhia de Saneamento do Paraná S.A.
3112307;96.44;80.0;0.0;100.0;0.42;79.65;14.02;148.84;"COPASA Serviços de Saneamento Integrado do Norte e Nordeste de Minas Gerais S/A; Companhia de Saneamento de Minas Gerais";69.49;0.0;COPASA Serviços de Saneamento Integrado do Norte e Nordeste de Minas Gerais S/A | Companhia de Saneamento de Minas Gerais
2412401;100.0;100.0;0.0;100.0;1.11;58.48;1.03;109.4;Companhia de Águas e Esgotos do Rio Grande do Norte;60.79;51.92;Companhia de Águas e Esgotos do Rio Grande do Norte
5204102;82.03;16.49;0.0;100.0;1.86;84.57;29.94;160.79;Saneamento de Goiás S/A;58.07;;Saneamento de Goiás S/A | Prefeitura Municipal de Cachoeira Alta
4122172;64.94;24.62;22.47;0.0;0.35;58.13;14.35;214.53;Companhia de Saneamento do Paraná S.A.;;;
3201159;100.0;100.0;0.0;0.0;1.64;19.85;19.75;158.33;Companhia Espírito-santense de Saneamento;;;
3136306;100.0;100.0;0.0;100.0;0.65;73.9;21.92;167.03;Companhia de Saneamento de Minas Gerais;70.67;74.53;Companhia de Saneamento de Minas Gerais
2102036;67.59;11.8;0.0;100.0;0.69;45.61;61.95;152.16;Hidro Forte Administração e Operação S/A;;;
3153301;94.48;78.81;0.0;100.0;0.53;92.04;20.52;180.87;Prefeitura Municipal de Presidente Kubitschek;79.36;;Prefeitura Municipal de Presidente Kubitschek
2801504;100.0;100.0;0.0;0.0;0.69;96.66;85.13;153.53;Serviço Autônomo de Água e Esgoto;;;
5008008;55.4;0.0;55.4;0.0;0.4;54.85;47.83;205.23;Empresa de Saneamento de Mato Grosso do Sul S/A;30.06;25.72;Empresa de Saneamento de Mato Grosso do Sul S/A
3169000;93.95;59.98;0.0;0.0;2.4;81.57;23.58;409.54;Serviço Autônomo de Água e Esgoto de Tocantins;;;
4122156;49.18;19.84;49.18;0.0;0.25;38.66;19.57;175.48;Companhia de Saneamento do Paraná S.A.;;;
2702603;;;;;;28.96;67.99;136.08;"Companhia de Saneamento de Alagoas; Águas do Sertão";;;
2404200;100.0;100.0;0.0;100.0;0.33;66.37;63.65;121.06;Companhia de Águas e Esgotos do Rio Grande do Norte;25.03;22.11;Companhia de Águas e Esgotos do Rio Grande do Norte
4203907;87.24;0.0;0.0;0.0;0.79;81.09;23.51;167.29;Serviço Intermunicipal de Água e Esgoto;9.96;;Serviço Intermunicipal de Água e Esgoto
4309506;100.0;100.0;66.15;0.0;0.46;60.66;23.0;176.34;Companhia Riograndense de Saneamento;;;
3104106;100.0;100.0;0.0;100.0;0.99;92.59;16.55;189.32;Companhia de Saneamento de Minas Gerais;91.92;85.99;Companhia de Saneamento de Minas Gerais
3128105;68.47;55.49;0.0;0.0;0.57;85.97;41.0;207.9;Serviço Autônomo de Água e Esgoto;65.34;0.0;Serviço Autônomo de Água e Esgoto
2306256;100.0;100.0;0.0;66.15;1.15;64.78;51.71;196.88;Companhia de Água e Esgoto do Ceará;1.89;;Companhia de Água e Esgoto do Ceará
2609105;78.46;70.97;0.0;0.0;0.5;73.39;50.4;133.9;Companhia Pernambucana de Saneamento;;;
3553302;87.63;0.0;0.0;0.0;0.34;;;;;;;
2801603;90.84;33.06;0.0;0.0;2.05;98.34;56.95;126.96;Companhia de Saneamento de Sergipe;100.0;;Prefeitura Municipal de Cedro de São João
1501253;60.02;33.39;0.0;100.0;1.12;;;;;;;
3160801;100.0;100.0;0.0;0.0;0.85;92.64;9.28;145.44;Companhia de Saneamento de Minas Gerais;92.12;;Prefeitura Municipal de São Bento Abade
2931350;100.0;100.0;0.0;100.0;1.66;96.0;24.45;95.15;Empresa Baiana de Águas e Saneamento S.A.;64.68;54.43;Empresa Baiana de Águas e Saneamento S.A.
3201506;82.97;0.0;82.97;0.0;1.26;89.34;40.35;188.68;Serviço Colatinense de Meio Ambiente e Saneamento Ambiental;80.18;10.28;Serviço Colatinense de Meio Ambiente e Saneamento Ambiental
4301305;100.0;100.0;100.0;0.0;0.91;87.97;5.96;127.79;Companhia Riograndense de Saneamento;4.0;;Companhia Riograndense de Saneamento
2110039;66.75;10.04;0.0;100.0;0.25;5.49;86.84;144.95;Companhia de Saneamento Ambiental do Maranhão;;;
4212056;46.89;0.0;0.0;0.0;0.51;51.14;35.39;138.67;Companhia Catarinense de Águas e Saneamento;;;
3504107;100.0;100.0;100.0;0.0;0.92;84.4;36.27;233.06;Saneamento Ambiental de Atibaia;61.02;50.66;Saneamento Ambiental de Atibaia
3536802;100.0;100.0;27.05;0.0;0.5;24.77;3.28;248.18;Companhia de Saneamento Básico do Estado de São Paulo;21.45;15.4;Companhia de Saneamento Básico do Estado de São Paulo
3144300;100.0;100.0;0.0;100.0;1.53;95.26;24.78;151.01;Águas de Nanuque;80.21;22.64;Águas de Nanuque
5105259;96.21;0.0;96.21;0.0;1.38;100.0;26.73;224.37;Serviço Autônomo de Água e Esgoto;44.26;;Serviço Autônomo de Água e Esgoto
3119906;95.48;95.24;0.0;0.0;0.47;62.36;22.64;195.82;Prefeitura Municipal de Córrego do Bom Jesus;54.19;;Prefeitura Municipal de Córrego do Bom Jesus
3545100;91.85;0.0;0.0;0.0;1.84;99.49;14.9;163.51;Companhia de Saneamento Básico do Estado de São Paulo;98.57;89.53;Companhia de Saneamento Básico do Estado de São Paulo
2600906;81.21;11.59;0.0;0.0;3.82;77.2;45.64;192.41;Serviço Autônomo de Água e Esgoto;;;
3520442;88.66;0.0;88.66;0.0;1.0;99.77;31.94;281.46;Prefeitura Municipal de Ilha Solteira;88.66;;Prefeitura Municipal de Ilha Solteira
2931707;100.0;100.0;0.0;55.56;0.67;89.56;24.38;90.06;Empresa Baiana de Águas e Saneamento S.A.;;;
2609204;100.0;100.0;0.0;0.0;0.79;44.19;46.85;113.7;Companhia Pernambucana de Saneamento;;;
3152600;100.0;100.0;0.0;0.0;0.29;54.8;76.47;212.09;Prefeitura Municipal de Pouso Alto;54.8;59.31;Prefeitura Municipal de Pouso Alto
5212709;;;;;;75.51;28.97;142.96;Saneamento de Goiás S/A;;;
3160900;85.92;0.0;0.0;0.0;0.53;82.89;22.02;201.49;Companhia de Saneamento de Minas Gerais;;;
4317756;75.28;0.0;0.0;0.0;2.6;97.8;30.1;93.96;Prefeitura Municipal de Santo Antônio do Planalto;;;
3136108;70.17;49.09;0.0;100.0;0.25;41.4;7.14;83.86;Prefeitura Municipal de Joanésia;41.4;;Prefeitura Municipal de Joanésia
3201605;83.67;0.0;0.0;0.0;1.25;81.09;29.9;170.92;Companhia Espírito-santense de Saneamento;2.32;2.54;Companhia Espírito-santense de Saneamento
3528601;100.0;100.0;87.46;0.0;0.72;86.0;26.0;189.8;Superintendência de Água e Esgoto de Manduri;87.46;;Superintendência de Água e Esgoto de Manduri
3520426;;;;;;84.25;31.79;325.44;Companhia de Saneamento Básico do Estado de São Paulo;45.68;;Companhia de Saneamento Básico do Estado de São Paulo
4309571;21.97;0.0;0.0;0.0;0.38;84.39;83.61;272.82;Prefeitura Municipal de Herveiras;;;
3169059;100.0;100.0;0.0;0.0;0.44;56.09;14.91;207.32;Prefeitura Municipal de Tocos do Moji;;;
5105234;76.69;38.9;0.0;0.0;0.12;88.74;11.09;1151.08;Prefeitura Municipal de Lambari D Oeste;;;
2207553;51.57;42.69;0.0;100.0;0.32;;;;;;;
3152709;100.0;100.0;0.0;33.33;0.88;72.52;16.76;139.83;Companhia de Saneamento de Minas Gerais;70.02;62.64;Companhia de Saneamento de Minas Gerais
1501204;80.0;57.55;0.0;100.0;1.01;60.23;80.68;77.17;Serviço Autônomo de Água e Esgoto;;;
2601003;100.0;100.0;0.0;0.0;0.93;69.51;4.26;124.95;Companhia Pernambucana de Saneamento;;;
2923506;83.19;67.35;0.0;100.0;1.48;65.69;23.57;83.94;Empresa Baiana de Águas e Saneamento S.A.;49.24;26.12;Empresa Baiana de Águas e Saneamento S.A.
4309555;;;;;;;;;;;;
3127909;100.0;100.0;84.15;0.0;0.78;73.07;14.59;210.23;Companhia de Saneamento de Minas Gerais;;;
3520400;100.0;100.0;100.0;0.0;2.43;78.41;25.27;310.23;Companhia de Saneamento Básico do Estado de São Paulo;56.21;44.92;Companhia de Saneamento Básico do Estado de São Paulo
2101939;;;;;;23.82;27.06;134.5;Companhia de Saneamento Ambiental do Maranhão;;;
4203956;89.28;0.0;0.0;0.0;0.84;100.0;41.38;141.55;Consórcio Saneamento Capivari;;;
3536109;86.82;0.0;62.04;0.0;1.02;74.13;24.43;181.96;Companhia de Saneamento Básico do Estado de São Paulo;49.67;47.21;Companhia de Saneamento Básico do Estado de São Paulo
3553104;94.07;13.01;17.39;0.0;0.61;93.18;20.35;233.65;Prefeitura Municipal de Taiaçu;93.18;84.16;Prefeitura Municipal de Taiaçu
3144375;82.74;31.88;82.74;100.0;0.56;75.1;69.1;53.13;Companhia de Saneamento de Minas Gerais;78.79;;Prefeitura Municipal de Natalândia
4113759;78.54;0.0;78.54;0.0;0.74;78.8;28.04;163.81;Companhia de Saneamento do Paraná S.A.;46.51;38.68;Companhia de Saneamento do Paraná S.A.
5000252;34.19;0.0;0.0;0.0;0.71;64.44;20.35;198.69;Empresa de Saneamento de Mato Grosso do Sul S/A;62.69;57.21;Empresa de Saneamento de Mato Grosso do Sul S/A
1709500;97.65;0.0;0.0;0.0;1.37;97.65;31.02;161.94;Companhia de Saneamento do Tocantins;65.61;59.08;Companhia de Saneamento do Tocantins
2110104;48.92;8.98;0.0;100.0;1.2;37.26;70.63;110.94;Companhia de Saneamento Ambiental do Maranhão;;;
3512209;100.0;100.0;93.11;0.0;0.99;83.87;9.12;248.93;Prefeitura Municipal de Conchal;94.1;;Prefeitura Municipal de Conchal
4317707;68.4;0.0;0.0;0.0;0.35;57.3;14.15;142.0;Companhia Riograndense de Saneamento;;;
2915601;100.0;100.0;0.0;100.0;0.78;81.77;24.85;110.17;Empresa Baiana de Águas e Saneamento S.A.;65.36;60.65;Empresa Baiana de Águas e Saneamento S.A.
2702504;40.38;0.0;0.0;0.0;0.35;40.27;80.85;75.2;"Companhia de Saneamento de Alagoas; Águas do Sertão";;;
3144359;100.0;100.0;0.0;0.0;0.51;93.03;16.94;166.57;Companhia de Saneamento de Minas Gerais;94.07;;Prefeitura Municipal de Naque
3119708;96.24;97.64;96.24;0.0;0.4;53.6;17.51;163.22;Companhia de Saneamento de Minas Gerais;54.66;;Prefeitura Municipal de Coronel Xavier Chaves
5220702;80.73;77.94;0.0;100.0;0.51;33.54;33.11;136.89;Saneamento de Goiás S/A;;;
3128006;77.92;0.0;0.0;100.0;1.5;83.64;38.82;184.1;Serviço Autônomo de Água e Esgoto;76.81;14.57;Serviço Autônomo de Água e Esgoto
4212106;61.5;0.0;0.0;0.0;0.25;63.26;34.29;134.58;Companhia Catarinense de Águas e Saneamento;;;
3544905;94.81;0.0;94.81;0.0;4.27;96.1;29.57;278.83;Prefeitura Municipal de Sales Oliveira;94.81;;Prefeitura Municipal de Sales Oliveira
3553203;79.22;0.0;0.0;0.0;0.49;79.22;25.24;197.75;Prefeitura Municipal de Taiúva;79.22;;Prefeitura Municipal de Taiúva
5008404;71.06;0.0;0.0;0.0;0.73;76.9;25.81;181.24;Empresa de Saneamento de Mato Grosso do Sul S/A;9.25;8.86;Empresa de Saneamento de Mato Grosso do Sul S/A
2207504;44.18;3.83;0.0;0.0;0.45;;;;;;;
3527900;79.7;1.79;79.33;0.0;1.0;90.29;27.98;171.79;Companhia de Saneamento Básico do Estado de São Paulo;80.51;77.66;Companhia de Saneamento Básico do Estado de São Paulo
5105309;74.1;0.0;0.0;100.0;0.34;74.1;50.0;184.51;Prefeitura Municipal de Luciara;;;
2609006;91.93;66.46;0.0;0.0;0.57;68.6;32.57;140.32;Companhia Pernambucana de Saneamento;;;
3201407;100.0;100.0;71.93;0.0;1.16;72.37;21.47;187.98;Companhia Espírito-santense de Saneamento;67.62;52.16;Companhia Espírito-santense de Saneamento
2101905;30.03;0.0;0.0;100.0;0.63;62.05;17.33;82.19;Prefeitura Municipal de Bequimão;;;
5220686;85.39;0.0;0.0;100.0;2.65;85.39;32.18;153.8;Saneamento de Goiás S/A;;;
3160702;100.0;100.0;3.69;0.0;0.45;76.6;27.51;147.8;Companhia de Saneamento de Minas Gerais;54.35;0.0;Companhia de Saneamento de Minas Gerais
4211454;42.15;0.0;42.04;0.0;0.39;42.15;35.6;114.76;Prefeitura Municipal de Nova Itaberaba;;;
2907400;;;;;;79.8;11.97;121.68;Empresa Baiana de Águas e Saneamento S.A.;;;
2510105;92.19;0.0;0.0;2.17;0.93;0.0;93.88;;Companhia de Águas e Esgotos da Paraíba;;;
4317558;41.66;0.0;0.0;0.0;1.54;;;;;;;
5212501;91.38;91.85;0.0;100.0;0.52;94.32;37.57;107.36;Saneamento de Goiás S/A;24.63;16.31;Saneamento de Goiás S/A
3119807;100.0;100.0;0.0;0.0;0.88;61.55;30.9;189.03;Companhia de Saneamento de Minas Gerais;;;
2207355;32.88;0.0;0.0;100.0;2.25;;;;;;;
1304302;71.98;52.37;0.0;100.0;0.24;85.07;45.3;136.42;Serviço Autônomo de Água e Esgoto;;;
3519709;;;;;;51.5;41.78;182.68;Companhia de Saneamento Básico do Estado de São Paulo;16.91;13.07;Companhia de Saneamento Básico do Estado de São Paulo
2600807;100.0;100.0;0.0;0.0;0.64;71.48;15.61;165.47;Companhia Pernambucana de Saneamento;;;
5000203;63.77;0.0;0.0;0.0;1.25;81.31;13.81;213.71;Empresa de Saneamento de Mato Grosso do Sul S/A;;;
1501006;100.0;100.0;0.0;100.0;0.45;35.55;23.05;61.69;Prefeitura Municipal de Aveiro;;;
3545001;100.0;100.0;64.14;0.0;0.61;69.19;21.72;136.79;Companhia de Saneamento Básico do Estado de São Paulo;56.0;42.77;Companhia de Saneamento Básico do Estado de São Paulo
4122008;42.33;0.0;42.33;0.0;0.3;44.57;28.3;156.0;Companhia de Saneamento do Paraná S.A.;43.22;42.65;Companhia de Saneamento do Paraná S.A.
3144706;100.0;100.0;100.0;0.0;0.54;66.11;84.47;50.09;Prefeitura Municipal de Nova Era;39.69;;Prefeitura Municipal de Nova Era
4219606;33.17;0.0;0.0;100.0;0.41;23.66;36.34;131.77;Companhia Catarinense de Águas e Saneamento;;;
3152501;100.0;100.0;0.0;0.0;1.84;89.59;31.29;171.61;Companhia de Saneamento de Minas Gerais;88.97;84.87;Companhia de Saneamento de Minas Gerais
4203253;65.09;38.97;37.82;0.0;0.45;47.87;37.56;114.94;Companhia Catarinense de Águas e Saneamento;28.07;16.19;Companhia Catarinense de Águas e Saneamento
2501906;;;;;;60.22;19.67;157.49;Companhia de Águas e Esgotos da Paraíba;;;
5212600;100.0;100.0;5.88;0.0;2.19;61.46;16.3;187.97;Saneamento de Goiás S/A;;;
3511508;100.0;100.0;100.0;0.0;0.88;94.73;35.85;196.52;Serviço Autônomo de Água e Esgoto de Cerquilho;94.73;;Serviço Autônomo de Água e Esgoto de Cerquilho
3519808;100.0;100.0;0.0;0.0;1.26;100.0;9.18;166.65;Companhia de Saneamento Básico do Estado de São Paulo;100.0;92.84;Companhia de Saneamento Básico do Estado de São Paulo
2915403;;;;;;82.33;17.98;102.15;Empresa Baiana de Águas e Saneamento S.A.;50.66;;Empresa Baiana de Águas e Saneamento S.A.
1501105;34.65;0.0;0.0;100.0;1.14;40.77;57.74;132.98;Prefeitura Municipal de Bagre;;;
3136504;84.4;35.38;0.0;100.0;0.55;69.98;15.29;137.12;"Companhia de Saneamento de Minas Gerais ; COPASA Serviços de Saneamento Integrado do Norte e Nordeste de Minas Gerais S/A";;;
4211405;76.02;0.0;0.0;0.0;0.33;70.51;26.07;125.24;Companhia Catarinense de Águas e Saneamento;;;
4113809;100.0;100.0;100.0;73.61;0.34;100.0;23.42;173.39;Companhia de Saneamento do Paraná S.A.;;;
4219705;100.0;100.0;93.28;0.0;0.95;73.36;41.15;125.61;Companhia Catarinense de Águas e Saneamento;;;
3144672;47.12;0.0;0.0;100.0;0.29;40.62;26.29;143.38;COPASA Serviços de Saneamento Integrado do Norte e Nordeste de Minas Gerais S/A;34.54;30.62;COPASA Serviços de Saneamento Integrado do Norte e Nordeste de Minas Gerais S/A
3552502;98.87;89.17;0.88;0.0;0.72;99.4;1.27;158.64;Companhia de Saneamento Básico do Estado de São Paulo;94.37;60.44;Companhia de Saneamento Básico do Estado de São Paulo
3511607;100.0;100.0;0.0;0.0;0.69;83.48;9.0;175.08;Companhia de Saneamento Básico do Estado de São Paulo;64.62;60.19;Companhia de Saneamento Básico do Estado de São Paulo
2411809;75.81;14.81;0.0;100.0;0.72;77.22;47.93;139.16;Companhia de Águas e Esgotos do Rio Grande do Norte;72.22;;Companhia de Águas e Esgotos do Rio Grande do Norte | Prefeitura Municipal de São Fernando
2207306;59.27;0.0;0.0;100.0;1.89;;;;;;;
2306207;100.0;100.0;0.0;100.0;0.79;71.51;38.85;155.5;"Companhia de Água e Esgoto do Ceará; Sistema Integrado de Saneamento Rural da Bacia Hidrográfica do Baixo e Médio Jaguaribe";;;
2702801;;;;;;0.0;55.19;100.12;Companhia de Saneamento de Alagoas;64.68;;Prefeitura Municipal de Flexeiras
5105622;84.64;0.0;0.0;0.0;0.55;81.74;12.36;188.63;Serviço Autônomo de Água e Esgoto;24.51;;Serviço Autônomo de Água e Esgoto
3144656;;;;;;55.51;35.93;168.33;Companhia de Saneamento de Minas Gerais;;;
3536000;100.0;100.0;100.0;0.0;0.52;95.75;12.35;177.62;Companhia de Saneamento Básico do Estado de São Paulo;92.52;82.96;Companhia de Saneamento Básico do Estado de São Paulo
3128303;76.49;0.0;0.0;71.43;1.47;82.75;24.09;199.88;Companhia de Saneamento de Minas Gerais;91.02;;Prefeitura Municipal de Guaranésia
2509909;;;;;;26.71;13.46;162.52;Companhia de Águas e Esgotos da Paraíba;;;
4105607;95.06;0.0;95.06;0.0;0.64;95.98;17.53;158.64;Companhia de Saneamento do Paraná S.A.;95.8;88.7;Companhia de Saneamento do Paraná S.A.
3503950;79.23;3.71;0.0;0.0;0.61;88.09;8.01;180.33;Companhia de Saneamento Básico do Estado de São Paulo;70.64;77.59;Companhia de Saneamento Básico do Estado de São Paulo
3111705;88.25;77.88;46.85;0.0;0.33;47.39;25.27;142.14;Companhia de Saneamento de Minas Gerais;46.85;61.09;Prefeitura Municipal de Canaã
4211504;100.0;100.0;100.0;0.0;0.57;77.29;38.75;172.62;Serviço Autônomo Municipal de Água e Esgoto;;;
4317608;99.54;98.0;76.88;0.0;0.58;64.85;35.21;143.16;Companhia Riograndense de Saneamento;14.93;11.09;Companhia Riograndense de Saneamento
2915502;100.0;100.0;0.0;0.0;0.85;79.67;37.77;139.34;Serviço Autônomo de Água e Esgoto de Itajuípe;39.35;0.0;Serviço Autônomo de Água e Esgoto de Itajuípe
3544301;100.0;100.0;0.0;0.0;0.94;92.06;25.73;149.08;Companhia de Saneamento Básico do Estado de São Paulo;86.83;;Companhia de Saneamento Básico do Estado de São Paulo
4121307;;;;;;90.23;35.23;174.53;Companhia de Saneamento do Paraná S.A.;;;
5204508;100.0;100.0;64.33;100.0;2.44;97.0;31.47;160.41;Departamento Municipal de Água e Esgoto;81.52;39.62;Departamento Municipal de Água e Esgoto
5211909;100.0;100.0;20.0;100.0;1.75;88.22;31.31;186.56;Saneamento de Goiás S/A;87.75;76.67;Saneamento de Goiás S/A
2110500;47.88;10.3;0.0;100.0;0.41;43.54;66.35;118.0;Companhia de Saneamento Ambiental do Maranhão;;;
2403608;100.0;100.0;0.0;0.0;1.37;0.91;0.05;118.23;Companhia de Águas e Esgotos do Rio Grande do Norte;;;
2102325;;;;;;15.4;89.63;119.3;Companhia de Saneamento Ambiental do Maranhão;;;
5008305;100.0;100.0;96.35;0.0;0.85;95.39;29.0;174.07;Empresa de Saneamento de Mato Grosso do Sul S/A;89.98;83.53;Empresa de Saneamento de Mato Grosso do Sul S/A
2207405;38.81;0.0;0.0;100.0;1.36;;;;;;;
2702900;59.82;39.14;0.0;0.0;0.35;43.62;62.65;100.46;Companhia de Saneamento de Alagoas;;;
2501708;45.03;0.0;0.0;0.0;0.73;0.0;;;Companhia de Águas e Esgotos da Paraíba;32.78;;Prefeitura Municipal de Barra de São Miguel | Companhia de Águas e Esgotos da Paraíba
3527801;98.88;88.22;0.0;0.0;0.53;98.28;24.35;137.67;Companhia de Saneamento Básico do Estado de São Paulo;93.05;89.11;Companhia de Saneamento Básico do Estado de São Paulo
3136579;75.8;25.58;0.0;0.0;0.4;72.66;11.43;120.48;COPASA Serviços de Saneamento Integrado do Norte e Nordeste de Minas Gerais S/A;47.96;35.5;COPASA Serviços de Saneamento Integrado do Norte e Nordeste de Minas Gerais S/A
3168903;76.24;0.0;0.0;0.0;1.05;52.73;12.41;242.4;Companhia de Saneamento de Minas Gerais;76.24;;Prefeitura Municipal de Tiros
3103504;100.0;100.0;94.41;0.0;1.28;96.47;11.13;596.53;Superintendência de Água e Esgoto;96.18;;Superintendência de Água e Esgoto
4203303;98.53;96.47;98.53;0.0;0.49;96.76;77.77;198.84;Prefeitura Municipal de Campo Alegre;;;
2923357;85.1;62.32;0.0;100.0;2.35;87.1;33.42;92.29;"Empresa Baiana de Águas e Saneamento S.A.; Central de Associações Comunitárias para Manutenção dos Sistemas de Saneamento - Região de Jacobina";44.37;27.18;Empresa Baiana de Águas e Saneamento S.A.
4309407;91.55;0.0;91.55;0.0;0.71;91.47;42.88;162.63;Companhia Riograndense de Saneamento;91.55;;Prefeitura Municipal de Guaporé
3120102;100.0;100.0;0.0;100.0;1.37;83.23;41.66;166.6;COPASA Serviços de Saneamento Integrado do Norte e Nordeste de Minas Gerais S/A;76.94;30.85;COPASA Serviços de Saneamento Integrado do Norte e Nordeste de Minas Gerais S/A
2907301;;;;;;87.62;33.31;121.3;Empresa Baiana de Águas e Saneamento S.A.;3.0;;Empresa Baiana de Águas e Saneamento S.A.
2510006;43.05;0.0;0.0;0.0;0.65;44.12;32.14;158.84;Companhia de Águas e Esgotos da Paraíba;;;
2102309;100.0;100.0;0.0;100.0;0.39;62.46;64.25;135.03;Companhia de Saneamento Ambiental do Maranhão;;;
2306553;32.99;0.0;0.0;100.0;1.48;54.17;53.88;75.63;"Sistema Integrado de Saneamento Rural da Bacia do Curú e Letora; Companhia de Água e Esgoto do Ceará";4.42;;Companhia de Água e Esgoto do Ceará
4113106;76.77;0.0;76.77;8.67;0.54;70.97;42.07;139.27;Prefeitura Municipal de Kaloré;;;
5220058;78.09;0.0;0.0;100.0;1.22;64.58;17.51;193.12;Saneamento de Goiás S/A;64.58;80.98;Saneamento de Goiás S/A
4121406;90.44;52.39;90.44;0.0;0.99;80.08;27.51;163.57;Companhia de Saneamento do Paraná S.A.;65.51;60.52;Companhia de Saneamento do Paraná S.A.
4219507;100.0;100.0;94.06;0.0;1.55;62.01;40.79;125.91;Companhia Catarinense de Águas e Saneamento;14.96;14.29;Companhia Catarinense de Águas e Saneamento
3519600;100.0;100.0;94.08;0.0;1.74;97.04;30.65;200.88;Serviço Autômono de Água e Esgoto da Estância Turistica de Ibitinga;95.57;94.47;Serviço Autômono de Água e Esgoto da Estância Turistica de Ibitinga
2501807;100.0;100.0;0.0;0.0;1.51;65.09;71.15;138.5;Companhia de Águas e Esgotos da Paraíba;7.51;9.8;Companhia de Águas e Esgotos da Paraíba
1717008;34.81;0.0;0.0;100.0;0.65;63.71;9.92;179.52;Hidro Forte Administração e Operação S/A;;;
3136553;;;;;;58.98;25.85;166.61;Companhia de Saneamento de Minas Gerais;;;
3552551;100.0;100.0;0.0;0.0;1.04;77.63;23.08;284.03;Prefeitura Municipal de Suzanápolis;77.63;87.52;Prefeitura Municipal de Suzanápolis
4104907;78.09;0.0;78.09;0.0;0.56;80.59;23.31;134.22;Companhia de Saneamento do Paraná S.A.;78.82;66.53;Companhia de Saneamento do Paraná S.A.
4301206;;;;;;51.5;40.01;147.99;Companhia Riograndense de Saneamento;;;
3504008;100.0;100.0;96.27;0.0;0.9;99.66;23.27;190.58;Companhia de Saneamento Básico do Estado de São Paulo;98.04;97.04;Companhia de Saneamento Básico do Estado de São Paulo
3511409;85.3;0.0;81.54;0.0;0.34;87.57;60.0;28.16;Prefeitura Municipal de Cerqueira César;85.3;;Prefeitura Municipal de Cerqueira César
4316907;96.21;0.0;38.97;0.0;0.69;96.12;38.56;185.59;Companhia Riograndense de Saneamento;74.93;57.7;Companhia Riograndense de Saneamento
2102150;;;;;;;;;;;;
1500404;50.67;0.0;0.0;100.0;2.15;14.49;76.06;110.92;Companhia de Saneamento do Pará;;;
4113205;67.93;17.69;66.67;0.0;0.61;68.38;25.49;137.36;Companhia de Saneamento do Paraná S.A.;61.5;51.45;Companhia de Saneamento do Paraná S.A.
3111507;90.7;0.0;0.0;0.0;0.56;91.3;26.07;155.73;Companhia de Saneamento de Minas Gerais;81.62;;Prefeitura Municipal de Campos Altos
5220157;98.19;100.0;0.0;0.0;0.57;81.24;9.06;95.23;Saneamento de Goiás S/A;;;
2411601;;;;;;63.81;71.88;107.05;Companhia de Águas e Esgotos do Rio Grande do Norte;;;
3503356;98.71;96.41;0.0;0.0;0.57;68.82;7.36;175.73;Companhia de Saneamento Básico do Estado de São Paulo;68.3;48.97;Companhia de Saneamento Básico do Estado de São Paulo
4211306;100.0;100.0;100.0;0.0;0.8;97.44;19.35;207.64;Prefeitura Municipal de Navegantes;;;
2931608;;;;;;31.97;27.16;85.61;Empresa Baiana de Águas e Saneamento S.A.;;;
2915809;78.18;83.31;0.0;100.0;1.81;88.23;24.0;94.99;Empresa Baiana de Águas e Saneamento S.A.;7.4;;Empresa Baiana de Águas e Saneamento S.A.
3161056;73.43;0.0;0.0;49.87;1.67;58.09;24.99;174.06;COPASA Serviços de Saneamento Integrado do Norte e Nordeste de Minas Gerais S/A;44.37;0.0;COPASA Serviços de Saneamento Integrado do Norte e Nordeste de Minas Gerais S/A
2306504;100.0;100.0;0.0;100.0;0.3;50.81;50.45;125.43;"Sistema Integrado de Saneamento Rural da Bacia do Banabuiu; Companhia de Água e Esgoto do Ceará";;;
3136520;66.17;48.06;34.86;100.0;0.68;40.12;28.08;118.89;COPASA Serviços de Saneamento Integrado do Norte e Nordeste de Minas Gerais S/A;31.05;19.83;COPASA Serviços de Saneamento Integrado do Norte e Nordeste de Minas Gerais S/A
2110302;55.05;11.61;0.0;100.0;1.15;37.26;47.25;202.59;Companhia de Saneamento Ambiental do Maranhão;;;
4121356;87.19;0.0;87.19;0.0;1.07;87.3;18.61;163.69;Companhia de Saneamento do Paraná S.A.;;;
2608453;;;;;;52.78;37.37;134.72;Companhia Pernambucana de Saneamento;;;
4105003;84.38;60.0;84.38;0.0;0.46;63.05;11.75;156.71;Companhia de Saneamento do Paraná S.A.;;;
5204300;84.75;0.0;0.0;100.0;0.97;84.75;25.05;152.82;Saneamento de Goiás S/A;84.75;69.13;Saneamento de Goiás S/A
2403400;;;;;;82.85;35.84;85.41;Companhia de Águas e Esgotos do Rio Grande do Norte;;;
4308706;66.44;0.0;66.44;0.0;0.29;54.46;35.97;191.5;Companhia Riograndense de Saneamento;;;
2702702;100.0;100.0;0.0;0.0;0.55;91.13;73.0;154.68;Verde Ambiental Alagoas;;;
2411700;;;;;;70.35;29.25;98.33;Companhia de Águas e Esgotos do Rio Grande do Norte;61.79;;Companhia de Águas e Esgotos do Rio Grande do Norte
3103306;42.96;0.0;0.0;0.0;0.29;73.51;44.7;153.5;Companhia de Saneamento de Minas Gerais;;;
4203105;66.18;0.0;0.0;0.0;0.37;65.73;11.8;129.61;Companhia Catarinense de Águas e Saneamento;;;
3111606;100.0;100.0;0.0;0.0;0.52;71.73;20.62;178.39;Companhia de Saneamento de Minas Gerais;67.24;0.0;Prefeitura Municipal de Campos Gerais
2923407;53.28;6.76;0.0;100.0;0.67;49.69;18.59;139.04;Empresa Baiana de Águas e Saneamento S.A.;;;
3120151;31.93;0.0;0.0;100.0;0.33;71.13;28.04;115.36;COPASA Serviços de Saneamento Integrado do Norte e Nordeste de Minas Gerais S/A;20.11;8.03;COPASA Serviços de Saneamento Integrado do Norte e Nordeste de Minas Gerais S/A
5105507;34.74;0.0;0.0;100.0;0.35;35.22;42.11;129.07;Prefeitura Municipal de Vila Bela Da Santíssima Trindade;9.61;;Prefeitura Municipal de Vila Bela Da Santíssima Trindade
1304260;67.66;0.0;0.0;100.0;1.08;;;;;;;
2907608;50.07;0.0;0.0;100.0;1.03;91.33;33.47;126.58;Empresa Baiana de Águas e Saneamento S.A.;;;
2915908;;;;;;81.24;13.09;93.9;Empresa Baiana de Águas e Saneamento S.A.;;;
2207702;100.0;100.0;0.0;100.0;0.91;;;;;;;
2306603;66.39;56.17;0.0;100.0;1.51;44.53;41.96;108.5;"Companhia de Água e Esgoto do Ceará; Sistema Integrado de Saneamento Rural da Bacia do Banabuiu";;;
4121208;;;;;;38.32;24.58;128.2;Companhia de Saneamento do Paraná S.A.;9.55;7.1;Companhia de Saneamento do Paraná S.A.
2102101;;;;;;0.0;39.18;;Companhia de Saneamento Ambiental do Maranhão;;;
2510303;68.41;0.0;0.0;0.0;0.71;30.51;15.31;128.64;Companhia de Águas e Esgotos da Paraíba;47.89;0.0;Prefeitura Municipal de Nova Palmeira | Companhia de Águas e Esgotos da Paraíba
2922755;52.23;21.87;0.0;100.0;0.26;48.81;21.9;96.63;Empresa Baiana de Águas e Saneamento S.A.;37.22;;Prefeitura Municipal de Nova Ibiá | Empresa Baiana de Águas e Saneamento S.A.
5204409;66.24;57.18;0.0;100.0;1.18;75.03;23.16;176.47;Saneamento de Goiás S/A;75.03;64.38;Saneamento de Goiás S/A
5220108;100.0;100.0;42.82;0.0;1.36;90.33;16.03;170.68;Saneamento de Goiás S/A;89.7;74.46;Saneamento de Goiás S/A
2110401;60.71;0.0;0.0;100.0;0.42;22.66;77.79;112.01;Companhia de Saneamento Ambiental do Maranhão;;;
2403509;;;;;;56.59;11.78;98.06;Companhia de Águas e Esgotos do Rio Grande do Norte;13.98;11.79;Companhia de Águas e Esgotos do Rio Grande do Norte
4300505;36.19;0.0;0.0;0.0;0.18;24.44;38.99;200.21;Companhia Riograndense de Saneamento;;;
3120003;75.55;32.39;0.0;0.0;0.59;68.1;21.84;180.24;Companhia de Saneamento de Minas Gerais;67.34;;Prefeitura Municipal de Córrego Novo
3503307;100.0;100.0;0.0;0.0;0.75;98.77;38.95;234.64;Serviço de Água, Esgoto e Meio Ambiente do Município de Araras;97.35;94.6;Serviço de Água, Esgoto e Meio Ambiente do Município de Araras
4308805;;;;;;58.77;43.24;157.33;Companhia Riograndense de Saneamento;;;
3103405;74.28;0.0;0.0;100.0;1.06;77.05;23.33;175.47;"Companhia de Saneamento de Minas Gerais ; COPASA Serviços de Saneamento Integrado do Norte e Nordeste de Minas Gerais S/A";54.74;65.28;COPASA Serviços de Saneamento Integrado do Norte e Nordeste de Minas Gerais S/A | Companhia de Saneamento de Minas Gerais
4203204;100.0;100.0;100.0;0.0;0.97;96.65;17.57;168.09;Águas de Camboriú;;;
4316972;30.1;9.63;0.0;0.0;0.29;22.65;27.23;161.01;Companhia Riograndense de Saneamento;;;
2907707;54.56;0.0;0.0;100.0;0.35;82.99;25.59;95.0;Empresa Baiana de Águas e Saneamento S.A.;70.46;46.62;Empresa Baiana de Águas e Saneamento S.A.
3169307;93.84;24.45;72.39;0.0;0.86;82.49;36.37;165.53;Companhia de Saneamento de Minas Gerais;81.8;78.5;Companhia de Saneamento de Minas Gerais
4113007;95.81;47.61;91.99;0.0;0.97;100.0;15.75;232.7;Serviço Autônomo Municipal de Água e Esgoto;100.0;100.0;Serviço Autônomo Municipal de Água e Esgoto
2207801;;;;;;;;;;;;
2930907;60.64;38.44;36.06;0.0;1.53;39.25;31.75;128.89;Empresa Baiana de Águas e Saneamento S.A.;;;
2608404;60.6;34.94;0.0;0.0;0.42;81.34;5.68;88.62;Companhia Pernambucana de Saneamento;49.9;;Prefeitura Municipal de Jurema | Companhia Pernambucana de Saneamento
2102200;;;;;;11.16;70.18;134.51;Companhia de Saneamento Ambiental do Maranhão;;;
5105606;91.84;95.24;0.0;100.0;0.59;80.29;36.43;163.57;Águas de Matupá Ltda;31.73;;Águas de Matupá Ltda
2207793;;;;;;;;;;;;
2502102;62.54;7.93;0.0;0.0;1.07;59.45;20.55;151.34;Companhia de Águas e Esgotos da Paraíba;;;
4316956;100.0;100.0;0.0;0.0;0.34;41.38;49.05;120.43;Companhia Riograndense de Saneamento;;;
2922730;;;;;;96.73;22.42;115.93;Empresa Baiana de Águas e Saneamento S.A.;;;
3200805;100.0;100.0;0.0;0.0;2.16;91.16;45.31;211.57;Serviço Autônomo de Água e Esgoto;90.02;53.54;Serviço Autônomo de Água e Esgoto
2510402;61.77;0.0;0.0;0.0;0.71;47.64;36.1;153.2;Companhia de Águas e Esgotos da Paraíba;62.66;;Prefeitura Municipal de Olho Dágua | Companhia de Águas e Esgotos da Paraíba
4300604;100.0;;0.08;0.0;0.67;100.0;;449.5;Companhia Riograndense de Saneamento;48.92;37.38;Companhia Riograndense de Saneamento
3520004;100.0;100.0;0.0;0.0;0.5;;;;;;;
2608255;;;;;;43.39;13.45;125.96;Companhia Pernambucana de Saneamento;;;
3503406;100.0;100.0;0.0;0.0;0.42;74.55;8.27;225.39;Companhia de Saneamento Básico do Estado de São Paulo;65.24;56.85;Companhia de Saneamento Básico do Estado de São Paulo
2207777;;;;;;;;;;;;
4104808;98.0;50.62;91.2;0.0;0.9;91.85;36.32;149.38;Companhia de Saneamento do Paraná S.A.;96.25;97.91;Companhia de Saneamento do Paraná S.A.
1304203;71.14;48.82;0.0;62.13;0.41;;;;;;;
5105580;73.69;8.75;0.0;100.0;0.77;71.17;45.66;203.54;Águas de Marcelândia Ltda;;;
2600203;32.23;0.0;0.0;0.0;0.25;44.81;6.56;124.34;Companhia Pernambucana de Saneamento;;;
3161106;62.89;11.93;0.0;100.0;0.66;62.87;18.53;146.11;Companhia de Saneamento de Minas Gerais;33.98;;Companhia de Saneamento de Minas Gerais
2922706;80.76;62.04;0.0;100.0;1.07;49.33;37.8;107.23;Empresa Baiana de Águas e Saneamento S.A.;;;
3119955;88.64;0.0;0.0;78.24;0.65;98.83;30.79;209.02;Serviço Autônomo de Água e Esgoto;70.13;;Serviço Autônomo de Água e Esgoto
2931004;44.22;0.0;0.0;100.0;0.51;45.77;18.14;109.05;Empresa Baiana de Águas e Saneamento S.A.;25.3;;Empresa Baiana de Águas e Saneamento S.A. | Prefeitura Municipal de Tanhaçu
3144607;91.17;46.77;83.41;0.0;0.52;;20.61;117.0;"Serviço Autônomo de Água e Esgoto; Águas de Nepomuceno SPE S/A";;;Águas de Nepomuceno SPE S/A | Serviço Autônomo de Água e Esgoto
2502201;75.78;51.04;0.0;0.0;0.57;50.54;39.76;226.36;Companhia de Águas e Esgotos da Paraíba;;;
2109700;87.7;85.19;0.0;100.0;0.48;0.0;32.98;;Companhia de Saneamento Ambiental do Maranhão;;;
3160959;100.0;100.0;0.0;92.1;0.42;41.45;27.27;119.26;Companhia de Saneamento de Minas Gerais;49.29;;Prefeitura Municipal de São Domingos Das Dores
2412005;100.0;100.0;0.0;0.0;0.36;;55.28;128.64;"Companhia de Águas e Esgotos do Rio Grande do Norte; Serviço Autônomo de Água e Esgoto";23.43;13.57;Serviço Autônomo de Água e Esgoto | Companhia de Águas e Esgotos do Rio Grande do Norte
3128253;70.13;13.62;0.0;0.0;0.31;67.38;31.04;140.55;Companhia de Saneamento de Minas Gerais;;;
2616407;100.0;100.0;0.0;0.0;0.76;65.78;44.59;166.87;Companhia Pernambucana de Saneamento;22.65;;Companhia Pernambucana de Saneamento
4203154;66.72;0.0;0.0;0.0;0.55;64.45;31.94;101.62;Companhia Catarinense de Águas e Saneamento;;;
2207751;;;;;;;;;;;;
3544251;100.0;100.0;79.29;0.0;2.06;83.01;21.68;199.18;Companhia de Saneamento Básico do Estado de São Paulo;77.82;75.75;Companhia de Saneamento Básico do Estado de São Paulo
3152907;86.59;0.0;86.59;100.0;2.28;86.59;28.6;272.99;Serviço Autônomo de Água e Esgoto;86.59;;Serviço Autônomo de Água e Esgoto
2306405;70.34;28.58;41.19;100.0;0.58;72.05;31.52;114.31;"Sistema Integrado de Saneamento Rural da Bacia do Curú e Letora; Companhia de Água e Esgoto do Ceará";20.27;;Companhia de Água e Esgoto do Ceará
3111903;85.57;0.0;0.0;0.0;0.39;70.91;30.01;164.99;Companhia de Saneamento de Minas Gerais;75.9;;Prefeitura Municipal de Cana Verde
4300570;19.09;0.0;0.0;0.0;0.48;89.09;64.0;34.7;Prefeitura Municipal de Alto Feliz;;;
2915700;100.0;100.0;0.0;100.0;0.72;75.74;21.01;105.67;Empresa Baiana de Águas e Saneamento S.A.;;;
2600054;100.0;100.0;0.0;0.0;0.83;71.14;47.73;165.47;Companhia Pernambucana de Saneamento;25.43;;Companhia Pernambucana de Saneamento
4308607;100.0;100.0;100.0;0.0;0.88;89.34;39.36;160.39;Companhia Riograndense de Saneamento;86.57;;Prefeitura Municipal de Garibaldi
4121257;59.1;0.0;0.0;0.0;0.27;60.45;21.85;165.74;Companhia de Saneamento do Paraná S.A.;;;
2101509;;;;;;49.37;50.47;176.65;Companhia de Saneamento Ambiental do Maranhão;;;
4211702;77.82;58.84;0.0;0.0;1.02;84.76;44.78;160.77;Serviço Autônomo Municipal de Água e Esgoto;68.19;;Serviço Autônomo Municipal de Água e Esgoto
2801108;100.0;100.0;0.0;0.0;0.48;98.21;53.3;114.69;Companhia de Saneamento de Sergipe;;;
2922805;99.88;99.4;0.0;100.0;0.72;100.0;32.18;103.27;Empresa Baiana de Águas e Saneamento S.A.;;;
2207603;52.39;0.0;0.0;0.0;1.14;;;;;;;
4300554;100.0;100.0;100.0;0.0;0.34;34.78;50.96;171.06;Companhia Riograndense de Saneamento;;;
3136405;65.23;0.0;36.8;0.0;0.42;61.24;24.84;202.75;Companhia de Saneamento de Minas Gerais;44.33;;Prefeitura Municipal de Joaquim Felício
2403806;100.0;100.0;0.0;100.0;3.64;72.42;34.81;88.41;Companhia de Águas e Esgotos do Rio Grande do Norte;67.45;56.24;Companhia de Águas e Esgotos do Rio Grande do Norte
3552403;100.0;100.0;0.0;0.0;0.61;99.56;18.58;219.75;BRK Ambiental - Sumaré S.A.;99.56;;BRK Ambiental - Sumaré S.A.
2907509;100.0;100.0;0.0;100.0;1.86;82.8;47.9;225.7;Serviço Autônomo de Água e Esgoto;;;
3169109;100.0;100.0;0.0;0.0;1.09;52.98;33.75;214.99;Companhia de Saneamento de Minas Gerais;;;
2608206;80.41;0.0;0.0;0.0;0.54;74.58;61.05;125.12;Companhia Pernambucana de Saneamento;;;
3200607;99.04;92.69;60.1;0.0;1.76;87.52;25.66;214.44;"Companhia Espírito-santense de Saneamento; Serviço Autônomo de Água e Esgoto";73.39;55.49;Serviço Autônomo de Água e Esgoto | Companhia Espírito-santense de Saneamento
2510204;100.0;100.0;0.0;0.0;0.32;42.73;52.78;131.38;Companhia de Águas e Esgotos da Paraíba;50.75;;Prefeitura Municipal de Nova Olinda | Companhia de Águas e Esgotos da Paraíba
2616506;;;;;;86.06;10.63;347.97;Serviço Autônomo de Água e Esgoto;;;
4219853;89.06;0.0;0.0;0.0;0.42;75.92;69.19;159.99;Prefeitura Municipal de Zortéa;;;
3103702;82.75;70.01;0.0;0.0;0.5;40.11;23.22;156.49;Companhia de Saneamento de Minas Gerais;100.0;;Prefeitura Municipal de Araponga
3112000;77.82;0.0;0.0;0.0;0.45;75.04;19.06;184.48;Companhia de Saneamento de Minas Gerais;87.99;;Prefeitura Municipal de Candeias
5220009;64.91;0.0;0.0;100.0;0.94;64.91;41.61;130.92;Saneamento de Goiás S/A;;;
4203501;79.77;0.0;0.0;4.42;0.63;86.21;33.34;125.68;Companhia Catarinense de Águas e Saneamento;;;
2502151;65.4;74.6;0.0;0.0;0.55;53.58;28.87;177.18;Companhia de Águas e Esgotos da Paraíba;;;
4316758;100.0;100.0;0.0;0.0;1.67;83.44;17.61;229.7;Prefeitura Municipal de Santa Clara do Sul;;;
4300406;91.96;14.5;20.18;0.0;0.57;87.41;61.27;154.84;Companhia Riograndense de Saneamento;27.58;20.81;Companhia Riograndense de Saneamento
2801207;90.03;100.0;0.0;0.0;1.11;75.52;58.16;87.41;Companhia de Saneamento de Sergipe;36.1;32.74;Companhia de Saneamento de Sergipe
3503208;98.78;17.82;98.78;39.63;1.67;98.57;45.05;237.67;Departamento Autônomo de Água e Esgotos;98.46;99.51;Departamento Autônomo de Água e Esgotos
4121604;100.0;100.0;59.67;0.0;1.0;62.97;37.26;142.93;Companhia de Saneamento do Paraná S.A.;58.22;51.24;Companhia de Saneamento do Paraná S.A.
3128204;57.83;30.24;0.0;0.0;0.31;36.93;24.9;134.52;Companhia de Saneamento de Minas Gerais;31.94;0.0;Companhia de Saneamento de Minas Gerais
2403905;;;;;;62.25;68.47;120.91;Companhia de Águas e Esgotos do Rio Grande do Norte;;;
3169208;95.41;87.65;0.0;0.0;3.24;71.27;10.95;320.34;Serviço Autônomo de Água e Esgoto;85.57;;Serviço Autônomo de Água e Esgoto
3536406;90.24;0.0;0.0;0.0;1.01;100.0;98.75;3.37;Prefeitura Municipal de Paulicéia;50.67;31.18;Prefeitura Municipal de Paulicéia
3544202;100.0;100.0;0.0;0.0;0.66;98.34;12.68;267.0;Companhia de Saneamento Básico do Estado de São Paulo;90.43;80.5;Companhia de Saneamento Básico do Estado de São Paulo
2502003;81.25;0.0;0.0;0.0;0.95;50.87;44.02;144.97;Companhia de Águas e Esgotos da Paraíba;63.25;;Companhia de Águas e Esgotos da Paraíba | Prefeitura Municipal de Belém do Brejo do Cruz
3143906;94.0;0.0;32.63;0.0;0.79;77.95;35.88;200.45;Departamento Municipal de Saneamento Urbano;78.03;45.28;Departamento Municipal de Saneamento Urbano
2930808;;;;;;56.13;22.97;101.07;Empresa Baiana de Águas e Saneamento S.A.;;;
2608305;56.45;0.0;0.0;0.0;0.48;12.62;54.69;77.07;Companhia Pernambucana de Saneamento;;;
1717206;81.41;100.0;0.0;100.0;1.17;42.69;52.93;171.35;Agência Tocantinense de Saneamento;;;
2109759;33.79;0.0;0.0;100.0;0.6;21.3;67.55;153.21;Companhia de Saneamento Ambiental do Maranhão;;;
3103801;78.91;0.0;0.0;100.0;0.66;;;;;;;
3200706;100.0;100.0;36.32;0.0;0.7;65.0;26.18;151.41;Companhia Espírito-santense de Saneamento;72.64;;Prefeitura Municipal de Atílio Vivácqua | Companhia Espírito-santense de Saneamento
1700707;90.65;0.0;90.65;100.0;0.56;94.46;19.65;152.06;Companhia de Saneamento do Tocantins;;;
5211800;86.87;0.0;0.0;100.0;0.32;86.87;27.81;146.99;Saneamento de Goiás S/A;57.48;38.62;Saneamento de Goiás S/A
1500347;;;;;;;;;;;;
4113403;100.0;100.0;100.0;0.0;1.2;70.54;39.23;207.26;Companhia de Saneamento do Paraná S.A.;52.49;38.3;Companhia de Saneamento do Paraná S.A.
3536257;100.0;100.0;86.44;0.0;2.6;86.44;29.08;192.1;Prefeitura Municipal de Parisi;86.44;;Prefeitura Municipal de Parisi
3161007;87.1;57.8;0.0;0.0;0.67;52.93;29.33;163.98;Companhia de Saneamento de Minas Gerais;59.82;;Prefeitura Municipal de São Domingos do Prata
3528205;82.36;32.7;0.0;0.0;1.56;81.42;7.93;173.94;Companhia de Saneamento Básico do Estado de São Paulo;80.61;68.67;Companhia de Saneamento Básico do Estado de São Paulo
5007554;51.77;0.0;51.77;22.07;0.57;51.25;19.13;230.52;Empresa de Saneamento de Mato Grosso do Sul S/A;43.38;37.92;Empresa de Saneamento de Mato Grosso do Sul S/A
3135704;45.15;0.0;24.6;0.0;0.34;74.99;16.01;642.24;"Prefeitura Municipal de Jequitibá; Companhia de Saneamento de Minas Gerais";37.09;;Prefeitura Municipal de Jequitibá
2600104;90.5;52.77;0.0;0.0;0.63;82.27;31.1;152.72;Companhia Pernambucana de Saneamento;16.34;;Companhia Pernambucana de Saneamento
2922607;45.1;0.0;0.0;100.0;2.43;44.76;23.15;73.25;Empresa Baiana de Águas e Saneamento S.A.;;;
3144003;53.97;0.0;0.0;100.0;0.4;42.54;27.11;150.04;Companhia de Saneamento de Minas Gerais;28.11;0.0;Companhia de Saneamento de Minas Gerais
1709005;;;;;;55.14;22.29;147.23;Companhia de Saneamento do Tocantins;;;
4211751;92.32;0.0;92.32;0.0;0.56;91.46;40.93;141.03;Companhia Catarinense de Águas e Saneamento;28.62;25.31;Companhia Catarinense de Águas e Saneamento
4308656;;;;;;;;;;;;
2411908;67.38;86.64;0.0;100.0;0.29;84.22;25.44;119.87;Companhia de Águas e Esgotos do Rio Grande do Norte;;;
2930774;91.55;48.75;0.0;100.0;1.83;81.02;31.05;132.5;Empresa Municipal de Serviços de Água e Esgoto;77.93;;Empresa Municipal de Serviços de Água e Esgoto
4300471;100.0;100.0;0.0;0.0;0.39;100.0;7.52;195.78;Associacao Comunitaria dos Consumidores de Agua da Cidade de Almirante Tamandare do Sul;;;
4105201;57.48;30.0;57.48;0.0;0.66;50.21;22.25;162.43;Companhia de Saneamento do Paraná S.A.;1.14;0.84;Companhia de Saneamento do Paraná S.A.
3152808;71.0;0.0;67.62;0.04;0.54;63.73;30.56;221.41;Companhia de Saneamento de Minas Gerais;81.52;;Prefeitura Municipal de Prata
3111804;100.0;100.0;0.0;100.0;0.58;88.17;26.27;175.04;Companhia de Saneamento de Minas Gerais;88.35;;Prefeitura Municipal de Canápolis
2930766;;;;;;63.31;15.6;98.36;Empresa Baiana de Águas e Saneamento S.A.;;;
3127503;59.48;0.0;0.0;13.11;0.41;64.71;56.61;197.42;Prefeitura Municipal de Gonzaga;59.48;;Prefeitura Municipal de Gonzaga
2907558;31.9;0.0;0.0;100.0;0.79;64.73;29.55;137.71;"Empresa Baiana de Águas e Saneamento S.A.; Central de Associações Comunitárias para Manutenção dos Sistemas de Saneamento - Região de Caetité";18.15;16.16;Empresa Baiana de Águas e Saneamento S.A.
3103751;100.0;100.0;100.0;0.0;0.72;90.89;16.97;391.88;Departamento Municipal de Agua e Esgoto de Araporã;;;Departamento Municipal de Agua e Esgoto de Araporã
3135803;93.99;76.42;0.0;100.0;1.02;68.8;12.12;147.12;"Companhia de Saneamento de Minas Gerais ; COPASA Serviços de Saneamento Integrado do Norte e Nordeste de Minas Gerais S/A";50.99;;Companhia de Saneamento de Minas Gerais
3168507;71.73;0.0;0.0;0.0;0.36;61.35;33.34;155.47;Companhia de Saneamento de Minas Gerais;97.75;;Prefeitura Municipal de Teixeiras
2313955;100.0;100.0;100.0;0.0;0.58;64.6;25.19;131.91;Companhia de Água e Esgoto do Ceará;;;
4316808;100.0;100.0;100.0;0.0;0.72;85.11;56.89;161.88;Companhia Riograndense de Saneamento;24.43;19.33;Companhia Riograndense de Saneamento
4300455;100.0;100.0;100.0;0.0;0.62;;;;;;;
1500305;31.44;0.0;0.0;100.0;0.31;13.22;73.46;111.62;Companhia de Saneamento do Pará;;;
2801009;95.98;88.89;0.0;0.0;1.19;92.77;55.46;88.7;Companhia de Saneamento de Sergipe;13.62;8.84;Prefeitura Municipal de Campo do Brito
2403707;73.03;0.0;0.0;100.0;1.01;65.5;71.55;101.92;Companhia de Águas e Esgotos do Rio Grande do Norte;;;
3536208;100.0;100.0;74.21;100.0;0.97;74.98;22.3;172.76;Companhia de Saneamento Básico do Estado de São Paulo;64.58;62.66;Companhia de Saneamento Básico do Estado de São Paulo
2702108;100.0;100.0;0.0;0.0;1.11;86.54;56.05;97.97;"Verde Ambiental Alagoas; Companhia de Saneamento de Alagoas";;;
5203575;;;;;;53.21;23.08;194.23;Saneamento de Goiás S/A;;;
5007505;69.06;0.0;0.0;0.0;0.45;81.45;14.88;182.58;Prefeitura Municipal de Rochedo;;;
3103603;100.0;100.0;0.0;0.0;0.71;76.33;36.12;170.81;Companhia de Saneamento de Minas Gerais;;;
3552809;100.0;;6.68;0.0;1.03;100.0;16.11;187.68;Companhia de Saneamento Básico do Estado de São Paulo;100.0;94.15;Companhia de Saneamento Básico do Estado de São Paulo
2502052;21.92;0.0;0.0;0.0;0.36;34.99;32.11;244.71;Companhia de Águas e Esgotos da Paraíba;;;
3152131;39.4;0.0;0.0;100.0;0.61;69.74;22.09;157.3;Companhia de Saneamento de Minas Gerais;100.0;;Prefeitura Municipal de Ponto Chique
5203559;92.89;1.53;0.0;0.0;1.16;90.08;24.4;143.07;Saneamento de Goiás S/A;;;
3127602;77.93;51.39;0.0;100.0;0.28;78.32;29.14;149.04;Companhia de Saneamento de Minas Gerais;;;
2109551;48.87;0.0;0.0;100.0;0.41;;;;;;;
3528007;97.07;0.0;97.07;0.0;1.15;95.21;51.93;197.05;Prefeitura Municipal de Macatuba;97.07;98.34;Prefeitura Municipal de Macatuba
3160306;64.02;0.0;0.0;100.0;0.6;58.01;21.23;140.76;Companhia de Saneamento de Minas Gerais;;;
3536307;100.0;100.0;85.64;0.0;0.59;86.31;42.94;201.05;Prefeitura Municipal de Patrocínio Paulista;85.64;;Prefeitura Municipal de Patrocínio Paulista
2608602;;;;;;54.63;17.74;131.51;Companhia Pernambucana de Saneamento;;;
5212105;100.0;100.0;0.0;52.77;2.06;92.16;30.29;148.09;Saneamento de Goiás S/A;92.16;;Saneamento de Goiás S/A
2906873;78.04;0.0;0.0;100.0;1.39;98.63;30.72;105.18;Empresa Baiana de Águas e Saneamento S.A.;39.52;33.0;Empresa Baiana de Águas e Saneamento S.A.
4113452;62.76;2.01;62.76;0.0;0.83;66.57;19.0;183.1;Companhia de Saneamento do Paraná S.A.;;;
3143807;89.09;87.84;0.0;100.0;1.33;41.31;18.36;192.59;Companhia de Saneamento de Minas Gerais;;;
5220405;98.64;0.0;0.0;100.0;1.22;98.64;43.7;357.46;São Simão Saneamento Ambiental S.A.;100.0;;São Simão Saneamento Ambiental S.A.
3201001;100.0;100.0;76.77;0.0;0.76;59.91;23.7;156.54;Companhia Espírito-santense de Saneamento;76.77;0.23;Prefeitura Municipal de Boa Esperança | Companhia Espírito-santense de Saneamento
4300802;100.0;100.0;0.0;0.0;0.6;70.42;40.59;163.89;Companhia Riograndense de Saneamento;;;
3544608;89.95;0.0;89.95;0.0;1.33;84.53;9.53;361.76;Prefeitura Municipal de Sabino;84.38;;Prefeitura Municipal de Sabino
3503604;97.75;0.0;48.75;0.0;1.31;97.28;23.87;166.79;Companhia de Saneamento Básico do Estado de São Paulo;96.61;95.38;Companhia de Saneamento Básico do Estado de São Paulo
2206951;;;;;;;;;;;;
2922656;100.0;100.0;0.0;100.0;1.33;50.01;41.63;98.96;Empresa Baiana de Águas e Saneamento S.A.;;;
3119401;97.45;65.99;0.0;0.0;0.54;80.67;50.61;147.53;Companhia de Saneamento de Minas Gerais;80.06;74.24;Companhia de Saneamento de Minas Gerais
2906857;;;;;;73.06;15.91;140.16;Empresa Baiana de Águas e Saneamento S.A.;;;
3152105;97.44;70.01;91.47;1.86;0.72;90.81;42.85;209.8;Departamento Municipal de Água, Esgoto e Saneamento;95.03;0.0;Departamento Municipal de Água, Esgoto e Saneamento
1304401;78.15;89.29;0.0;100.0;0.89;31.26;40.0;366.22;Prefeitura Municipal de Urucurituba;;;
2600401;70.0;70.02;0.0;0.0;0.51;65.23;81.93;195.19;Serviço Autônomo de Água e Esgoto;;;
2101350;;;;;;;;;;;;
2608701;73.29;19.97;0.0;0.0;0.6;69.52;52.6;118.44;Companhia Pernambucana de Saneamento;66.62;;Prefeitura Municipal de Lagoa Dos Gatos | Companhia Pernambucana de Saneamento
4113429;69.69;0.0;69.69;0.0;0.86;71.9;30.74;202.43;Companhia de Saneamento do Paraná S.A.;;;
5212204;100.0;100.0;0.0;100.0;3.03;76.67;25.28;153.2;Saneamento de Goiás S/A;76.67;50.62;Saneamento de Goiás S/A
3528106;89.48;0.0;0.0;0.0;1.27;89.48;13.49;213.6;Prefeitura Municipal de Macaubal;87.23;;Prefeitura Municipal de Macaubal
2931202;;;;;;58.57;17.34;144.26;Serviço Autônomo de Água e Esgotos;;;
4317251;37.56;0.0;37.56;0.0;0.78;97.78;6.54;168.45;Prefeitura Municipal de Santa Tereza;10.06;6.22;Prefeitura Municipal de Santa Tereza
5104906;;;;;;49.77;45.69;154.25;Saneamento Básico de Jangada Ltda;;;
3135605;87.71;45.58;0.0;58.6;0.78;65.22;24.63;190.2;Companhia de Saneamento de Minas Gerais;;;
4211652;100.0;100.0;0.0;0.0;1.54;44.87;55.18;102.83;Companhia Catarinense de Águas e Saneamento;;;
2314003;100.0;100.0;100.0;100.0;0.46;58.94;44.4;121.19;"Companhia de Água e Esgoto do Ceará; Sistema Integrado de Saneamento Rural da Bacia Hidrográfica do Salgado";37.48;;Prefeitura Municipal de Várzea Alegre | Companhia de Água e Esgoto do Ceará
2906824;63.66;0.0;0.0;100.0;2.32;63.66;33.38;108.77;Empresa Baiana de Águas e Saneamento S.A.;41.84;;Prefeitura Municipal de Canudos
3519907;95.62;99.45;0.0;78.49;0.82;91.24;62.08;181.44;Prefeitura Municipal de Iepê;79.92;;Prefeitura Municipal de Iepê
2501351;;;;;;42.38;41.06;94.96;Companhia de Águas e Esgotos da Paraíba;;;
2600500;58.03;0.0;0.0;0.0;2.21;42.28;39.96;106.54;Companhia Pernambucana de Saneamento;49.18;;Prefeitura Municipal de águas Belas | Companhia Pernambucana de Saneamento
2403756;86.66;0.0;0.0;100.0;1.04;90.16;49.6;105.64;Companhia de Águas e Esgotos do Rio Grande do Norte;;;
2701902;50.08;0.6;0.0;0.0;1.37;98.04;57.08;107.32;Verde Ambiental Alagoas;;;
5007935;95.13;42.97;0.0;100.0;0.45;90.55;20.32;187.48;Empresa de Saneamento de Mato Grosso do Sul S/A;;;
2923001;100.0;100.0;0.0;100.0;2.11;92.69;22.79;77.49;Empresa Baiana de Águas e Saneamento S.A.;3.95;2.67;Empresa Baiana de Águas e Saneamento S.A.
3127404;100.0;100.0;0.0;0.0;0.65;62.71;11.98;217.34;Companhia de Saneamento de Minas Gerais;10.2;16.95;Companhia de Saneamento de Minas Gerais
4309050;96.91;93.2;96.91;0.0;0.5;35.3;20.2;285.19;Companhia Riograndense de Saneamento;26.45;20.11;Companhia Riograndense de Saneamento
3535606;100.0;100.0;0.0;0.0;0.6;84.45;29.48;166.41;Companhia de Águas e Esgotos de Paraibuna;51.35;;Companhia de Águas e Esgotos de Paraibuna
3552601;91.16;0.0;0.0;0.0;0.75;92.72;42.0;310.47;Prefeitura Municipal de Tabapuã;97.35;;Prefeitura Municipal de Tabapuã
2305803;;;;;;4.65;19.61;6.07;Sistema Integrado de Saneamento Rural da Bacia Hidrográfica do Parnaíba;;;
5220207;54.35;58.94;0.0;100.0;0.38;80.11;26.0;143.56;Saneamento de Goiás S/A;54.85;37.79;Saneamento de Goiás S/A
2915106;80.34;16.11;62.88;100.0;1.19;76.16;22.49;101.73;Empresa Baiana de Águas e Saneamento S.A.;47.0;0.0;Empresa Baiana de Águas e Saneamento S.A. | Prefeitura Municipal de Itagi
5203609;65.27;0.0;0.0;0.0;0.45;59.68;13.86;235.83;Saneamento de Goiás S/A;;;
3127388;83.53;100.0;0.0;0.0;0.47;76.18;38.74;184.73;Companhia de Saneamento de Minas Gerais;77.78;0.0;Prefeitura Municipal de Goianá
2702009;40.78;30.26;0.0;0.0;0.29;14.63;83.79;80.6;Companhia de Saneamento de Alagoas;;;
2109601;52.81;15.0;0.0;0.0;0.55;0.92;73.12;114.89;Companhia de Saneamento Ambiental do Maranhão;;;
4113254;35.87;0.0;0.0;0.0;1.13;47.34;11.63;144.85;Companhia de Saneamento do Paraná S.A.;;;
3511706;93.05;0.0;0.0;0.0;0.58;99.05;24.18;196.52;Companhia de Saneamento Básico do Estado de São Paulo;79.45;75.38;Companhia de Saneamento Básico do Estado de São Paulo
3119203;57.13;0.0;0.0;100.0;0.98;47.57;15.24;145.38;Companhia de Saneamento de Minas Gerais;57.13;;Prefeitura Municipal de Coroaci
4300851;100.0;100.0;0.0;0.0;1.08;79.55;19.79;224.91;Companhia Riograndense de Saneamento;;;
1500701;44.6;1.19;0.0;100.0;0.74;8.9;88.3;95.92;Companhia de Saneamento do Pará;;;
3152170;59.34;25.0;0.0;100.0;1.73;46.01;15.12;152.37;COPASA Serviços de Saneamento Integrado do Norte e Nordeste de Minas Gerais S/A;;;
4211603;100.0;100.0;32.93;0.0;0.62;80.56;48.71;136.08;Companhia Catarinense de Águas e Saneamento;;;
4317202;100.0;100.0;100.0;0.0;0.77;81.9;43.09;178.87;Companhia Riograndense de Saneamento;35.64;29.18;Companhia Riograndense de Saneamento
2207009;79.54;73.71;57.15;100.0;1.36;93.57;19.54;72.45;Serviço Autônomo de Água e Esgoto de Oeiras/PI;37.82;27.41;Serviço Autônomo de Água e Esgoto de Oeiras/PI
3527405;84.69;9.83;83.02;100.0;0.93;96.25;21.21;168.98;Companhia de Saneamento Básico do Estado de São Paulo;90.55;83.81;Companhia de Saneamento Básico do Estado de São Paulo
3544400;100.0;100.0;0.0;0.0;1.48;96.46;17.93;157.11;Companhia de Saneamento Básico do Estado de São Paulo;96.13;90.48;Companhia de Saneamento Básico do Estado de São Paulo
2906907;;;;;;88.1;18.74;82.91;Empresa Baiana de Águas e Saneamento S.A.;39.75;;Empresa Baiana de Águas e Saneamento S.A.
2608503;;;;;;73.07;24.45;95.51;Companhia Pernambucana de Saneamento;;;
5007901;100.0;100.0;68.84;0.0;0.94;68.15;31.6;181.89;Empresa de Saneamento de Mato Grosso do Sul S/A;30.26;27.43;Empresa de Saneamento de Mato Grosso do Sul S/A
3552700;99.0;89.09;0.0;0.0;0.54;91.05;22.05;210.32;Prefeitura Municipal de Tabatinga;90.83;85.29;Prefeitura Municipal de Tabatinga
2305654;100.0;100.0;0.0;100.0;1.2;91.49;24.43;81.33;"Sistema Integrado de Saneamento Rural da Bacia Hidrográfica do Parnaíba; Prefeitura Municipal de Ipaporanga";;;
3127370;73.2;0.0;0.0;100.0;0.38;86.48;8.47;160.35;Serviço Autônomo de Água e Esgoto de Goiabeira;72.99;;Serviço Autônomo de Água e Esgoto de Goiabeira
2101400;87.95;0.0;0.0;100.0;0.96;88.51;30.62;343.63;Serviço Autônomo de Água e Esgoto;3.59;;Serviço Autônomo de Água e Esgoto
2906899;40.94;16.17;0.0;100.0;0.28;29.54;18.57;144.9;Empresa Baiana de Águas e Saneamento S.A.;;;
5212006;82.76;28.75;0.0;0.0;0.39;75.8;20.46;167.96;Saneamento de Goiás S/A;;;
3111150;;;;;;45.24;6.9;155.74;Companhia de Saneamento de Minas Gerais;;;
2509602;;;;;;50.96;30.4;134.53;Companhia de Águas e Esgotos da Paraíba;;;
5203962;77.36;43.74;17.44;100.0;0.71;59.77;35.01;154.47;Saneamento de Goiás S/A;;;
4309001;100.0;100.0;0.0;0.0;1.05;73.03;44.96;172.73;Companhia Riograndense de Saneamento;;;
3544509;100.0;100.0;0.0;0.0;1.3;100.0;18.96;249.77;Companhia de Saneamento Básico do Estado de São Paulo;79.65;78.62;Companhia de Saneamento Básico do Estado de São Paulo
2313807;95.21;80.69;0.0;100.0;2.78;66.33;34.37;128.99;"Sistema Integrado de Saneamento Rural da Bacia do Curú e Letora; Companhia de Água e Esgoto do Ceará";;;
3519204;94.36;64.86;0.0;0.0;1.11;95.54;19.41;174.1;Companhia de Saneamento Básico do Estado de São Paulo;94.91;81.29;Companhia de Saneamento Básico do Estado de São Paulo
3119302;83.3;58.8;0.0;0.0;0.42;67.25;20.66;227.24;Companhia de Saneamento de Minas Gerais;100.0;;Prefeitura Municipal de Coromandel
4203402;58.79;0.0;46.31;0.0;0.39;66.59;11.67;118.22;Companhia Catarinense de Águas e Saneamento;;;
3152006;89.57;0.0;0.0;100.0;2.8;80.26;35.05;192.17;Companhia de Saneamento de Minas Gerais;100.0;;Prefeitura Municipal de Pompéu
5203939;84.83;0.0;0.0;100.0;1.24;61.42;23.37;233.81;Saneamento de Goiás S/A;;;
2600302;100.0;100.0;0.0;0.0;0.56;85.23;17.19;143.16;Companhia Pernambucana de Saneamento;65.42;;Prefeitura Municipal de Agrestina | Companhia Pernambucana de Saneamento
5104807;98.0;77.77;53.38;0.0;0.49;90.99;20.14;146.19;Prefeitura Municipal de Jaciara;;;
4121505;59.78;0.0;0.0;0.0;0.31;64.06;26.03;130.02;Companhia de Saneamento do Paraná S.A.;58.05;49.64;Companhia de Saneamento do Paraná S.A.
4219101;100.0;100.0;0.0;0.0;0.6;61.36;21.7;127.4;Companhia Catarinense de Águas e Saneamento;;;
5220280;89.95;69.99;0.0;100.0;0.48;56.35;22.38;170.36;Saneamento de Goiás S/A;;;
2501401;36.69;10.1;0.0;0.0;0.45;29.58;42.44;391.22;Serviço Autônomo de Água e Esgoto;;;
4308854;100.0;100.0;0.0;0.0;0.36;98.93;10.2;697.37;Prefeitura Municipal de Gentil;;;
1303809;51.36;0.0;0.0;100.0;0.42;100.0;47.8;268.81;Prefeitura Municipal de São Gabriel Da Cachoeira;;;
2923050;86.68;64.31;0.0;100.0;1.43;62.66;23.53;81.13;Empresa Baiana de Águas e Saneamento S.A.;94.19;;Empresa Baiana de Águas e Saneamento S.A. | Prefeitura Municipal de Novo Triunfo
3511003;88.16;49.54;76.53;0.0;1.52;76.53;14.29;206.03;Empresa Águas de Castilho S/A;76.53;;Empresa Águas de Castilho S/A
5220264;65.7;0.0;65.7;0.0;0.64;50.38;32.06;185.93;Saneamento de Goiás S/A;;;
2923035;67.36;48.55;0.0;100.0;0.67;100.0;9.96;98.72;Prefeitura Municipal de Novo Horizonte;;;
2313906;91.27;79.13;42.13;0.0;2.89;65.13;22.71;114.29;"Companhia de Água e Esgoto do Ceará; Sistema Integrado de Saneamento Rural da Bacia do Acaraú";8.68;;Companhia de Água e Esgoto do Ceará
4300661;100.0;100.0;0.0;0.0;0.71;42.7;31.64;201.61;Prefeitura Municipal de André Da Rocha;;;
1500503;40.54;0.0;0.0;100.0;0.71;67.5;37.9;94.34;Prefeitura Municipal de Almeirim;;;
2914901;61.36;28.12;20.45;0.0;0.38;82.01;15.31;162.07;"Prefeitura Municipal de Itacaré; Empresa Baiana de Águas e Saneamento S.A.";36.57;32.56;Empresa Baiana de Águas e Saneamento S.A.
2101731;;;;;;;;;;;;
2109908;;;;;;43.06;77.2;133.42;Companhia de Saneamento Ambiental do Maranhão;;;
4113304;80.0;0.0;80.0;0.0;0.59;85.01;23.4;148.92;Companhia de Saneamento do Paraná S.A.;54.09;47.47;Companhia de Saneamento do Paraná S.A.
4210902;67.93;0.0;0.0;0.0;0.46;70.43;30.48;130.63;Companhia Catarinense de Águas e Saneamento;;;
4317004;28.8;0.0;0.0;0.0;0.37;50.84;39.03;144.3;Companhia Riograndense de Saneamento;;;
4219200;100.0;100.0;0.0;0.0;1.03;39.28;28.08;152.48;Companhia Catarinense de Águas e Saneamento;;;
5007703;80.52;0.0;80.52;39.25;0.52;79.72;12.24;130.65;Empresa de Saneamento de Mato Grosso do Sul S/A;;;
2206803;;;;;;;;;;;;
2702306;94.37;48.21;20.0;0.0;1.1;99.22;6.82;30.01;Departamento de Água e Esgoto Sanitário de Coruripe;20.75;16.33;Departamento de Água e Esgoto Sanitário de Coruripe
4300646;89.49;71.66;0.0;0.0;3.15;49.21;30.24;182.62;Companhia Riograndense de Saneamento;;;
2906709;80.86;97.31;0.0;100.0;0.56;82.44;17.53;117.25;Empresa Baiana de Águas e Saneamento S.A.;;;
2915007;100.0;100.0;0.0;100.0;2.36;75.76;13.61;87.06;Empresa Baiana de Águas e Saneamento S.A.;;;
5007695;91.54;0.0;91.54;21.93;1.06;92.71;45.08;197.42;Serviço Autônomo de Água e Esgoto;91.54;72.9;Serviço Autônomo de Água e Esgoto
2305704;55.11;0.0;0.0;100.0;0.88;47.71;29.55;122.59;Companhia de Água e Esgoto do Ceará;;;
3543808;100.0;100.0;83.53;0.0;0.58;83.65;75.88;354.87;Prefeitura Municipal de Rinópolis;83.53;;Prefeitura Municipal de Rinópolis
4211009;61.33;0.0;0.0;0.0;1.14;65.9;39.36;132.34;Companhia Catarinense de Águas e Saneamento;;;
3511102;100.0;100.0;100.0;0.0;1.13;99.09;9.5;300.21;Superintendência de Água e Esgoto de Catanduva;92.3;;Superintendência de Água e Esgoto de Catanduva
2509404;62.61;62.63;0.0;0.0;0.48;20.56;51.51;129.99;Companhia de Águas e Esgotos da Paraíba;2.21;;Companhia de Águas e Esgotos da Paraíba | Prefeitura Municipal de Mogeiro
4300638;100.0;100.0;0.0;0.0;1.75;32.26;43.64;122.67;Companhia Riograndense de Saneamento;;;
5105150;76.28;2.77;0.0;0.0;0.86;80.8;13.04;257.0;Departamento de Água e Esgoto Sanitário;3.57;1.67;Departamento de Água e Esgoto Sanitário
3127800;52.77;0.0;0.0;0.0;0.4;40.13;20.97;139.9;"COPASA Serviços de Saneamento Integrado do Norte e Nordeste de Minas Gerais S/A; Companhia de Saneamento de Minas Gerais";21.68;29.07;Companhia de Saneamento de Minas Gerais
2101707;;;;;;24.59;66.44;129.69;Companhia de Saneamento Ambiental do Maranhão;6.12;;Companhia de Saneamento Ambiental do Maranhão
5212055;100.0;100.0;100.0;0.0;0.47;86.53;21.43;133.79;Saneamento de Goiás S/A;;;
3111200;100.0;100.0;0.0;0.0;0.77;98.21;43.48;136.27;Departamento Municipal de Água e Esgoto;96.7;0.69;Departamento Municipal de Água e Esgoto
4202701;97.81;96.53;97.81;0.0;0.52;23.03;23.65;145.86;Companhia Catarinense de Águas e Saneamento;;;
1708254;72.91;11.31;0.0;66.67;1.34;78.78;27.25;144.78;Hidro Forte Administração e Operação S/A;;;
4219176;58.05;0.0;58.05;0.0;0.38;70.79;24.36;134.66;Companhia Catarinense de Águas e Saneamento;16.36;;Prefeitura Municipal de Vargem Bonita | Companhia Catarinense de Águas e Saneamento
2931053;52.9;53.0;0.0;100.0;0.69;81.41;29.94;115.39;"Empresa Baiana de Águas e Saneamento S.A.; Central de Associações Comunitárias para Manutenção dos Sistemas de Saneamento - Região de Caetité";;;
4317103;91.12;0.0;0.0;0.0;0.62;92.01;38.97;139.69;Departamento de Água e Esgotos;40.18;;Departamento de Água e Esgotos
2800407;38.16;24.84;0.0;0.0;0.39;83.08;46.1;107.52;Companhia de Saneamento de Sergipe;;;
4105102;83.44;0.0;0.0;100.0;2.1;91.42;32.19;165.68;Companhia de Saneamento do Paraná S.A.;76.92;62.67;Companhia de Saneamento do Paraná S.A.
2509396;65.07;99.71;0.0;100.0;1.09;43.18;34.15;202.74;Companhia de Águas e Esgotos da Paraíba;86.12;;Companhia de Águas e Esgotos da Paraíba | Prefeitura Municipal de Maturéia
2110005;;;;;;36.06;77.47;114.89;Companhia de Saneamento Ambiental do Maranhão;;;
1500602;100.0;100.0;0.0;0.0;0.76;48.33;36.15;339.38;Prefeitura Municipal de Altamira;44.56;;Prefeitura Municipal de Altamira
4120804;100.0;100.0;100.0;0.0;0.93;90.22;45.82;155.68;Companhia de Saneamento do Paraná S.A.;89.21;77.12;Companhia de Saneamento do Paraná S.A.
4104451;83.34;67.47;0.0;100.0;1.78;83.42;21.97;147.79;Companhia de Saneamento do Paraná S.A.;55.86;46.89;Companhia de Saneamento do Paraná S.A.
5204003;77.42;0.0;0.0;100.0;1.22;77.42;29.02;152.22;Saneamento de Goiás S/A;;;
2403103;81.53;18.14;0.0;100.0;0.96;73.73;46.17;111.54;Companhia de Águas e Esgotos do Rio Grande do Norte;58.08;50.33;Companhia de Águas e Esgotos do Rio Grande do Norte
2702405;100.0;100.0;1.56;0.0;1.59;94.86;79.16;109.87;"Companhia de Saneamento de Alagoas; Águas do Sertão";56.96;;Águas do Sertão | Prefeitura Municipal de Delmiro Gouveia
3119609;99.68;99.04;0.0;0.0;0.56;66.35;22.36;269.46;Prefeitura Municipal de Coronel Pacheco;66.35;;Prefeitura Municipal de Coronel Pacheco
2906808;93.54;89.38;0.0;100.0;0.75;65.63;42.13;113.36;Empresa Baiana de Águas e Saneamento S.A.;60.67;;Prefeitura Municipal de Cansanção | Empresa Baiana de Águas e Saneamento S.A.
3168408;79.62;36.74;0.0;100.0;0.59;50.76;21.9;175.26;Companhia de Saneamento de Minas Gerais;54.23;;Prefeitura Municipal de Tarumirim
3103009;89.92;92.5;0.0;0.0;0.36;38.05;25.6;153.16;Companhia de Saneamento de Minas Gerais;;;
5007802;76.62;0.0;0.0;100.0;0.61;75.86;32.76;159.46;Empresa de Saneamento de Mato Grosso do Sul S/A;;;
3519253;49.65;24.18;48.44;0.0;0.32;49.09;25.6;148.25;Companhia de Saneamento Básico do Estado de São Paulo;48.58;47.46;Companhia de Saneamento Básico do Estado de São Paulo
2206902;68.24;29.25;0.0;100.0;0.45;;;;;;;
2501203;78.03;0.0;0.0;0.0;0.88;35.2;16.7;89.96;Companhia de Águas e Esgotos da Paraíba;;;
2509503;100.0;100.0;0.0;0.0;0.41;29.18;30.65;102.23;Companhia de Águas e Esgotos da Paraíba;;;
4202800;100.0;100.0;0.0;0.0;0.62;64.54;38.42;136.98;Companhia Catarinense de Águas e Saneamento;21.01;19.72;Companhia Catarinense de Águas e Saneamento
2922854;;;;;;81.85;14.21;106.8;Empresa Baiana de Águas e Saneamento S.A.;;;
4308904;89.12;0.0;89.12;0.0;0.84;81.8;43.68;167.13;Companhia Riograndense de Saneamento;;;
4219150;56.08;27.2;0.0;0.0;0.25;;;;;;;
2101806;61.75;0.0;0.0;100.0;0.13;61.75;75.74;237.51;Companhia de Saneamento Ambiental do Maranhão;;;
4112603;69.25;0.0;69.25;0.0;0.32;69.25;9.64;273.23;Serviço Autônomo Municipal de Água e Esgotos;;;
4104428;79.84;54.61;71.04;0.0;1.21;60.92;16.55;148.89;Companhia de Saneamento do Paraná S.A.;45.98;36.09;Companhia de Saneamento do Paraná S.A.
3519105;100.0;100.0;100.0;0.0;1.18;93.49;49.1;271.51;Prefeitura Municipal de Iacanga;85.75;;Prefeitura Municipal de Iacanga
1508100;;;;;;93.71;96.46;14.23;Autarquia Municipal de Água e Esgoto Nossa Água;;;
3160207;100.0;100.0;0.0;100.0;0.95;27.85;52.64;170.08;Companhia de Saneamento de Minas Gerais;15.2;9.77;Companhia de Saneamento de Minas Gerais
5105101;92.1;70.45;0.0;0.0;0.57;83.76;18.75;180.77;Concessionária Águas de Juara Ltda;48.23;;Concessionária Águas de Juara Ltda
3102852;100.0;100.0;0.0;100.0;0.63;59.36;23.2;128.4;COPASA Serviços de Saneamento Integrado do Norte e Nordeste de Minas Gerais S/A;52.3;48.89;COPASA Serviços de Saneamento Integrado do Norte e Nordeste de Minas Gerais S/A
1716505;91.84;0.0;0.0;100.0;0.56;94.9;28.2;280.99;Prefeitura Municipal de Pedro Afonso;;;
4219002;56.84;0.0;24.59;0.0;0.59;81.4;33.35;154.92;Serviço Autônomo Municipal de Água e Esgoto;22.15;14.63;Serviço Autônomo Municipal de Água e Esgoto
3200904;100.0;100.0;32.31;100.0;0.68;62.5;29.59;158.39;Companhia Espírito-santense de Saneamento;20.3;17.66;Companhia Espírito-santense de Saneamento
4300703;27.58;0.0;27.58;0.0;0.84;;;;;;;
2501302;38.91;26.64;0.0;0.0;0.22;0.0;73.33;;Companhia de Águas e Esgotos da Paraíba;;;
1508084;86.26;0.0;0.0;100.0;0.86;71.45;14.91;143.88;Companhia de Saneamento do Tocantins;;;
2702355;57.44;61.99;0.0;0.0;0.65;56.79;23.59;292.28;Companhia de Saneamento de Alagoas;;;
3527256;86.28;0.0;0.0;0.0;0.9;89.28;13.09;192.49;Companhia de Saneamento Básico do Estado de São Paulo;82.47;82.83;Companhia de Saneamento Básico do Estado de São Paulo
2101772;;;;;;;;;;;;
2411106;62.61;15.33;0.0;16.67;0.3;70.73;33.86;117.05;Companhia de Águas e Esgotos do Rio Grande do Norte;;;
3503505;100.0;100.0;100.0;0.0;0.43;77.49;24.2;522.53;Prefeitura Municipal de Areias;77.49;;Prefeitura Municipal de Areias
3510906;98.04;93.93;0.0;0.0;4.02;72.5;14.56;231.59;Companhia de Saneamento Básico do Estado de São Paulo;67.74;55.32;Companhia de Saneamento Básico do Estado de São Paulo
4104402;100.0;100.0;0.0;0.0;0.59;38.64;18.7;164.38;Companhia de Saneamento do Paraná S.A.;29.32;24.09;Companhia de Saneamento do Paraná S.A.
4112702;94.16;7.05;93.72;0.0;0.63;96.52;55.08;156.88;Serviço Autônomo de Água e Esgoto;92.77;;Serviço Autônomo de Água e Esgoto
3519071;100.0;100.0;27.41;0.0;0.82;100.0;20.0;166.82;Companhia de Saneamento Básico do Estado de São Paulo;98.61;91.45;Companhia de Saneamento Básico do Estado de São Paulo
4210803;84.19;58.72;0.0;0.0;0.57;56.36;37.57;144.76;Serviço Autônomo Municipal de Água e Esgoto;;;
5007109;78.38;0.0;0.0;0.0;0.53;77.6;29.95;235.45;Empresa de Saneamento de Mato Grosso do Sul S/A;57.65;52.05;Empresa de Saneamento de Mato Grosso do Sul S/A
4316402;;;;;;89.15;31.12;120.07;Companhia Riograndense de Saneamento;17.18;14.19;Companhia Riograndense de Saneamento
5105200;100.0;100.0;0.0;0.0;2.19;;;;;;;
3111002;100.0;100.0;100.0;0.0;1.04;56.74;15.9;195.63;Companhia de Saneamento de Minas Gerais;57.43;;Prefeitura Municipal de Campestre
2109809;47.86;0.0;0.0;100.0;0.48;0.0;;;Companhia de Saneamento Ambiental do Maranhão;;;
2306009;55.51;0.0;8.33;100.0;0.75;79.65;48.52;136.61;"Sistema Integrado de Saneamento Rural da Bacia Hidrográfica do Baixo e Médio Jaguaribe; Companhia de Água e Esgoto do Ceará";3.67;;Companhia de Água e Esgoto do Ceará
1708304;;;;;;54.5;29.15;116.55;Hidro Forte Administração e Operação S/A;;;
3144201;67.87;0.0;0.0;100.0;0.4;68.61;30.73;162.52;Companhia de Saneamento de Minas Gerais;41.03;;Prefeitura Municipal de Nacip Raydan
2931103;100.0;100.0;0.0;100.0;0.47;52.72;33.35;222.54;Empresa Baiana de Águas e Saneamento S.A.;;;
2800209;100.0;100.0;0.0;0.0;0.46;98.34;56.09;90.41;Companhia de Saneamento de Sergipe;;;
2915304;100.0;100.0;0.0;100.0;0.77;77.41;22.6;116.6;Empresa Baiana de Águas e Saneamento S.A.;;;
5203807;83.07;0.0;0.0;100.0;1.04;83.07;31.25;112.72;Saneamento de Goiás S/A;83.07;49.36;Saneamento de Goiás S/A
2702207;97.58;94.75;0.0;0.0;1.58;73.4;56.66;98.31;"Companhia de Saneamento de Alagoas; BRK Ambiental - Região Metropolitana de Maceió S.A.";;;
2402907;48.23;10.53;0.0;100.0;0.29;17.98;44.86;155.39;Companhia de Águas e Esgotos do Rio Grande do Norte;;;
3519055;100.0;100.0;79.2;0.0;1.39;80.53;24.54;478.82;Águas de Holambra;80.94;;Águas de Holambra
4300034;86.81;100.0;0.0;0.0;0.69;28.5;7.19;249.4;Companhia Riograndense de Saneamento;;;
4120853;81.97;42.86;68.44;0.0;0.66;76.21;15.75;250.92;Prefeitura Municipal de Quatro Pontes;;;
2411205;;;;;;0.0;0.48;347.15;Companhia de Águas e Esgotos do Rio Grande do Norte;;;
3102803;100.0;100.0;0.0;47.84;0.78;73.72;18.67;170.41;Companhia de Saneamento de Minas Gerais;82.18;0.0;Prefeitura Municipal de Andrelândia
4104501;100.0;100.0;100.0;0.0;0.33;69.41;34.92;153.26;Companhia de Saneamento do Paraná S.A.;46.39;43.99;Companhia de Saneamento do Paraná S.A.
2207207;56.29;0.0;0.0;100.0;0.34;;;;;;;
3136009;;;;;;65.85;11.98;135.6;"COPASA Serviços de Saneamento Integrado do Norte e Nordeste de Minas Gerais S/A; Companhia de Saneamento de Minas Gerais";52.03;;Companhia de Saneamento de Minas Gerais
4308201;100.0;100.0;100.0;0.0;0.52;90.93;44.77;155.47;Companhia Riograndense de Saneamento;0.17;0.13;Companhia Riograndense de Saneamento
5105176;73.17;0.0;0.0;100.0;0.6;51.49;33.24;389.95;Prefeitura Municipal de Juruena;;;
1508050;80.03;47.9;0.0;100.0;1.48;;;;;;;
3552007;100.0;100.0;0.0;0.0;0.46;62.62;20.13;164.77;Companhia de Saneamento Básico do Estado de São Paulo;51.7;39.41;Companhia de Saneamento Básico do Estado de São Paulo
2101608;71.36;30.03;6.16;100.0;0.8;29.0;72.23;166.13;Companhia de Saneamento Ambiental do Maranhão;;;
4218954;100.0;100.0;100.0;0.0;0.4;62.01;24.79;112.64;Companhia Catarinense de Águas e Saneamento;;;
3111101;77.26;0.0;0.0;25.0;0.6;74.72;21.82;185.08;Companhia de Saneamento de Minas Gerais;71.79;65.75;Companhia de Saneamento de Minas Gerais
4202602;80.17;23.96;0.0;0.0;0.59;80.59;30.12;130.48;Companhia Catarinense de Águas e Saneamento;;;
2306108;67.46;19.16;0.0;100.0;0.66;90.16;29.16;91.13;"Sistema Integrado de Saneamento Rural da Bacia do Curú e Letora; Sistema Integrado de Saneamento Rural da Bacia do Acaraú; Companhia de Água e Esgoto do Ceará";;;
2922904;;;;;;47.8;18.86;116.87;Empresa Baiana de Águas e Saneamento S.A.;;;
2907103;79.01;45.92;0.0;100.0;1.31;89.31;41.52;757.91;Serviço Autônomo de Água e Esgoto;61.19;;Serviço Autônomo de Água e Esgoto
2800308;100.0;;100.0;0.0;1.7;99.63;52.57;163.48;Companhia de Saneamento de Sergipe;77.83;62.03;Companhia de Saneamento de Sergipe
1700350;84.53;0.0;0.0;100.0;0.84;84.53;22.91;157.12;Companhia de Saneamento do Tocantins;;;
1508159;69.83;26.51;0.0;100.0;0.29;;;;;;;
4120705;96.91;54.17;0.0;0.0;0.71;99.05;29.64;148.99;Companhia de Saneamento do Paraná S.A.;62.92;54.72;Companhia de Saneamento do Paraná S.A.
3535507;100.0;100.0;91.72;0.0;1.32;93.74;10.62;187.83;Companhia de Saneamento Básico do Estado de São Paulo;92.94;87.99;Companhia de Saneamento Básico do Estado de São Paulo
2616100;42.22;37.79;0.0;0.0;0.4;73.2;54.1;168.91;Companhia Pernambucana de Saneamento;;;
2509800;;;;;;41.01;45.2;130.78;Companhia de Águas e Esgotos da Paraíba;;;
2403004;84.66;0.0;0.0;100.0;2.13;84.66;28.87;122.44;Companhia de Águas e Esgotos do Rio Grande do Norte;65.55;;Companhia de Águas e Esgotos do Rio Grande do Norte | Município de Cruzeta
5203906;97.49;56.69;0.0;100.0;0.73;91.26;32.5;183.21;Buriti Alegre Ambiental S.P.E - S/A;51.81;38.95;Buriti Alegre Ambiental S.P.E - S/A
1716307;69.38;0.0;0.0;0.0;0.4;66.66;9.67;114.33;Agência Tocantinense de Saneamento;;;
3200201;100.0;100.0;76.83;0.0;0.39;87.32;35.7;184.95;Serviço Autônomo de Água e Esgoto;65.51;;Serviço Autônomo de Água e Esgoto
4316477;57.64;0.0;0.0;0.0;0.66;100.0;56.33;193.59;Prefeitura Municipal de Salvador Das Missões;;;
3502804;100.0;100.0;98.31;0.0;1.11;98.31;25.02;233.41;Soluções Ambientais de Araçatuba S.A.;97.61;94.13;Soluções Ambientais de Araçatuba S.A.
4202578;100.0;100.0;0.0;0.0;0.4;42.57;44.42;119.65;Companhia Catarinense de Águas e Saneamento;;;
3102902;68.87;0.0;0.0;0.0;0.55;73.49;19.88;143.59;Companhia de Saneamento de Minas Gerais;70.34;;Prefeitura Municipal de Antônio Carlos
2501609;61.6;0.0;0.0;0.0;1.09;43.7;24.3;107.33;Companhia de Águas e Esgotos da Paraíba;49.27;;Prefeitura Municipal de Barra de Santa Rosa | Companhia de Águas e Esgotos da Paraíba
3168804;;;;;;65.55;27.16;273.18;Companhia de Saneamento de Minas Gerais;50.12;;Companhia de Saneamento de Minas Gerais
4112504;91.94;75.01;91.94;35.41;0.6;70.4;22.21;168.47;Companhia de Saneamento do Paraná S.A.;30.34;26.17;Companhia de Saneamento do Paraná S.A.
2607901;100.0;100.0;1.38;0.0;1.19;68.43;47.97;207.22;Companhia Pernambucana de Saneamento;20.61;;Companhia Pernambucana de Saneamento
2907202;85.74;90.79;0.0;100.0;1.35;60.79;68.07;26.61;Serviço Autônomo de Água e Esgoto;50.53;21.22;Serviço Autônomo de Água e Esgoto
3527306;100.0;100.0;100.0;0.0;1.4;90.93;23.43;216.77;Prefeitura Municipal de Louveira;78.68;;Prefeitura Municipal de Louveira
2930402;46.91;0.0;0.0;100.0;0.19;56.56;35.72;104.11;Empresa Baiana de Águas e Saneamento S.A.;;;
4316451;85.36;0.0;0.0;0.0;0.43;86.13;42.8;153.05;Companhia Riograndense de Saneamento;;;
3200300;100.0;100.0;0.0;0.0;0.46;41.74;24.0;181.03;Serviço Autônomo de Água e Esgoto;41.74;;Serviço Autônomo de Água e Esgoto
5105002;;;;;;66.46;33.22;176.42;Águas de Jauru;54.73;;Águas de Jauru
1508126;100.0;100.0;0.0;100.0;2.69;100.0;59.78;260.53;Serviço Autônomo de Água e Esgoto de Ulianópolis;0.25;;Serviço Autônomo de Água e Esgoto de Ulianópolis
4210852;46.36;0.0;0.0;0.0;0.3;47.14;24.08;143.6;Companhia Catarinense de Águas e Saneamento;;;
5219605;87.5;0.0;87.5;100.0;1.05;87.5;13.47;152.3;Saneamento de Goiás S/A;;;
3502903;100.0;100.0;43.08;0.0;1.08;99.42;32.61;204.8;Águas de Araçoiaba da Serra S/A;43.94;25.97;Águas de Araçoiaba da Serra S/A
1700301;70.53;26.39;0.0;100.0;0.45;83.29;24.14;160.12;Companhia de Saneamento do Tocantins;26.01;24.84;Companhia de Saneamento do Tocantins
4120655;100.0;100.0;100.0;0.0;0.49;82.54;19.61;164.0;Companhia de Saneamento do Paraná S.A.;;;
3160603;76.18;0.0;0.0;100.0;0.41;73.86;25.7;209.84;Companhia de Saneamento de Minas Gerais;;;
4104303;100.0;100.0;95.8;0.0;0.7;98.06;20.67;162.82;Companhia de Saneamento do Paraná S.A.;97.81;94.98;Companhia de Saneamento do Paraná S.A.
2314102;100.0;100.0;0.0;100.0;0.57;49.34;41.75;105.21;"Companhia de Água e Esgoto do Ceará; Sistema Integrado de Saneamento Rural da Bacia Hidrográfica do Parnaíba";2.13;;Companhia de Água e Esgoto do Ceará
4316436;100.0;100.0;0.0;0.0;0.64;100.0;39.74;119.69;Prefeitura Municipal de Saldanha Marinho;;;
2915353;55.19;35.53;0.0;100.0;0.24;50.86;34.07;101.97;Empresa Baiana de Águas e Saneamento S.A.;;;
2501575;71.49;67.21;0.0;0.0;2.56;0.06;81.54;33994.52;Companhia de Águas e Esgotos da Paraíba;;;
2922201;67.18;29.33;0.0;0.0;2.69;59.55;20.15;106.69;Empresa Baiana de Águas e Saneamento S.A.;;;
5219456;57.48;0.0;0.0;100.0;0.27;57.48;23.91;72.6;Prefeitura Municipal de Santa Rita do Novo Destino;;;
4316428;100.0;100.0;0.0;0.0;0.35;;;;;;;
2930501;85.28;56.15;0.0;100.0;0.74;99.83;13.7;120.7;Empresa Baiana de Águas e Saneamento S.A.;9.24;8.36;Empresa Baiana de Águas e Saneamento S.A.
4308250;26.39;0.0;0.0;0.0;0.3;100.0;6.25;48.65;Prefeitura Municipal de Floriano Peixoto;;;
1708205;;;;;;71.24;37.12;136.64;Companhia de Saneamento do Tocantins;;;
3111408;83.14;0.0;83.14;0.0;0.37;70.12;;169.02;Companhia de Saneamento de Minas Gerais;70.29;0.0;Companhia de Saneamento de Minas Gerais
3144102;100.0;100.0;0.0;0.0;1.24;69.14;25.79;196.36;Companhia de Saneamento de Minas Gerais;46.28;;Prefeitura Municipal de Muzambinho
3511300;91.19;0.0;0.0;0.0;0.97;91.19;17.7;205.68;Prefeitura Municipal de Cedral;91.19;;Prefeitura Municipal de Cedral
2411502;61.46;0.0;0.0;0.0;1.14;51.18;46.16;113.87;Companhia de Águas e Esgotos do Rio Grande do Norte;8.45;7.63;Companhia de Águas e Esgotos do Rio Grande do Norte
1700400;49.68;4.12;0.0;100.0;0.59;81.46;23.87;176.68;Companhia de Saneamento do Tocantins;;;
2615904;88.34;38.33;0.0;0.0;2.21;81.23;27.54;147.37;Companhia Pernambucana de Saneamento;;;
2915205;;;;;;72.45;30.83;113.12;Empresa Baiana de Águas e Saneamento S.A.;23.44;;Empresa Baiana de Águas e Saneamento S.A.
1507961;41.02;9.33;0.0;100.0;0.58;45.71;94.0;8.53;Prefeitura Municipal de Terra Alta;;;
2305902;95.86;91.62;0.0;100.0;1.72;;;;;;;
3160454;44.67;20.92;0.0;100.0;0.41;30.74;38.19;146.53;Companhia de Saneamento de Minas Gerais;22.19;25.69;Companhia de Saneamento de Minas Gerais
4300059;43.53;0.0;0.0;0.0;0.35;36.33;46.54;177.38;Companhia Riograndense de Saneamento;;;
3152402;100.0;100.0;0.0;100.0;0.78;67.68;25.45;108.86;"Companhia de Saneamento de Minas Gerais ; COPASA Serviços de Saneamento Integrado do Norte e Nordeste de Minas Gerais S/A";55.95;2.66;COPASA Serviços de Saneamento Integrado do Norte e Nordeste de Minas Gerais S/A | Companhia de Saneamento de Minas Gerais
1507953;;;;;;21.68;3.0;86.94;Companhia de Saneamento do Pará;;;
1303700;72.25;88.09;0.0;100.0;1.9;59.12;35.9;152.21;Prefeitura Municipal de Santo Antônio do Içá;;;
2207108;;;;;;;;;;;;
2800605;100.0;100.0;0.0;0.0;1.33;99.91;45.43;161.75;Companhia de Saneamento de Sergipe;81.81;;Companhia de Saneamento de Sergipe
2922300;95.23;86.78;0.0;0.0;0.53;92.04;11.78;105.26;Empresa Baiana de Águas e Saneamento S.A.;40.37;38.64;Empresa Baiana de Águas e Saneamento S.A.
4308102;99.46;97.36;97.29;0.0;0.72;75.48;51.73;174.14;Companhia Riograndense de Saneamento;;;
3103207;100.0;100.0;0.0;0.0;0.47;99.55;49.22;174.1;Companhia de Saneamento de Minas Gerais;;;Prefeitura Municipal de Araçaí
3135902;100.0;100.0;0.0;0.0;0.41;65.24;90.0;4.02;Prefeitura Municipal de Jesuânia;65.24;;Prefeitura Municipal de Jesuânia
2403301;62.52;13.0;0.0;100.0;0.73;77.32;45.23;133.11;Companhia de Águas e Esgotos do Rio Grande do Norte;;;
2607703;84.32;57.88;0.0;0.0;0.4;64.64;11.69;144.69;Companhia Pernambucana de Saneamento;10.65;;Companhia Pernambucana de Saneamento
2907004;67.87;69.59;13.9;100.0;1.13;77.92;25.23;107.2;Empresa Baiana de Águas e Saneamento S.A.;;;
3551900;96.44;24.6;23.77;0.0;0.81;95.28;10.72;258.99;Serviço Autônomo de Água e Esgoto do município de Severínia;95.28;;Serviço Autônomo de Água e Esgoto do município de Severínia
5203203;100.0;100.0;0.0;100.0;0.87;80.54;30.02;193.9;Saneamento de Goiás S/A;;;
3168606;92.9;52.34;8.79;100.0;1.48;67.36;40.45;158.18;"COPASA Serviços de Saneamento Integrado do Norte e Nordeste de Minas Gerais S/A; Companhia de Saneamento de Minas Gerais";62.2;76.52;Companhia de Saneamento de Minas Gerais | COPASA Serviços de Saneamento Integrado do Norte e Nordeste de Minas Gerais S/A
4219358;31.92;0.0;31.92;0.0;0.35;40.2;25.58;130.51;Companhia Catarinense de Águas e Saneamento;;;
4203006;100.0;100.0;100.0;0.0;0.62;91.52;43.18;143.82;BRK Ambiental Caçador S.A;;;
2616001;75.4;41.27;0.0;0.0;0.73;56.92;42.11;125.46;Companhia Pernambucana de Saneamento;32.51;;Companhia Pernambucana de Saneamento
2509701;;;;;;51.22;53.38;125.05;Companhia de Águas e Esgotos da Paraíba;61.16;;Companhia de Águas e Esgotos da Paraíba
5219407;89.78;0.0;0.0;100.0;0.5;91.61;23.16;211.88;Saneamento de Goiás S/A;;;
3200102;48.71;0.0;48.71;0.0;0.36;46.38;28.07;154.27;Companhia Espírito-santense de Saneamento;34.2;29.79;Companhia Espírito-santense de Saneamento
1304062;60.0;60.0;0.0;100.0;0.46;35.39;58.95;214.62;Companhia de Saneamento do Amazonas;;;
4308078;100.0;100.0;0.0;0.0;0.8;53.65;18.82;188.48;Associação de Desenvolvimento Comunitário;;;
2800704;100.0;100.0;0.0;0.0;0.51;82.52;59.77;76.08;Companhia de Saneamento de Sergipe;57.82;30.48;Companhia de Saneamento de Sergipe
3543709;100.0;100.0;100.0;100.0;0.39;83.07;6.21;302.18;Prefeitura Municipal de Rincão;83.07;;Prefeitura Municipal de Rincão
3502705;99.77;98.95;72.16;0.0;0.45;73.72;22.22;162.16;Companhia de Saneamento Básico do Estado de São Paulo;54.9;48.84;Companhia de Saneamento Básico do Estado de São Paulo
3127701;96.45;0.0;67.51;0.0;0.58;96.79;52.57;176.5;"Águas de Valadares; Serviço Autônomo de Água e Esgoto";94.85;;Serviço Autônomo de Água e Esgoto | Águas de Valadares
3535903;100.0;100.0;0.0;0.0;2.34;100.0;13.93;188.78;Companhia de Saneamento Básico do Estado de São Paulo;100.0;98.94;Companhia de Saneamento Básico do Estado de São Paulo
3160405;93.6;41.42;31.17;100.0;0.74;87.83;19.95;169.23;Companhia de Saneamento de Minas Gerais;84.83;71.88;Companhia de Saneamento de Minas Gerais
1508035;;;;;;16.79;46.49;118.54;Companhia de Saneamento do Pará;;;
1716703;88.45;62.48;0.0;71.43;1.26;76.7;22.56;145.4;Companhia de Saneamento do Tocantins;;;
3168705;;;;;;94.45;47.81;134.68;Companhia de Saneamento de Minas Gerais;96.14;81.21;Companhia de Saneamento de Minas Gerais
3143401;100.0;100.0;0.0;100.0;1.04;82.83;34.14;194.8;Companhia de Saneamento de Minas Gerais;78.88;0.0;Companhia de Saneamento de Minas Gerais
2930303;55.15;34.72;0.0;100.0;1.23;48.82;31.51;161.01;Empresa Baiana de Águas e Saneamento S.A.;;;
2501500;69.81;26.78;0.0;0.0;0.52;12.26;45.9;167.3;Companhia de Águas e Esgotos da Paraíba;;;
2100956;50.16;15.0;0.0;100.0;0.19;23.36;79.65;118.03;Companhia de Saneamento Ambiental do Maranhão;;;
2607802;100.0;100.0;0.0;0.0;3.61;54.01;46.19;117.09;Companhia Pernambucana de Saneamento;;;
4308052;58.01;0.0;0.0;100.0;0.49;43.51;38.43;179.23;Companhia Riograndense de Saneamento;;;
2922250;46.31;13.9;0.0;100.0;0.43;68.6;38.34;93.02;Empresa Baiana de Águas e Saneamento S.A.;18.37;9.17;Empresa Baiana de Águas e Saneamento S.A.
4112900;57.04;19.23;0.0;0.0;0.6;76.05;18.98;156.3;Companhia de Saneamento do Paraná S.A.;23.08;;Companhia de Saneamento do Paraná S.A.
3119500;100.0;100.0;0.0;100.0;1.32;78.59;17.78;139.1;"COPASA Serviços de Saneamento Integrado do Norte e Nordeste de Minas Gerais S/A; Companhia de Saneamento de Minas Gerais";42.4;47.46;Companhia de Saneamento de Minas Gerais
5219506;76.63;0.0;0.0;80.02;0.94;69.37;21.01;188.79;Saneamento de Goiás S/A;;;
3135209;;;;;;64.66;21.35;169.83;Companhia de Saneamento de Minas Gerais;18.93;51.4;Companhia de Saneamento de Minas Gerais
3152204;100.0;100.0;0.0;0.0;0.51;92.34;0.86;177.33;Companhia de Saneamento de Minas Gerais;20.6;37.61;Companhia de Saneamento de Minas Gerais
2109239;76.79;100.0;0.0;100.0;1.85;83.4;68.67;91.2;Prefeitura Municipal de Presidente Médici;;;
4211256;81.04;65.32;0.0;0.0;0.4;84.28;7.33;317.68;Prefeitura Municipal de Morro Grande;;;
3160504;58.66;0.0;0.0;100.0;1.31;65.14;99.45;2.75;Prefeitura Municipal de Santo Antônio do Rio Abaixo;;;
3527702;91.14;0.0;91.14;51.5;1.84;99.96;21.7;167.89;Companhia de Saneamento Básico do Estado de São Paulo;99.89;94.04;Companhia de Saneamento Básico do Estado de São Paulo
2800670;87.81;56.25;72.15;0.0;0.56;82.07;59.38;75.02;Companhia de Saneamento de Sergipe;;;
4104709;100.0;100.0;100.0;0.0;0.63;75.5;18.25;149.36;Companhia de Saneamento do Paraná S.A.;73.23;63.15;Companhia de Saneamento do Paraná S.A.
2922102;;;;;;92.44;20.08;97.54;Empresa Baiana de Águas e Saneamento S.A.;;;
1508001;92.64;82.97;0.0;100.0;2.27;74.14;49.5;155.58;Prefeitura Municipal de Tomé-açu;;;
3127008;94.06;0.0;0.0;1.25;1.14;94.72;34.74;158.16;Companhia de Saneamento de Minas Gerais;90.28;71.6;Companhia de Saneamento de Minas Gerais
3200169;61.8;0.0;55.12;0.0;0.28;52.77;19.31;148.05;Companhia Espírito-santense de Saneamento;11.6;;Companhia Espírito-santense de Saneamento
4219408;100.0;100.0;0.0;0.0;2.27;51.97;24.03;124.4;Companhia Catarinense de Águas e Saneamento;;;
3152303;;;;;;58.02;34.4;154.9;Companhia de Saneamento de Minas Gerais;;;
3519501;94.35;0.0;0.0;0.0;1.5;96.33;6.47;428.44;Serviço Autônomo de Água e Esgoto de Ibirarema;94.35;;Serviço Autônomo de Água e Esgoto de Ibirarema
2607752;62.81;0.0;0.0;0.0;1.13;45.8;59.49;188.21;Companhia Pernambucana de Saneamento;13.58;0.0;Companhia Pernambucana de Saneamento | Prefeitura Municipal de Itapissuma
3552205;100.0;100.0;13.2;0.0;0.92;98.97;34.22;193.35;Serviço Autônomo de Água e Esgoto;98.85;90.24;Serviço Autônomo de Água e Esgoto
1507979;86.57;0.0;0.0;100.0;0.28;86.57;35.75;149.9;Companhia de Saneamento do Pará;;;
2616308;80.12;51.73;0.0;0.0;1.48;57.42;52.64;151.6;Companhia Pernambucana de Saneamento;;;
4316303;100.0;100.0;100.0;0.0;0.42;100.0;11.98;180.79;Prefeitura Municipal de Roque Gonzales;;;
2109205;30.13;0.0;0.0;70.75;0.28;13.78;75.31;120.59;Companhia de Saneamento Ambiental do Maranhão;;;
2800506;88.17;47.68;0.0;0.0;2.51;93.11;56.31;94.48;Companhia de Saneamento de Sergipe;4.31;;Prefeitura Municipal de Areia Branca
1508357;34.24;0.0;0.0;0.0;0.46;55.75;9.05;87.72;Prefeitura Municipal de Vitória do Xingu;51.18;;Prefeitura Municipal de Vitória do Xingu
3168002;100.0;100.0;0.0;100.0;0.68;73.7;15.88;133.54;"Companhia de Saneamento de Minas Gerais ; COPASA Serviços de Saneamento Integrado do Norte e Nordeste de Minas Gerais S/A";50.48;75.95;Companhia de Saneamento de Minas Gerais
3103108;100.0;100.0;0.0;0.0;0.48;63.41;43.44;175.26;Companhia de Saneamento de Minas Gerais;89.47;;Prefeitura Municipal de Antônio Prado de Minas
3535705;93.38;48.5;87.15;0.0;0.95;87.15;7.94;293.56;Prefeitura Municipal de Paraíso;88.76;;Prefeitura Municipal de Paraíso
1304104;57.85;0.0;0.0;100.0;0.38;78.5;27.62;381.61;Prefeitura Municipal de Tapauá;;;
2701605;35.09;0.0;0.0;0.0;0.25;35.09;46.76;81.8;Companhia de Saneamento de Alagoas;;;
3118809;60.94;0.0;0.0;100.0;0.29;41.0;;152.26;Companhia de Saneamento de Minas Gerais;22.84;39.2;Companhia de Saneamento de Minas Gerais
2403202;;;;;;37.23;;363.27;Serviço Autônomo de Água e Esgotos de Doutor Severiano;45.95;;Serviço Autônomo de Água e Esgotos de Doutor Severiano
4211207;100.0;100.0;87.92;0.0;0.57;100.0;25.71;147.92;Serviço Autônomo Municipal de Água e Esgoto;;;
3127107;94.45;0.0;0.0;0.0;1.02;76.13;20.61;198.27;Companhia de Saneamento de Minas Gerais;78.27;87.96;Companhia de Saneamento de Minas Gerais
3502754;87.79;0.0;0.0;0.0;1.11;77.76;15.35;184.99;Companhia de Saneamento Básico do Estado de São Paulo;51.88;47.11;Companhia de Saneamento Básico do Estado de São Paulo
2305266;57.42;39.76;0.0;100.0;0.63;74.28;60.74;85.73;"Sistema Integrado de Saneamento Rural da Bacia do Banabuiu; Companhia de Água e Esgoto do Ceará";;;
3200136;91.86;87.55;63.22;0.0;1.23;34.55;24.6;190.99;Companhia Espírito-santense de Saneamento;93.9;;Companhia Espírito-santense de Saneamento | Prefeitura Municipal de Águia Branca
5211404;83.51;29.45;0.0;100.0;0.41;78.83;29.35;188.86;Saneamento de Goiás S/A;77.69;67.42;Saneamento de Goiás S/A
2608107;;;;;;64.07;68.11;109.42;Companhia Pernambucana de Saneamento;;;
3552304;100.0;100.0;0.0;0.0;0.56;97.84;14.33;169.1;Companhia de Saneamento Básico do Estado de São Paulo;87.02;83.92;Companhia de Saneamento Básico do Estado de São Paulo
2109056;97.75;96.15;0.0;100.0;1.22;32.0;79.14;129.28;Companhia de Saneamento Ambiental do Maranhão;;;
4104659;100.0;100.0;90.07;0.0;0.67;81.29;21.81;129.15;Companhia de Saneamento do Paraná S.A.;80.52;69.93;Companhia de Saneamento do Paraná S.A.
3159803;87.38;10.41;85.91;0.0;1.32;79.36;21.58;205.81;Companhia de Saneamento de Minas Gerais;81.61;;Prefeitura Municipal de Santa Vitória
4112959;88.28;28.27;88.28;18.64;0.59;86.86;19.63;178.37;Companhia de Saneamento do Paraná S.A.;;;
3143450;53.29;9.7;0.0;100.0;0.32;48.55;28.89;132.79;Companhia de Saneamento de Minas Gerais;41.12;;Prefeitura Municipal de Montezuma
2101004;39.32;0.0;0.0;100.0;0.31;64.05;28.0;220.97;Serviço Autônome de Água e Esgoto;;;
3200508;74.22;0.0;0.0;0.0;1.94;74.22;27.88;153.59;Companhia Espírito-santense de Saneamento;27.05;20.89;Companhia Espírito-santense de Saneamento
3527504;100.0;100.0;100.0;0.0;1.09;86.77;24.01;182.78;Companhia de Saneamento Básico do Estado de São Paulo;72.67;66.81;Companhia de Saneamento Básico do Estado de São Paulo
1700251;58.13;0.0;0.0;100.0;0.34;58.13;57.83;149.49;Hidro Forte Administração e Operação S/A;;;
3535804;100.0;100.0;0.0;0.0;0.94;73.71;9.94;205.79;Companhia de Saneamento Básico do Estado de São Paulo;57.79;54.43;Companhia de Saneamento Básico do Estado de São Paulo
3118908;61.16;0.0;0.0;0.0;0.52;77.79;39.99;168.15;Companhia de Saneamento de Minas Gerais;46.06;47.17;Companhia de Saneamento de Minas Gerais
5219803;76.19;42.52;0.0;100.0;1.14;60.72;19.57;151.89;Saneamento de Goiás S/A;;;
4211058;92.62;0.0;0.0;0.0;0.46;94.75;10.83;662.55;Prefeitura Municipal de Monte Carlo;;;
3503109;100.0;100.0;0.0;0.0;0.85;62.68;28.29;212.03;Companhia de Saneamento Básico do Estado de São Paulo;62.44;57.12;Companhia de Saneamento Básico do Estado de São Paulo
1716604;100.0;100.0;0.0;100.0;1.45;60.87;28.86;161.52;Companhia de Saneamento do Tocantins;16.85;12.58;Companhia de Saneamento do Tocantins
4202875;40.55;2.01;0.0;0.0;0.69;66.91;10.36;200.28;Prefeitura Municipal de Brunópolis;;;
2501534;73.13;0.0;0.0;0.0;0.31;;;;;;;
3143302;100.0;100.0;1.72;0.0;0.87;82.7;39.7;139.27;Companhia de Saneamento de Minas Gerais;85.22;95.45;Companhia de Saneamento de Minas Gerais
3544103;93.69;0.0;0.0;0.0;1.14;93.94;11.41;138.61;Companhia de Saneamento Básico do Estado de São Paulo;74.14;50.68;Companhia de Saneamento Básico do Estado de São Paulo
2305233;93.83;0.0;3.13;100.0;1.35;60.8;24.96;116.92;Companhia de Água e Esgoto do Ceará;19.86;;Companhia de Água e Esgoto do Ceará
3127073;43.41;32.1;0.0;0.0;0.28;41.61;7.77;191.16;COPASA Serviços de Saneamento Integrado do Norte e Nordeste de Minas Gerais S/A;;;
1508308;66.73;32.08;0.0;100.0;0.52;9.82;27.69;94.58;Companhia de Saneamento do Pará;;;
1500131;87.45;0.0;0.0;100.0;1.74;86.64;33.23;135.66;Hidro Forte Administração e Operação S/A;;;
2509057;50.34;23.23;0.0;0.0;0.23;82.23;99.34;1.03;Prefeitura Municipal de Marcação;;;
4121109;100.0;100.0;75.14;0.0;0.45;76.32;27.8;179.77;Companhia de Saneamento do Paraná S.A.;;;
3519303;100.0;100.0;0.0;0.0;2.02;99.53;42.29;106.7;Prefeitura Municipal de Ibaté;98.6;93.28;Prefeitura Municipal de Ibaté
3151602;97.16;0.0;0.0;0.0;0.88;97.28;15.74;203.33;Companhia de Saneamento de Minas Gerais;97.16;;Prefeitura Municipal de Planura
4202859;61.43;0.0;61.43;0.0;0.42;71.38;47.91;167.68;Prefeitura Municipal de Braço do Trombudo;;;
4308458;90.63;65.71;0.0;17.53;0.47;60.89;30.3;173.42;Companhia Riograndense de Saneamento;;;
3527603;100.0;100.0;0.0;97.19;1.9;98.0;35.3;218.31;Saneamento de Luiz Antônio S/A;98.0;87.12;Saneamento de Luiz Antônio S/A
3127057;68.1;29.73;0.0;100.0;0.31;68.74;35.72;122.77;COPASA Serviços de Saneamento Integrado do Norte e Nordeste de Minas Gerais S/A;47.47;40.1;COPASA Serviços de Saneamento Integrado do Norte e Nordeste de Minas Gerais S/A
3135100;91.44;0.0;91.44;0.0;0.68;93.68;7.94;155.15;Companhia de Saneamento de Minas Gerais;25.74;41.98;Companhia de Saneamento de Minas Gerais
2109007;100.0;100.0;0.0;100.0;2.97;93.64;99.73;1.73;Serviço Autônomo de Água e Esgoto;7.34;;Serviço Autônomo de Água e Esgoto
2100832;76.32;30.0;0.0;100.0;0.56;100.0;20.09;106.64;Prefeitura Municipal de Apicum-açu;;;
2305332;;;;;;52.93;49.79;130.15;"Sistema Integrado de Saneamento Rural da Bacia do Banabuiu; Companhia de Água e Esgoto do Ceará";;;
5219902;99.25;96.43;0.0;0.0;0.48;72.53;19.68;161.9;Saneamento de Goiás S/A;;;
1500107;100.0;100.0;2.92;100.0;0.58;15.74;54.04;122.91;Companhia de Saneamento do Pará;;;
2914505;50.05;8.66;0.0;100.0;1.49;;8.74;102.83;"Empresa Baiana de Águas e Saneamento S.A.; Prefeitura Municipal de Irará";;;
2701407;99.67;100.0;0.0;0.0;0.8;9.37;69.79;97.97;Companhia de Saneamento de Alagoas;;;
2517209;76.4;68.63;0.0;0.0;0.26;17.65;44.31;138.71;Companhia de Águas e Esgotos da Paraíba;;;
1303908;79.55;84.68;0.0;100.0;0.28;38.22;68.88;99.0;Companhia de Saneamento do Amazonas;;;
1508407;89.82;17.13;33.33;100.0;1.04;42.46;26.5;126.53;Companhia de Saneamento do Tocantins;5.01;4.31;Companhia de Saneamento do Tocantins
3168051;85.91;48.32;72.74;0.0;0.6;74.83;60.09;198.1;Serviço Autônomo de Água e Esgotos de Taparuba;;;
2313500;81.28;66.16;0.0;100.0;0.56;51.01;43.09;76.92;"Sistema Integrado de Saneamento Rural da Bacia do Curú e Letora; Companhia de Água e Esgoto do Ceará";4.32;;Companhia de Água e Esgoto do Ceará
4308433;30.68;0.0;0.0;0.0;0.56;88.94;27.83;258.58;Prefeitura Municipal de Forquetinha;;;
2403251;94.8;;0.0;0.0;1.02;93.49;21.6;169.5;Companhia de Águas e Esgotos do Rio Grande do Norte;7.47;5.99;Companhia de Águas e Esgotos do Rio Grande do Norte
2411429;93.29;75.9;0.0;100.0;2.16;55.72;26.44;92.74;Companhia de Águas e Esgotos do Rio Grande do Norte;71.76;51.91;Companhia de Águas e Esgotos do Rio Grande do Norte
4316733;100.0;100.0;100.0;0.0;0.99;40.53;8.33;126.47;Prefeitura Municipal de Santa Cecília do Sul;;;
5007307;72.86;0.0;0.0;0.0;0.47;72.15;24.56;238.03;Empresa de Saneamento de Mato Grosso do Sul S/A;20.74;20.23;Empresa de Saneamento de Mato Grosso do Sul S/A
2206407;80.0;55.24;0.0;100.0;1.96;;;;;;;
4219309;100.0;100.0;100.0;0.0;0.71;92.33;44.01;167.57;Serviço Autônomo de Água e Esgoto do Município de Videira;0.4;0.32;Serviço Autônomo de Água e Esgoto do Município de Videira
3519402;52.96;0.0;0.0;0.0;0.29;100.0;15.11;204.82;Companhia de Saneamento Básico do Estado de São Paulo;94.35;93.4;Companhia de Saneamento Básico do Estado de São Paulo
3135076;;;;;;60.45;17.5;149.34;Prefeitura Municipal de Jampruca;;;
3126901;100.0;100.0;0.0;100.0;0.64;78.21;;170.73;Companhia de Saneamento de Minas Gerais;82.1;;Prefeitura Municipal de Frei Inocêncio
2100808;55.94;0.0;0.0;100.0;1.2;39.98;66.09;130.89;Companhia de Saneamento Ambiental do Maranhão;;;
3552106;92.28;80.0;84.56;0.0;0.66;61.9;25.81;182.77;Companhia de Saneamento Básico do Estado de São Paulo;54.81;42.92;Companhia de Saneamento Básico do Estado de São Paulo
2305308;85.2;72.89;0.0;100.0;1.43;50.4;8.56;122.52;"Sistema Integrado de Saneamento Rural da Bacia Hidrográfica do Parnaíba; Companhia de Água e Esgoto do Ceará";;;
3535101;97.49;0.0;0.0;0.0;0.54;98.93;14.43;157.39;Companhia de Saneamento Básico do Estado de São Paulo;98.5;97.79;Companhia de Saneamento Básico do Estado de São Paulo
2509008;65.25;0.0;0.0;0.0;2.3;49.68;39.77;130.25;Companhia de Águas e Esgotos da Paraíba;55.17;;Companhia de Águas e Esgotos da Paraíba | Prefeitura Municipal de Manaíra
2914604;100.0;100.0;0.0;100.0;1.19;99.88;32.29;125.69;Empresa Baiana de Águas e Saneamento S.A.;14.49;14.33;Empresa Baiana de Águas e Saneamento S.A.
2109106;84.44;43.73;0.0;100.0;0.76;29.72;68.07;154.93;Companhia de Saneamento Ambiental do Maranhão;;;
4112751;80.56;0.0;0.0;100.0;0.49;82.69;25.88;142.75;Companhia de Saneamento do Paraná S.A.;;;
2411403;89.97;79.77;0.0;100.0;1.0;54.05;35.97;124.54;Companhia de Águas e Esgotos do Rio Grande do Norte;;;
4316709;81.96;0.0;81.96;0.0;0.8;74.69;39.02;180.83;Companhia Riograndense de Saneamento;;;
1304005;44.48;0.0;0.0;100.0;0.51;78.74;20.83;52.67;Prefeitura Municipal de Silves;;;
1500206;63.79;53.49;0.0;100.0;0.26;23.2;98.83;1.59;Prefeitura Municipal de Acará;;;
2701506;;;;;;83.13;82.31;96.54;Companhia de Saneamento de Alagoas;;;
3111309;100.0;100.0;0.0;0.0;0.89;;;;;;;
4211108;87.21;69.32;0.0;0.0;0.73;71.41;51.24;101.94;Companhia Catarinense de Águas e Saneamento;;;
3543907;100.0;100.0;100.0;0.0;0.91;96.44;38.3;220.06;Departamento Autônomo de Água e Esgoto;96.27;;Departamento Autônomo de Água e Esgoto
3511201;100.0;100.0;0.0;0.0;2.37;99.27;19.71;177.01;Companhia de Saneamento Básico do Estado de São Paulo;93.34;97.04;Companhia de Saneamento Básico do Estado de São Paulo
5211305;100.0;100.0;0.0;57.72;0.84;65.94;27.04;182.88;Saneamento de Goiás S/A;;;
2616183;86.1;81.27;0.0;0.0;0.29;34.66;58.46;78.37;Companhia Pernambucana de Saneamento;;;
3118700;75.13;0.0;75.13;0.0;0.49;78.7;20.95;206.2;Serviço Autônomo de Água e Esgoto;75.13;67.73;Serviço Autônomo de Água e Esgoto
3503158;98.94;96.71;0.0;0.0;0.51;98.77;23.1;145.54;Companhia de Saneamento Básico do Estado de São Paulo;69.64;60.77;Companhia de Saneamento Básico do Estado de São Paulo
2100907;59.65;43.45;0.0;100.0;0.67;0.0;39.64;;Companhia de Saneamento Ambiental do Maranhão;;;
5007406;86.67;10.12;85.17;0.0;0.65;84.32;29.81;173.09;Empresa de Saneamento de Mato Grosso do Sul S/A;25.55;23.47;Empresa de Saneamento de Mato Grosso do Sul S/A
3135050;78.5;49.89;28.54;0.0;1.58;59.07;19.18;166.76;Companhia de Saneamento de Minas Gerais;21.11;40.67;Companhia de Saneamento de Minas Gerais
1716653;77.41;53.05;0.0;100.0;0.29;46.19;48.1;163.06;Hidro Forte Administração e Operação S/A;;;
2206506;100.0;100.0;0.0;100.0;0.46;;;;;;;
3526902;100.0;100.0;72.74;0.0;1.04;96.98;16.58;210.28;BRK Ambiental - Limeira S.A.;96.98;94.94;BRK Ambiental - Limeira S.A.
2500809;;;;;;39.52;36.42;178.04;Companhia de Águas e Esgotos da Paraíba;;;
2509107;;;;;;52.7;37.07;129.49;Companhia de Águas e Esgotos da Paraíba;;;
4120903;70.57;0.0;0.0;0.0;0.26;72.35;17.07;143.5;Companhia de Saneamento do Paraná S.A.;46.07;40.4;Companhia de Saneamento do Paraná S.A.
5219712;;;;;;83.02;20.0;175.52;Saneamento de Goiás S/A;;;
4308508;100.0;100.0;16.72;0.0;0.7;76.07;43.55;194.05;Companhia Riograndense de Saneamento;;;
5104203;;;;;;82.84;20.36;247.54;Prefeitura Municipal de Guiratinga;;;
2906402;87.84;78.25;0.0;100.0;0.48;68.14;25.27;129.28;Empresa Baiana de Águas e Saneamento S.A.;;;
2930758;;;;;;;;;;;;
4202909;100.0;100.0;100.0;0.0;0.93;87.77;23.54;181.33;Serviço Autônomo Municipal de Água e Esgoto;;;
5219704;73.95;0.0;0.0;0.0;3.3;62.34;25.36;132.53;Saneamento de Goiás S/A;;;
5203104;;;;;;36.37;17.47;199.94;Saneamento de Goiás S/A;;;
3544004;98.07;83.02;0.0;0.0;0.54;96.24;56.97;151.2;Serviço Autônomo de Água e Esgoto;100.0;86.79;Serviço Autônomo de Água e Esgoto
4218608;100.0;100.0;69.41;0.0;1.72;69.2;40.68;135.65;Companhia Catarinense de Águas e Saneamento;;;
3518701;100.0;100.0;27.12;0.0;1.57;89.76;26.92;364.91;Companhia de Saneamento Básico do Estado de São Paulo;75.94;;Companhia de Saneamento Básico do Estado de São Paulo
1508209;;;;;;23.32;64.07;123.15;Companhia de Saneamento do Pará;;;
2500908;;;;;;57.67;59.06;108.64;Companhia de Águas e Esgotos da Paraíba;;;
2313302;100.0;100.0;0.0;100.0;1.96;85.38;40.9;96.16;"Companhia de Água e Esgoto do Ceará; Serviço Autônomo de Saneamento Ambiental Rural; Sistema Integrado de Saneamento Rural da Bacia do Alto Jaguaribe";8.03;;Companhia de Água e Esgoto do Ceará
4300307;41.18;0.0;0.0;0.0;0.41;28.81;40.61;234.35;Companhia Riograndense de Saneamento;;;
1303957;;;;;;;;;;;;
2100873;;;;;;12.57;82.31;106.66;Companhia de Saneamento Ambiental do Maranhão;;;
4121000;77.62;29.31;77.62;40.28;1.37;70.57;17.13;171.42;Companhia de Saneamento do Paraná S.A.;16.53;12.82;Companhia de Saneamento do Paraná S.A.
2101251;100.0;100.0;0.0;0.0;0.52;36.84;91.13;184.2;Companhia de Saneamento Ambiental do Maranhão;;;
3110608;100.0;100.0;85.14;0.0;0.93;85.14;38.86;203.37;Serviço Autônomo de Água e Esgoto;85.14;;Serviço Autônomo de Água e Esgoto
4210407;100.0;100.0;100.0;0.0;0.43;59.2;34.19;124.26;Companhia Catarinense de Águas e Saneamento;;;
3510500;99.44;60.03;99.44;0.0;1.66;88.68;11.95;256.52;Companhia de Saneamento Básico do Estado de São Paulo;79.87;74.03;Companhia de Saneamento Básico do Estado de São Paulo
2410702;92.16;31.75;0.0;100.0;0.58;61.98;9.42;109.21;Companhia de Águas e Esgotos do Rio Grande do Norte;58.26;71.2;Prefeitura Municipal de Riacho Da Cruz
3126950;37.41;13.83;0.0;0.0;0.27;29.06;30.25;133.34;Companhia de Saneamento de Minas Gerais;38.04;;Prefeitura Municipal de Frei Lagonegro
3200359;64.54;16.5;56.8;0.0;0.45;51.52;17.16;151.72;Companhia Espírito-santense de Saneamento;6.02;;Prefeitura Municipal de Alto Rio Novo | Companhia Espírito-santense de Saneamento
2914406;;;;;;32.96;14.34;109.93;Empresa Baiana de Águas e Saneamento S.A.;5.27;;Empresa Baiana de Águas e Saneamento S.A.
2305100;100.0;100.0;0.0;100.0;1.72;18.63;38.19;184.63;Companhia de Água e Esgoto do Ceará;14.74;;Companhia de Água e Esgoto do Ceará
2313401;75.46;25.16;0.0;100.0;0.38;67.11;18.15;146.59;"Sistema Integrado de Saneamento Rural da Bacia do Acaraú; Companhia de Água e Esgoto do Ceará; Sistema Integrado de Saneamento Rural da Bacia Hidrográfica do Parnaíba";21.54;;Companhia de Água e Esgoto do Ceará
2930709;;;;;;82.23;60.9;160.42;Empresa Baiana de Águas e Saneamento S.A.;41.12;37.96;Empresa Baiana de Águas e Saneamento S.A.
2607950;57.24;28.07;0.0;0.0;0.34;;;;;;;
2517100;77.68;0.0;0.0;0.0;0.31;61.0;15.63;152.8;Companhia de Águas e Esgotos da Paraíba;95.59;;Companhia de Águas e Esgotos da Paraíba | Prefeitura Municipal de Várzea
2109403;30.17;17.3;0.0;100.0;0.21;22.69;86.01;180.74;Companhia de Saneamento Ambiental do Maranhão;;;
4112801;100.0;100.0;100.0;0.0;1.51;87.74;26.55;162.75;Companhia de Saneamento do Paraná S.A.;79.26;80.28;Companhia de Saneamento do Paraná S.A.
5007208;89.23;0.0;44.62;0.0;0.55;88.34;34.34;166.06;Empresa de Saneamento de Mato Grosso do Sul S/A;33.7;28.94;Empresa de Saneamento de Mato Grosso do Sul S/A
4316501;;;;;;63.28;13.77;179.89;Companhia Riograndense de Saneamento;;;
2206308;;;;;;;;;;;;
2701803;;;;;;61.34;62.22;77.19;"Águas do Sertão; Companhia de Saneamento de Alagoas";;;
4128500;100.0;100.0;0.0;100.0;1.83;83.32;23.11;144.99;Companhia de Saneamento do Paraná S.A.;66.55;56.49;Companhia de Saneamento do Paraná S.A.
3102407;77.6;59.46;44.75;100.0;0.24;26.03;21.53;183.06;Companhia de Saneamento de Minas Gerais;44.17;;Prefeitura Municipal de Alvorada de Minas
2305209;38.41;0.0;0.0;100.0;1.0;65.07;30.0;119.42;"Companhia de Água e Esgoto do Ceará; Sistema Integrado de Saneamento Rural da Bacia do Acaraú";;;
3110707;100.0;100.0;0.0;37.31;0.88;82.77;21.4;187.56;Companhia de Saneamento de Minas Gerais;58.3;0.0;Companhia de Saneamento de Minas Gerais
2906204;100.0;100.0;0.0;49.97;1.92;98.91;33.96;103.59;Empresa Baiana de Águas e Saneamento S.A.;;;
2608057;100.0;100.0;0.0;0.0;0.42;68.78;63.36;162.5;Companhia Pernambucana de Saneamento;41.14;;Prefeitura Municipal de Jatobá | Companhia Pernambucana de Saneamento
2410801;43.88;0.0;0.0;100.0;0.52;29.48;46.77;114.48;Companhia de Águas e Esgotos do Rio Grande do Norte;;;
2500734;62.61;11.81;0.0;0.0;1.04;0.0;;;Companhia de Águas e Esgotos da Paraíba;;;
4202206;71.81;36.61;55.53;0.0;0.38;42.32;20.33;127.23;Companhia Catarinense de Águas e Saneamento;;;
2922508;77.46;36.28;0.0;100.0;0.47;76.38;25.63;109.03;Empresa Baiana de Águas e Saneamento S.A.;;;
5211602;57.71;0.0;0.0;0.0;0.95;53.98;17.68;187.02;Saneamento de Goiás S/A;;;
2508901;87.87;29.99;0.0;0.0;0.86;33.39;67.71;132.5;Companhia de Águas e Esgotos da Paraíba;12.9;15.44;Companhia de Águas e Esgotos da Paraíba
4104600;100.0;100.0;100.0;0.0;0.62;83.42;20.26;169.19;Companhia de Saneamento do Paraná S.A.;40.59;33.65;Companhia de Saneamento do Paraná S.A.
4308300;;;;;;40.06;41.18;167.58;Companhia Riograndense de Saneamento;;;
4120309;100.0;100.0;100.0;100.0;0.33;56.86;27.83;137.75;Companhia de Saneamento do Paraná S.A.;;;
4316600;75.48;0.0;75.48;0.0;0.53;68.09;34.09;176.28;Companhia Riograndense de Saneamento;;;
2101202;99.42;97.86;0.0;100.0;2.16;90.65;25.83;167.72;Serviço Autônomo de Água e Esgoto;;;
2109502;100.0;100.0;0.0;100.0;0.6;49.86;43.99;139.05;Companhia de Saneamento Ambiental do Maranhão;;;
5219753;;;;;;95.35;41.76;106.89;Saneamento de Goiás S/A;60.88;;Saneamento de Goiás S/A
3135456;57.97;8.5;0.0;100.0;0.34;69.11;31.13;156.46;COPASA Serviços de Saneamento Integrado do Norte e Nordeste de Minas Gerais S/A;39.92;39.04;COPASA Serviços de Saneamento Integrado do Norte e Nordeste de Minas Gerais S/A
2616209;100.0;100.0;0.0;0.0;0.46;60.76;16.78;92.81;Companhia Pernambucana de Saneamento;;;
2402600;90.35;70.31;0.0;0.0;0.63;;;;;;;
3119104;93.77;31.34;0.0;100.0;0.55;75.23;24.73;172.9;Companhia de Saneamento de Minas Gerais;56.97;76.94;Companhia de Saneamento de Minas Gerais
2906303;;;;;;73.76;23.08;99.49;Empresa Baiana de Águas e Saneamento S.A.;49.84;;Empresa Baiana de Águas e Saneamento S.A.
2313351;100.0;100.0;0.0;100.0;0.59;87.97;33.65;75.27;"Companhia de Água e Esgoto do Ceará; Sistema Integrado de Saneamento Rural da Bacia do Curú e Letora";;;
3167905;;;;;;60.81;39.19;163.84;Companhia de Saneamento de Minas Gerais;;;
3102506;70.1;31.88;0.0;0.0;0.41;53.49;31.43;149.4;Companhia de Saneamento de Minas Gerais;52.19;;Prefeitura Municipal de Amparo do Serra
4202305;100.0;100.0;100.0;0.0;0.82;88.89;35.45;149.06;Companhia Catarinense de Águas e Saneamento;0.08;0.07;Companhia Catarinense de Águas e Saneamento
4300109;61.18;20.66;0.0;0.0;0.35;46.15;36.1;158.2;Companhia Riograndense de Saneamento;;;
5203401;79.95;0.0;0.0;100.0;1.0;79.95;26.05;142.17;Saneamento de Goiás S/A;;;
3306206;91.57;35.77;64.44;0.0;0.92;74.52;22.58;211.26;Rio+ Saneamento BL3 S.A;21.37;7.17;Rio+ Saneamento BL3 S.A
2500700;;;;;;35.56;41.44;176.33;Companhia de Águas e Esgotos da Paraíba;;;
4308409;89.39;83.87;0.0;0.0;0.49;39.69;23.66;185.81;Companhia Riograndense de Saneamento;;;
5211701;99.84;99.52;0.0;0.0;1.07;66.26;25.52;181.22;Saneamento de Goiás S/A;;;
4112108;100.0;100.0;100.0;0.0;0.55;93.26;30.42;170.49;Companhia de Saneamento do Paraná S.A.;84.94;71.51;Companhia de Saneamento do Paraná S.A.
5219738;100.0;100.0;0.0;0.0;0.37;78.75;18.23;169.34;Saneamento de Goiás S/A;;;
5104609;69.54;0.0;0.0;100.0;0.79;69.54;28.24;277.08;Prefeitura Municipal de Itiquira;;;
2101301;;;;;;15.71;76.7;144.17;Companhia de Saneamento Ambiental do Maranhão;;;
2608008;100.0;100.0;0.0;0.0;0.34;24.12;45.99;46.85;Companhia Pernambucana de Saneamento;;;
3159704;86.54;0.0;0.0;0.0;0.71;71.03;18.69;204.69;Companhia de Saneamento de Minas Gerais;70.77;;Prefeitura Municipal de Santa Rosa Da Serra
2313708;100.0;100.0;0.0;100.0;0.4;61.63;30.45;115.4;"Sistema Integrado de Saneamento Rural da Bacia Hidrográfica do Salgado; Companhia de Água e Esgoto do Ceará";;;
3200409;80.27;52.06;0.0;0.0;1.25;63.27;38.0;235.74;Companhia Espírito-santense de Saneamento;27.42;29.68;Companhia Espírito-santense de Saneamento
5203500;100.0;100.0;0.0;0.0;1.36;95.06;31.31;127.91;Saneamento de Goiás S/A;95.06;80.46;Saneamento de Goiás S/A
4300208;;;;;;58.0;46.57;180.3;Companhia Riograndense de Saneamento;;;
3543253;40.32;0.0;15.85;0.0;0.52;96.53;27.03;121.9;Companhia de Saneamento Básico do Estado de São Paulo;39.91;33.2;Companhia de Saneamento Básico do Estado de São Paulo
3306305;100.0;100.0;99.76;0.0;0.73;99.03;38.27;233.53;Serviço Autônomo de Água e Esgoto de Volta Redonda;99.0;;Serviço Autônomo de Água e Esgoto de Volta Redonda
4128559;76.81;0.0;76.81;0.0;0.96;80.59;19.03;154.1;Companhia de Saneamento do Paraná S.A.;79.25;74.91;Companhia de Saneamento do Paraná S.A.
4103909;100.0;100.0;68.78;13.27;0.59;88.89;20.34;168.17;Companhia de Saneamento do Paraná S.A.;;;
2109452;100.0;100.0;0.0;0.0;1.11;;;;;;;
2410603;68.48;0.0;0.0;100.0;0.52;68.48;5.98;126.7;Companhia de Águas e Esgotos do Rio Grande do Norte;;;
4315909;67.97;0.0;67.97;0.0;0.35;64.57;30.75;170.09;Companhia Riograndense de Saneamento;;;
2206357;29.75;0.0;0.0;100.0;0.24;35.94;37.29;146.91;Prefeitura Municipal de Milton Brandão;;;
3110509;100.0;100.0;0.0;0.0;0.79;56.62;32.86;228.4;Companhia de Saneamento de Minas Gerais;44.26;42.35;Companhia de Saneamento de Minas Gerais
4210308;100.0;100.0;0.0;0.0;0.37;41.47;30.63;118.56;Companhia Catarinense de Águas e Saneamento;;;
3143708;83.52;0.0;0.0;100.0;0.76;83.52;29.91;145.52;Prefeitura Municipal de Morro do Pilar;42.56;;Prefeitura Municipal de Morro do Pilar
3503000;100.0;100.0;0.0;0.0;0.6;95.02;40.06;601.98;Prefeitura Municipal de Aramina;96.56;;Prefeitura Municipal de Aramina
3510401;96.25;0.0;0.0;0.0;0.76;96.25;38.16;223.85;Serviço Autônomo de Água e Esgoto;96.25;;Serviço Autônomo de Água e Esgoto
3151503;100.0;100.0;26.5;100.0;0.69;93.6;23.77;277.39;Serviço Autônomo de Água e Esgoto;93.6;100.0;Serviço Autônomo de Água e Esgoto
2615508;83.1;0.0;0.0;0.0;0.74;64.67;8.53;118.29;Companhia Pernambucana de Saneamento;;;
3127354;70.21;45.07;0.0;0.0;0.38;46.57;10.81;261.94;Companhia de Saneamento de Minas Gerais;42.63;34.61;Companhia de Saneamento de Minas Gerais
2500775;100.0;100.0;0.0;0.0;0.93;45.25;40.34;157.98;Companhia de Águas e Esgotos da Paraíba;54.71;;Companhia de Águas e Esgotos da Paraíba | Prefeitura Municipal de Aparecida
2109304;45.96;0.0;0.0;100.0;1.77;0.0;40.0;;Companhia de Saneamento Ambiental do Maranhão;;;
2305506;;;;;;80.7;39.63;132.37;"Sistema Integrado de Saneamento Rural da Bacia do Alto Jaguaribe; Serviço Autônomo de Água e Esgoto de Iguatu";16.15;;Serviço Autônomo de Água e Esgoto de Iguatu
2206720;;;;;;;;;;;;
2930600;70.09;0.0;0.0;100.0;0.94;99.99;24.55;126.34;Empresa Baiana de Águas e Saneamento S.A.;;;
3127339;;;;;;;;;;;;
4128534;73.56;0.0;26.44;0.0;0.51;88.33;12.38;126.74;Companhia de Saneamento do Paraná S.A.;31.5;26.45;Companhia de Saneamento do Paraná S.A.
4307708;100.0;100.0;100.0;0.0;0.85;99.95;10.03;150.35;Companhia Riograndense de Saneamento;64.17;49.97;Companhia Riograndense de Saneamento
2914802;94.94;98.79;0.0;0.0;2.0;96.77;46.93;168.67;Empresa Municipal de Água e Saneamento Ambiental S/A;86.72;24.06;Empresa Municipal de Água e Saneamento Ambiental S/A
4120358;;;;;;78.88;40.9;129.64;Companhia de Saneamento do Paraná S.A.;51.31;45.6;Companhia de Saneamento do Paraná S.A.
4104006;100.0;100.0;95.65;0.0;1.32;91.03;43.3;130.25;Companhia de Saneamento do Paraná S.A.;87.23;71.66;Companhia de Saneamento do Paraná S.A.
3102308;100.0;100.0;0.0;0.0;0.41;53.33;29.12;159.16;Companhia de Saneamento de Minas Gerais;94.16;;Prefeitura Municipal de Alvinópolis
4202107;100.0;100.0;100.0;0.0;1.0;100.0;31.54;182.83;Companhia Catarinense de Águas e Saneamento;;;
1303304;63.17;0.0;0.0;100.0;2.42;22.18;9.65;292.67;Prefeitura Municipal de Novo Aripuanã;;;
2402402;84.67;69.16;0.0;99.89;2.16;76.05;24.57;120.23;Companhia de Águas e Esgotos do Rio Grande do Norte;;;
5211503;100.0;100.0;21.37;71.89;0.82;93.77;34.75;176.35;Saneamento de Goiás S/A;93.77;83.61;Saneamento de Goiás S/A
2206704;;;;;;;;;;;;
4202099;30.75;9.65;0.0;0.0;0.23;27.56;27.3;125.72;Companhia Catarinense de Águas e Saneamento;;;
3135506;100.0;100.0;0.0;100.0;0.82;90.0;27.85;98.46;Departamento Municipal de Água e Esgoto;90.0;0.0;Departamento Municipal de Água e Esgoto
1707652;79.54;0.0;0.0;100.0;0.46;79.54;19.55;154.94;Companhia de Saneamento do Tocantins;;;
2607307;;;;;;45.8;5.63;82.09;Companhia Pernambucana de Saneamento;21.25;;Companhia Pernambucana de Saneamento
2922409;30.08;3.93;0.0;100.0;0.35;50.46;28.58;122.5;Empresa Baiana de Águas e Saneamento S.A.;40.4;;Empresa Baiana de Águas e Saneamento S.A.
3551504;100.0;100.0;0.0;0.0;1.36;97.87;69.82;174.36;Prefeitura Municipal de Serrana;97.87;;Prefeitura Municipal de Serrana
2101103;;;;;;12.41;80.11;119.63;Companhia de Saneamento Ambiental do Maranhão;;;
2615607;79.61;0.0;0.0;82.7;0.5;78.93;8.62;117.6;Companhia Pernambucana de Saneamento;56.1;;Prefeitura Municipal de Trindade | Companhia Pernambucana de Saneamento
2206696;49.31;35.54;0.0;100.0;0.28;;;;;;;
2305605;48.86;0.0;0.0;100.0;0.49;64.68;33.27;103.66;"Companhia de Água e Esgoto do Ceará; Sistema Integrado de Saneamento Rural da Bacia Hidrográfica do Parnaíba";12.27;;Companhia de Água e Esgoto do Ceará
2906600;59.59;0.0;0.0;100.0;0.41;63.68;29.37;156.32;Empresa Baiana de Águas e Saneamento S.A.;;;
3168200;100.0;100.0;0.0;0.0;1.41;52.55;15.96;175.8;Companhia de Saneamento de Minas Gerais;;;
2509305;98.68;89.96;0.0;0.0;0.83;100.0;4.0;311.04;Prefeitura Municipal de Mataraca;;;
4120333;94.26;0.0;94.26;33.12;0.79;94.26;9.42;234.09;Serviço Autônomo Municipal de Água e Esgoto;94.26;;Serviço Autônomo Municipal de Água e Esgoto
2109270;;;;;;;;;;;;
3135357;100.0;100.0;0.0;0.0;0.78;35.54;16.51;171.42;Companhia de Saneamento de Minas Gerais;;;
3306107;83.62;0.0;0.0;0.0;0.7;94.34;62.38;175.6;Prefeitura Municipal de Valença;30.19;;Prefeitura Municipal de Valença
2402501;;;;;;31.6;47.21;144.13;Companhia de Águas e Esgotos do Rio Grande do Norte;26.1;;Companhia de Águas e Esgotos do Rio Grande do Norte
4202081;47.02;0.0;0.0;0.0;0.25;43.42;38.6;107.05;Companhia Catarinense de Águas e Saneamento;;;
3502309;99.9;99.44;0.0;0.0;0.98;85.14;22.43;162.98;Companhia de Saneamento Básico do Estado de São Paulo;77.71;60.1;Companhia de Saneamento Básico do Estado de São Paulo
3535002;86.73;0.0;0.0;17.51;0.74;86.73;15.57;202.49;Empresa de Saneamento de Palestina;86.22;83.76;Empresa de Saneamento de Palestina
3127305;99.06;95.31;0.0;100.0;0.54;91.23;18.74;139.73;Prefeitura Municipal de Galiléia;;;
5203302;58.49;22.03;50.87;0.0;1.24;62.98;24.62;142.82;Saneamento de Goiás S/A;43.53;30.73;Saneamento de Goiás S/A
3543303;100.0;100.0;98.35;0.0;0.99;90.69;27.38;146.8;Companhia de Saneamento Básico do Estado de São Paulo;82.75;54.87;Companhia de Saneamento Básico do Estado de São Paulo
3160009;81.27;0.0;0.0;100.0;0.51;59.65;28.64;188.75;Companhia de Saneamento de Minas Gerais;64.42;;Prefeitura Municipal de Santo Antônio do Aventureiro
4202073;63.56;0.0;0.0;0.0;1.01;66.0;17.98;157.95;Gaivota Saneamento SPE S/A;;;
3168309;61.63;20.61;0.0;0.0;0.54;83.47;30.31;196.37;Companhia de Saneamento de Minas Gerais;22.55;;Companhia de Saneamento de Minas Gerais
2313757;47.46;0.0;0.0;100.0;1.0;65.78;51.23;119.5;"Sistema Integrado de Saneamento Rural da Bacia do Curú e Letora; Companhia de Água e Esgoto do Ceará";;;
2501104;80.05;43.15;0.0;0.0;0.51;44.54;33.1;144.4;Companhia de Águas e Esgotos da Paraíba;;;
2929909;92.73;84.15;0.0;100.0;0.87;54.11;22.17;107.76;Empresa Baiana de Águas e Saneamento S.A.;;;
2607406;73.43;0.0;0.0;0.0;0.34;81.54;21.02;159.97;Companhia Pernambucana de Saneamento;;;
2206670;37.82;0.0;0.0;100.0;0.21;62.18;28.88;194.49;Serviço Autônomo de Água e Esgoto;;;
4103958;80.54;67.95;0.0;0.0;0.29;43.04;23.39;171.3;Companhia de Saneamento do Paraná S.A.;;;
3526803;100.0;100.0;100.0;0.0;0.73;97.59;44.45;269.51;Serviço Autônomo Água e Esgotos de Lençóis Paulista;100.0;;Serviço Autônomo Água e Esgotos de Lençóis Paulista
5104500;73.25;0.0;0.0;0.0;0.29;;;;;;;
4315958;;;;;;;;;;;;
4202057;92.1;78.36;0.0;0.0;0.89;100.0;20.2;188.67;Companhia Catarinense de Águas e Saneamento;50.29;27.79;Companhia Catarinense de Águas e Saneamento
3143500;92.7;65.59;0.0;100.0;1.26;73.3;11.27;208.81;Companhia de Saneamento de Minas Gerais;54.6;67.3;Companhia de Saneamento de Minas Gerais
5219100;91.51;0.0;0.0;0.0;0.31;91.51;22.65;146.99;Saneamento de Goiás S/A;;;
3160108;100.0;100.0;0.0;100.0;0.6;70.68;38.15;169.73;Companhia de Saneamento de Minas Gerais;69.09;;Prefeitura Municipal de Santo Antônio do Grama
2921708;80.46;84.53;0.0;100.0;0.7;69.36;19.64;91.12;Empresa Baiana de Águas e Saneamento S.A.;43.86;30.72;Empresa Baiana de Águas e Saneamento S.A.
1507607;61.74;20.1;0.0;100.0;0.51;73.02;12.05;120.91;Prefeitura Municipal de São Miguel do Guamá;;;
4103800;86.69;0.0;86.69;0.0;0.58;90.78;23.12;163.78;Companhia de Saneamento do Paraná S.A.;;;
3135308;80.89;0.0;0.0;12.9;0.45;95.87;47.94;393.83;Prefeitura Municipal de Japaraíba;80.89;;Prefeitura Municipal de Japaraíba
4120150;30.25;0.0;0.0;0.0;0.22;59.1;7.4;174.84;Prefeitura Municipal de Porto Barreiro;;;
2411007;100.0;100.0;0.0;100.0;1.18;93.26;34.23;116.65;Companhia de Águas e Esgotos do Rio Grande do Norte;;;
3143609;34.74;0.0;0.0;100.0;0.17;52.26;33.98;238.35;Companhia de Saneamento de Minas Gerais;40.61;0.0;Prefeitura Municipal de Morro Da Garça
4218509;100.0;100.0;0.0;0.0;0.53;75.48;34.82;119.29;Companhia Catarinense de Águas e Saneamento;39.15;36.22;Companhia Catarinense de Águas e Saneamento
4202156;57.66;0.0;0.0;0.0;0.36;52.82;32.91;114.67;Companhia Catarinense de Águas e Saneamento;;;
3518602;100.0;100.0;0.0;0.0;0.53;100.0;22.79;182.18;Companhia de Saneamento Básico do Estado de São Paulo;100.0;;Companhia de Saneamento Básico do Estado de São Paulo
2305407;56.95;26.3;0.0;100.0;0.93;92.38;22.38;152.43;"Sistema Integrado de Saneamento Rural da Bacia do Alto Jaguaribe; Serviço Autônomo de Água e Esgoto";26.52;;Serviço Autônomo de Água e Esgoto
2509370;46.3;31.01;0.0;0.0;0.85;43.06;36.22;159.41;Companhia de Águas e Esgotos da Paraíba;;;
3551306;;;;;;90.52;8.04;203.02;Companhia de Saneamento Básico do Estado de São Paulo;84.25;;Companhia de Saneamento Básico do Estado de São Paulo
2615409;100.0;100.0;0.0;0.0;0.72;71.88;15.26;114.67;Companhia Pernambucana de Saneamento;100.0;44.82;Companhia Pernambucana de Saneamento | Prefeitura Municipal de Toritama
2206753;77.69;78.65;25.9;100.0;0.77;;;;;;;
3151909;75.61;72.21;0.0;0.0;0.64;59.05;40.14;296.75;Serviço Autônomo de Água e Esgoto;33.07;;Serviço Autônomo de Água e Esgoto
3110905;87.41;0.0;0.0;0.0;0.66;83.87;26.72;138.48;Companhia de Saneamento de Minas Gerais;81.22;0.0;Companhia de Saneamento de Minas Gerais
1707702;83.09;51.38;0.0;100.0;0.9;65.22;25.83;151.22;Companhia de Saneamento do Tocantins;;;
1507458;60.0;69.66;0.0;100.0;1.67;72.94;43.81;142.76;Companhia de Saneamento do Tocantins;18.28;19.32;Companhia de Saneamento do Tocantins
1303205;85.02;48.78;18.22;95.67;0.82;80.01;11.61;59.49;Prefeitura Municipal de Novo Airão;;;
3135407;88.24;66.99;50.37;0.0;0.44;89.56;20.24;213.24;Prefeitura Municipal de Jeceaba;100.0;;Prefeitura Municipal de Jeceaba
4202131;55.46;43.08;0.0;0.0;0.18;22.17;35.24;113.87;Companhia Catarinense de Águas e Saneamento;;;
2402808;;;;;;61.34;62.1;82.36;Companhia de Águas e Esgotos do Rio Grande do Norte;;;
2313559;90.0;90.0;0.0;100.0;1.91;81.54;28.32;123.06;"Companhia de Água e Esgoto do Ceará; Sistema Integrado de Saneamento Rural da Bacia do Curú e Letora";;;
3535309;100.0;100.0;100.0;0.0;0.85;96.96;47.79;196.8;Serviço Autônomo de Água e Esgoto;96.28;;Serviço Autônomo de Água e Esgoto
3543238;100.0;100.0;0.0;0.0;0.84;93.06;7.53;167.96;Companhia de Saneamento Básico do Estado de São Paulo;88.61;77.53;Companhia de Saneamento Básico do Estado de São Paulo
2800100;;;;;;99.27;61.04;102.21;Companhia de Saneamento de Sergipe;;;
2509339;23.55;0.0;0.0;0.0;0.19;11.81;31.26;102.36;Companhia de Águas e Esgotos da Paraíba;23.55;;Prefeitura Municipal de Matinhas | Companhia de Águas e Esgotos da Paraíba
3306156;100.0;100.0;0.0;0.0;0.5;64.48;49.81;79.4;Companhia Estadual de Águas e Esgotos do Rio de Janeiro;;;
2607208;94.03;58.33;0.0;0.0;2.36;63.58;16.75;723.4;Companhia Pernambucana de Saneamento;16.6;;Companhia Pernambucana de Saneamento
3551405;100.0;100.0;0.0;0.0;0.93;71.17;9.39;255.08;Companhia de Saneamento Básico do Estado de São Paulo;65.39;58.99;Companhia de Saneamento Básico do Estado de São Paulo
4218855;38.06;0.0;0.0;0.0;0.16;54.84;36.06;108.81;Companhia Catarinense de Águas e Saneamento;;;
3102704;;;;;;57.3;20.47;97.87;COPASA Serviços de Saneamento Integrado do Norte e Nordeste de Minas Gerais S/A;;;
2906501;100.0;100.0;0.0;0.0;1.46;90.97;29.2;142.11;Empresa Baiana de Águas e Saneamento S.A.;45.08;44.05;Empresa Baiana de Águas e Saneamento S.A.
3168101;71.23;93.3;0.0;0.0;0.75;63.15;23.45;197.43;Companhia de Saneamento de Minas Gerais;;;
5104559;;;;;;;;;;;;
2701704;;;;;;71.66;51.41;108.16;"Verde Ambiental Alagoas; Companhia de Saneamento de Alagoas";6.39;;Verde Ambiental Alagoas
2501153;;;;;;32.37;14.23;153.39;Companhia de Águas e Esgotos da Paraíba;;;
4128401;87.49;0.0;0.0;0.0;1.24;89.59;33.65;165.28;Companhia de Saneamento do Paraná S.A.;89.19;80.83;Companhia de Saneamento do Paraná S.A.
2100477;79.51;65.22;0.0;100.0;0.33;27.03;66.47;124.27;Companhia de Saneamento Ambiental do Maranhão;;;
5218904;49.67;0.0;0.0;100.0;0.59;82.36;27.92;149.07;Saneamento de Goiás S/A;79.15;67.35;Saneamento de Goiás S/A
4315750;62.71;0.0;0.0;0.0;0.48;55.49;44.32;145.89;Companhia Riograndense de Saneamento;;;
3127206;100.0;100.0;0.0;0.0;0.48;74.17;30.1;188.86;Companhia de Saneamento de Minas Gerais;26.63;36.98;Companhia de Saneamento de Minas Gerais
3535408;92.02;0.0;92.02;0.0;1.12;96.5;27.54;94.6;Prefeitura Municipal de Panorama;92.77;;Prefeitura Municipal de Panorama
3543204;79.53;0.0;0.0;0.0;0.69;74.77;23.92;173.22;Companhia de Saneamento Básico do Estado de São Paulo;69.06;;Companhia de Saneamento Básico do Estado de São Paulo
2305357;100.0;100.0;0.0;100.0;0.96;;;;;;;
3142908;68.04;14.84;0.0;0.0;1.0;70.76;33.65;163.17;Companhia de Saneamento de Minas Gerais;8.26;;Companhia de Saneamento de Minas Gerais
3502200;100.0;100.0;100.0;0.0;0.39;88.47;22.15;161.83;Companhia de Saneamento Básico do Estado de São Paulo;67.29;58.94;Companhia de Saneamento Básico do Estado de São Paulo
1716208;59.06;0.0;0.0;100.0;0.54;59.06;28.84;146.38;Companhia de Saneamento do Tocantins;;;
5104542;61.68;0.0;0.0;0.0;0.51;26.46;3.58;475.77;Prefeitura Municipal de Itanhangá;;;
2914653;84.57;0.0;0.0;100.0;2.59;88.67;23.26;96.33;Empresa Baiana de Águas e Saneamento S.A.;3.42;2.5;Empresa Baiana de Águas e Saneamento S.A.
4307559;86.95;0.0;72.08;0.0;0.61;87.06;45.78;158.15;Companhia Riograndense de Saneamento;;;
1507409;47.47;0.0;0.0;100.0;1.19;33.39;25.46;145.46;Companhia de Saneamento do Pará;;;
3159902;79.32;0.0;0.0;0.0;1.1;90.92;27.78;128.68;Águas de Santo Antonio do Amparo;89.11;74.92;Águas de Santo Antonio do Amparo
5006606;86.6;0.0;34.64;100.0;0.91;85.73;51.36;161.13;Empresa de Saneamento de Mato Grosso do Sul S/A;65.19;57.79;Empresa de Saneamento de Mato Grosso do Sul S/A
4120200;100.0;100.0;75.39;0.0;2.1;90.35;13.95;373.93;Companhia de Saneamento do Paraná S.A.;91.16;81.8;Companhia de Saneamento do Paraná S.A.
1303536;100.0;100.0;0.0;100.0;1.77;60.83;35.96;803.8;Serviço Autônomo de Água e Esgoto;54.69;22.08;Serviço Autônomo de Água e Esgoto
3527207;98.09;30.41;97.26;0.0;1.2;97.7;30.21;173.5;Companhia de Saneamento Básico do Estado de São Paulo;97.54;92.9;Companhia de Saneamento Básico do Estado de São Paulo
3119005;85.0;0.0;0.0;0.0;0.66;74.35;15.43;165.57;Companhia de Saneamento de Minas Gerais;;;
2411056;;;;;;95.56;79.34;126.23;Companhia de Águas e Esgotos do Rio Grande do Norte;;;
5104526;100.0;100.0;0.0;0.0;0.82;75.0;75.0;197.6;Serviço de Autônomo de Água e Esgoto;;;
3134707;;;;;;75.98;19.45;155.12;"COPASA Serviços de Saneamento Integrado do Norte e Nordeste de Minas Gerais S/A; Companhia de Saneamento de Minas Gerais";51.2;;Companhia de Saneamento de Minas Gerais | COPASA Serviços de Saneamento Integrado do Norte e Nordeste de Minas Gerais S/A
5219001;100.0;100.0;0.0;100.0;0.75;75.01;20.88;196.86;Saneamento de Goiás S/A;61.34;;Saneamento de Goiás S/A
2709202;82.9;75.26;0.0;0.0;0.32;31.58;69.74;98.81;"Águas do Sertão; Companhia de Saneamento de Alagoas";;;
2509156;87.56;16.41;0.0;0.0;3.35;74.35;55.56;144.53;Companhia de Águas e Esgotos da Paraíba;71.84;;Companhia de Águas e Esgotos da Paraíba | Prefeitura Municipal de Marizópolis
4112009;80.0;95.19;56.54;100.0;0.4;96.41;47.24;130.84;Serviço Autônomo Municipal de Água e Esgoto;80.19;79.81;Serviço Autônomo Municipal de Água e Esgoto
2100436;80.46;0.0;0.0;100.0;1.41;54.73;70.33;172.46;Companhia de Saneamento Ambiental do Maranhão;;;
4202453;100.0;100.0;98.21;0.0;1.88;99.98;19.12;258.28;Águas de Bombinhas;21.02;;Águas de Bombinhas
3151701;59.68;0.0;0.0;0.0;0.29;60.84;10.81;176.35;Companhia de Saneamento de Minas Gerais;57.33;;Prefeitura Municipal de Poço Fundo
1507508;39.68;0.0;0.0;100.0;0.83;64.7;72.34;48.88;Araguaia Saneamento S/A;;;
5103858;100.0;100.0;0.0;57.51;2.02;;;;;;;
2100550;;;;;;;;;;;;
2313609;80.0;62.12;0.0;100.0;1.45;58.22;39.2;135.48;"Sistema Integrado de Saneamento Rural da Bacia Hidrográfica do Parnaíba; Companhia de Água e Esgoto do Ceará";;;
2701001;69.74;50.17;0.0;0.0;0.76;56.23;32.48;197.71;Serviço Autônomo de Água e Esgoto;;;
1303502;59.31;0.0;0.0;100.0;1.15;;;;;;;
3519006;100.0;100.0;0.0;100.0;0.53;100.0;16.67;186.87;Prefeitura Municipal de Herculândia;89.49;;Prefeitura Municipal de Herculândia
2206654;93.74;96.3;0.0;100.0;0.51;100.0;3.87;234.05;Prefeitura Municipal de Morro Cabeça No Tempo;;;
2709301;73.92;0.0;0.0;0.0;1.72;99.31;44.59;118.41;Verde Ambiental Alagoas;82.03;76.52;Verde Ambiental Alagoas
3126505;56.33;19.49;0.0;66.67;0.59;61.82;16.61;146.64;COPASA Serviços de Saneamento Integrado do Norte e Nordeste de Minas Gerais S/A;16.15;14.2;COPASA Serviços de Saneamento Integrado do Norte e Nordeste de Minas Gerais S/A
4218905;100.0;100.0;0.0;0.0;1.24;73.34;19.64;136.7;Companhia Catarinense de Águas e Saneamento;;;
3151800;100.0;100.0;100.0;0.0;0.75;97.77;23.75;228.59;Departamento Municipal de Água e Esgoto;97.77;90.49;Departamento Municipal de Água e Esgoto
3551702;99.09;0.0;16.83;0.0;1.41;99.09;48.86;270.21;Serviço Autônomo Água e Esgoto e Meio Ambiente de Sertãozinho;99.09;97.93;Serviço Autônomo Água e Esgoto e Meio Ambiente de Sertãozinho
2615805;39.26;0.0;0.0;0.0;0.23;45.94;47.45;102.36;Companhia Pernambucana de Saneamento;35.93;;Companhia Pernambucana de Saneamento | Prefeitura Municipal de Tupanatinga
2929750;97.65;0.0;0.0;0.0;1.79;97.65;55.76;183.37;Empresa Baiana de Águas e Saneamento S.A.;;;
4315800;97.88;92.6;0.0;0.0;2.06;58.38;42.76;146.8;Companhia Riograndense de Saneamento;;;
3510807;100.0;100.0;85.13;0.0;0.72;85.13;27.58;187.92;Águas de Casa Branca SPE Ltda.;85.13;80.22;Águas de Casa Branca SPE Ltda.
1507474;49.0;0.0;0.0;100.0;0.71;88.17;52.31;215.99;Prefeitura Municipal de São João de Pirabas;;;
2108702;;;;;;41.91;75.47;118.31;Companhia de Saneamento Ambiental do Maranhão;;;
5006408;100.0;100.0;0.0;80.65;0.49;76.51;25.14;208.47;Empresa de Saneamento de Mato Grosso do Sul S/A;10.87;10.27;Empresa de Saneamento de Mato Grosso do Sul S/A
4202537;64.83;0.0;0.0;0.0;0.41;59.92;36.79;106.87;Companhia Catarinense de Águas e Saneamento;;;
3535200;82.39;0.0;0.0;0.0;0.79;95.86;10.48;191.43;Companhia de Saneamento Básico do Estado de São Paulo;91.64;80.55;Companhia de Saneamento Básico do Estado de São Paulo
4218756;37.28;3.35;35.1;0.0;0.43;82.53;51.49;106.49;Prefeitura Municipal de Tunápolis;11.34;;Prefeitura Municipal de Tunápolis
2701100;;;;;;82.96;60.25;101.87;Verde Ambiental Alagoas;;;
2517407;97.84;93.45;0.0;0.0;0.46;85.71;12.5;906.77;Prefeitura Municipal de Zabelê;;;
1303601;;;;;;100.0;90.0;28.57;Prefeitura Municipal de Santa Isabel do Rio Negro;;;
1507466;;;;;;;;;;;;
2914703;82.22;0.0;0.0;100.0;0.81;91.49;28.01;121.62;Empresa Baiana de Águas e Saneamento S.A.;62.01;;Empresa Baiana de Águas e Saneamento S.A.
3118304;92.02;0.0;0.0;16.13;1.23;80.78;27.5;168.68;Companhia de Saneamento de Minas Gerais;71.56;89.72;Companhia de Saneamento de Minas Gerais
4210704;100.0;100.0;0.0;60.0;0.78;55.78;20.14;111.5;Companhia Catarinense de Águas e Saneamento;;;
4307609;100.0;100.0;100.0;0.0;0.54;94.56;40.79;130.65;Companhia Riograndense de Saneamento;14.24;11.6;Companhia Riograndense de Saneamento
5210901;92.46;0.0;0.0;100.0;1.98;92.46;26.09;124.96;Saneamento de Goiás S/A;;;
3543501;100.0;100.0;74.98;0.0;0.41;86.21;25.5;133.8;Companhia de Saneamento Básico do Estado de São Paulo;68.04;61.93;Companhia de Saneamento Básico do Estado de São Paulo
2607604;;;;;;85.94;50.17;319.34;Companhia Pernambucana de Saneamento;;;
3551801;100.0;100.0;0.0;0.0;0.62;72.0;16.04;174.5;Companhia de Saneamento Básico do Estado de São Paulo;50.84;46.1;Companhia de Saneamento Básico do Estado de São Paulo
4128807;72.96;0.0;72.96;0.0;0.62;83.76;18.7;182.24;Companhia de Saneamento do Paraná S.A.;52.52;40.84;Companhia de Saneamento do Paraná S.A.
3527009;98.14;86.74;0.0;0.0;1.18;;;;;;;
2100501;61.5;71.05;0.0;100.0;1.04;58.95;70.16;135.7;Companhia de Saneamento Ambiental do Maranhão;26.36;;Prefeitura Municipal de Alto Parnaíba | Companhia de Saneamento Ambiental do Maranhão
2206605;;;;;;;;;;;;
5219308;95.91;0.0;0.0;100.0;0.77;95.91;30.53;162.36;Saneamento de Goiás S/A;95.91;84.84;Saneamento de Goiás S/A
4210555;40.33;0.0;34.75;0.0;0.25;41.91;38.83;122.23;Companhia Catarinense de Águas e Saneamento;;;
4202503;86.27;68.83;0.0;0.0;0.5;57.2;36.1;130.62;Companhia Catarinense de Águas e Saneamento;0.0;0.0;Companhia Catarinense de Águas e Saneamento
3118403;82.44;3.51;0.0;100.0;1.16;81.8;28.05;195.39;Serviço Autônomo de Água e Esgoto;81.8;;Serviço Autônomo de Água e Esgoto
2312908;100.0;100.0;20.43;0.0;0.9;85.88;59.83;119.75;"Serviço de Água e Esgoto de Sobral; Sistema Integrado de Saneamento Rural da Bacia do Acaraú; Companhia de Água e Esgoto do Ceará";68.13;60.29;Serviço de Água e Esgoto de Sobral | Companhia de Água e Esgoto do Ceará
3151107;89.87;0.0;0.0;0.0;0.92;68.6;32.32;169.28;Companhia de Saneamento de Minas Gerais;63.27;0.0;Companhia de Saneamento de Minas Gerais
1303569;43.27;0.0;0.0;100.0;2.45;46.46;10.61;270.51;Serviço Autônomo de Água e Esgoto;;;
2205953;100.0;100.0;0.0;100.0;0.97;100.0;4.75;295.42;Prefeitura Municipal de Marcolândia;;;
2509206;100.0;100.0;0.0;0.0;1.92;42.79;20.77;141.09;Companhia de Águas e Esgotos da Paraíba;;;
3543600;;;;;;86.89;17.34;298.6;Companhia de Saneamento Básico do Estado de São Paulo;78.35;69.65;Companhia de Saneamento Básico do Estado de São Paulo
2709103;82.38;65.04;0.0;0.0;0.48;30.85;85.77;93.37;"Verde Ambiental Alagoas; Companhia de Saneamento de Alagoas";4.3;;Verde Ambiental Alagoas
3527108;98.83;0.0;98.83;0.0;1.43;100.0;13.07;223.25;Companhia de Saneamento Básico do Estado de São Paulo;100.0;;Companhia de Saneamento Básico do Estado de São Paulo
1507805;;;;;;;;;;;;
4120606;63.46;19.38;63.46;0.0;0.43;57.15;44.75;127.27;Companhia de Saneamento do Paraná S.A.;54.73;48.74;Companhia de Saneamento do Paraná S.A.
5103908;100.0;100.0;0.0;8.7;0.48;100.0;26.7;377.53;Prefeitura Municipal de General Carneiro;;;
4218707;100.0;100.0;100.0;0.0;0.71;96.2;20.26;169.92;Tubarão Saneamento S.A.;47.46;29.99;Tubarão Saneamento S.A.
4104253;100.0;100.0;0.0;0.0;1.65;67.55;36.36;137.91;Companhia de Saneamento do Paraná S.A.;40.28;34.99;Companhia de Saneamento do Paraná S.A.
3518800;100.0;100.0;100.0;0.0;0.72;100.0;27.93;195.61;Companhia de Saneamento Básico do Estado de São Paulo;99.22;25.3;Companhia de Saneamento Básico do Estado de São Paulo
2501005;;;;;;28.16;38.96;108.99;Companhia de Águas e Esgotos da Paraíba;32.18;;Companhia de Águas e Esgotos da Paraíba
2108504;83.02;83.42;0.0;100.0;0.73;38.33;66.4;133.63;Companhia de Saneamento Ambiental do Maranhão;;;
4128633;100.0;100.0;0.0;0.0;0.43;;;;;;;
2929800;65.33;43.79;0.0;100.0;0.29;;38.54;106.83;"Central de Associações Comunitárias para Manutenção dos Sistemas de Saneamento - Região de Jacobina; Empresa Baiana de Águas e Saneamento S.A.";1.87;;Empresa Baiana de Águas e Saneamento S.A. | Central de Associações Comunitárias para Manutenção dos Sistemas de Saneamento - Região de Jacobina
2313005;50.35;1.88;0.0;100.0;0.23;60.89;38.26;123.52;"Sistema Integrado de Saneamento Rural da Bacia do Banabuiu; Prefeitura Municipal de Solonópole";;;
2914000;54.0;0.0;0.0;100.0;0.72;73.31;29.34;107.87;Empresa Baiana de Águas e Saneamento S.A.;35.64;29.0;Empresa Baiana de Águas e Saneamento S.A.
3510609;100.0;;0.0;100.0;2.39;100.0;34.17;168.1;Companhia de Saneamento Básico do Estado de São Paulo;94.96;53.87;Companhia de Saneamento Básico do Estado de São Paulo
1303403;100.0;100.0;0.0;100.0;1.07;92.48;4.69;175.74;Serviço Autônomo de Água e Esgoto de Parintins;;;
2516706;66.68;0.0;0.0;58.26;0.58;0.01;67.61;62.65;Companhia de Águas e Esgotos da Paraíba;34.0;;Prefeitura Municipal de Teixeira | Companhia de Águas e Esgotos da Paraíba
2700904;19.63;0.0;0.0;0.0;0.19;44.0;89.38;101.58;"Companhia de Saneamento de Alagoas; Águas do Sertão";;;
4112405;100.0;100.0;0.0;0.0;0.92;93.36;22.89;224.17;Serviço Autônomo Municipal de Água e Esgoto;72.89;;Serviço Autônomo Municipal de Água e Esgoto
3518909;94.2;52.12;87.89;0.0;3.08;100.0;14.44;173.34;Companhia de Saneamento Básico do Estado de São Paulo;100.0;;Companhia de Saneamento Básico do Estado de São Paulo
1507904;93.14;0.0;0.0;100.0;0.54;93.14;40.99;120.27;Companhia de Saneamento do Pará;;;
4128625;74.75;30.63;68.48;0.0;0.51;63.6;19.99;235.69;Companhia de Saneamento do Paraná S.A.;23.72;15.95;Companhia de Saneamento do Paraná S.A.
4316105;75.3;0.0;0.0;0.0;0.44;71.64;24.91;138.47;Companhia Riograndense de Saneamento;;;
4210506;83.83;0.0;83.83;0.0;0.56;84.73;39.81;132.77;Companhia Catarinense de Águas e Saneamento;18.74;17.19;Companhia Catarinense de Águas e Saneamento
3126406;100.0;100.0;0.0;0.0;1.38;;;;;;;
3551603;100.0;100.0;64.55;0.0;1.34;77.63;17.88;274.01;Companhia de Saneamento Básico do Estado de São Paulo;65.56;60.24;Companhia de Saneamento Básico do Estado de São Paulo
2205904;;;;;;;;;;;;
4218806;74.12;8.99;0.0;0.0;0.58;67.94;16.46;126.1;Companhia Catarinense de Águas e Saneamento;35.64;32.87;Companhia Catarinense de Águas e Saneamento
2921609;66.68;0.0;0.0;100.0;0.81;66.28;21.47;124.48;Empresa Baiana de Águas e Saneamento S.A.;;;
2100303;67.49;0.0;0.0;100.0;0.82;26.15;78.23;112.04;Companhia de Saneamento Ambiental do Maranhão;;;
4128609;100.0;100.0;0.0;0.0;1.0;59.19;19.37;182.8;Companhia de Saneamento do Paraná S.A.;;;
2914109;100.0;100.0;0.0;100.0;0.9;67.42;21.32;96.96;Empresa Baiana de Águas e Saneamento S.A.;44.81;37.89;Empresa Baiana de Águas e Saneamento S.A.
2108603;97.5;94.43;0.0;100.0;1.59;20.16;77.39;152.88;Companhia de Saneamento Ambiental do Maranhão;;;
3159357;76.41;17.34;0.0;0.0;1.16;73.06;17.3;136.26;Companhia de Saneamento de Minas Gerais;;;
2304806;74.6;52.49;19.15;100.0;0.54;67.82;31.26;132.03;"Sistema Integrado de Saneamento Rural da Bacia Hidrográfica do Salgado; Companhia de Água e Esgoto do Ceará";9.54;;Companhia de Água e Esgoto do Ceará
2905800;100.0;100.0;0.0;100.0;2.59;64.21;30.87;97.88;Empresa Baiana de Águas e Saneamento S.A.;7.04;6.29;Empresa Baiana de Águas e Saneamento S.A.
2607653;;;;;;;;;;;;
2508505;51.1;0.0;0.0;0.0;0.73;41.9;41.44;120.27;Companhia de Águas e Esgotos da Paraíba;;;
4104204;97.99;81.49;89.15;0.0;0.5;81.86;36.56;137.87;Companhia de Saneamento do Paraná S.A.;72.08;61.61;Companhia de Saneamento do Paraná S.A.
3510708;100.0;100.0;0.0;0.0;0.57;100.0;13.77;208.19;Companhia de Saneamento Básico do Estado de São Paulo;100.0;90.05;Companhia de Saneamento Básico do Estado de São Paulo
2516805;51.68;0.0;0.0;100.0;0.75;37.53;25.09;111.87;Companhia de Águas e Esgotos da Paraíba;;;
2930154;78.43;53.66;0.0;100.0;0.31;90.69;17.68;139.31;Águas Serra do Ramalho Saneamento SPE LTDA;29.07;13.23;Águas Serra do Ramalho Saneamento SPE LTDA
1200435;;;;;;38.93;56.07;161.44;Serviço de Água e Esgoto do Estado do Acre;;;
1200500;;;;;;47.65;57.59;147.83;Serviço de Água e Esgoto do Estado do Acre;;;
1200054;59.48;0.0;0.0;100.0;0.36;56.74;33.1;181.48;Serviço de Água e Esgoto do Estado do Acre;;;
1200344;56.06;0.0;0.0;100.0;0.54;52.17;46.44;161.06;Serviço de Água e Esgoto do Estado do Acre;;;
1304237;96.13;90.57;0.0;100.0;1.05;50.0;38.25;332.7;Prefeitura Municipal de Tonantins;;;
1301605;69.82;0.0;0.0;100.0;0.88;82.51;65.79;330.67;Prefeitura Municipal de Fonte Boa;;;
1302306;;;;;;;;;;;;
1302108;38.31;0.0;0.0;100.0;0.55;56.39;62.68;163.48;Prefeitura Municipal de Japurá;;;
1300706;92.68;83.82;0.0;100.0;0.33;;;;;;;
1302405;63.36;6.24;0.0;100.0;2.28;40.81;50.0;181.88;Prefeitura Municipal de Lábrea;;;
1301852;;;;;;;;;;;;
1302603;98.81;99.32;33.38;0.0;1.05;97.13;45.25;191.2;Águas de Manaus;32.35;16.48;Águas de Manaus
