codigo;caged_estoque;caged_admissoes;caged_deslig;caged_saldo;caged_var
1100015;2385;1384;1313;71;3.0683
1100023;19792;13117;12809;308;1.5808
1100031;478;166;179;-13;-2.6477
1100049;18462;11841;11951;-110;-0.5923
1100056;2430;1458;1459;-1;-0.0411
1100064;2074;891;853;38;1.8664
1100072;1589;965;1061;-96;-5.6973
1100080;560;357;328;29;5.4614
1100098;4837;2897;2907;-10;-0.2063
1100106;5034;2233;1972;261;5.4683
1100114;11291;6239;5929;310;2.8231
1100122;31136;20092;19297;795;2.6202
1100130;3019;1826;1783;43;1.4449
1100148;1812;1279;1165;114;6.7138
1100155;5068;2753;2776;-23;-0.4518
1100189;10233;5535;5309;226;2.2584
1100205;103340;55326;53847;1479;1.452
1100254;2867;1738;1722;16;0.5612
1100262;596;333;370;-37;-5.8452
1100288;13408;7993;8349;-356;-2.5865
1100296;740;308;320;-12;-1.5957
1100304;28199;17030;16620;410;1.4754
1100320;3487;2317;1950;367;11.7628
1100338;1509;883;814;69;4.7917
1100346;845;485;428;57;7.2335
1100379;852;479;448;31;3.7759
1100403;1233;632;563;69;5.9278
1100452;3068;1869;1772;97;3.2649
1100502;698;497;393;104;17.5084
1100601;298;123;138;-15;-4.7923
1100700;477;257;284;-27;-5.3571
1100809;2247;1772;1477;295;15.1127
1100908;255;115;101;14;5.8091
1100924;2674;1856;2038;-182;-6.3725
1100940;1136;595;685;-90;-7.3409
1101005;578;250;247;3;0.5217
1101104;1327;829;867;-38;-2.7839
1101203;1004;647;541;106;11.804
1101302;929;375;391;-16;-1.6931
1101401;785;298;342;-44;-5.3076
1101435;548;240;190;50;10.0402
1101450;545;270;273;-3;-0.5474
1101468;338;169;232;-63;-15.7107
1101476;334;200;134;66;24.6269
1101484;360;182;170;12;3.4483
1101492;1549;999;902;97;6.6804
1101500;857;540;504;36;4.3849
1101559;267;120;118;2;0.7547
1101609;406;192;206;-14;-3.3333
1101708;1169;559;569;-10;-0.8482
1101757;454;339;358;-19;-4.0169
1101807;444;258;284;-26;-5.5319
1200013;1157;627;583;44;3.9533
1200054;215;112;80;32;17.4863
1200104;3360;2403;1780;623;22.7621
1200138;2114;1645;1442;203;10.6227
1200179;378;244;320;-76;-16.7401
1200203;9449;4202;3981;221;2.3949
1200252;3025;1218;1122;96;3.2776
1200302;1605;634;594;40;2.5559
1200328;741;124;74;50;7.2359
1200336;443;253;220;33;8.0488
1200344;718;291;281;10;1.4124
1200351;95;24;21;3;3.2609
1200385;1796;881;1305;-424;-19.0991
1200393;62;17;15;2;3.3333
1200401;76162;40129;37001;3128;4.2829
1200427;245;83;77;6;2.5105
1200435;222;8;10;-2;-0.8929
1200450;2955;1575;1355;220;8.0439
1200500;4839;2516;1795;721;17.5085
1200609;1436;625;662;-37;-2.5119
1200708;962;568;487;81;9.1941
1200807;752;349;307;42;5.9155
1300029;83;16;13;3;3.75
1300060;18;5;4;1;5.8824
1300086;24;1;4;-3;-11.1111
1300102;52;10;12;-2;-3.7037
1300144;503;297;271;26;5.4507
1300201;94;61;48;13;16.0494
1300300;1174;710;566;144;13.9806
1300409;197;128;123;5;2.6042
1300508;236;142;96;46;24.2105
1300607;365;167;131;36;10.9422
1300631;35;9;6;3;9.375
1300680;138;48;33;15;12.1951
1300706;1615;630;553;77;5.0065
1300805;298;89;92;-3;-0.9967
1300839;31;11;4;7;29.1667
1300904;100;44;44;0;0.0
1301001;373;169;94;75;25.1678
1301100;434;174;162;12;2.8436
1301159;70;30;38;-8;-10.2564
1301209;1978;613;577;36;1.8538
1301308;279;143;164;-21;-7.0
1301407;275;82;67;15;5.7692
1301506;156;39;47;-8;-4.878
1301605;93;41;29;12;14.8148
1301654;105;33;21;12;12.9032
1301704;3159;1657;1463;194;6.543
1301803;70;28;20;8;12.9032
1301852;6049;3751;2747;1004;19.9009
1301902;5799;2910;2624;286;5.1877
1301951;33;7;6;1;3.125
1302009;250;203;253;-50;-16.6667
1302108;57;10;3;7;14.0
1302207;73;15;8;7;10.6061
1302306;125;64;41;23;22.549
1302405;1913;673;606;67;3.6295
1302504;4728;2588;2095;493;11.6411
1302553;131;58;53;5;3.9683
1302603;523734;284551;267210;17341;3.4244
1302702;1518;501;587;-86;-5.3616
1302801;51;11;13;-2;-3.7736
1302900;1050;579;507;72;7.362
1303007;164;70;44;26;18.8406
1303106;417;177;134;43;11.4973
1303205;521;196;142;54;11.5632
1303304;265;61;64;-3;-1.1194
1303403;5131;2010;1809;201;4.0771
1303502;31;1;5;-4;-11.4286
1303536;3599;1528;1391;137;3.9573
1303569;1521;1087;869;218;16.7306
1303601;37;26;22;4;12.1212
1303700;1018;159;76;83;8.877
1303809;1664;228;221;7;0.4225
1303908;212;128;97;31;17.1271
1303957;130;24;38;-14;-9.7222
1304005;496;235;186;49;10.962
1304062;3420;902;735;167;5.1337
1304104;56;16;13;3;5.6604
1304203;2426;1097;992;105;4.5239
1304237;95;26;20;6;6.7416
1304260;117;88;53;35;42.6829
1304302;79;10;13;-3;-3.6585
1304401;117;30;23;7;6.3636
1400027;471;288;280;8;1.7279
1400050;494;334;329;5;1.0225
1400100;77366;47665;45774;1891;2.5055
1400159;741;502;512;-10;-1.3316
1400175;732;566;707;-141;-16.1512
1400209;701;354;297;57;8.8509
1400233;200;185;166;19;10.4972
1400282;294;226;219;7;2.439
1400308;705;332;305;27;3.9823
1400407;446;56;34;22;5.1887
1400456;1319;346;272;74;5.9438
1400472;1895;1447;1326;121;6.8207
1400506;588;190;347;-157;-21.0738
1400605;228;207;199;8;3.6364
1400704;53;37;19;18;51.4286
1500107;8798;4126;3697;429;5.1261
1500131;430;201;181;20;4.878
1500206;2170;1008;975;33;1.5442
1500305;394;131;165;-34;-7.9439
1500347;3120;1809;1739;70;2.2951
1500404;1084;356;351;5;0.4634
1500503;1846;672;560;112;6.4591
1500602;16179;9650;8982;668;4.3066
1500701;195;58;56;2;1.0363
1500800;72246;33387;32093;1294;1.8238
1500859;1630;1116;1168;-52;-3.0916
1500909;337;102;103;-1;-0.2959
1500958;522;245;216;29;5.8824
1501006;86;45;52;-7;-7.5269
1501105;83;32;22;10;13.6986
1501204;380;149;104;45;13.4328
1501253;429;251;287;-36;-7.7419
1501303;33751;21017;21183;-166;-0.4894
1501402;308182;134923;131214;3709;1.2182
1501451;982;438;411;27;2.8272
1501501;14324;7431;6911;520;3.767
1501576;859;406;395;11;1.2972
1501600;794;122;231;-109;-12.0709
1501709;7559;2913;2612;301;4.1471
1501725;873;599;536;63;7.7778
1501758;308;105;111;-6;-1.9108
1501782;2364;1363;1239;124;5.5357
1501808;3000;1175;1049;126;4.3841
1501907;383;162;137;25;6.9832
1501956;179;60;57;3;1.7045
1502004;273;76;89;-13;-4.5455
1502103;2527;945;531;414;19.593
1502152;34217;24286;21994;2292;7.1793
1502202;8643;3307;3266;41;0.4766
1502301;3212;1460;1254;206;6.853
1502400;37122;18072;18811;-739;-1.9519
1502509;363;67;52;15;4.3103
1502608;127;53;39;14;12.3894
1502707;3402;1704;1631;73;2.1929
1502756;1455;752;1019;-267;-15.5052
1502764;1903;1737;1673;64;3.4802
1502772;3198;1968;1328;640;25.0195
1502806;78;24;7;17;27.8689
1502855;85;34;29;5;6.25
1502905;938;567;377;190;25.4011
1502939;4484;2620;2572;48;1.0821
1502954;1376;855;676;179;14.9541
1503002;46;14;21;-7;-13.2075
1503044;825;420;421;-1;-0.1211
1503077;1206;636;321;315;35.3535
1503093;1603;788;809;-21;-1.2931
1503101;118;43;41;2;1.7241
1503200;2179;899;746;153;7.5518
1503309;1213;931;913;18;1.5063
1503408;601;266;272;-6;-0.9885
1503457;2026;1269;1146;123;6.4635
1503507;708;328;283;45;6.7873
1503606;17199;10180;8544;1636;10.5121
1503705;1547;740;687;53;3.5475
1503754;550;416;439;-23;-4.014
1503804;2444;1075;1030;45;1.8758
1503903;3799;1974;1927;47;1.2527
1504000;53;17;12;5;10.4167
1504059;2031;871;681;190;10.3205
1504109;72;20;23;-3;-4.0
1504208;60430;32042;29407;2635;4.5592
1504307;577;210;175;35;6.4576
1504406;373;152;151;1;0.2688
1504422;15705;8050;7372;678;4.5119
1504455;872;532;518;14;1.6317
1504505;193;71;37;34;21.3836
1504604;421;179;164;15;3.6946
1504703;6280;3103;3471;-368;-5.5355
1504752;605;370;342;28;4.8527
1504802;1368;616;489;127;10.2337
1504901;229;120;92;28;13.9303
1504950;340;149;122;27;8.6262
1504976;574;308;348;-40;-6.5147
1505007;513;139;146;-7;-1.3462
1505031;4668;3733;3850;-117;-2.4451
1505064;2653;1454;1362;92;3.5923
1505106;1780;745;884;-139;-7.2434
1505205;87;19;16;3;3.5714
1505304;7908;3280;4031;-751;-8.6731
1505403;398;226;163;63;18.806
1505437;4508;2732;3455;-723;-13.8214
1505486;1427;692;651;41;2.9582
1505494;226;106;96;10;4.6296
1505502;22450;11796;11957;-161;-0.712
1505536;78407;47023;42656;4367;5.8982
1505551;548;426;417;9;1.6698
1505601;190;28;168;-140;-42.4242
1505635;900;386;347;39;4.5296
1505650;410;269;218;51;14.2061
1505700;226;77;58;19;9.1787
1505809;1390;655;620;35;2.583
1505908;306;148;129;19;6.6202
1506005;298;162;151;11;3.8328
1506104;333;95;84;11;3.4161
1506112;51;21;16;5;10.8696
1506138;15739;8893;8691;202;1.3001
1506161;2992;1579;1522;57;1.9421
1506187;3610;1813;1856;-43;-1.1771
1506195;1210;587;473;114;10.4015
1506203;5264;2524;2653;-129;-2.392
1506302;588;225;161;64;12.2137
1506351;1544;862;785;77;5.2488
1506401;43;7;10;-3;-6.5217
1506500;11287;4734;4555;179;1.6115
1506559;329;123;97;26;8.5809
1506583;2711;2278;2190;88;3.3549
1506609;1913;831;777;54;2.9048
1506708;5807;4530;4400;130;2.2899
1506807;43897;21532;19587;1945;4.6363
1506906;44;24;19;5;12.8205
1507003;3153;1918;1018;900;39.9467
1507102;418;208;187;21;5.2897
1507151;1146;486;492;-6;-0.5208
1507201;701;424;230;194;38.2643
1507300;5626;4297;4160;137;2.4959
1507409;676;279;249;30;4.644
1507458;2540;1085;1107;-22;-0.8587
1507466;64;24;26;-2;-3.0303
1507474;297;106;86;20;7.2202
1507508;532;329;328;1;0.1883
1507607;4818;2192;2094;98;2.0763
1507706;44;8;8;0;0.0
1507755;755;528;503;25;3.4247
1507805;253;115;122;-7;-2.6923
1507904;774;327;292;35;4.7361
1507953;12474;6742;5667;1075;9.4307
1507961;242;134;113;21;9.5023
1507979;790;633;471;162;25.7962
1508001;8883;5025;4752;273;3.1707
1508035;315;109;151;-42;-11.7647
1508050;524;309;293;16;3.1496
1508084;5819;4133;3506;627;12.0763
1508100;7407;3566;3233;333;4.7074
1508126;4457;2259;2326;-67;-1.481
1508159;2442;1593;1423;170;7.4824
1508209;1303;552;485;67;5.4207
1508308;507;202;157;45;9.7403
1508357;710;317;330;-13;-1.7981
1508407;10535;6521;6058;463;4.5969
1600055;91;68;60;8;9.6386
1600105;207;93;113;-20;-8.8106
1600154;850;880;488;392;85.5895
1600204;328;171;166;5;1.548
1600212;73;19;43;-24;-24.7423
1600238;257;148;118;30;13.2159
1600253;52;40;20;20;62.5
1600279;1461;825;628;197;15.5854
1600303;90683;46573;40305;6268;7.4252
1600402;1083;824;800;24;2.2663
1600501;1460;1097;925;172;13.354
1600535;1246;701;804;-103;-7.6353
1600550;16;9;4;5;45.4545
1600600;10288;5062;4950;112;1.1006
1600709;357;211;122;89;33.209
1600808;196;117;96;21;12.0
1700251;242;208;180;28;13.0841
1700301;1441;769;947;-178;-10.9944
1700350;570;236;236;0;0.0
1700400;1655;1079;786;293;21.5125
1700707;1785;940;922;18;1.0187
1701002;477;214;232;-18;-3.6364
1701051;108;55;43;12;12.5
1701101;495;292;233;59;13.5321
1701309;225;64;77;-13;-5.4622
1701903;378;184;208;-24;-5.9701
1702000;996;546;549;-3;-0.3003
1702109;41903;22819;21523;1296;3.1916
1702158;346;123;100;23;7.1207
1702208;2232;1442;1164;278;14.2272
1702307;591;248;262;-14;-2.314
1702406;764;364;318;46;6.4067
1702554;1989;1055;814;241;13.7872
1702703;92;32;23;9;10.8434
1702901;287;110;107;3;1.0563
1703008;646;423;402;21;3.36
1703057;666;284;321;-37;-5.2632
1703073;198;117;83;34;20.7317
1703107;256;99;119;-20;-7.2464
1703206;271;141;182;-41;-13.141
1703305;186;132;113;19;11.3772
1703602;150;68;53;15;11.1111
1703701;421;215;205;10;2.4331
1703800;244;82;67;15;6.5502
1703826;27;43;40;3;12.5
1703842;996;597;829;-232;-18.8925
1703867;1082;643;714;-71;-6.1578
1703883;170;96;88;8;4.9383
1703891;28;12;11;1;3.7037
1703909;828;497;488;9;1.0989
1704105;188;182;132;50;36.2319
1704600;89;42;34;8;9.8765
1705102;173;70;79;-9;-4.9451
1705508;4412;2600;2518;82;1.8938
1705557;233;69;51;18;8.3721
1705607;179;89;71;18;11.1801
1706001;439;182;190;-8;-1.7897
1706100;492;228;176;52;11.8182
1706258;98;29;28;1;1.0309
1706506;697;460;415;45;6.9018
1707009;2326;1323;1388;-65;-2.7185
1707108;835;515;474;41;5.1637
1707207;492;194;209;-15;-2.9586
1707306;583;259;299;-40;-6.4205
1707405;89;28;23;5;5.9524
1707553;348;327;295;32;10.1266
1707652;483;219;206;13;2.766
1707702;276;128;123;5;1.845
1708205;2467;1265;1297;-32;-1.2805
1708254;380;113;137;-24;-5.9406
1708304;253;95;96;-1;-0.3937
1709005;513;276;292;-16;-3.0246
1709302;3191;1648;1558;90;2.9023
1709500;16308;9728;10030;-302;-1.8182
1709807;94;34;35;-1;-1.0526
1710508;269;124;116;8;3.0651
1710706;278;176;180;-4;-1.4184
1710904;169;46;47;-1;-0.5882
1711100;274;119;127;-8;-2.8369
1711506;189;78;81;-3;-1.5625
1711803;44;20;35;-15;-25.4237
1711902;2244;1603;1744;-141;-5.9119
1711951;132;90;71;19;16.8142
1712009;218;154;194;-40;-15.5039
1712157;37;9;9;0;0.0
1712405;125;58;56;2;1.626
1712454;91;64;152;-88;-49.162
1712504;631;360;378;-18;-2.7735
1712702;409;410;414;-4;-0.9685
1712801;107;30;25;5;4.902
1713205;1605;822;875;-53;-3.1966
1713304;1637;1110;911;199;13.8387
1713601;571;287;257;30;5.5453
1713700;152;71;76;-5;-3.1847
1713809;211;149;92;57;37.013
1713957;279;119;111;8;2.952
1714203;967;386;434;-48;-4.7291
1714302;86;35;27;8;10.2564
1714880;1235;531;555;-24;-1.9063
1715002;233;219;201;18;8.3721
1715101;571;413;223;190;49.8688
1715150;50;16;12;4;8.6957
1715259;113;62;47;15;15.3061
1715507;54;19;23;-4;-6.8966
1715705;539;197;235;-38;-6.5858
1715754;815;430;373;57;7.5198
1716109;10102;5850;5695;155;1.5583
1716208;531;234;267;-33;-5.8511
1716307;273;119;117;2;0.738
1716505;2587;1234;1180;54;2.1319
1716604;960;408;397;11;1.1591
1716653;189;65;71;-6;-3.0769
1716703;613;271;263;8;1.3223
1717008;131;35;51;-16;-10.8844
1717206;385;162;186;-24;-5.868
1717503;814;666;662;4;0.4938
1717800;183;88;136;-48;-20.7792
1717909;367;271;233;38;11.5502
1718006;100;40;29;11;12.3596
1718204;10677;5997;5717;280;2.6931
1718303;67;21;15;6;9.8361
1718402;212;146;137;9;4.4335
1718451;192;97;87;10;5.4945
1718501;115;68;93;-25;-17.8571
1718550;108;39;48;-9;-7.6923
1718659;253;234;259;-25;-8.9928
1718709;138;52;54;-2;-1.4286
1718758;236;129;121;8;3.5088
1718808;30;7;10;-3;-9.0909
1718840;559;265;258;7;1.2681
1718865;626;318;337;-19;-2.9457
1718881;144;73;68;5;3.5971
1718899;300;148;194;-46;-13.2948
1718907;439;241;257;-16;-3.5165
1719004;85;48;31;17;25.0
1720002;31;19;25;-6;-16.2162
1720101;337;133;112;21;6.6456
1720150;221;222;246;-24;-9.7959
1720200;246;110;98;12;5.1282
1720259;127;42;40;2;1.6
1720309;101;36;40;-4;-3.8095
1720499;278;105;115;-10;-3.4722
1720655;625;253;265;-12;-1.8838
1720804;288;102;87;15;5.4945
1720853;187;81;95;-14;-6.9652
1720903;1013;546;499;47;4.8654
1720937;53;43;38;5;10.4167
1720978;348;226;243;-17;-4.6575
1721000;80723;52615;53886;-1271;-1.5501
1721109;178;83;98;-15;-7.772
1721208;2386;1159;992;167;7.5259
1721257;178;265;283;-18;-9.1837
1721307;69;25;36;-11;-13.75
1722081;586;312;304;8;1.3841
1722107;1196;609;674;-65;-5.1546
2100055;16710;8651;9642;-991;-5.5986
2100105;211;115;128;-13;-5.8036
2100154;90;78;73;5;5.8824
2100204;72;17;31;-14;-16.2791
2100303;1517;1142;1218;-76;-4.7709
2100402;136;29;38;-9;-6.2069
2100436;709;251;267;-16;-2.2069
2100477;431;442;308;134;45.1178
2100501;965;757;714;43;4.6638
2100550;101;33;37;-4;-3.8095
2100600;652;319;256;63;10.6961
2100709;347;185;211;-26;-6.9705
2100808;401;285;343;-58;-12.6362
2100832;90;14;17;-3;-3.2258
2100873;41;16;11;5;13.8889
2100907;451;219;171;48;11.9107
2100956;1040;938;1074;-136;-11.5646
2101004;764;309;283;26;3.523
2101103;141;38;31;7;5.2239
2101202;11638;6074;5092;982;9.2155
2101251;1740;457;307;150;9.434
2101301;75;45;40;5;7.1429
2101350;11;55;9;46;
2101400;23949;15036;14920;116;0.4867
2101509;1595;547;448;99;6.6176
2101608;4658;2400;1979;421;9.9363
2101707;4016;2049;1627;422;11.7418
2101731;80;27;17;10;14.2857
2101772;374;141;145;-4;-1.0582
2101806;130;63;52;11;9.2437
2101905;184;62;52;10;5.7471
2101939;532;543;349;194;57.3964
2101970;115;100;69;31;36.9048
2102002;647;316;232;84;14.9201
2102036;980;659;460;199;25.4802
2102077;118;54;53;1;0.8547
2102101;894;315;272;43;5.0529
2102150;23;11;7;4;21.0526
2102200;420;161;135;26;6.599
2102309;370;227;245;-18;-4.6392
2102325;1872;867;851;16;0.8621
2102358;103;26;40;-14;-11.9658
2102374;37;2;5;-3;-7.5
2102408;30;7;2;5;20.0
2102507;63;33;9;24;61.5385
2102556;1505;842;726;116;8.3513
2102606;192;72;83;-11;-5.4187
2102705;180;82;55;27;17.6471
2102754;236;64;60;4;1.7241
2102804;2351;936;1027;-91;-3.7265
2102903;475;206;178;28;6.264
2103000;11286;4028;3654;374;3.4274
2103109;42;17;20;-3;-6.6667
2103125;5;0;0;0;0.0
2103158;51;16;13;3;6.25
2103174;160;79;63;16;11.1111
2103208;3729;1500;1418;82;2.2484
2103257;617;347;277;70;12.7971
2103307;7447;2422;2504;-82;-1.0891
2103406;1388;272;286;-14;-0.9986
2103505;3076;1359;1117;242;8.5392
2103554;79;25;18;7;9.7222
2103604;1827;675;608;67;3.8068
2103703;704;167;176;-9;-1.2623
2103752;2209;938;894;44;2.0323
2103802;841;269;276;-7;-0.8255
2103901;118;34;32;2;1.7241
2104008;257;107;88;19;7.9832
2104057;2704;1409;1300;109;4.2004
2104073;108;27;31;-4;-3.5714
2104081;88;53;51;2;2.3256
2104099;298;131;108;23;8.3636
2104107;692;302;272;30;4.5317
2104206;130;53;52;1;0.7752
2104305;986;357;330;27;2.8154
2104404;248;72;47;25;11.2108
2104503;209;156;87;69;49.2857
2104552;2114;869;1020;-151;-6.6667
2104602;166;64;69;-5;-2.924
2104628;114;111;127;-16;-12.3077
2104651;61;20;17;3;5.1724
2104677;388;159;185;-26;-6.2802
2104701;39;21;14;7;21.875
2104800;5247;3018;3006;12;0.2292
2104909;185;58;21;37;25.0
2105005;221;93;57;36;19.4595
2105104;190;83;31;52;37.6812
2105153;787;229;318;-89;-10.1598
2105203;201;55;54;1;0.5
2105302;60118;29729;29702;27;0.0449
2105351;259;264;172;92;55.0898
2105401;3580;1603;1364;239;7.1535
2105427;1981;917;1075;-158;-7.3866
2105450;21;12;37;-25;-54.3478
2105476;51;20;46;-26;-33.7662
2105500;873;425;459;-34;-3.7486
2105609;144;64;53;11;8.2707
2105658;25;10;6;4;19.0476
2105708;1985;1004;861;143;7.7633
2105807;80;39;23;16;25.0
2105906;111;33;29;4;3.7383
2105922;109;47;56;-9;-7.6271
2105948;169;105;83;22;14.966
2105963;62;21;20;1;1.6393
2105989;168;70;71;-1;-0.5917
2106003;283;197;141;56;24.6696
2106102;1220;440;401;39;3.3023
2106201;27;9;8;1;3.8462
2106300;290;200;158;42;16.9355
2106326;506;322;342;-20;-3.8023
2106359;9;6;20;-14;-60.8696
2106375;43;12;14;-2;-4.4444
2106409;246;65;58;7;2.9289
2106508;357;109;94;15;4.386
2106607;402;159;128;31;8.3558
2106631;71;45;51;-6;-7.7922
2106672;27;8;5;3;12.5
2106706;741;325;375;-50;-6.3211
2106755;1087;485;459;26;2.4505
2106805;167;46;36;10;6.3694
2106904;179;59;63;-4;-2.1858
2107001;119;36;45;-9;-7.0312
2107100;331;138;74;64;23.97
2107209;564;406;298;108;23.6842
2107258;97;35;31;4;4.3011
2107308;96;42;48;-6;-5.8824
2107357;139;57;46;11;8.5938
2107407;322;146;109;37;12.9825
2107456;77;30;9;21;37.5
2107506;9042;4409;4061;348;4.0028
2107605;117;53;45;8;7.3394
2107704;584;422;334;88;17.7419
2107803;917;396;400;-4;-0.4343
2107902;895;672;524;148;19.8126
2108009;1021;707;496;211;26.0494
2108058;260;110;61;49;23.2227
2108108;332;159;114;45;15.6794
2108207;4358;1537;1422;115;2.7103
2108256;84;41;25;16;23.5294
2108306;275;91;93;-2;-0.722
2108405;120;64;68;-4;-3.2258
2108454;648;335;317;18;2.8571
2108504;1195;522;448;74;6.6012
2108603;4546;1605;1638;-33;-0.7207
2108702;196;79;73;6;3.1579
2108801;111;40;32;8;7.767
2108900;138;57;64;-7;-4.8276
2109007;2280;1208;1138;70;3.1674
2109056;17;3;4;-1;-5.5556
2109106;5290;2649;2790;-141;-2.5962
2109205;94;32;16;16;20.5128
2109239;32;11;8;3;10.3448
2109270;81;21;19;2;2.5316
2109304;45;31;16;15;50.0
2109403;74;18;8;10;15.625
2109452;1418;586;634;-48;-3.2742
2109502;1328;708;716;-8;-0.5988
2109551;258;119;128;-9;-3.3708
2109601;2111;775;783;-8;-0.3775
2109700;676;280;330;-50;-6.8871
2109759;21;7;6;1;5.0
2109809;728;458;382;76;11.6564
2109908;8675;3828;3557;271;3.2247
2110005;1596;625;641;-16;-0.9926
2110039;1017;733;1120;-387;-27.5641
2110104;423;208;220;-12;-2.7586
2110203;1645;449;373;76;4.8438
2110237;80;15;7;8;11.1111
2110278;472;288;124;164;53.2468
2110302;1468;957;425;532;56.8376
2110401;365;306;290;16;4.5845
2110500;821;254;221;33;4.1878
2110609;785;321;314;7;0.8997
2110658;531;185;190;-5;-0.9328
2110708;1517;1022;489;533;54.1667
2110807;168;122;122;0;0.0
2110856;201;89;145;-56;-21.7899
2110906;98;74;62;12;13.9535
2111003;82;12;12;0;0.0
2111029;68;17;23;-6;-8.1081
2111052;191;60;53;7;3.8043
2111078;117;56;63;-7;-5.6452
2111102;1755;1088;1003;85;5.0898
2111201;17197;7988;7682;306;1.8116
2111250;66;29;22;7;11.8644
2111300;324358;137196;120344;16852;5.4802
2111409;170;28;40;-12;-6.5934
2111508;1438;764;713;51;3.677
2111532;424;295;194;101;31.2693
2111573;97;55;30;25;34.7222
2111607;2283;1352;1349;3;0.1316
2111631;30;13;10;3;11.1111
2111672;34;11;6;5;17.2414
2111706;120;28;34;-6;-4.7619
2111722;107;36;31;5;4.902
2111748;187;77;57;20;11.976
2111763;349;154;175;-21;-5.6757
2111789;43;29;20;9;26.4706
2111805;346;182;208;-26;-6.9892
2111904;369;131;134;-3;-0.8065
2111953;67;32;33;-1;-1.4706
2112001;1569;1070;1096;-26;-1.6301
2112100;410;151;103;48;13.2597
2112209;13840;6417;6388;29;0.21
2112233;728;294;322;-28;-3.7037
2112274;58;4;4;0;0.0
2112308;783;300;292;8;1.0323
2112407;180;64;75;-11;-5.7592
2112456;115;57;29;28;32.1839
2112506;1895;821;675;146;8.3476
2112605;1796;856;664;192;11.9701
2112704;1379;534;470;64;4.8669
2112803;1415;506;497;9;0.6401
2112852;648;293;284;9;1.4085
2112902;633;250;171;79;14.2599
2113009;758;315;270;45;6.3114
2114007;1379;532;524;8;0.5835
2200053;104;34;30;4;4.0
2200103;99;33;29;4;4.2105
2200202;1690;617;676;-59;-3.3734
2200251;60;23;20;3;5.2632
2200277;30;19;26;-7;-18.9189
2200301;425;143;129;14;3.4063
2200400;3542;1538;1448;90;2.6072
2200459;113;66;47;19;20.2128
2200509;491;160;243;-83;-14.4599
2200608;257;68;43;25;10.7759
2200707;220;90;82;8;3.7736
2200806;377;171;160;11;3.0055
2200905;83;18;20;-2;-2.3529
2200954;77;19;10;9;13.2353
2201002;44;25;30;-5;-10.2041
2201051;34;11;28;-17;-33.3333
2201101;99;33;30;3;3.125
2201150;3490;2931;2878;53;1.542
2201176;40;37;48;-11;-21.5686
2201200;1529;573;496;77;5.303
2201309;165;117;113;4;2.4845
2201408;214;188;228;-40;-15.748
2201507;634;334;277;57;9.8787
2201556;42;6;2;4;10.5263
2201572;98;28;61;-33;-25.1908
2201606;199;77;89;-12;-5.6872
2201705;131;63;42;21;19.0909
2201739;87;62;134;-72;-45.283
2201770;53;8;18;-10;-15.873
2201804;37;7;4;3;8.8235
2201903;5010;3127;2562;565;12.7109
2201919;68;26;23;3;4.6154
2201929;62;9;16;-7;-10.1449
2201945;35;11;10;1;2.9412
2201960;105;39;34;5;5.0
2201988;57;24;19;5;9.6154
2202000;801;339;316;23;2.9563
2202026;89;33;24;9;11.25
2202059;153;66;56;10;6.993
2202075;38;13;13;0;0.0
2202083;1198;544;501;43;3.7229
2202091;26;8;5;3;13.0435
2202109;40;6;8;-2;-4.7619
2202117;55;37;25;12;27.907
2202133;106;29;37;-8;-7.0175
2202174;42;29;21;8;23.5294
2202208;4054;1439;1544;-105;-2.5246
2202251;35;6;8;-2;-5.4054
2202307;1477;561;1003;-442;-23.0328
2202406;262;146;125;21;8.7137
2202455;443;68;67;1;0.2262
2202505;203;82;51;31;18.0233
2202539;46;16;41;-25;-35.2113
2202554;36;14;15;-1;-2.7027
2202604;636;229;172;57;9.8446
2202653;52;16;18;-2;-3.7037
2202703;724;345;308;37;5.3857
2202711;110;58;36;22;25.0
2202729;34;24;10;14;70.0
2202737;56;33;33;0;0.0
2202752;273;170;131;39;16.6667
2202778;182;113;57;56;44.4444
2202802;22;8;25;-17;-43.5897
2202851;226;104;67;37;19.5767
2202901;2327;979;882;97;4.3498
2203008;98;50;27;23;30.6667
2203107;707;466;615;-149;-17.4065
2203206;358;93;111;-18;-4.7872
2203230;458;489;443;46;11.165
2203255;88;29;23;6;7.3171
2203271;120;86;19;67;126.4151
2203305;919;352;431;-79;-7.9158
2203354;107;46;41;5;4.902
2203404;195;45;39;6;3.1746
2203420;18;5;4;1;5.8824
2203453;143;80;40;40;38.835
2203503;790;271;275;-4;-0.5038
2203602;136;56;58;-2;-1.4493
2203701;2032;757;732;25;1.2456
2203750;39;18;8;10;34.4828
2203800;48;17;10;7;17.0732
2203859;18;3;2;1;5.8824
2203909;11144;4769;4268;501;4.7073
2204006;123;72;21;51;70.8333
2204105;33;7;9;-2;-5.7143
2204154;21;15;2;13;162.5
2204204;150;102;35;67;80.7229
2204303;575;348;159;189;48.9637
2204352;82;46;42;4;5.1282
2204402;596;401;419;-18;-2.9316
2204501;753;394;394;0;0.0
2204550;33;6;15;-9;-21.4286
2204600;36;13;14;-1;-2.7027
2204659;290;123;116;7;2.4735
2204709;450;155;141;14;3.211
2204808;150;35;36;-1;-0.6623
2204907;163;64;41;23;16.4286
2205003;144;70;87;-17;-10.559
2205102;350;151;150;1;0.2865
2205151;160;75;64;11;7.3826
2205201;408;161;129;32;8.5106
2205250;19;11;10;1;5.5556
2205276;34;12;4;8;30.7692
2205300;219;77;70;7;3.3019
2205359;49;20;18;2;4.2553
2205409;258;121;92;29;12.6638
2205458;12;4;3;1;9.0909
2205508;1857;768;700;68;3.801
2205516;101;39;22;17;20.2381
2205524;45;7;12;-5;-10.0
2205532;61;4;20;-16;-20.7792
2205540;48;20;40;-20;-29.4118
2205557;121;44;32;12;11.0092
2205565;1100;1348;596;752;216.092
2205573;33;13;9;4;13.7931
2205581;348;175;130;45;14.8515
2205599;25;3;9;-6;-19.3548
2205607;73;21;34;-13;-15.1163
2205706;1659;791;747;44;2.7245
2205805;609;240;225;15;2.5253
2205854;21;3;5;-2;-8.6957
2205904;151;90;80;10;7.0922
2205953;345;137;141;-4;-1.1461
2206001;113;45;41;4;3.6697
2206050;27;3;9;-6;-18.1818
2206100;148;52;47;5;3.4965
2206209;550;189;207;-18;-3.169
2206308;194;29;46;-17;-8.0569
2206357;18;8;5;3;20.0
2206407;429;107;91;16;3.8741
2206506;50;26;25;1;2.0408
2206605;674;417;501;-84;-11.0818
2206654;75;38;37;1;1.3514
2206670;43;15;12;3;7.5
2206696;54;16;9;7;14.8936
2206704;171;74;138;-64;-27.234
2206720;639;282;307;-25;-3.7651
2206753;39;42;27;15;62.5
2206803;56;9;30;-21;-27.2727
2206902;65;22;19;3;4.8387
2206951;30;10;5;5;20.0
2207009;3371;1548;1348;200;6.3072
2207108;94;7;10;-3;-3.0928
2207207;137;75;39;36;35.6436
2207306;76;34;22;12;18.75
2207355;640;827;297;530;481.8182
2207405;209;191;177;14;7.1795
2207504;199;76;73;3;1.5306
2207553;23;7;7;0;0.0
2207603;232;73;68;5;2.2026
2207702;23948;9145;8406;739;3.1841
2207751;61;42;13;29;90.625
2207777;170;192;140;52;44.0678
2207793;57;51;10;41;256.25
2207801;1141;439;391;48;4.3916
2207850;53;11;7;4;8.1633
2207900;1456;649;520;129;9.7212
2207934;38;16;16;0;0.0
2207959;16;3;5;-2;-11.1111
2208007;15321;5921;4919;1002;6.9977
2208106;131;56;44;12;10.084
2208205;302;114;104;10;3.4247
2208304;1605;749;630;119;8.0081
2208403;6402;2601;2198;403;6.7178
2208502;192;63;51;12;6.6667
2208551;29;24;22;2;7.4074
2208601;43;15;11;4;10.2564
2208650;314;162;111;51;19.3916
2208700;148;73;54;19;14.7287
2208809;1041;590;459;131;14.3956
2208858;47;31;28;3;6.8182
2208874;74;8;67;-59;-44.3609
2208908;633;452;481;-29;-4.3807
2209005;96;43;19;24;33.3333
2209104;111;21;29;-8;-6.7227
2209153;51;4;8;-4;-7.2727
2209203;1100;1034;916;118;12.0163
2209302;247;102;90;12;5.1064
2209351;19;4;5;-1;-5.0
2209377;80;11;16;-5;-5.8824
2209401;297;98;71;27;10.0
2209450;0;0;1;-1;-100.0
2209500;80;16;25;-9;-10.1124
2209559;44;10;9;1;2.3256
2209609;43;16;7;9;26.4706
2209658;72;15;19;-4;-5.2632
2209708;57;27;22;5;9.6154
2209757;90;24;33;-9;-9.0909
2209807;124;42;51;-9;-6.7669
2209856;27;8;9;-1;-3.5714
2209872;59;24;27;-3;-4.8387
2209906;74;5;12;-7;-8.642
2209955;41;30;5;25;156.25
2209971;97;44;31;13;15.4762
2210003;2134;1461;702;759;55.2
2210052;79;30;54;-24;-23.301
2210102;90;32;26;6;7.1429
2210201;160;58;15;43;36.7521
2210300;70;15;14;1;1.4493
2210359;32;13;10;3;10.3448
2210375;0;12;7;5;
2210383;13;7;7;0;0.0
2210391;21;14;4;10;90.9091
2210409;274;94;74;20;7.874
2210508;299;85;157;-72;-19.407
2210607;4150;2589;1857;732;21.416
2210623;108;81;52;29;36.7089
2210631;1045;461;351;110;11.7647
2210656;48;18;11;7;17.0732
2210706;365;169;187;-18;-4.6997
2210805;593;217;165;52;9.6118
2210904;74;44;34;10;15.625
2210938;205;100;79;21;11.413
2210953;19;11;8;3;18.75
2210979;33;6;5;1;3.125
2211001;230524;99124;90333;8791;3.9647
2211100;6655;3096;2857;239;3.7251
2211209;5744;3848;3053;795;16.0639
2211308;2085;889;560;329;18.7358
2211357;22;7;4;3;15.7895
2211407;54;15;16;-1;-1.8182
2211506;28;18;12;6;27.2727
2211605;96;68;23;45;88.2353
2211704;24;10;5;5;26.3158
2300101;135;68;49;19;16.3793
2300150;968;388;415;-27;-2.7136
2300200;3706;1588;1324;264;7.67
2300309;1559;503;353;150;10.6458
2300408;112;52;44;8;7.6923
2300507;120;53;56;-3;-2.439
2300606;70;41;26;15;27.2727
2300705;553;199;215;-16;-2.812
2300754;2059;1100;1195;-95;-4.4104
2300804;148;56;44;12;8.8235
2300903;340;244;167;77;29.2776
2301000;20043;10769;10927;-158;-0.7821
2301109;9381;3966;3610;356;3.9446
2301208;1058;572;547;25;2.4201
2301257;137;76;57;19;16.1017
2301307;265;167;120;47;21.5596
2301406;260;151;139;12;4.8387
2301505;30;10;9;1;3.4483
2301604;484;227;200;27;5.9081
2301703;471;153;116;37;8.5253
2301802;22;12;3;9;69.2308
2301851;540;492;666;-174;-24.3697
2301901;11223;3931;3801;130;1.1719
2301950;577;258;281;-23;-3.8333
2302008;517;238;163;75;16.9683
2302057;256;102;94;8;3.2258
2302107;2585;1245;1023;222;9.3948
2302206;5658;2252;1989;263;4.8749
2302305;721;247;252;-5;-0.6887
2302404;1540;620;565;55;3.7037
2302503;6839;3248;3208;40;0.5883
2302602;4634;1537;1512;25;0.5424
2302701;1426;319;301;18;1.2784
2302800;6107;2609;2207;402;7.0465
2302909;269;162;104;58;27.4882
2303006;1043;528;346;182;21.1382
2303105;389;98;79;19;5.1351
2303204;299;160;109;51;20.5645
2303303;295;114;83;31;11.7424
2303402;1154;91;83;8;0.6981
2303501;7780;3481;3312;169;2.2205
2303600;98;35;34;1;1.0309
2303659;174;124;63;61;53.9823
2303709;42517;23187;19866;3321;8.4728
2303808;755;238;149;89;13.3634
2303907;153;33;32;1;0.6579
2303931;49;14;17;-3;-5.7692
2303956;925;341;404;-63;-6.3765
2304004;474;271;192;79;20.0
2304103;6342;2587;2363;224;3.6613
2304202;17383;7059;6451;608;3.6244
2304236;816;110;90;20;2.5126
2304251;3084;2089;1714;375;13.8427
2304269;142;59;65;-6;-4.0541
2304277;53;16;12;4;8.1633
2304285;45701;24733;24965;-232;-0.5051
2304301;286;141;124;17;6.3197
2304350;1333;530;467;63;4.9606
2304400;739121;371947;352711;19236;2.6721
2304459;1748;905;554;351;25.1253
2304509;3277;957;930;27;0.8308
2304608;74;20;97;-77;-50.9934
2304657;303;284;60;224;283.5443
2304707;1157;675;737;-62;-5.0861
2304806;29;14;12;2;7.4074
2304905;524;162;183;-21;-3.8532
2304954;1549;766;654;112;7.794
2305001;1490;573;413;160;12.0301
2305100;454;183;130;53;13.217
2305209;343;147;194;-47;-12.0513
2305233;24569;10722;10253;469;1.9461
2305266;185;85;68;17;10.119
2305308;607;194;167;27;4.6552
2305332;148;72;33;39;35.7798
2305357;2898;2346;2272;74;2.6204
2305407;2983;1645;1343;302;11.2645
2305506;12927;5157;4829;328;2.6034
2305605;696;448;206;242;53.304
2305654;124;58;85;-27;-17.8808
2305704;1421;1178;664;514;56.6703
2305803;2203;767;713;54;2.5128
2305902;419;174;180;-6;-1.4118
2306009;308;98;71;27;9.6085
2306108;879;527;398;129;17.2
2306207;232;92;68;24;11.5385
2306256;12479;7027;5792;1235;10.9836
2306306;4094;1777;1299;478;13.219
2306405;12409;4398;3807;591;5.0008
2306504;170;49;46;3;1.7964
2306553;1574;519;496;23;1.4829
2306603;173;68;74;-6;-3.352
2306702;418;147;119;28;7.1795
2306801;449;153;126;27;6.3981
2306900;2880;1102;996;106;3.8212
2307007;2657;1094;1064;30;1.142
2307106;378;133;112;21;5.8824
2307205;94;32;22;10;11.9048
2307254;4087;2708;2459;249;6.4878
2307304;57005;29280;24834;4446;8.4591
2307403;1144;447;359;88;8.3333
2307502;2497;2658;1397;1261;102.0227
2307601;9695;5033;4489;544;5.9447
2307635;673;278;199;79;13.2997
2307650;63972;32367;30720;1647;2.6426
2307700;11399;5001;4901;100;0.885
2307809;2412;1117;1071;46;1.9442
2307908;105;124;111;13;14.1304
2308005;1232;626;578;48;4.0541
2308104;2079;941;844;97;4.894
2308203;277;92;113;-21;-7.047
2308302;989;558;531;27;2.8067
2308351;287;90;77;13;4.7445
2308377;87;31;38;-7;-7.4468
2308401;3177;666;728;-62;-1.9142
2308500;1329;584;514;70;5.56
2308609;628;124;91;33;5.5462
2308708;8331;5114;4620;494;6.3034
2308807;80;50;37;13;19.403
2308906;460;215;171;44;10.5769
2309003;218;62;47;15;7.3892
2309102;227;119;80;39;20.7447
2309201;809;334;277;57;7.5798
2309300;1329;547;433;114;9.3827
2309409;619;635;616;19;3.1667
2309458;467;262;138;124;36.1516
2309508;415;286;192;94;29.2835
2309607;7072;3402;3331;71;1.0141
2309706;8347;4736;4529;207;2.543
2309805;342;112;94;18;5.5556
2309904;60;16;10;6;11.1111
2310001;252;64;52;12;5.0
2310100;130;23;31;-8;-5.7971
2310209;2683;1739;1489;250;10.2754
2310258;3062;1415;1306;109;3.6912
2310308;263;108;96;12;4.7809
2310407;171;55;47;8;4.908
2310506;763;400;368;32;4.3776
2310605;184;71;71;0;0.0
2310704;1383;909;1672;-763;-35.5545
2310803;4252;1099;1068;31;0.7344
2310852;1330;649;682;-33;-2.4211
2310902;194;52;45;7;3.7433
2310951;55;15;11;4;7.8431
2311009;208;126;89;37;21.6374
2311108;670;454;322;132;24.5353
2311207;130;63;48;15;13.0435
2311231;39;24;13;11;39.2857
2311264;122;58;106;-48;-28.2353
2311306;7368;3037;2817;220;3.0778
2311355;307;126;128;-2;-0.6472
2311405;11906;5028;5323;-295;-2.4178
2311504;3123;1546;1521;25;0.807
2311603;1308;428;463;-35;-2.6061
2311702;445;264;177;87;24.3017
2311801;10379;4872;4736;136;1.3277
2311900;180;55;29;26;16.8831
2311959;92;37;38;-1;-1.0753
2312007;640;340;270;70;12.2807
2312106;231;73;78;-5;-2.1186
2312205;3982;1601;1330;271;7.3026
2312304;3108;974;1051;-77;-2.4176
2312403;13220;6305;6412;-107;-0.8029
2312502;72;27;30;-3;-4.0
2312601;403;211;128;83;25.9375
2312700;1987;654;785;-131;-6.1851
2312809;127;59;55;4;3.252
2312908;49317;15836;16001;-165;-0.3335
2313005;1197;729;665;64;5.6487
2313104;1915;956;910;46;2.4612
2313203;260;118;80;38;17.1171
2313252;30;16;13;3;11.1111
2313302;4908;2793;2076;717;17.1081
2313351;534;124;128;-4;-0.7435
2313401;9565;4855;4259;596;6.6451
2313500;2976;1403;1396;7;0.2358
2313559;333;153;116;37;12.5
2313609;2635;1131;965;166;6.7234
2313708;59;16;21;-5;-7.8125
2313757;392;141;176;-35;-8.1967
2313807;1572;393;329;64;4.244
2313906;1236;635;434;201;19.4203
2313955;1371;990;908;82;6.3615
2314003;2056;637;530;107;5.49
2314102;1678;760;625;135;8.7492
2400109;1094;563;506;57;5.4966
2400208;6783;3011;4230;-1219;-15.2337
2400307;491;323;638;-315;-39.0819
2400406;33;5;4;1;3.125
2400505;480;93;94;-1;-0.2079
2400604;45;10;10;0;0.0
2400703;1782;1085;1184;-99;-5.2632
2400802;767;303;376;-73;-8.6905
2400901;134;44;33;11;8.9431
2401008;3035;2265;1990;275;9.9638
2401107;3594;1599;1320;279;8.4163
2401206;950;617;741;-124;-11.5456
2401305;146;93;83;10;7.3529
2401404;1781;1300;1521;-221;-11.039
2401453;3817;2325;2417;-92;-2.3535
2401503;55;9;12;-3;-5.1724
2401602;95;62;22;40;72.7273
2401651;137;103;39;64;87.6712
2401701;284;82;75;7;2.5271
2401800;631;296;238;58;10.1222
2401859;418;142;100;42;11.1702
2401909;77;27;20;7;10.0
2402006;10306;4794;4665;129;1.2676
2402105;117;42;33;9;8.3333
2402204;2348;1072;998;74;3.2542
2402303;1272;638;820;-182;-12.5172
2402402;1123;443;403;40;3.6934
2402501;451;243;170;73;19.3122
2402600;5269;2462;2251;211;4.1716
2402709;494;174;126;48;10.7623
2402808;46;10;2;8;21.0526
2402907;55;41;9;32;139.1304
2403004;758;344;264;80;11.7994
2403103;6373;2783;2379;404;6.7683
2403202;91;46;42;4;4.5977
2403251;51939;25696;23841;1855;3.7038
2403301;109;30;26;4;3.8095
2403400;378;94;89;5;1.3405
2403509;1314;976;814;162;14.0625
2403608;5377;4348;3760;588;12.2781
2403707;114;97;83;14;14.0
2403756;45;27;22;5;12.5
2403806;465;209;127;82;21.4099
2403905;20;4;5;-1;-4.7619
2404002;69;31;41;-10;-12.6582
2404101;553;358;309;49;9.7222
2404200;5045;1926;1908;18;0.3581
2404309;641;501;718;-217;-25.2914
2404408;971;326;310;16;1.6754
2404507;1639;389;493;-104;-5.9667
2404606;279;70;86;-16;-5.4237
2404705;1725;1227;1299;-72;-4.0067
2404804;42;18;13;5;13.5135
2404853;1132;342;328;14;1.2522
2404903;135;60;70;-10;-6.8966
2405009;93;18;21;-3;-3.125
2405108;392;457;519;-62;-13.6564
2405207;166;43;405;-362;-68.5606
2405306;76;28;17;11;16.9231
2405405;33;7;5;2;6.4516
2405504;36;18;36;-18;-33.3333
2405603;960;317;291;26;2.7837
2405702;1332;594;600;-6;-0.4484
2405801;3118;1378;1214;164;5.5518
2405900;267;35;19;16;6.3745
2406007;50;12;10;2;4.1667
2406106;2302;1001;986;15;0.6559
2406155;22;5;7;-2;-8.3333
2406205;80;23;24;-1;-1.2346
2406304;161;102;30;72;80.8989
2406403;78;34;37;-3;-3.7037
2406502;1268;734;575;159;14.3372
2406601;203;80;94;-14;-6.4516
2406700;848;589;541;48;6.0
2406809;34;12;18;-6;-15.0
2406908;84;358;358;0;0.0
2407005;93;10;11;-1;-1.0638
2407104;12903;5769;5578;191;1.5025
2407203;3040;1169;1179;-10;-0.3279
2407252;56;20;2;18;47.3684
2407302;118;48;16;32;37.2093
2407401;644;237;212;25;4.0388
2407500;560;220;162;58;11.5538
2407609;299;102;37;65;27.7778
2407708;346;139;138;1;0.2899
2407807;1063;365;441;-76;-6.6725
2407906;68;33;20;13;23.6364
2408003;71490;35601;38614;-3013;-4.0441
2408102;233459;100649;96424;4225;1.8431
2408201;2244;1253;1214;39;1.7687
2408300;2096;852;623;229;12.2657
2408409;289;238;153;85;41.6667
2408508;246;141;142;-1;-0.4049
2408607;16;5;1;4;33.3333
2408706;32;7;8;-1;-3.0303
2408805;231;203;191;12;5.4795
2408904;3157;1545;1382;163;5.4442
2408953;243;127;201;-74;-23.3438
2409100;518;143;141;2;0.3876
2409209;55;20;12;8;17.0213
2409308;563;498;304;194;52.5745
2409332;166;70;77;-7;-4.0462
2409407;4916;1821;1550;271;5.8342
2409506;88;13;19;-6;-6.383
2409605;17;5;1;4;30.7692
2409704;140;49;24;25;21.7391
2409803;639;443;330;113;21.4829
2409902;1659;692;660;32;1.9668
2410009;61;14;3;11;22.0
2410108;303;103;122;-19;-5.9006
2410207;305;160;105;55;22.0
2410256;606;275;273;2;0.3311
2410306;547;196;124;72;15.1579
2410405;420;182;124;58;16.0221
2410504;83;30;29;1;1.2195
2410603;57;10;14;-4;-6.5574
2410702;42;20;9;11;35.4839
2410801;25;13;7;6;31.5789
2410900;451;251;380;-129;-22.2414
2411007;71;12;5;7;10.9375
2411056;681;417;398;19;2.8701
2411106;14;0;0;0;0.0
2411205;3329;1510;1324;186;5.9179
2411403;293;88;55;33;12.6923
2411429;218;68;87;-19;-8.0169
2411502;1396;538;456;82;6.2405
2411601;488;304;326;-22;-4.3137
2411700;47;11;8;3;6.8182
2411809;372;250;214;36;10.7143
2411908;188;22;27;-5;-2.5907
2412005;15927;8250;7378;872;5.7921
2412104;128;56;51;5;4.065
2412203;7304;3526;3118;408;5.9165
2412302;214;115;99;16;8.0808
2412401;862;491;435;56;6.9479
2412500;1126;493;422;71;6.7299
2412559;1057;508;465;43;4.2406
2412609;913;288;376;-88;-8.7912
2412708;95;27;37;-10;-9.5238
2412807;152;42;42;0;0.0
2412906;266;80;88;-8;-2.9197
2413003;268;212;90;122;83.5616
2413102;51;33;29;4;8.5106
2413201;105;20;18;2;1.9417
2413300;256;78;73;5;1.992
2413359;763;402;296;106;16.1339
2413409;1212;745;653;92;8.2143
2413508;83;65;23;42;102.439
2413557;146;39;39;0;0.0
2413607;171;53;56;-3;-1.7241
2413706;38;18;9;9;31.0345
2413805;44;15;14;1;2.3256
2413904;375;95;97;-2;-0.5305
2414001;852;323;265;58;7.3048
2414100;317;80;60;20;6.734
2414159;251;128;70;58;30.0518
2414209;4017;2184;1907;277;7.4064
2414308;78;39;36;3;4.0
2414407;2249;756;749;7;0.3122
2414456;83;69;16;53;176.6667
2414506;380;350;77;273;255.1402
2414605;729;588;738;-150;-17.0648
2414704;101;19;24;-5;-4.717
2414753;2;0;0;0;0.0
2414803;654;414;269;145;28.4872
2414902;19;3;3;0;0.0
2415008;44;12;41;-29;-39.726
2500106;86;27;26;1;1.1765
2500205;321;228;169;59;22.5191
2500304;1003;361;283;78;8.4324
2500403;968;348;300;48;5.2174
2500502;282;113;113;0;0.0
2500536;101;45;37;8;8.6022
2500577;25;0;0;0;0.0
2500601;4073;1939;1768;171;4.3824
2500700;760;232;253;-21;-2.6889
2500734;39;17;13;4;11.4286
2500775;515;309;205;104;25.3041
2500809;219;89;54;35;19.0217
2500908;652;404;140;264;68.0412
2501005;610;153;133;20;3.3898
2501104;1237;508;424;84;7.2853
2501153;57;104;66;38;200.0
2501203;114;69;42;27;31.0345
2501302;238;86;77;9;3.9301
2501351;84;35;10;25;42.3729
2501401;138;79;56;23;20.0
2501500;1231;510;466;44;3.7068
2501534;102;30;24;6;6.25
2501575;213;88;80;8;3.9024
2501609;299;98;79;19;6.7857
2501708;63;28;44;-16;-20.2532
2501807;8946;3877;3714;163;1.8559
2501906;952;285;237;48;5.3097
2502003;148;36;69;-33;-18.232
2502052;24;4;6;-2;-7.6923
2502102;19;5;7;-2;-9.5238
2502151;756;233;195;38;5.2925
2502201;58;27;28;-1;-1.6949
2502300;15;1;3;-2;-11.7647
2502409;74;13;17;-4;-5.1282
2502508;571;216;245;-29;-4.8333
2502607;56;20;13;7;14.2857
2502706;32;6;18;-12;-27.2727
2502805;342;64;64;0;0.0
2502904;82;39;44;-5;-5.7471
2503001;4041;1929;1796;133;3.4033
2503100;178;85;78;7;4.0936
2503209;21620;11504;11338;166;0.7737
2503308;159;61;50;11;7.4324
2503407;34;28;19;9;36.0
2503506;208;85;65;20;10.6383
2503555;64;74;50;24;60.0
2503605;153;47;76;-29;-15.9341
2503704;9119;3753;3662;91;1.008
2503753;9;1;0;1;12.5
2503803;243;82;77;5;2.1008
2503902;91;29;24;5;5.814
2504009;118104;55048;47604;7444;6.7269
2504033;129;67;55;12;10.2564
2504074;40;22;43;-21;-34.4262
2504108;12;7;3;4;50.0
2504157;130;25;11;14;12.069
2504207;113;194;196;-2;-1.7391
2504306;3507;1478;1243;235;7.1822
2504355;129;44;60;-16;-11.0345
2504405;602;210;279;-69;-10.2832
2504504;94;33;28;5;5.618
2504603;7224;4053;3638;415;6.0949
2504702;145;60;41;19;15.0794
2504801;229;48;77;-29;-11.2403
2504850;70;53;19;34;94.4444
2504900;656;534;490;44;7.1895
2505006;91;44;41;3;3.4091
2505105;818;453;356;97;13.4535
2505204;166;34;47;-13;-7.2626
2505238;78;39;34;5;6.8493
2505279;71;78;42;36;102.8571
2505303;41;51;13;38;1266.6667
2505352;56;26;14;12;27.2727
2505402;125;97;77;20;19.0476
2505501;44;18;10;8;22.2222
2505600;63;28;12;16;34.0426
2505709;118;55;31;24;25.5319
2505808;35;8;14;-6;-14.6341
2505907;44;4;2;2;4.7619
2506004;3629;1305;1097;208;6.0801
2506103;222;55;58;-3;-1.3333
2506202;25;7;6;1;4.1667
2506251;28;11;13;-2;-6.6667
2506301;10903;3773;3532;241;2.2604
2506400;792;397;329;68;9.3923
2506509;71;19;24;-5;-6.5789
2506608;123;53;17;36;41.3793
2506707;157;122;31;91;137.8788
2506806;1084;384;318;66;6.4833
2506905;1606;549;491;58;3.7468
2507002;2427;1189;907;282;13.1469
2507101;721;402;359;43;6.3422
2507200;628;217;187;30;5.0167
2507309;365;213;159;54;17.3633
2507408;79;19;33;-14;-15.0538
2507507;240912;125125;112699;12426;5.4384
2507606;110;47;33;14;14.5833
2507705;551;223;182;41;8.0392
2507804;255;76;88;-12;-4.4944
2507903;356;261;275;-14;-3.7838
2508000;83;47;47;0;0.0
2508109;102;65;80;-15;-12.8205
2508208;229;36;33;3;1.3274
2508307;1466;564;503;61;4.3416
2508406;11;2;2;0;0.0
2508505;69;29;11;18;35.2941
2508554;97;72;31;41;73.2143
2508604;1429;582;524;58;4.2305
2508703;24;5;16;-11;-31.4286
2508802;246;86;92;-6;-2.381
2508901;6660;4017;3571;446;7.1773
2509008;62;36;38;-2;-3.125
2509057;68;48;45;3;4.6154
2509107;612;206;167;39;6.8063
2509156;160;58;42;16;11.1111
2509206;415;208;112;96;30.094
2509305;532;427;514;-87;-14.0549
2509339;25;5;4;1;4.1667
2509370;21;8;3;5;31.25
2509396;78;36;40;-4;-4.878
2509404;336;74;90;-16;-4.5455
2509503;211;87;86;1;0.4762
2509602;27;12;4;8;42.1053
2509701;2946;1642;1201;441;17.6048
2509800;436;127;125;2;0.4608
2509909;49;19;8;11;28.9474
2510006;60;31;54;-23;-27.7108
2510105;171;46;84;-38;-18.1818
2510204;37;51;47;4;12.1212
2510303;109;54;32;22;25.2874
2510402;41;24;7;17;70.8333
2510501;21;6;14;-8;-27.5862
2510600;43;21;13;8;22.8571
2510659;32;18;6;12;60.0
2510709;40;88;88;0;0.0
2510808;15807;7892;6717;1175;8.0303
2510907;199;109;63;46;30.0654
2511004;137;108;116;-8;-5.5172
2511103;210;80;307;-227;-51.9451
2511202;4309;1756;1763;-7;-0.1622
2511301;576;243;181;62;12.0623
2511400;742;229;271;-42;-5.3571
2511509;720;593;514;79;12.3245
2511608;194;72;46;26;15.4762
2511707;34;15;36;-21;-38.1818
2511806;281;128;150;-22;-7.2607
2511905;943;398;333;65;7.4032
2512002;953;545;660;-115;-10.7678
2512036;20;12;11;1;5.2632
2512077;47;27;25;2;4.4444
2512101;1723;562;449;113;7.0186
2512200;64;13;12;1;1.5873
2512309;1181;532;499;33;2.8746
2512408;633;231;238;-7;-1.0938
2512507;3174;1195;1005;190;6.3673
2512606;134;49;28;21;18.5841
2512705;598;111;152;-41;-6.4163
2512721;49;12;13;-1;-2.0
2512747;18;6;12;-6;-25.0
2512754;113;79;49;30;36.1446
2512762;101;55;53;2;2.0202
2512788;12;6;6;0;0.0
2512804;139;37;23;14;11.2
2512903;1726;2199;2048;151;9.5873
2513000;17;4;7;-3;-15.0
2513109;108;27;60;-33;-23.4043
2513158;55;9;15;-6;-9.8361
2513208;120;15;18;-3;-2.439
2513307;163;119;63;56;52.3364
2513356;3;1;3;-2;-40.0
2513406;1185;514;484;30;2.5974
2513505;4;0;1;-1;-20.0
2513604;44;15;13;2;4.7619
2513653;25;32;14;18;257.1429
2513703;20477;8592;7847;745;3.7756
2513802;139;162;178;-16;-10.3226
2513851;35;10;12;-2;-5.4054
2513901;2807;1252;1176;76;2.7829
2513927;40;7;13;-6;-13.0435
2513943;23;11;18;-7;-23.3333
2513968;54;14;7;7;14.8936
2513984;46;13;14;-1;-2.1277
2514008;198;104;102;2;1.0204
2514107;37;8;13;-5;-11.9048
2514206;97;21;26;-5;-4.902
2514305;15;6;11;-5;-25.0
2514404;82;53;51;2;2.5
2514453;64;33;22;11;20.7547
2514503;430;150;144;6;1.4151
2514552;4;1;0;1;33.3333
2514602;29;14;9;5;20.8333
2514651;1;1;0;1;
2514701;112;42;37;5;4.6729
2514800;89;53;60;-7;-7.2917
2514909;157;70;44;26;19.8473
2515005;272;115;91;24;9.6774
2515104;224;89;71;18;8.7379
2515203;18;2;5;-3;-14.2857
2515302;3032;1178;1167;11;0.3641
2515401;151;152;79;73;93.5897
2515500;723;218;253;-35;-4.6174
2515609;57;17;14;3;5.5556
2515708;15;4;1;3;25.0
2515807;179;105;75;30;20.1342
2515906;47;12;21;-9;-16.0714
2515930;292;66;85;-19;-6.1093
2515971;276;105;78;27;10.8434
2516003;1605;480;419;61;3.9508
2516102;841;278;233;45;5.6533
2516151;44;24;13;11;33.3333
2516201;9532;3926;3223;703;7.9624
2516300;1035;522;345;177;20.6294
2516409;76;22;19;3;4.1096
2516508;341;128;116;12;3.6474
2516607;164;86;72;14;9.3333
2516706;368;451;440;11;3.0812
2516755;61;27;23;4;7.0175
2516805;122;65;29;36;41.8605
2516904;642;235;169;66;11.4583
2517001;80;18;19;-1;-1.2346
2517100;60;39;20;19;46.3415
2517209;108;17;28;-11;-9.2437
2517407;21;4;5;-1;-4.5455
2600054;11167;4412;4139;273;2.506
2600104;3699;1423;1105;318;9.4055
2600203;744;254;212;42;5.9829
2600302;1356;538;480;58;4.4684
2600401;977;464;518;-54;-5.2376
2600500;2227;901;804;97;4.554
2600609;198;81;66;15;8.1967
2600708;2628;1705;1886;-181;-6.4436
2600807;680;277;177;100;17.2414
2600906;589;453;521;-68;-10.3501
2601003;367;114;89;25;7.3099
2601052;422;283;274;9;2.1792
2601102;6262;2359;2238;121;1.9704
2601201;10056;3925;3306;619;6.5593
2601300;364;133;123;10;2.8249
2601409;3119;1354;1186;168;5.693
2601508;174;153;91;62;55.3571
2601607;2148;941;753;188;9.5918
2601706;13194;4628;4165;463;3.6368
2601805;64;34;29;5;8.4746
2601904;8191;3446;2633;813;11.0192
2602001;475;169;161;8;1.7131
2602100;1955;698;511;187;10.5769
2602209;1551;607;471;136;9.6113
2602308;4078;1413;1304;109;2.7463
2602407;499;149;167;-18;-3.4816
2602506;270;558;627;-69;-20.354
2602605;2036;897;767;130;6.8206
2602704;537;157;159;-2;-0.3711
2602803;1660;504;380;124;8.0729
2602902;44282;24424;20642;3782;9.3383
2603009;1632;672;471;201;14.0461
2603108;733;274;239;35;5.0143
2603207;745;347;263;84;12.708
2603306;80;33;28;5;6.6667
2603405;47;30;24;6;14.6341
2603454;13290;6258;5965;293;2.2544
2603504;591;174;160;14;2.4263
2603603;3466;1747;1973;-226;-6.1213
2603702;1369;322;316;6;0.4402
2603801;653;307;201;106;19.3784
2603900;645;321;286;35;5.7377
2603926;32;8;10;-2;-5.8824
2604007;13149;4199;3838;361;2.823
2604106;87761;44472;39258;5214;6.3164
2604155;115;59;33;26;29.2135
2604205;960;393;284;109;12.8085
2604304;125;63;36;27;27.551
2604403;451;170;210;-40;-8.1466
2604502;883;361;265;96;12.1982
2604601;1473;692;572;120;8.8692
2604700;291;75;70;5;1.7483
2604809;538;346;220;126;30.5825
2604908;224;114;82;32;16.6667
2605004;1748;830;762;68;4.0476
2605103;3041;2259;2053;206;7.2663
2605152;1654;916;806;110;7.1244
2605202;7279;4273;4135;138;1.9325
2605301;714;341;259;82;12.9747
2605400;944;504;308;196;26.2032
2605459;2640;1975;1820;155;6.2374
2605509;683;537;652;-115;-14.411
2605608;996;340;337;3;0.3021
2605707;2909;1050;870;180;6.5958
2605806;222;97;92;5;2.3041
2605905;454;313;211;102;28.9773
2606002;22215;9704;8445;1259;6.0078
2606101;2349;975;773;202;9.4085
2606200;27429;11587;9650;1937;7.5985
2606309;91;11;13;-2;-2.1505
2606408;9982;3926;3678;248;2.5478
2606507;276;116;85;31;12.6531
2606606;594;295;308;-13;-2.1417
2606705;46;23;15;8;21.0526
2606804;23608;11641;10764;877;3.8582
2606903;119;85;62;23;23.9583
2607000;456;571;670;-99;-17.8378
2607109;26;15;12;3;13.0435
2607208;36477;23378;21893;1485;4.2438
2607307;1009;352;305;47;4.8857
2607406;120;78;55;23;23.7113
2607505;372;153;107;46;14.1104
2607604;963;327;300;27;2.8846
2607653;4087;1415;1496;-81;-1.9434
2607703;457;302;207;95;26.2431
2607752;5283;1308;1125;183;3.5882
2607802;557;483;298;185;49.7312
2607901;107674;49854;46510;3344;3.2052
2607950;204;93;88;5;2.5126
2608008;350;120;83;37;11.8211
2608057;491;101;189;-88;-15.1986
2608107;1125;423;296;127;12.7255
2608206;696;631;497;134;23.8434
2608255;186;82;44;38;25.6757
2608305;688;314;216;98;16.6102
2608404;447;347;137;210;88.6076
2608453;836;244;292;-48;-5.4299
2608503;4663;1864;2120;-256;-5.2043
2608602;162;86;46;40;32.7869
2608701;184;71;58;13;7.6023
2608750;2799;2318;2388;-70;-2.4399
2608800;3253;1406;1154;252;8.3972
2608909;7594;1907;1849;58;0.7696
2609006;1258;344;362;-18;-1.4107
2609105;866;411;435;-24;-2.6966
2609154;111;38;30;8;7.767
2609204;334;82;63;19;6.0317
2609303;263;169;108;61;30.198
2609402;9055;4081;3452;629;7.465
2609501;4459;1459;1355;104;2.3881
2609600;79749;36229;32963;3266;4.2702
2609709;1606;723;524;199;14.1436
2609808;206;80;37;43;26.3804
2609907;3738;1328;1018;310;9.0432
2610004;8912;3492;2791;701;8.5373
2610103;64;15;12;3;4.918
2610202;579;234;147;87;17.6829
2610301;215;71;42;29;15.5914
2610400;449;282;173;109;32.0588
2610509;1365;309;335;-26;-1.8692
2610608;5238;2181;2126;55;1.0612
2610707;53821;22915;21771;1144;2.1717
2610806;486;189;140;49;11.2128
2610905;4425;1780;1467;313;7.6119
2611002;4570;962;877;85;1.8952
2611101;90442;59558;55912;3646;4.2007
2611200;273;73;79;-6;-2.1505
2611309;2814;1148;968;180;6.8337
2611408;2634;1732;2043;-311;-10.5603
2611507;365;160;149;11;3.1073
2611533;59;33;19;14;31.1111
2611606;565071;246561;225874;20687;3.8001
2611705;968;732;417;315;48.2389
2611804;3280;1395;1352;43;1.3284
2611903;4320;2829;3193;-364;-7.7711
2612000;842;303;258;45;5.6462
2612109;98;36;38;-2;-2.0
2612208;6955;3008;2487;521;8.0976
2612307;447;196;149;47;11.75
2612406;658;247;203;44;7.1661
2612455;124;34;44;-10;-7.4627
2612471;461;301;151;150;48.2315
2612505;15456;7929;7390;539;3.6133
2612554;109;17;29;-12;-9.9174
2612604;1337;588;515;73;5.7753
2612703;338;125;91;34;11.1842
2612802;201;90;43;47;30.5195
2612901;228;132;47;85;59.4406
2613008;5408;2691;2498;193;3.7009
2613107;2763;1264;1160;104;3.9112
2613206;892;390;326;64;7.7295
2613305;360;125;114;11;3.1519
2613404;2268;734;616;118;5.4884
2613503;3610;2709;1978;731;25.3908
2613602;2233;1016;1198;-182;-7.5362
2613701;9073;3437;3258;179;2.0126
2613800;1076;275;260;15;1.4138
2613909;12164;5119;4327;792;6.9645
2614006;122;31;61;-30;-19.7368
2614105;738;316;299;17;2.3578
2614204;6284;4218;4063;155;2.529
2614303;109;42;26;16;17.2043
2614402;28;12;8;4;16.6667
2614501;7010;2854;2362;492;7.5483
2614600;1311;504;427;77;6.2399
2614709;932;213;242;-29;-3.0177
2614808;419;114;78;36;9.3995
2614857;6003;4297;3529;768;14.6705
2615003;1990;851;830;21;1.0665
2615102;33;6;18;-12;-26.6667
2615201;92;57;46;11;13.5802
2615300;5841;2612;2492;120;2.0975
2615409;5542;2368;2295;73;1.3348
2615508;500;293;247;46;10.1322
2615607;2203;983;941;42;1.9435
2615706;859;369;281;88;11.4137
2615805;270;130;89;41;17.9039
2615904;198;121;119;2;1.0204
2616001;477;158;140;18;3.9216
2616100;178;70;57;13;7.8788
2616183;268;71;37;34;14.5299
2616209;633;341;275;66;11.6402
2616308;2450;2043;1933;110;4.7009
2616407;26460;9504;8966;538;2.0755
2616506;497;275;379;-104;-17.3045
2700102;248;110;72;38;18.0952
2700201;357;161;139;22;6.5672
2700300;47484;20859;19961;898;1.9276
2700409;2878;2386;2346;40;1.4094
2700508;1103;624;526;98;9.7512
2700607;1849;983;975;8;0.4345
2700706;771;422;384;38;5.1842
2700805;194;127;130;-3;-1.5228
2700904;103;12;7;5;5.102
2701001;1055;607;548;59;5.9237
2701100;84;24;39;-15;-15.1515
2701209;331;126;91;35;11.8243
2701308;738;295;226;69;10.3139
2701357;130;60;72;-12;-8.4507
2701407;2888;2783;2768;15;0.5221
2701506;76;36;30;6;8.5714
2701605;1246;1331;91;1240;20666.6667
2701704;798;423;663;-240;-23.1214
2701803;62;35;28;7;12.7273
2701902;222;70;54;16;7.767
2702009;297;226;110;116;64.0884
2702108;639;302;318;-16;-2.4427
2702207;65;27;29;-2;-2.9851
2702306;8276;4959;5276;-317;-3.689
2702355;1143;531;471;60;5.5402
2702405;5085;3200;1947;1253;32.6983
2702504;112;69;47;22;24.4444
2702553;770;548;375;173;28.9782
2702603;311;126;130;-4;-1.2698
2702702;209;80;83;-3;-1.4151
2702801;374;167;133;34;10.0
2702900;634;391;235;156;32.636
2703007;245;99;136;-37;-13.1206
2703106;256;137;131;6;2.4
2703205;2123;1256;1176;80;3.9158
2703304;146;49;68;-19;-11.5152
2703403;48;26;19;7;17.0732
2703502;156;45;38;7;4.698
2703601;1958;864;634;230;13.3102
2703700;36;20;25;-5;-12.1951
2703759;443;293;235;58;15.0649
2703809;474;181;154;27;6.0403
2703908;73;27;46;-19;-20.6522
2704005;1414;1377;1270;107;8.1867
2704104;765;293;419;-126;-14.1414
2704203;1533;591;435;156;11.329
2704302;247524;107871;100393;7478;3.1152
2704401;408;127;148;-21;-4.8951
2704500;6537;3621;3075;546;9.1137
2704609;143;105;58;47;48.9583
2704708;13127;7270;6249;1021;8.4338
2704807;591;199;127;72;13.8728
2704906;117;51;37;14;13.5922
2705002;264;76;61;15;6.0241
2705101;2532;1234;1543;-309;-10.8765
2705200;1017;482;503;-21;-2.0231
2705309;26;8;6;2;8.3333
2705408;750;284;205;79;11.7735
2705507;2976;1432;1566;-134;-4.3087
2705606;370;277;241;36;10.7784
2705705;1279;496;443;53;4.323
2705804;124;68;34;34;37.7778
2705903;8;5;5;0;0.0
2706000;98;48;32;16;19.5122
2706109;424;303;80;223;110.9453
2706208;9;3;3;0;0.0
2706307;7092;3039;2488;551;8.4238
2706406;400;124;102;22;5.8201
2706422;78;45;47;-2;-2.5
2706448;1345;682;527;155;13.0252
2706505;1042;650;524;126;13.7555
2706604;106;31;27;4;3.9216
2706703;6321;2992;2729;263;4.3414
2706802;297;154;194;-40;-11.8694
2706901;4034;1918;1796;122;3.1186
2707008;62;16;9;7;12.7273
2707107;1355;757;617;140;11.5226
2707206;109;105;60;45;70.3125
2707305;1441;632;582;50;3.5945
2707404;2210;1959;1542;417;23.2571
2707503;303;84;117;-33;-9.8214
2707602;197;68;35;33;20.122
2707701;11939;6697;7175;-478;-3.8496
2707800;524;267;189;78;17.4888
2707909;559;223;217;6;1.085
2708006;4315;1452;1265;187;4.53
2708105;126;38;39;-1;-0.7874
2708204;48;18;29;-11;-18.6441
2708303;3690;3135;3179;-44;-1.1784
2708402;1268;946;689;257;25.4204
2708501;5372;1858;2451;-593;-9.9413
2708600;9279;4629;4818;-189;-1.9962
2708709;2038;1500;1283;217;11.9165
2708808;1652;1094;1156;-62;-3.6173
2708907;1290;774;685;89;7.4105
2708956;122;109;87;22;22.0
2709004;101;74;41;33;48.5294
2709103;553;206;168;38;7.3786
2709152;2787;2149;2031;118;4.4211
2709202;65;20;14;6;10.1695
2709301;4170;1552;1397;155;3.8605
2709400;1718;521;396;125;7.8468
2800100;51;14;8;6;13.3333
2800209;829;272;239;33;4.1457
2800308;193879;89025;80665;8360;4.5063
2800407;339;92;95;-3;-0.8772
2800506;831;544;504;40;5.0569
2800605;5102;3345;2789;556;12.2305
2800670;1574;625;456;169;12.0285
2800704;126;35;42;-7;-5.2632
2801009;1532;1175;1257;-82;-5.0805
2801108;64;27;13;14;28.0
2801207;1172;659;789;-130;-9.9846
2801306;2507;1943;1915;28;1.1295
2801405;934;478;388;90;10.6635
2801504;2118;858;1066;-208;-8.9424
2801603;148;48;32;16;12.1212
2801702;940;279;334;-55;-5.5276
2801900;153;62;72;-10;-6.135
2802007;67;35;33;2;3.0769
2802106;11239;4458;4001;457;4.2385
2802205;155;74;53;21;15.6716
2802304;1536;864;590;274;21.7116
2802403;124;25;22;3;2.4793
2802502;56;19;26;-7;-11.1111
2802601;124;76;48;28;29.1667
2802700;178;96;139;-43;-19.457
2802809;488;211;180;31;6.7834
2802908;18350;7797;7190;607;3.4211
2803005;2847;897;883;14;0.4942
2803104;99;24;34;-10;-9.1743
2803203;3426;1256;981;275;8.7274
2803302;1123;412;499;-87;-7.1901
2803401;1131;337;314;23;2.0758
2803500;16077;7197;5282;1915;13.5221
2803609;4891;3209;3139;70;1.452
2803708;336;144;112;32;10.5263
2803807;274;132;108;24;9.6
2803906;271;90;99;-9;-3.2143
2804003;1055;625;541;84;8.6509
2804102;434;207;164;43;10.9974
2804201;444;235;191;44;11.0
2804300;579;308;271;37;6.8266
2804409;2156;575;529;46;2.1801
2804458;405;243;172;71;21.2575
2804508;6800;3492;3277;215;3.265
2804607;2068;816;793;23;1.1247
2804706;121;36;56;-20;-14.1844
2804805;25439;11826;11636;190;0.7525
2804904;381;126;139;-13;-3.2995
2805000;71;55;29;26;57.7778
2805109;200;23;34;-11;-5.2133
2805208;152;59;54;5;3.4014
2805307;480;206;130;76;18.8119
2805406;590;402;303;99;20.1629
2805505;1620;637;654;-17;-1.0385
2805604;400;159;170;-11;-2.6764
2805703;3571;1333;1287;46;1.305
2805802;244;84;60;24;10.9091
2805901;648;160;520;-360;-35.7143
2806008;2024;603;552;51;2.5849
2806107;1436;504;401;103;7.7269
2806206;907;453;276;177;24.2466
2806305;277;83;73;10;3.7453
2806404;167;49;39;10;6.3694
2806503;273;141;33;108;65.4545
2806602;458;116;166;-50;-9.8425
2806701;12057;5299;4597;702;6.1823
2806800;272;176;182;-6;-2.1583
2806909;75;151;173;-22;-22.6804
2807006;99;35;37;-2;-1.9802
2807105;5017;2033;1522;511;11.3404
2807204;319;172;87;85;36.3248
2807303;70;43;83;-40;-36.3636
2807402;4447;2049;1820;229;5.4291
2807501;337;81;92;-11;-3.1609
2807600;1933;697;592;105;5.744
2900108;159;51;29;22;16.0584
2900207;745;310;209;101;15.6832
2900306;270;80;76;4;1.5038
2900355;178;60;48;12;7.2289
2900405;496;139;122;17;3.5491
2900504;145;41;44;-3;-2.027
2900603;261;133;95;38;17.0404
2900702;27841;10925;10304;621;2.2814
2900801;1191;672;571;101;9.2661
2900900;169;37;54;-17;-9.1398
2901007;4119;1622;1673;-51;-1.223
2901106;2137;944;977;-33;-1.5207
2901155;142;45;36;9;6.7669
2901205;1426;224;264;-40;-2.7285
2901304;502;222;231;-9;-1.7613
2901353;1678;316;290;26;1.5738
2901403;279;75;79;-4;-1.4134
2901502;378;133;195;-62;-14.0909
2901601;572;149;131;18;3.2491
2901700;254;50;57;-7;-2.682
2901809;346;202;183;19;5.8104
2901908;286;71;62;9;3.2491
2901957;177;107;46;61;52.5862
2902005;440;184;140;44;11.1111
2902054;354;143;108;35;10.9718
2902104;1169;549;460;89;8.2407
2902203;313;105;117;-12;-3.6923
2902252;699;220;241;-21;-2.9167
2902302;210;52;54;-2;-0.9434
2902401;448;217;267;-50;-10.0402
2902500;649;337;291;46;7.6285
2902609;635;420;332;88;16.0878
2902658;124;40;32;8;6.8966
2902708;1662;845;597;248;17.5389
2902807;1761;953;1200;-247;-12.3008
2902906;2976;1952;2014;-62;-2.0408
2903003;235;66;70;-4;-1.6736
2903102;187;78;87;-9;-4.5918
2903201;38324;22111;20946;1165;3.1352
2903235;183;133;75;58;46.4
2903276;1330;617;557;60;4.7244
2903300;659;88;88;0;0.0
2903409;1138;342;410;-68;-5.6385
2903508;1699;1400;213;1187;231.8359
2903607;332;128;76;52;18.5714
2903706;314;136;110;26;9.0278
2903805;348;80;107;-27;-7.2
2903904;7446;3120;3118;2;0.0269
2903953;27;9;9;0;0.0
2904001;438;329;407;-78;-15.1163
2904050;544;241;184;57;11.7043
2904100;347;81;66;15;4.5181
2904209;245;50;57;-7;-2.7778
2904308;301;140;147;-7;-2.2727
2904407;320;156;83;73;29.5547
2904506;343;107;115;-8;-2.2792
2904605;14753;6816;5919;897;6.4737
2904704;946;335;293;42;4.646
2904753;173;61;51;10;6.135
2904803;433;205;169;36;9.068
2904852;459;153;129;24;5.5172
2904902;2847;775;959;-184;-6.0706
2905008;3469;1067;941;126;3.7691
2905107;129;59;40;19;17.2727
2905156;98;20;27;-7;-6.6667
2905206;5212;2141;1871;270;5.4634
2905305;498;239;257;-18;-3.4884
2905404;2963;1851;1847;4;0.1352
2905503;105;70;42;28;36.3636
2905602;2024;712;855;-143;-6.599
2905701;86754;48269;40740;7529;9.5033
2905800;1796;606;615;-9;-0.4986
2905909;802;313;270;43;5.6653
2906006;3923;1631;1421;210;5.6558
2906105;79;38;32;6;8.2192
2906204;435;153;135;18;4.3165
2906303;1851;889;778;111;6.3793
2906402;140;57;28;29;26.1261
2906501;13418;5320;5621;-301;-2.194
2906600;303;56;65;-9;-2.8846
2906709;575;250;195;55;10.5769
2906808;1051;544;393;151;16.7778
2906824;337;114;94;20;6.3091
2906857;312;126;77;49;18.6312
2906873;5312;2583;2313;270;5.355
2906899;206;74;55;19;10.1604
2906907;1472;773;724;49;3.4434
2907004;353;225;278;-53;-13.0542
2907103;562;186;165;21;3.8817
2907202;10201;9361;9455;-94;-0.9131
2907301;2426;670;694;-24;-0.9796
2907400;155;48;40;8;5.4422
2907509;9224;4002;3756;246;2.74
2907558;153;60;27;33;27.5
2907608;452;178;91;87;23.8356
2907707;174;25;16;9;5.4545
2907806;1873;788;559;229;13.9294
2907905;427;150;134;16;3.8929
2908002;680;299;304;-5;-0.7299
2908101;2617;1422;1401;21;0.8089
2908200;2497;881;963;-82;-3.1795
2908309;1549;384;499;-115;-6.9111
2908408;6008;2796;2616;180;3.0885
2908507;12116;4766;5360;-594;-4.6735
2908606;1333;578;477;101;8.1981
2908705;808;215;242;-27;-3.2335
2908804;107;30;28;2;1.9048
2908903;1544;641;718;-77;-4.7502
2909000;210;72;71;1;0.4785
2909109;357;158;134;24;7.2072
2909208;286;159;133;26;10.0
2909307;6525;4522;4071;451;7.4251
2909406;532;223;248;-25;-4.4883
2909505;124;84;53;31;33.3333
2909604;272;62;68;-6;-2.1583
2909703;274;94;85;9;3.3962
2909802;9964;3824;3496;328;3.4039
2909901;1502;868;659;209;16.164
2910008;333;142;93;49;17.2535
2910057;10701;6216;6312;-96;-0.8891
2910107;351;80;103;-23;-6.1497
2910206;175;68;125;-57;-24.569
2910305;257;83;57;26;11.2554
2910404;785;283;338;-55;-6.5476
2910503;3017;1033;969;64;2.1673
2910602;3747;1106;1331;-225;-5.6647
2910701;3313;1234;1299;-65;-1.9242
2910727;23941;12786;12849;-63;-0.2625
2910750;524;167;135;32;6.5041
2910776;127;63;39;24;23.301
2910800;151346;70314;64636;5678;3.8979
2910859;497;151;173;-22;-4.2389
2910909;568;138;146;-8;-1.3889
2911006;342;122;129;-7;-2.0057
2911105;6208;4677;4338;339;5.7761
2911204;2886;1094;1033;61;2.1593
2911253;42;18;11;7;20.0
2911303;638;323;1144;-821;-56.2714
2911402;534;309;115;194;57.0588
2911501;907;228;152;76;9.1456
2911600;2011;1121;1037;84;4.3591
2911659;95;27;26;1;1.0638
2911709;13743;5661;5199;462;3.4787
2911808;796;431;378;53;7.1332
2911857;191;69;64;5;2.6882
2911907;1378;659;658;1;0.0726
2912004;274;63;62;1;0.3663
2912103;1085;437;426;11;1.0242
2912202;3928;2676;2523;153;4.053
2912301;1464;464;280;184;14.375
2912400;401;82;114;-32;-7.3903
2912509;207;48;55;-7;-3.271
2912608;57;9;8;1;1.7857
2912707;818;429;296;133;19.4161
2912806;2478;984;1110;-126;-4.8387
2912905;1562;536;472;64;4.2724
2913002;268;82;110;-28;-9.4595
2913101;165;67;75;-8;-4.6243
2913200;2292;1063;994;69;3.1039
2913309;119;35;37;-2;-1.6529
2913408;360;85;89;-4;-1.0989
2913457;648;222;335;-113;-14.8489
2913507;1382;398;336;62;4.697
2913606;29519;14317;13397;920;3.2169
2913705;2568;1117;1020;97;3.9255
2913804;156;64;46;18;13.0435
2913903;5279;2623;2423;200;3.9378
2914000;5186;1939;1772;167;3.3274
2914109;537;251;170;81;17.7632
2914208;112;24;127;-103;-47.907
2914307;218;77;98;-21;-8.7866
2914406;1130;342;280;62;5.8052
2914505;1477;561;428;133;9.8958
2914604;14631;6700;6259;441;3.1078
2914653;3140;1570;1470;100;3.2895
2914703;9794;3433;3219;214;2.2338
2914802;36454;15583;14322;1261;3.5831
2914901;4306;2256;2407;-151;-3.3879
2915007;250;71;79;-8;-3.1008
2915106;384;130;111;19;5.2055
2915205;2571;1092;661;431;20.1402
2915304;458;182;171;11;2.4609
2915353;599;371;171;200;50.1253
2915403;596;123;126;-3;-0.5008
2915502;1221;386;443;-57;-4.4601
2915601;6787;3514;3255;259;3.9675
2915700;228;144;95;49;27.3743
2915809;1595;575;508;67;4.3848
2915908;294;139;104;35;13.5135
2916005;793;189;236;-47;-5.5952
2916104;1447;682;699;-17;-1.1612
2916203;644;217;227;-10;-1.5291
2916302;791;555;323;232;41.5027
2916401;18463;7831;7048;783;4.4287
2916500;1773;684;939;-255;-12.574
2916609;379;170;125;45;13.4731
2916708;142;42;69;-27;-15.9763
2916807;1662;427;465;-38;-2.2353
2916856;2260;890;749;141;6.6541
2916906;357;118;198;-80;-18.3066
2917003;647;172;164;8;1.252
2917102;1507;353;511;-158;-9.4895
2917201;595;258;196;62;11.6323
2917300;1695;422;429;-7;-0.4113
2917334;185;57;71;-14;-7.0352
2917359;4112;2843;2555;288;7.5314
2917409;257;65;53;12;4.898
2917508;12200;5035;4007;1028;9.2016
2917607;3206;1190;1090;100;3.2196
2917706;6536;3653;2140;1513;30.1214
2917805;372;125;316;-191;-33.9254
2917904;507;230;275;-45;-8.1522
2918001;25289;9848;9229;619;2.5091
2918100;1239;594;465;129;11.6216
2918209;248;101;66;35;16.4319
2918308;461;149;131;18;4.0632
2918357;665;217;257;-40;-5.6738
2918407;39821;22509;22531;-22;-0.0552
2918456;294;91;113;-22;-6.962
2918506;173;56;51;5;2.9762
2918555;272;77;79;-2;-0.7299
2918605;1663;1729;355;1374;475.4325
2918704;973;410;371;39;4.1756
2918753;262;90;86;4;1.5504
2918803;664;186;171;15;2.3112
2918902;557;416;441;-25;-4.2955
2919009;196;154;94;60;44.1176
2919058;117;38;43;-5;-4.0984
2919108;80;23;33;-10;-11.1111
2919157;728;369;276;93;14.6457
2919207;127069;62296;58143;4153;3.3787
2919306;804;319;251;68;9.2391
2919405;541;359;404;-45;-7.6792
2919504;2678;872;882;-10;-0.372
2919553;39131;30064;29061;1003;2.6306
2919603;110;37;24;13;13.4021
2919702;983;363;399;-36;-3.5329
2919801;1776;694;457;237;15.3996
2919900;73;16;21;-5;-6.4103
2919926;1664;709;908;-199;-10.6817
2919959;111;40;81;-41;-26.9737
2920007;752;269;294;-25;-3.2175
2920106;472;122;106;16;3.5088
2920205;508;172;276;-104;-16.9935
2920304;241;274;232;42;21.1055
2920403;536;165;164;1;0.1869
2920452;45;13;17;-4;-8.1633
2920502;2594;967;822;145;5.9208
2920601;1720;999;449;550;47.0085
2920700;1797;989;1050;-61;-3.2831
2920809;263;100;81;19;7.7869
2920908;614;316;329;-13;-2.0734
2921005;14772;6347;6021;326;2.2567
2921054;93;42;22;20;27.3973
2921104;4114;2174;2330;-156;-3.6534
2921203;2121;532;359;173;8.8809
2921302;619;270;323;-53;-7.8869
2921401;298;74;95;-21;-6.5831
2921450;96;42;45;-3;-3.0303
2921500;1068;318;247;71;7.1214
2921609;80;24;29;-5;-5.8824
2921708;1628;695;670;25;1.5596
2921807;330;118;108;10;3.125
2921906;3672;2649;3008;-359;-8.906
2922003;8080;4528;4598;-70;-0.8589
2922052;192;91;76;15;8.4746
2922102;412;86;82;4;0.9804
2922201;173;63;54;9;5.4878
2922250;794;435;452;-17;-2.0962
2922300;1989;947;908;39;2.0
2922409;2608;1050;615;435;20.0184
2922508;1921;853;683;170;9.7087
2922607;276;76;80;-4;-1.4286
2922656;184;92;246;-154;-45.5621
2922706;474;148;115;33;7.483
2922730;320;173;150;23;7.7441
2922755;149;60;54;6;4.1958
2922805;183;111;80;31;20.3947
2922854;112;33;24;9;8.7379
2922904;1117;461;301;160;16.7189
2923001;4144;2278;2586;-308;-6.9182
2923035;71;53;44;9;14.5161
2923050;61;16;18;-2;-3.1746
2923100;669;294;233;61;10.0329
2923209;2196;2095;1102;993;82.5436
2923308;146;54;49;5;3.5461
2923357;2651;2848;1920;928;53.8595
2923407;700;293;226;67;10.5845
2923506;428;186;229;-43;-9.1295
2923605;1430;388;412;-24;-1.6506
2923704;558;154;146;8;1.4545
2923803;1725;918;257;661;62.1241
2923902;205;64;97;-33;-13.8655
2924009;12954;5739;5944;-205;-1.5579
2924058;262;156;150;6;2.3438
2924108;150;68;55;13;9.4891
2924207;99;47;27;20;25.3165
2924306;844;348;312;36;4.4554
2924405;345;106;79;27;8.4906
2924504;243;84;59;25;11.4679
2924603;418;175;142;33;8.5714
2924652;285;72;72;0;0.0
2924678;133;49;52;-3;-2.2059
2924702;128;52;21;31;31.9588
2924801;502;213;155;58;13.0631
2924900;79;18;25;-7;-8.1395
2925006;1743;910;873;37;2.1688
2925105;3058;1220;1133;87;2.9283
2925204;8017;2937;2899;38;0.4763
2925253;278;136;70;66;31.1321
2925303;36008;26747;26429;318;0.891
2925402;359;134;291;-157;-30.4264
2925501;3555;2064;2000;64;1.8333
2925600;213;96;100;-4;-1.8433
2925709;163;36;33;3;1.875
2925758;1170;449;502;-53;-4.3336
2925808;658;260;295;-35;-5.0505
2925907;310;134;118;16;5.4422
2925931;169;77;58;19;12.6667
2925956;632;182;162;20;3.268
2926004;1786;605;562;43;2.467
2926103;644;198;190;8;1.2579
2926202;3161;2467;2193;274;9.4908
2926301;5751;3493;1971;1522;35.9896
2926400;671;315;275;40;6.3391
2926509;665;1128;1116;12;1.8377
2926608;4916;2011;1858;153;3.2123
2926657;296;82;89;-7;-2.3102
2926707;413;156;105;51;14.0884
2926806;200;65;59;6;3.0928
2926905;240;89;65;24;11.1111
2927002;2393;921;906;15;0.6308
2927101;215;108;151;-43;-16.6667
2927200;4549;1906;1146;760;20.0581
2927309;469;256;204;52;12.47
2927408;681587;309806;284819;24987;3.8055
2927507;520;130;225;-95;-15.4472
2927606;166;59;40;19;12.9252
2927705;4933;3445;3215;230;4.8905
2927804;250;75;50;25;11.1111
2927903;278;84;74;10;3.7313
2928000;3283;1061;1015;46;1.4211
2928059;361;181;189;-8;-2.168
2928109;3621;1314;1422;-108;-2.8962
2928208;1936;626;554;72;3.8627
2928307;138;75;114;-39;-22.0339
2928406;865;367;261;106;13.9657
2928505;414;215;219;-4;-0.9569
2928604;4367;1599;2099;-500;-10.2733
2928703;27146;12044;11439;605;2.2795
2928802;9934;3285;3166;119;1.2124
2928901;10008;7519;7242;277;2.8466
2928950;193;136;115;21;12.2093
2929008;380;145;89;56;17.284
2929057;2019;765;705;60;3.0628
2929107;906;291;240;51;5.9649
2929206;3407;865;880;-15;-0.4383
2929255;311;149;151;-2;-0.639
2929305;8362;3138;3021;117;1.419
2929354;128;67;49;18;16.3636
2929370;584;350;240;110;23.2068
2929404;373;158;273;-115;-23.5656
2929503;3857;1849;2049;-200;-4.9298
2929602;2314;937;994;-57;-2.404
2929701;1358;555;543;12;0.8915
2929750;195;163;138;25;14.7059
2929800;139;37;36;1;0.7246
2929909;5003;2276;1863;413;8.9978
2930006;165;23;65;-42;-20.2899
2930105;7526;3036;2672;364;5.0824
2930154;1253;456;451;5;0.4006
2930204;1551;1028;903;125;8.7658
2930303;511;145;133;12;2.4048
2930402;344;206;179;27;8.5174
2930501;10230;4959;3862;1097;12.0114
2930600;433;151;147;4;0.9324
2930709;45099;22110;19993;2117;4.9253
2930758;346;119;123;-4;-1.1429
2930766;157;99;47;52;49.5238
2930774;1509;714;681;33;2.2358
2930808;156;93;35;58;59.1837
2930907;358;212;250;-38;-9.596
2931004;930;343;319;24;2.649
2931053;482;111;88;23;5.0109
2931103;244;115;104;11;4.721
2931202;508;250;233;17;3.4623
2931301;230;89;111;-22;-8.7302
2931350;25387;12816;12218;598;2.4124
2931400;543;208;186;22;4.2226
2931509;437;244;180;64;17.1582
2931608;283;120;85;35;14.1129
2931707;986;295;390;-95;-8.7882
2931806;269;91;74;17;6.746
2931905;1809;840;635;205;12.7805
2932002;707;261;247;14;2.0202
2932101;3986;3021;776;2245;128.9489
2932200;1426;408;404;4;0.2813
2932309;1051;342;290;52;5.2052
2932408;504;226;1037;-811;-61.673
2932457;399;252;243;9;2.3077
2932507;2802;1035;932;103;3.8162
2932606;716;203;262;-59;-7.6129
2932705;1804;834;818;16;0.8949
2932804;1323;984;1243;-259;-16.3717
2932903;11526;5520;4981;539;4.9058
2933000;2681;1092;826;266;11.0145
2933059;200;63;56;7;3.6269
2933109;884;359;306;53;6.3779
2933158;606;179;100;79;14.9905
2933174;717;269;344;-75;-9.4697
2933208;3117;1377;1349;28;0.9064
2933257;290;130;102;28;10.687
2933307;85077;41163;39144;2019;2.4308
2933406;197;50;62;-12;-5.7416
2933455;434;207;185;22;5.3398
2933505;364;147;134;13;3.7037
2933604;1759;641;602;39;2.2674
3100104;913;301;396;-95;-9.4246
3100203;3259;1654;1777;-123;-3.6369
3100302;1923;1075;946;129;7.1906
3100401;291;109;111;-2;-0.6826
3100500;277;117;96;21;8.2031
3100609;582;323;275;48;8.9888
3100708;444;216;199;17;3.9813
3100807;565;279;267;12;2.17
3100906;1644;571;497;74;4.7134
3101003;1101;559;532;27;2.514
3101102;2524;2178;2150;28;1.1218
3101201;992;424;394;30;3.1185
3101300;192;79;73;6;3.2258
3101409;348;237;204;33;10.4762
3101508;4511;1619;1482;137;3.1321
3101607;21827;11855;11541;314;1.4596
3101631;844;404;383;21;2.5516
3101706;6579;3406;2807;599;10.0167
3101805;571;291;301;-10;-1.7212
3101904;2883;1542;1458;84;3.0011
3102001;1296;689;645;44;3.5144
3102050;398;315;283;32;8.7432
3102100;550;137;113;24;4.5627
3102209;93;58;47;11;13.4146
3102308;2375;591;539;52;2.2385
3102407;194;71;66;5;2.6455
3102506;227;97;72;25;12.3762
3102605;10227;5032;5179;-147;-1.417
3102704;248;72;73;-1;-0.4016
3102803;1521;660;578;82;5.6984
3102852;779;414;316;98;14.3906
3102902;1528;659;686;-27;-1.7363
3103009;2313;857;858;-1;-0.0432
3103108;44;16;7;9;25.7143
3103207;282;76;80;-4;-1.3986
3103306;64;79;32;47;276.4706
3103405;5078;2326;2093;233;4.8091
3103504;30538;18993;18498;495;1.6476
3103603;222;129;131;-2;-0.8929
3103702;243;137;140;-3;-1.2195
3103751;2759;1553;1601;-48;-1.71
3103801;569;238;234;4;0.708
3103900;1517;817;823;-6;-0.394
3104007;33867;22449;19924;2525;8.0563
3104106;2288;981;935;46;2.0517
3104205;13856;8227;8320;-93;-0.6667
3104304;1783;898;994;-96;-5.1091
3104403;252;117;101;16;6.7797
3104452;115;34;32;2;1.7699
3104502;1801;956;1773;-817;-31.207
3104601;3152;1314;1436;-122;-3.7263
3104700;789;281;280;1;0.1269
3104809;615;384;305;79;14.7388
3104908;3551;1428;1345;83;2.3933
3105004;816;433;428;5;0.6165
3105103;4425;1892;1913;-21;-0.4723
3105202;121;26;26;0;0.0
3105301;675;407;412;-5;-0.7353
3105400;8267;6004;6465;-461;-5.2819
3105509;211;46;56;-10;-4.5249
3105608;26724;11882;11814;68;0.2551
3105707;307;122;150;-28;-8.3582
3105905;3510;1695;1528;167;4.9955
3106002;1516;510;617;-107;-6.5927
3106101;503;138;121;17;3.4979
3106200;1020877;575682;570045;5637;0.5552
3106309;7754;4072;4121;-49;-0.628
3106408;696;245;265;-20;-2.7933
3106507;281;100;117;-17;-5.7047
3106606;94;33;28;5;5.618
3106655;241;111;119;-8;-3.2129
3106705;134789;79265;72198;7067;5.5331
3106804;87;41;31;10;12.987
3106903;2283;845;907;-62;-2.6439
3107000;135;65;66;-1;-0.7353
3107109;8684;4773;4656;117;1.3657
3107208;378;143;125;18;5.0
3107307;8649;3700;3634;66;0.769
3107406;11677;6537;6591;-54;-0.4603
3107505;944;360;359;1;0.106
3107604;381;195;214;-19;-4.75
3107703;1145;517;484;33;2.9676
3107802;1109;706;629;77;7.4612
3107901;693;394;410;-16;-2.2567
3108008;2562;1088;1052;36;1.4252
3108107;429;184;215;-31;-6.7391
3108206;989;554;483;71;7.7342
3108255;203;90;117;-27;-11.7391
3108305;2493;1339;1345;-6;-0.2401
3108404;2303;1229;1188;41;1.8126
3108503;241;135;225;-90;-27.1903
3108552;1957;1159;1117;42;2.1932
3108602;1876;679;729;-50;-2.5961
3108701;249;145;99;46;22.6601
3108800;148;52;42;10;7.2464
3108909;1494;627;601;26;1.7711
3109006;10644;6440;6793;-353;-3.21
3109105;807;352;349;3;0.3731
3109204;695;362;318;44;6.7588
3109253;105;64;78;-14;-11.7647
3109303;4475;2683;2465;218;5.121
3109402;3663;2201;2167;34;0.9369
3109451;688;392;324;68;10.9677
3109501;1955;1373;1400;-27;-1.3623
3109600;343;124;136;-12;-3.3803
3109709;1769;664;754;-90;-4.8413
3109808;308;333;264;69;28.8703
3109907;1899;920;1167;-247;-11.5098
3110004;5030;3001;2883;118;2.4023
3110103;238;120;98;22;10.1852
3110202;514;239;219;20;4.0486
3110301;1954;821;826;-5;-0.2552
3110400;105;33;30;3;2.9412
3110509;6517;3987;4006;-19;-0.2907
3110608;6862;3935;4192;-257;-3.6101
3110707;1577;783;707;76;5.0633
3110806;183;76;59;17;10.241
3110905;3500;1859;1790;69;2.0111
3111002;2873;1981;1805;176;6.5258
3111101;3860;2319;2120;199;5.4357
3111150;50;20;10;10;25.0
3111200;12568;6311;6161;150;1.2079
3111309;1698;960;946;14;0.8314
3111408;2957;1180;1205;-25;-0.8384
3111507;2987;3665;3339;326;12.251
3111606;4173;2409;2346;63;1.5328
3111705;188;59;78;-19;-9.1787
3111804;2781;1028;993;35;1.2746
3111903;552;238;253;-15;-2.6455
3112000;2432;1103;1078;25;1.0386
3112059;232;78;83;-5;-2.1097
3112109;361;179;181;-2;-0.551
3112208;254;93;67;26;11.4035
3112307;9628;6723;8536;-1813;-15.8465
3112406;1246;988;1010;-22;-1.735
3112505;915;641;630;11;1.2168
3112604;3986;2318;2243;75;1.9177
3112653;186;81;79;2;1.087
3112703;2290;984;721;263;12.9748
3112802;3393;2022;1786;236;7.4755
3112901;312;181;226;-45;-12.605
3113008;516;233;169;64;14.1593
3113107;89;20;20;0;0.0
3113206;3638;2040;1827;213;6.219
3113305;4508;1969;1989;-20;-0.4417
3113404;19714;11272;11511;-239;-1.1978
3113503;1581;533;487;46;2.9967
3113602;944;741;667;74;8.5057
3113701;2937;1316;1324;-8;-0.2716
3113800;139;38;34;4;2.963
3113909;3345;1843;1575;268;8.7098
3114006;2268;875;936;-61;-2.6191
3114105;2726;1349;1287;62;2.3273
3114204;5519;3167;3061;106;1.9582
3114303;5179;2728;2606;122;2.4125
3114402;3876;2216;2066;150;4.0258
3114501;3703;1901;1827;74;2.0391
3114550;2800;833;734;99;3.6653
3114600;623;246;277;-31;-4.7401
3114709;197;101;98;3;1.5464
3114808;337;91;100;-9;-2.6012
3114907;153;50;48;2;1.3245
3115003;442;402;664;-262;-37.2159
3115102;3405;1456;1425;31;0.9188
3115201;190;58;60;-2;-1.0417
3115300;17518;5349;5209;140;0.8056
3115359;1243;406;470;-64;-4.8967
3115409;89;39;39;0;0.0
3115458;443;192;196;-4;-0.8949
3115474;78;27;18;9;13.0435
3115508;3143;1221;1229;-8;-0.2539
3115607;44;15;18;-3;-6.383
3115706;358;130;134;-4;-1.105
3115805;1010;467;395;72;7.6759
3115904;261;165;145;20;8.2988
3116001;189;76;64;12;6.7797
3116100;154;53;77;-24;-13.4831
3116159;1142;531;523;8;0.7055
3116209;138;20;41;-21;-13.2075
3116308;292;187;193;-6;-2.0134
3116407;771;404;366;38;5.1842
3116506;408;191;180;11;2.7708
3116605;11408;6495;6620;-125;-1.0838
3116704;872;406;402;4;0.4608
3116803;370;130;131;-1;-0.2695
3116902;2893;4013;3890;123;4.4404
3117009;110;36;29;7;6.7961
3117108;1422;926;814;112;8.5496
3117207;97;84;94;-10;-9.3458
3117306;6704;3129;3143;-14;-0.2084
3117405;193;22;37;-15;-7.2115
3117504;9083;4812;6596;-1784;-16.4167
3117603;1759;620;684;-64;-3.5107
3117702;2184;1003;965;38;1.7707
3117801;1966;963;1167;-204;-9.4009
3117836;88;26;25;1;1.1494
3117876;6989;4046;3487;559;8.6936
3117900;1421;768;680;88;6.6017
3118007;21282;12537;11137;1400;7.0415
3118106;140;55;57;-2;-1.4085
3118205;706;242;256;-14;-1.9444
3118304;23976;13608;13674;-66;-0.2745
3118403;2020;998;897;101;5.2632
3118502;89;52;63;-11;-11.0
3118601;222599;141932;138189;3743;1.7103
3118700;1319;671;751;-80;-5.7184
3118809;1097;400;401;-1;-0.0911
3118908;753;330;311;19;2.5886
3119005;309;165;171;-6;-1.9048
3119104;2912;1374;1383;-9;-0.3081
3119203;276;134;119;15;5.7471
3119302;6193;3332;3267;65;1.0607
3119401;17044;9958;9901;57;0.3356
3119500;331;99;110;-11;-3.2164
3119609;358;170;201;-31;-7.9692
3119708;623;278;257;21;3.4884
3119807;730;786;763;23;3.2532
3119906;347;114;101;13;3.8922
3119955;1768;1025;810;215;13.8442
3120003;92;16;46;-30;-24.5902
3120102;319;131;135;-4;-1.2384
3120151;195;78;67;11;5.9783
3120201;2826;1623;1749;-126;-4.2683
3120300;268;90;85;5;1.9011
3120409;612;313;329;-16;-2.5478
3120508;1502;557;590;-33;-2.1498
3120607;541;247;188;59;12.2407
3120706;547;332;355;-23;-4.0351
3120805;2671;1109;1112;-3;-0.1122
3120839;230;108;80;28;13.8614
3120870;367;161;195;-34;-8.4788
3120904;20542;11562;11703;-141;-0.6817
3121001;337;140;139;1;0.2976
3121100;670;224;217;7;1.0558
3121209;2381;1158;1202;-44;-1.8144
3121258;4284;1703;1875;-172;-3.86
3121308;728;278;351;-73;-9.1136
3121407;658;209;205;4;0.6116
3121506;135;45;40;5;3.8462
3121605;8856;3893;3765;128;1.4665
3121704;113;44;46;-2;-1.7391
3121803;379;134;290;-156;-29.1589
3121902;460;318;199;119;34.8974
3122009;1717;1087;1031;56;3.3715
3122108;157;76;72;4;2.6144
3122207;368;171;144;27;7.9179
3122306;61854;36208;36506;-298;-0.4795
3122355;537;180;182;-2;-0.3711
3122405;696;460;410;50;7.7399
3122454;403;151;159;-8;-1.9465
3122470;186;83;98;-15;-7.4627
3122504;363;176;168;8;2.2535
3122603;313;204;220;-16;-4.8632
3122702;782;257;280;-23;-2.8571
3122801;165;73;79;-6;-3.5088
3122900;1288;689;598;91;7.6023
3123007;3183;1124;997;127;4.1558
3123106;349;78;98;-20;-5.4201
3123205;1904;1064;930;134;7.5706
3123304;224;77;66;11;5.1643
3123403;130;33;36;-3;-2.2556
3123502;123;37;38;-1;-0.8065
3123528;186;94;105;-11;-5.5838
3123601;5811;3453;3209;244;4.383
3123700;929;448;492;-44;-4.5221
3123809;550;264;215;49;9.7804
3123858;213;90;93;-3;-1.3889
3123908;1925;805;726;79;4.2795
3124005;2131;1034;954;80;3.9005
3124104;6635;3346;3452;-106;-1.5725
3124203;3376;1930;1785;145;4.4878
3124302;2249;1031;1043;-12;-0.5307
3124401;455;241;228;13;2.9412
3124500;2161;897;828;69;3.2983
3124609;181;63;44;19;11.7284
3124708;272;100;114;-14;-4.8951
3124807;860;410;387;23;2.7479
3124906;1249;558;460;98;8.5143
3125002;454;194;210;-16;-3.4043
3125101;42610;37881;35277;2604;6.509
3125200;241;126;143;-17;-6.5891
3125309;264;86;103;-17;-6.0498
3125408;301;102;96;6;2.0339
3125507;173;73;45;28;19.3103
3125606;265;85;69;16;6.4257
3125705;1886;979;1172;-193;-9.2833
3125804;169;57;66;-9;-5.0562
3125903;651;201;221;-20;-2.9806
3125952;513;290;251;39;8.2278
3126000;1194;686;672;14;1.1864
3126109;23476;11174;11074;100;0.4278
3126208;843;459;376;83;10.9211
3126307;364;201;173;28;8.3333
3126406;309;130;140;-10;-3.1348
3126505;199;62;61;1;0.5051
3126604;838;877;1061;-184;-18.0039
3126703;1722;641;658;-17;-0.9776
3126752;314;132;121;11;3.6304
3126802;259;76;68;8;3.1873
3126901;703;272;324;-52;-6.8874
3126950;33;14;14;0;0.0
3127008;1433;1163;1127;36;2.577
3127057;98;53;41;12;13.9535
3127073;107;72;59;13;13.8298
3127107;16594;10147;9628;519;3.2286
3127206;942;542;565;-23;-2.3834
3127305;517;299;301;-2;-0.3854
3127339;78;16;12;4;5.4054
3127354;166;72;48;24;16.9014
3127370;180;101;68;33;22.449
3127388;484;192;172;20;4.3103
3127404;475;225;235;-10;-2.0619
3127503;319;186;147;39;13.9286
3127602;1517;490;437;53;3.6202
3127701;55449;31532;31140;392;0.712
3127800;1250;484;522;-38;-2.9503
3127909;115;20;29;-9;-7.2581
3128006;7197;3189;3274;-85;-1.1673
3128105;1785;964;1026;-62;-3.3568
3128204;2943;1527;952;575;24.2821
3128253;121;31;42;-11;-8.3333
3128303;5800;3058;2961;97;1.7009
3128402;1110;414;434;-20;-1.7699
3128501;372;170;210;-40;-9.7087
3128600;1825;1325;1422;-97;-5.0468
3128709;14502;7267;7296;-29;-0.1996
3128808;1015;587;613;-26;-2.4976
3128907;961;581;585;-4;-0.4145
3129004;870;396;366;30;3.5714
3129103;533;225;239;-14;-2.5594
3129202;893;462;507;-45;-4.7974
3129301;798;387;385;2;0.2513
3129400;384;183;155;28;7.8652
3129509;5845;4378;4664;-286;-4.6648
3129608;222;73;77;-4;-1.7699
3129657;29;27;27;0;0.0
3129707;2441;1561;1579;-18;-0.732
3129806;16068;10510;10328;182;1.1457
3129905;222;113;113;0;0.0
3130002;258;127;106;21;8.8608
3130051;365;115;116;-1;-0.2732
3130101;8706;5663;5490;173;2.0274
3130200;3307;2128;2042;86;2.67
3130309;991;458;482;-24;-2.3645
3130408;1480;566;603;-37;-2.439
3130507;2028;1347;1317;30;1.5015
3130556;280;128;120;8;2.9412
3130606;760;356;383;-27;-3.4307
3130655;260;126;105;21;8.7866
3130705;3044;1456;1452;4;0.1316
3130804;413;230;250;-20;-4.6189
3130903;1709;777;867;-90;-5.0028
3131000;1069;511;605;-94;-8.0825
3131109;657;472;458;14;2.1773
3131158;850;499;464;35;4.2945
3131208;2127;1083;1024;59;2.853
3131307;68161;36972;37366;-394;-0.5747
3131406;502;321;332;-11;-2.1442
3131505;1166;583;560;23;2.0122
3131604;1256;708;850;-142;-10.1574
3131703;36345;19712;18423;1289;3.677
3131802;782;406;393;13;1.6905
3131901;19035;10990;10905;85;0.4485
3132008;367;73;80;-7;-1.8717
3132107;1321;581;567;14;1.0712
3132206;3133;1722;1757;-35;-1.1048
3132305;459;250;219;31;7.243
3132404;23985;11516;11255;261;1.1002
3132503;4906;2290;2034;256;5.5054
3132602;312;116;136;-20;-6.0241
3132701;2997;1811;1246;565;23.2319
3132800;100;21;31;-10;-9.0909
3132909;1476;682;741;-59;-3.8436
3133006;3642;1247;1169;78;2.1886
3133105;4202;1637;1658;-21;-0.4973
3133204;670;282;208;74;12.4161
3133303;2065;973;919;54;2.6852
3133402;2789;1137;1182;-45;-1.5879
3133501;4562;1720;1813;-93;-1.9979
3133600;3589;3276;2829;447;14.2266
3133709;5912;2731;2934;-203;-3.3197
3133758;3342;1685;1626;59;1.7971
3133808;29687;17107;17453;-346;-1.1521
3133907;261;112;122;-10;-3.69
3134004;1080;266;961;-695;-39.1549
3134103;343;169;174;-5;-1.4368
3134202;22136;10721;10483;238;1.0869
3134301;264;114;127;-13;-4.6931
3134400;11204;5745;5535;210;1.9101
3134509;569;275;271;4;0.708
3134608;2055;955;932;23;1.1319
3134707;517;135;124;11;2.1739
3134806;870;507;472;35;4.1916
3134905;7962;4991;4884;107;1.3622
3135001;539;331;303;28;5.4795
3135050;8345;4790;4508;282;3.4975
3135076;186;50;71;-21;-10.1449
3135100;13135;5884;5874;10;0.0762
3135209;5249;2473;2381;92;1.784
3135308;637;331;285;46;7.7834
3135357;210;85;67;18;9.375
3135407;2499;353;1191;-838;-25.1124
3135456;145;88;82;6;4.3165
3135506;1094;361;354;7;0.644
3135605;559;220;214;6;1.085
3135704;720;368;469;-101;-12.3021
3135803;1535;642;573;69;4.7067
3135902;457;201;191;10;2.2371
3136009;611;193;181;12;2.0033
3136108;112;28;25;3;2.7523
3136207;22682;13651;13801;-150;-0.657
3136306;14310;7951;8079;-128;-0.8865
3136405;163;90;69;21;14.7887
3136504;408;162;148;14;3.5533
3136520;80;38;48;-10;-11.1111
3136553;331;183;145;38;12.9693
3136579;417;141;107;34;8.8773
3136603;529;237;241;-4;-0.7505
3136652;9317;5692;5248;444;5.0039
3136702;148044;72703;73374;-671;-0.4512
3136801;173;28;51;-23;-11.7347
3136900;2200;1303;1489;-186;-7.7955
3136959;116;39;48;-9;-7.2
3137007;303;144;100;44;16.9884
3137106;807;366;352;14;1.7654
3137205;15282;7315;6960;355;2.3782
3137304;163;106;75;31;23.4848
3137403;1817;894;828;66;3.7693
3137502;4284;3044;2613;431;11.1861
3137536;1660;1278;1295;-17;-1.0137
3137601;18116;9781;9084;697;4.0014
3137700;1983;901;878;23;1.1735
3137809;2741;1340;1313;27;0.9948
3137908;139;40;43;-3;-2.1127
3138005;799;298;348;-50;-5.8893
3138104;1858;1174;1162;12;0.6501
3138203;27231;14927;14558;369;1.3737
3138302;267;99;105;-6;-2.1978
3138351;147;120;139;-19;-11.4458
3138401;9884;4233;3831;402;4.2396
3138500;360;131;130;1;0.2786
3138609;2456;879;810;69;2.8907
3138625;3389;1325;1186;139;4.2769
3138658;358;208;226;-18;-4.7872
3138674;147;68;77;-9;-5.7692
3138682;111;32;31;1;0.9091
3138708;916;426;440;-14;-1.5054
3138807;3905;2073;2032;41;1.0611
3138906;339;126;88;38;12.6246
3139003;9378;5085;4969;116;1.2524
3139102;975;420;384;36;3.8339
3139201;1088;468;474;-6;-0.5484
3139250;181;53;38;15;9.0361
3139300;1395;643;466;177;14.532
3139409;19989;11828;11681;147;0.7409
3139508;2698;1613;1475;138;5.3906
3139607;3203;1378;1480;-102;-3.0862
3139706;1440;793;783;10;0.6993
3139805;3389;1485;1459;26;0.7731
3139904;1303;661;636;25;1.9562
3140001;17780;11062;11582;-520;-2.8415
3140100;367;145;128;17;4.8571
3140159;1831;975;973;2;0.1093
3140209;778;390;400;-10;-1.269
3140308;201;96;109;-13;-6.0748
3140407;149;63;48;15;11.194
3140506;4293;2444;2471;-27;-0.625
3140530;725;486;424;62;9.3514
3140555;148;53;66;-13;-8.0745
3140605;215;83;73;10;4.878
3140704;7089;5035;5038;-3;-0.0423
3140803;9210;3670;3422;248;2.7672
3140852;923;386;356;30;3.3595
3140902;2123;1095;1079;16;0.7594
3141009;844;351;281;70;9.0439
3141108;16637;8542;9385;-843;-4.8227
3141207;391;228;230;-2;-0.5089
3141306;770;581;495;86;12.5731
3141405;1321;421;428;-7;-0.5271
3141504;273;99;118;-19;-6.5068
3141603;975;376;309;67;7.3789
3141702;125;54;42;12;10.6195
3141801;2071;1031;826;205;10.9861
3141900;741;285;337;-52;-6.5574
3142007;702;301;271;30;4.4643
3142106;923;428;394;34;3.8245
3142205;2564;1007;943;64;2.56
3142254;64;29;26;3;4.918
3142304;606;314;287;27;4.6632
3142403;787;347;369;-22;-2.7194
3142502;122;44;38;6;5.1724
3142601;1621;897;1006;-109;-6.3006
3142700;752;255;224;31;4.2996
3142809;3328;1717;1790;-73;-2.1464
3142908;967;269;238;31;3.312
3143005;4643;2256;2364;-108;-2.2732
3143104;10701;7066;6733;333;3.2118
3143153;74;30;33;-3;-3.8961
3143203;3914;1845;1908;-63;-1.5841
3143302;96852;54627;53063;1564;1.6413
3143401;4751;2322;2297;25;0.529
3143450;355;94;87;7;2.0115
3143500;2317;1452;1454;-2;-0.0862
3143609;217;113;122;-9;-3.9823
3143708;114;39;34;5;4.5872
3143807;909;435;402;33;3.7671
3143906;26036;11715;11248;467;1.8264
3144003;2461;1270;1137;133;5.7131
3144102;3818;2307;2453;-146;-3.6831
3144201;37;17;18;-1;-2.6316
3144300;6375;3323;2881;442;7.4499
3144359;392;192;167;25;6.812
3144375;312;181;135;46;17.2932
3144409;394;263;232;31;8.5399
3144508;2093;896;711;185;9.696
3144607;3920;2035;1920;115;3.0223
3144656;587;220;198;22;3.8938
3144672;45;20;12;8;21.6216
3144706;3874;1219;1294;-75;-1.8992
3144805;61087;31589;29495;2094;3.5496
3144904;199;42;57;-15;-7.0093
3145000;3002;1877;2001;-124;-3.9667
3145059;1153;565;517;48;4.3439
3145109;1597;1259;1265;-6;-0.3743
3145208;27222;18835;19403;-568;-2.0439
3145307;1539;612;518;94;6.5052
3145356;426;162;134;28;7.0352
3145372;318;217;302;-85;-21.0918
3145406;118;45;51;-6;-4.8387
3145455;1062;558;533;25;2.4108
3145505;210;91;81;10;5.0
3145604;10576;5302;4954;348;3.4024
3145703;56;19;21;-2;-3.4483
3145802;361;180;184;-4;-1.0959
3145851;370;151;170;-19;-4.8843
3145877;167;73;81;-8;-4.5714
3145901;16157;8023;8866;-843;-4.9588
3146008;6891;3939;3751;188;2.8047
3146107;23304;12327;12855;-528;-2.2155
3146206;133;49;52;-3;-2.2059
3146255;118;66;86;-20;-14.4928
3146305;1066;608;562;46;4.5098
3146404;354;168;140;28;8.589
3146503;2608;1071;1113;-42;-1.5849
3146552;95;45;23;22;30.137
3146602;73;14;21;-7;-8.75
3146701;356;85;79;6;1.7143
3146750;137;65;38;27;24.5455
3146909;3284;1566;1460;106;3.3354
3147006;29190;23803;24689;-886;-2.9459
3147105;28239;16993;16681;312;1.1172
3147204;5635;3836;3744;92;1.6598
3147303;5668;2569;2798;-229;-3.8833
3147402;5586;2354;2492;-138;-2.4109
3147501;77;24;18;6;8.4507
3147600;3268;1339;1424;-85;-2.535
3147709;1842;759;760;-1;-0.0543
3147808;228;134;123;11;5.0691
3147907;27502;15783;15409;374;1.3786
3147956;55;22;13;9;19.5652
3148004;51281;34128;33471;657;1.2978
3148103;24308;15839;15606;233;0.9678
3148202;769;350;304;46;6.3624
3148301;518;198;184;14;2.7778
3148400;278;114;120;-6;-2.1127
3148509;422;128;125;3;0.716
3148608;1112;594;487;107;10.6468
3148707;2111;732;654;78;3.8367
3148756;84;44;75;-31;-26.9565
3148806;198;50;68;-18;-8.3333
3148905;1387;616;567;49;3.6622
3149002;99;52;57;-5;-4.8077
3149101;1095;400;409;-9;-0.8152
3149150;348;184;177;7;2.0528
3149200;441;254;233;21;5.0
3149309;18188;9844;10250;-406;-2.1835
3149408;62;33;31;2;3.3333
3149507;520;158;199;-41;-7.3084
3149606;547;251;247;4;0.7366
3149705;2550;1409;1583;-174;-6.3877
3149804;8053;5476;5241;235;3.0059
3149903;4384;2204;2353;-149;-3.287
3149952;373;192;205;-13;-3.3679
3150000;177;68;54;14;8.589
3150109;236;77;75;2;0.8547
3150158;706;438;425;13;1.8759
3150208;605;238;203;35;6.1404
3150307;608;193;192;1;0.1647
3150406;219;89;77;12;5.7971
3150505;1453;928;913;15;1.0431
3150539;246;147;143;4;1.6529
3150570;264;101;76;25;10.4603
3150604;642;215;238;-23;-3.4586
3150703;3004;1129;1193;-64;-2.086
3150802;1186;422;387;35;3.0408
3150901;462;249;268;-19;-3.9501
3151008;1026;614;607;7;0.6869
3151107;1995;646;618;28;1.4235
3151206;13863;5647;6052;-405;-2.8385
3151305;2164;1106;1148;-42;-1.9039
3151404;4062;2057;1991;66;1.6517
3151503;8472;5109;5136;-27;-0.3177
3151602;1430;1317;1192;125;9.5785
3151701;2062;1341;1259;82;4.1414
3151800;52279;28250;28768;-518;-0.9811
3151909;340;139;117;22;6.9182
3152006;6073;2906;2758;148;2.4979
3152105;17651;8132;7500;632;3.7135
3152131;139;58;49;9;6.9231
3152170;284;100;124;-24;-7.7922
3152204;2942;1359;1025;334;12.8067
3152303;498;239;173;66;15.2778
3152402;575;225;223;2;0.349
3152501;63101;39894;38002;1892;3.091
3152600;1832;821;786;35;1.9477
3152709;1766;717;674;43;2.4956
3152808;7941;4907;4737;170;2.1876
3152907;1046;499;463;36;3.5644
3153004;615;466;575;-109;-15.0552
3153103;266;86;72;14;5.5556
3153202;239;72;74;-2;-0.8299
3153301;78;28;31;-3;-3.7037
3153400;3529;2178;1904;274;8.4178
3153509;498;264;253;11;2.2587
3153608;1583;857;787;70;4.6266
3153707;251;167;154;13;5.4622
3153806;194;118;118;0;0.0
3153905;769;469;460;9;1.1842
3154002;2507;1227;1031;196;8.4812
3154101;738;266;263;3;0.4082
3154150;635;303;311;-8;-1.2442
3154200;1127;502;544;-42;-3.5928
3154309;1730;843;775;68;4.0915
3154408;787;361;212;149;23.3542
3154457;510;334;328;6;1.1905
3154507;1108;369;317;52;4.9242
3154606;29186;18119;18306;-187;-0.6366
3154705;844;423;430;-7;-0.8226
3154804;1121;579;567;12;1.0821
3154903;1762;804;806;-2;-0.1134
3155009;236;157;150;7;3.0568
3155108;140;61;61;0;0.0
3155207;153;41;25;16;11.6788
3155306;437;253;190;63;16.8449
3155405;895;446;378;68;8.2225
3155504;10330;13834;13454;380;3.8191
3155603;1152;505;473;32;2.8571
3155702;2426;1452;1147;305;14.38
3155801;3011;1286;1226;60;2.0332
3155900;360;93;89;4;1.1236
3156007;511;185;174;11;2.2
3156106;653;349;327;22;3.4865
3156205;439;295;325;-30;-6.3966
3156304;4830;2563;2350;213;4.6134
3156403;953;729;592;137;16.7892
3156452;348;126;110;16;4.8193
3156502;162;105;79;26;19.1176
3156601;395;91;119;-28;-6.6194
3156700;18456;8868;9882;-1014;-5.208
3156809;1192;443;503;-60;-4.7923
3156908;9904;6680;6859;-179;-1.7753
3157005;8287;3834;3167;667;8.7533
3157104;515;161;138;23;4.6748
3157203;4900;2235;2768;-533;-9.8104
3157252;346;182;187;-5;-1.4245
3157278;261;115;108;7;2.7559
3157302;233;85;77;8;3.5556
3157336;1176;604;518;86;7.8899
3157377;61;27;26;1;1.6667
3157401;321;145;141;4;1.2618
3157500;163;60;48;12;7.947
3157609;442;285;222;63;16.6227
3157658;74;28;18;10;15.625
3157708;4919;3614;3740;-126;-2.4975
3157807;31400;17707;16795;912;2.9913
3157906;655;449;424;25;3.9683
3158003;1832;788;705;83;4.7456
3158102;65;16;22;-6;-8.4507
3158201;786;331;332;-1;-0.1271
3158300;1903;1012;855;157;8.992
3158409;272;122;87;35;14.7679
3158508;296;112;112;0;0.0
3158607;282;88;93;-5;-1.7422
3158706;133;110;87;23;20.9091
3158805;562;245;282;-37;-6.177
3158904;656;354;322;32;5.1282
3158953;5394;2849;2977;-128;-2.318
3159001;719;373;354;19;2.7143
3159100;204;72;49;23;12.7072
3159209;1378;406;502;-96;-6.5129
3159308;332;96;105;-9;-2.6393
3159357;732;413;483;-70;-8.7282
3159407;357;150;129;21;6.25
3159506;281;178;191;-13;-4.4218
3159605;13033;6507;6568;-61;-0.4659
3159704;261;174;209;-35;-11.8243
3159803;5154;2282;2316;-34;-0.6554
3159902;3268;2068;1924;144;4.6095
3160009;387;127;109;18;4.878
3160108;433;156;158;-2;-0.4598
3160207;109;39;28;11;11.2245
3160306;186;59;56;3;1.6393
3160405;6117;3709;3437;272;4.6536
3160454;94;32;51;-19;-16.8142
3160504;50;11;14;-3;-5.6604
3160603;248;67;68;-1;-0.4016
3160702;5249;1901;1948;-47;-0.8875
3160801;303;222;187;35;13.0597
3160900;544;223;226;-3;-0.5484
3160959;495;246;167;79;18.9904
3161007;2032;807;856;-49;-2.3546
3161056;112;48;49;-1;-0.885
3161106;3530;1507;1400;107;3.1259
3161205;891;379;401;-22;-2.4096
3161304;1179;871;847;24;2.0779
3161403;356;182;136;46;14.8387
3161502;2881;1408;1343;65;2.3082
3161601;75;27;20;7;10.2941
3161650;164;81;67;14;9.3333
3161700;1205;674;639;35;2.9915
3161809;2077;1427;1395;32;1.5648
3161908;6714;3048;2545;503;8.0985
3162005;5991;3145;2950;195;3.3644
3162104;11017;10485;10782;-297;-2.6251
3162203;1360;616;617;-1;-0.0735
3162252;142;47;53;-6;-4.0541
3162302;210;113;97;16;8.2474
3162401;1116;352;316;36;3.3333
3162450;82;19;28;-9;-9.8901
3162500;20233;10193;9802;391;1.9706
3162559;732;400;477;-77;-9.5179
3162575;637;257;266;-9;-1.3932
3162609;378;161;152;9;2.439
3162658;80;69;37;32;66.6667
3162708;1606;776;700;76;4.9673
3162807;1229;648;570;78;6.7767
3162906;5264;2228;2111;117;2.2732
3162922;10918;6896;6858;38;0.3493
3162948;1233;488;457;31;2.579
3162955;5331;2730;2697;33;0.6229
3163003;229;87;81;6;2.6906
3163102;875;557;556;1;0.1144
3163201;264;105;118;-13;-4.6931
3163300;67;23;29;-6;-8.2192
3163409;325;149;137;12;3.8339
3163508;252;124;131;-7;-2.7027
3163607;56;48;48;0;0.0
3163706;11025;4598;4616;-18;-0.163
3163805;315;110;99;11;3.6184
3163904;595;339;332;7;1.1905
3164001;983;454;416;38;4.0212
3164100;273;94;98;-4;-1.444
3164209;580;159;142;17;3.0195
3164308;1544;1217;1178;39;2.5914
3164407;1980;1295;1193;102;5.4313
3164431;111;62;29;33;42.3077
3164472;160;81;69;12;8.1081
3164506;187;87;94;-7;-3.6082
3164605;4467;2104;2166;-62;-1.369
3164704;19002;10394;10383;11;0.0579
3164803;40;21;21;0;0.0
3164902;266;161;147;14;5.5556
3165008;1897;1021;867;154;8.8353
3165107;1211;658;635;23;1.936
3165206;1222;580;601;-21;-1.6895
3165305;1485;520;652;-132;-8.1633
3165404;1339;681;639;42;3.2382
3165503;337;164;170;-6;-1.7493
3165537;10125;5528;5378;150;1.5038
3165552;168;58;78;-20;-10.6383
3165560;55;35;42;-7;-11.2903
3165578;812;499;510;-11;-1.3366
3165602;237;78;81;-3;-1.25
3165701;934;475;409;66;7.6037
3165800;39;16;18;-2;-4.878
3165909;180;55;91;-36;-16.6667
3166006;292;90;76;14;5.036
3166105;103;33;54;-21;-16.9355
3166204;492;189;187;2;0.4082
3166303;227;112;117;-5;-2.1552
3166402;220;89;74;15;7.3171
3166501;78;30;25;5;6.8493
3166600;102;14;23;-9;-8.1081
3166709;1183;756;745;11;0.9386
3166808;4768;3465;3705;-240;-4.7923
3166907;1195;713;654;59;5.1937
3166956;55;18;17;1;1.8519
3167004;392;299;289;10;2.6178
3167103;1857;741;762;-21;-1.1182
3167202;64109;32821;33938;-1117;-1.7125
3167301;132;72;75;-3;-2.2222
3167400;764;398;373;25;3.3829
3167509;351;155;190;-35;-9.0674
3167608;749;477;434;43;6.0907
3167707;165;59;68;-9;-5.1724
3167806;543;243;241;2;0.3697
3167905;388;175;181;-6;-1.5228
3168002;4533;1897;1781;116;2.6262
3168051;118;34;40;-6;-4.8387
3168101;2620;2031;1718;313;13.5674
3168200;444;459;347;112;33.7349
3168309;227;70;86;-16;-6.5844
3168408;822;327;338;-11;-1.3205
3168507;1062;368;355;13;1.2393
3168606;30094;15009;13437;1572;5.5115
3168705;16619;8528;8590;-62;-0.3717
3168804;2689;1732;1702;30;1.1282
3168903;1581;1310;1305;5;0.3173
3169000;2793;1227;1234;-7;-0.25
3169059;142;51;36;15;11.811
3169109;534;335;315;20;3.8911
3169208;620;228;269;-41;-6.2027
3169307;17110;8186;8246;-60;-0.3494
3169356;6238;3546;3553;-7;-0.1121
3169406;15715;9198;9312;-114;-0.7202
3169505;252;120;111;9;3.7037
3169604;5915;3262;3276;-14;-0.2361
3169703;4188;1985;1544;441;11.7694
3169802;740;396;361;35;4.9645
3169901;29863;15745;15901;-156;-0.5197
3170008;207;86;81;5;2.4752
3170057;935;460;440;20;2.1858
3170107;98012;60493;60471;22;0.0225
3170206;232649;144958;144359;599;0.2581
3170305;142;71;50;21;17.3554
3170404;18967;12389;12599;-210;-1.0951
3170438;1018;722;678;44;4.5175
3170479;204;103;98;5;2.5126
3170503;2955;667;2140;-1473;-33.2656
3170529;488;250;248;2;0.4115
3170578;366;170;190;-20;-5.1813
3170602;303;320;296;24;8.6022
3170651;237;112;76;36;17.9104
3170701;46749;29343;29274;69;0.1478
3170750;1279;734;748;-14;-1.0828
3170800;6019;3101;2997;104;1.7582
3170909;502;173;150;23;4.8017
3171006;5000;2329;2520;-191;-3.6794
3171030;729;320;264;56;8.321
3171071;944;389;253;136;16.8317
3171105;665;259;245;14;2.1505
3171154;123;87;79;8;6.9565
3171204;19420;9887;9652;235;1.2249
3171303;18586;8382;7996;386;2.1209
3171402;182;56;64;-8;-4.2105
3171501;771;223;153;70;9.9857
3171600;1700;371;302;69;4.2305
3171709;1355;595;609;-14;-1.0226
3171808;877;449;428;21;2.4533
3171907;106;37;21;16;17.7778
3172004;11561;4996;4845;151;1.3234
3172103;849;335;316;19;2.2892
3172202;245;126;121;5;2.0833
3200102;2673;1366;1319;47;1.7898
3200136;937;734;700;34;3.7652
3200169;696;301;308;-7;-0.9957
3200201;3196;1623;1318;305;10.55
3200300;3180;1719;1757;-38;-1.1809
3200359;761;311;308;3;0.3958
3200409;6931;4230;4067;163;2.4084
3200508;430;177;192;-15;-3.3708
3200607;36050;34175;32864;1311;3.7739
3200706;3078;1413;1293;120;4.0568
3200805;4326;2345;2395;-50;-1.1426
3200904;7324;3679;3440;239;3.3733
3201001;1701;1000;1025;-25;-1.4484
3201100;1228;612;653;-41;-3.2309
3201159;873;549;608;-59;-6.3305
3201209;49370;23509;22621;888;1.8316
3201308;62745;40175;38840;1335;2.1739
3201407;7517;3877;3757;120;1.6223
3201506;32501;17895;18383;-488;-1.4793
3201605;3134;1754;1731;23;0.7393
3201704;1212;639;649;-10;-0.8183
3201803;326;204;137;67;25.8687
3201902;6456;3869;3645;224;3.5944
3202009;679;344;312;32;4.9459
3202108;1862;890;932;-42;-2.2059
3202207;3249;1957;1809;148;4.7727
3202256;821;602;581;21;2.625
3202306;4011;1954;1772;182;4.7532
3202405;23771;15568;15255;313;1.3343
3202454;2530;1633;1430;203;8.7237
3202504;3280;3199;2641;558;20.4996
3202553;367;197;184;13;3.6723
3202603;3717;1755;1700;55;1.5019
3202652;824;437;382;55;7.1521
3202702;1609;838;848;-10;-0.6177
3202801;5884;2968;3588;-620;-9.5326
3202900;2002;771;837;-66;-3.1915
3203007;2945;1635;1582;53;1.8326
3203056;4469;5185;4949;236;5.5752
3203106;721;409;393;16;2.2695
3203130;3631;3381;2750;631;21.0333
3203163;600;221;197;24;4.1667
3203205;51754;39838;38032;1806;3.6158
3203304;656;418;361;57;9.5159
3203320;5741;4090;3777;313;5.7664
3203346;3727;2273;2321;-48;-1.2715
3203353;1765;1270;1357;-87;-4.6976
3203403;2540;1109;1035;74;3.0008
3203502;3365;1592;1544;48;1.4471
3203601;634;333;350;-17;-2.6114
3203700;1563;761;718;43;2.8289
3203809;1653;472;446;26;1.598
3203908;8740;6416;6347;69;0.7958
3204005;1231;762;730;32;2.6689
3204054;3387;1988;1769;219;6.9129
3204104;5879;3695;3322;373;6.7744
3204203;2731;1939;1997;-58;-2.0796
3204252;513;268;271;-3;-0.5814
3204302;1202;763;663;100;9.0744
3204351;2262;2061;1937;124;5.7998
3204401;1337;668;583;85;6.7891
3204500;793;463;427;36;4.7556
3204559;8230;5311;5122;189;2.3505
3204609;3983;2284;2150;134;3.4814
3204658;1291;841;834;7;0.5452
3204708;5610;3343;3478;-135;-2.3499
3204807;711;282;308;-26;-3.5278
3204906;23899;16760;16516;244;1.0315
3204955;1667;818;797;21;1.2758
3205002;162871;101999;102479;-480;-0.2938
3205010;5506;6285;5639;646;13.2922
3205036;3297;1596;1576;20;0.6103
3205069;5456;2876;2869;7;0.1285
3205101;20810;13072;12946;126;0.6092
3205150;595;462;429;33;5.8719
3205176;2151;3315;3056;259;13.6892
3205200;118665;75746;73270;2476;2.131
3205309;167967;92827;88625;4202;2.5659
3300100;42114;19452;20055;-603;-1.4116
3300159;1437;571;568;3;0.2092
3300209;22713;12546;11949;597;2.6994
3300225;3574;2260;1844;416;13.1729
3300233;13581;9704;9186;518;3.9654
3300258;4576;2929;3008;-79;-1.6971
3300308;16733;8211;7827;384;2.3488
3300407;33728;17616;16538;1078;3.3017
3300456;26424;13362;11166;2196;9.0639
3300506;5281;2438;2267;171;3.3464
3300605;7409;2563;2359;204;2.8314
3300704;40419;23876;22004;1872;4.8564
3300803;7936;3487;2834;653;8.9661
3300902;944;331;340;-9;-0.9444
3300936;1542;615;598;17;1.1148
3300951;2366;1213;1156;57;2.4686
3301009;87808;37978;36793;1185;1.368
3301108;3573;1182;1026;156;4.5654
3301157;1205;549;574;-25;-2.0325
3301207;2892;925;910;15;0.5214
3301306;5937;3171;2651;520;9.5994
3301405;1573;700;633;67;4.4489
3301504;4060;2065;2048;17;0.4205
3301603;1389;490;435;55;4.1229
3301702;167088;75168;70075;5093;3.1439
3301801;1058;308;317;-9;-0.8435
3301850;7924;4396;3412;984;14.1787
3301876;2130;1271;1276;-5;-0.2342
3301900;35401;20240;14145;6095;20.7978
3302007;27550;12928;11800;1128;4.2692
3302056;1526;583;625;-42;-2.6786
3302106;2846;1058;1011;47;1.6792
3302205;28240;11521;10849;672;2.4376
3302254;8359;3384;3510;-126;-1.485
3302270;6518;2961;3612;-651;-9.0808
3302304;692;254;236;18;2.6706
3302403;144382;61323;56079;5244;3.7689
3302452;2022;1843;1437;406;25.1238
3302502;20010;9613;8993;620;3.1975
3302601;6321;3672;3665;7;0.1109
3302700;27366;15120;14098;1022;3.8794
3302809;1740;756;767;-11;-0.6282
3302858;15616;5475;5429;46;0.2954
3302908;4804;2382;2205;177;3.8254
3303005;3053;1268;1238;30;0.9924
3303104;1732;550;463;87;5.2888
3303203;14832;8771;8112;659;4.6497
3303302;182507;81612;75309;6303;3.5771
3303401;50709;25663;25630;33;0.0651
3303500;99266;44155;40459;3696;3.8673
3303609;8194;3406;3349;57;0.7005
3303708;6380;2485;2287;198;3.2028
3303807;8914;5919;5793;126;1.4338
3303856;3276;1431;1344;87;2.7281
3303906;70889;30284;29458;826;1.1789
3303955;3174;1743;1553;190;6.3673
3304003;7017;2875;2401;474;7.2444
3304102;1410;605;557;48;3.5242
3304110;8334;3644;2306;1338;19.1252
3304128;1245;578;617;-39;-3.0374
3304144;15205;6054;6407;-353;-2.2689
3304151;1633;790;618;172;11.7728
3304201;39199;17067;16966;101;0.2583
3304300;13335;5560;5780;-220;-1.623
3304409;1319;558;642;-84;-5.9872
3304508;2590;1669;1423;246;10.4949
3304524;33790;18877;17560;1317;4.0557
3304557;2017989;897185;858686;38499;1.9449
3304607;839;219;239;-20;-2.3283
3304706;7800;3107;3036;71;0.9186
3304755;3100;1711;2177;-466;-13.0679
3304805;3817;1415;1290;125;3.3857
3304904;102605;48032;45988;2044;2.0326
3305000;19019;7882;6128;1754;10.1593
3305109;51466;22918;22983;-65;-0.1261
3305133;492;154;110;44;9.8214
3305158;3815;1901;1852;49;1.3011
3305208;14208;7667;7418;249;1.7838
3305307;550;144;110;34;6.5891
3305406;3974;1336;1212;124;3.2208
3305505;16975;9853;8285;1568;10.1772
3305554;16352;6429;5115;1314;8.7379
3305604;7666;2236;1959;277;3.7488
3305703;1618;792;747;45;2.8608
3305752;3487;1639;1541;98;2.8917
3305802;39352;20278;19128;1150;3.0103
3305901;448;136;113;23;5.4118
3306008;21009;8417;8617;-200;-0.943
3306107;12003;4730;4098;632;5.558
3306156;682;364;312;52;8.254
3306206;7617;2944;2377;567;8.0426
3306305;76655;34231;35388;-1157;-1.4869
3500105;12355;4642;4614;28;0.2271
3500204;1075;392;359;33;3.167
3500303;9610;5135;4950;185;1.9629
3500402;981;410;412;-2;-0.2035
3500501;6163;3057;3060;-3;-0.0487
3500550;1445;1001;1089;-88;-5.7404
3500600;1046;488;459;29;2.8515
3500709;10190;6361;6374;-13;-0.1274
3500758;800;376;352;24;3.0928
3500808;1671;755;428;327;24.3304
3500907;970;389;370;19;1.9979
3501004;3389;2165;2088;77;2.3249
3501103;771;302;268;34;4.6133
3501152;8196;2322;2138;184;2.2966
3501202;528;216;165;51;10.6918
3501301;3451;1382;1317;65;1.9197
3501400;336;182;192;-10;-2.8902
3501509;177;77;80;-3;-1.6667
3501608;80485;46073;46282;-209;-0.259
3501707;10978;5026;5228;-202;-1.8068
3501806;389;243;238;5;1.3021
3501905;27312;11847;11687;160;0.5893
3502002;1693;838;602;236;16.1977
3502101;19679;8595;8596;-1;-0.0051
3502200;6340;2684;2660;24;0.38
3502309;1081;454;498;-44;-3.9111
3502408;301;130;128;2;0.6689
3502507;11934;6443;6150;293;2.517
3502606;650;397;389;8;1.2461
3502705;6140;3622;3120;502;8.9039
3502754;11364;6515;6795;-280;-2.4047
3502804;58923;30554;29793;761;1.3084
3502903;7808;4681;4490;191;2.5075
3503000;814;359;398;-39;-4.5721
3503109;1342;940;1001;-61;-4.3478
3503158;381;80;54;26;7.3239
3503208;81406;41821;42387;-566;-0.6905
3503307;39832;20127;18763;1364;3.5458
3503356;140;80;81;-1;-0.7092
3503406;1617;571;577;-6;-0.3697
3503505;1011;369;464;-95;-8.5895
3503604;1789;934;901;33;1.8793
3503703;2610;823;841;-18;-0.6849
3503802;11462;6085;6163;-78;-0.6759
3503901;32971;16482;15749;733;2.2737
3503950;56;36;29;7;14.2857
3504008;23135;12546;13090;-544;-2.2974
3504107;54815;30409;29554;855;1.5845
3504206;2936;1837;1673;164;5.9163
3504305;1098;704;782;-78;-6.6327
3504404;2596;1296;1267;29;1.1297
3504503;22283;12717;13152;-435;-1.9148
3504602;5800;4628;4312;316;5.7622
3504701;85;38;35;3;3.6585
3504800;2123;1295;1333;-38;-1.7584
3504909;1956;525;510;15;0.7728
3505005;367;150;164;-14;-3.6745
3505104;853;422;388;34;4.1514
3505203;10436;5534;5596;-62;-0.5906
3505302;12578;4441;5187;-746;-5.5989
3505351;171;61;66;-5;-2.8409
3505401;438;232;234;-2;-0.4545
3505500;35431;17544;16970;574;1.6467
3505609;4855;6317;5808;509;11.7119
3505708;387037;316507;313556;2951;0.7683
3505807;6520;3146;3038;108;1.6843
3505906;18167;7863;8083;-220;-1.1965
3506003;146319;98592;94649;3943;2.7694
3506102;29233;18345;19204;-859;-2.8546
3506201;1054;271;340;-69;-6.1443
3506300;2935;1370;1377;-7;-0.2379
3506359;15582;8930;8556;374;2.4592
3506409;1521;744;728;16;1.0631
3506508;32631;18937;18921;16;0.0491
3506607;3395;1746;1978;-232;-6.3965
3506706;3348;1420;1424;-4;-0.1193
3506805;3622;1364;1597;-233;-6.0441
3506904;2342;1245;1236;9;0.3858
3507001;26235;14326;13841;485;1.8835
3507100;6289;3159;3392;-233;-3.5725
3507159;479;230;284;-54;-10.1313
3507209;1372;481;462;19;1.4043
3507308;2407;1325;1042;283;13.3239
3507407;2928;1645;1522;123;4.385
3507456;501;272;311;-39;-7.2222
3507506;49313;25554;24585;969;2.0044
3507605;53106;34435;34403;32;0.0603
3507704;539;153;176;-23;-4.0925
3507753;476;125;115;10;2.1459
3507803;5537;2841;2714;127;2.3475
3507902;7780;3397;3504;-107;-1.3567
3508009;4624;3206;3388;-182;-3.7869
3508108;4594;2031;2395;-364;-7.3417
3508207;2202;928;1065;-137;-5.8572
3508306;864;440;456;-16;-1.8182
3508405;23050;13865;12528;1337;6.1576
3508504;23584;9413;8745;668;2.915
3508603;5271;1366;1428;-62;-1.1626
3508702;2770;1366;1300;66;2.4408
3508801;4276;2201;2282;-81;-1.8591
3508900;384;107;98;9;2.4
3509007;24813;14794;13233;1561;6.7134
3509106;262;94;83;11;4.3825
3509205;58350;44545;44081;464;0.8016
3509254;7161;3068;3152;-84;-1.1594
3509304;1379;656;585;71;5.4281
3509403;6577;3286;3383;-97;-1.4534
3509452;686;306;272;34;5.2147
3509502;441393;256706;252814;3892;0.8896
3509601;11438;5405;5337;68;0.5981
3509700;15426;8304;8215;89;0.5803
3509809;635;383;416;-33;-4.9401
3509908;1102;475;503;-28;-2.4779
3509957;913;396;469;-73;-7.4037
3510005;6452;2461;2497;-36;-0.5549
3510104;656;459;451;8;1.2346
3510153;582;232;187;45;8.3799
3510203;10489;4819;4843;-24;-0.2283
3510302;6772;6342;6049;293;4.5223
3510401;15797;6913;6696;217;1.3928
3510500;25969;15983;16272;-289;-1.1006
3510609;37138;23231;23309;-78;-0.2096
3510708;1209;713;547;166;15.9156
3510807;7565;3770;4145;-375;-4.7229
3510906;657;284;223;61;10.2349
3511003;5059;2231;2111;120;2.4296
3511102;39828;20167;23412;-3245;-7.5337
3511201;633;391;358;33;5.5
3511300;3655;2279;2092;187;5.3922
3511409;4961;2778;2835;-57;-1.1359
3511508;13309;6411;6674;-263;-1.9378
3511607;7634;3774;3731;43;0.5665
3511706;3774;2083;1811;272;7.767
3511904;1545;969;929;40;2.6578
3512001;7306;3116;2940;176;2.4684
3512100;5729;4878;4307;571;11.0702
3512209;5816;3512;3356;156;2.7562
3512308;3707;1523;1546;-23;-0.6166
3512407;12179;5481;5607;-126;-1.024
3512506;1561;717;652;65;4.3449
3512605;640;485;605;-120;-15.7895
3512704;1416;740;630;110;8.4227
3512803;13675;7735;6715;1020;8.0601
3512902;2450;783;721;62;2.5963
3513009;87941;46884;47491;-607;-0.6855
3513108;13628;7393;7268;125;0.9257
3513207;2236;1161;1178;-17;-0.7545
3513306;184;83;126;-43;-18.9427
3513405;17402;4758;5031;-273;-1.5446
3513504;30799;14995;13792;1203;4.0647
3513603;2973;1038;818;220;7.9913
3513702;12328;5195;5282;-87;-0.7008
3513801;95986;43540;43809;-269;-0.2795
3513850;346;210;166;44;14.5695
3513900;2705;1258;1196;62;2.3458
3514007;823;259;304;-45;-5.1843
3514106;7145;3775;3621;154;2.2028
3514205;124;53;58;-5;-3.876
3514304;3333;1144;1164;-20;-0.5965
3514403;11285;5216;5040;176;1.5843
3514502;2574;1048;1024;24;0.9412
3514601;2452;870;922;-52;-2.0767
3514700;1021;690;546;144;16.4196
3514809;2095;1040;931;109;5.4884
3514908;7458;4505;4437;68;0.9202
3514924;649;252;209;43;7.0957
3514957;214;115;132;-17;-7.3593
3515004;46693;24743;24269;474;1.0256
3515103;10205;3850;3748;102;1.0096
3515129;615;421;216;205;50.0
3515152;4584;2042;1991;51;1.1251
3515186;16660;17044;17038;6;0.036
3515194;837;523;562;-39;-4.4521
3515202;4211;2895;2597;298;7.6156
3515301;95;30;25;5;5.5556
3515350;354;129;138;-9;-2.4793
3515400;3603;1920;1818;102;2.9135
3515509;17365;9039;8684;355;2.087
3515608;1769;1156;1087;69;4.0588
3515657;225;189;255;-66;-22.6804
3515707;21267;11059;11006;53;0.2498
3515806;69;11;19;-8;-10.3896
3515905;246;104;103;1;0.4082
3516002;1523;1201;1093;108;7.6325
3516101;219;103;96;7;3.3019
3516200;102791;63864;63678;186;0.1813
3516309;8481;5261;5170;91;1.0846
3516408;20021;13210;11161;2049;11.4011
3516507;747;377;393;-16;-2.097
3516606;1495;481;541;-60;-3.8585
3516705;12447;6605;4834;1771;16.5886
3516804;262;231;232;-1;-0.3802
3516853;4853;1229;818;411;9.2526
3516903;1363;650;636;14;1.0378
3517000;1443;806;843;-37;-2.5
3517109;916;290;316;-26;-2.7601
3517208;1744;812;979;-167;-8.7389
3517307;411;169;156;13;3.2663
3517406;15513;4902;4748;154;1.0027
3517505;5670;3877;4038;-161;-2.7611
3517604;2145;666;661;5;0.2336
3517703;3525;1587;1829;-242;-6.4242
3517802;1217;374;382;-8;-0.6531
3517901;2481;755;718;37;1.5139
3518008;228;169;154;15;7.0423
3518107;814;339;348;-9;-1.0936
3518206;7422;2713;2596;117;1.6016
3518305;9871;4701;4284;417;4.4108
3518404;31211;12906;12546;360;1.1669
3518503;2895;1134;1135;-1;-0.0345
3518602;9618;4890;4921;-31;-0.3213
3518701;47897;19652;19698;-46;-0.0959
3518800;409461;249898;245501;4397;1.0855
3518859;1789;669;663;6;0.3365
3518909;431;280;279;1;0.2326
3519006;1439;1402;1426;-24;-1.6405
3519055;13418;9628;8823;805;6.3823
3519071;56345;32551;31858;693;1.2452
3519105;3500;1733;1699;34;0.981
3519204;993;529;483;46;4.8574
3519253;1631;473;581;-108;-6.2105
3519303;7868;3672;3896;-224;-2.7682
3519402;2390;1518;1366;152;6.7918
3519501;1596;935;873;62;4.0417
3519600;18807;12646;12638;8;0.0426
3519709;19888;10363;9936;427;2.1941
3519808;1307;423;435;-12;-0.9098
3519907;785;324;365;-41;-4.9637
3520004;2154;1001;980;21;0.9845
3520103;6126;3583;3891;-308;-4.7871
3520202;2041;847;769;78;3.9735
3520301;2306;1010;986;24;1.0517
3520400;8690;4782;4524;258;3.0598
3520426;1445;1060;906;154;11.9287
3520442;4315;2096;1960;136;3.2544
3520509;92824;58463;57979;484;0.5241
3520608;918;360;278;82;9.8086
3520707;432;190;274;-84;-16.2791
3520806;906;225;255;-30;-3.2051
3520905;3179;1242;1339;-97;-2.9609
3521002;6889;3349;3296;53;0.7753
3521101;2144;976;978;-2;-0.0932
3521150;1202;756;721;35;2.9991
3521200;467;86;113;-27;-5.4656
3521309;3114;1824;1777;47;1.5324
3521408;9033;5366;4348;1018;12.7012
3521507;984;599;532;67;7.3064
3521606;499;111;132;-21;-4.0385
3521705;3037;1472;1537;-65;-2.0954
3521804;4997;2947;2947;0;0.0
3521903;4284;2844;2807;37;0.8712
3522000;705;491;506;-15;-2.0833
3522109;12962;6847;6234;613;4.964
3522158;227;72;53;19;9.1346
3522208;24852;15760;15870;-110;-0.4407
3522307;42685;24394;24323;71;0.1666
3522406;19270;10271;10274;-3;-0.0156
3522505;39207;23144;22927;217;0.5566
3522604;24001;11415;11464;-49;-0.2037
3522653;708;341;288;53;8.0916
3522703;11687;6031;6203;-172;-1.4504
3522802;1853;903;877;26;1.4231
3522901;5346;3683;3252;431;8.7691
3523008;377;275;301;-26;-6.4516
3523107;57207;35319;33780;1539;2.7646
3523206;8091;3654;3588;66;0.8224
3523305;1354;536;631;-95;-6.5562
3523404;43467;23254;22133;1121;2.6472
3523503;2975;2070;2080;-10;-0.335
3523602;6001;2368;1918;450;8.1066
3523701;952;539;477;62;6.9663
3523800;1179;766;674;92;8.4637
3523909;59256;28920;28863;57;0.0963
3524006;33966;20498;19314;1184;3.6117
3524105;7873;4493;4463;30;0.3825
3524204;579;351;367;-16;-2.6891
3524303;21179;10847;12445;-1598;-7.0158
3524402;54042;31424;32090;-666;-1.2174
3524501;4287;2418;2312;106;2.5353
3524600;3998;1612;1673;-61;-1.5028
3524709;37843;18178;17984;194;0.5153
3524808;12605;5908;5703;205;1.6532
3524907;3111;1094;1375;-281;-8.2842
3525003;20478;10719;11526;-807;-3.7914
3525102;10562;5934;5911;23;0.2182
3525201;11931;6200;6197;3;0.0252
3525300;40410;20831;20677;154;0.3826
3525409;849;689;706;-17;-1.963
3525508;2842;1245;1161;84;3.0457
3525607;288;233;234;-1;-0.346
3525706;11799;6227;6136;91;0.7772
3525805;145;57;81;-24;-14.2012
3525854;1531;994;938;56;3.7966
3525904;191542;116453;117225;-772;-0.4014
3526001;5329;1861;2016;-155;-2.8264
3526100;1959;1062;1139;-77;-3.7819
3526209;3934;1810;1639;171;4.5442
3526308;908;291;294;-3;-0.3293
3526407;11230;6163;6285;-122;-1.0747
3526506;386;104;101;3;0.7833
3526605;1033;260;252;8;0.7805
3526704;24823;12696;12322;374;1.5297
3526803;31901;16367;16633;-266;-0.8269
3526902;95354;50045;49636;409;0.4308
3527009;2134;1070;1102;-32;-1.4774
3527108;29150;12631;12082;549;1.9195
3527207;18673;7861;7415;446;2.4469
3527256;147;40;44;-4;-2.649
3527306;19902;10881;10771;110;0.5558
3527405;3640;1364;1633;-269;-6.8816
3527504;1114;748;833;-85;-7.0892
3527603;8192;4577;4447;130;1.6125
3527702;631;194;206;-12;-1.8663
3527801;764;243;188;55;7.7574
3527900;215;78;86;-8;-3.5874
3528007;3845;1715;1722;-7;-0.1817
3528106;1556;790;666;124;8.6592
3528205;322;161;174;-13;-3.8806
3528304;500;250;255;-5;-0.9901
3528403;10568;5053;5175;-122;-1.1413
3528502;15530;10112;10064;48;0.31
3528601;2429;1089;1189;-100;-3.9541
3528700;541;92;147;-55;-9.2282
3528809;4262;1588;1573;15;0.3532
3528858;1539;728;960;-232;-13.0999
3528908;396;94;90;4;1.0204
3529005;70986;38976;38715;261;0.369
3529104;162;52;54;-2;-1.2195
3529203;2911;1621;1326;295;11.2768
3529302;37816;21629;22571;-942;-2.4305
3529401;78010;41133;40349;784;1.0152
3529500;3048;1941;1883;58;1.9398
3529609;2104;710;728;-18;-0.8483
3529658;117;62;58;4;3.5398
3529708;2153;1281;1355;-74;-3.3229
3529807;1497;734;756;-22;-1.4483
3529906;3066;1361;1291;70;2.3364
3530003;209;100;107;-7;-3.2407
3530102;3758;1517;1571;-54;-1.4166
3530201;3220;1016;1080;-64;-1.9488
3530300;19259;11665;10783;882;4.7995
3530409;1434;979;788;191;15.366
3530508;20619;9477;9370;107;0.5216
3530607;122653;77527;76465;1062;0.8734
3530706;50491;27347;26807;540;1.0811
3530805;35006;16656;16986;-330;-0.9339
3530904;997;440;444;-4;-0.3996
3531001;258;112;68;44;20.5607
3531100;7967;4524;4200;324;4.2392
3531209;1905;894;914;-20;-1.039
3531308;15690;7396;7220;176;1.1345
3531407;4631;3013;3272;-259;-5.2965
3531506;7576;4728;4245;483;6.8095
3531605;650;512;479;33;5.3485
3531704;676;177;186;-9;-1.3139
3531803;18957;13433;12243;1190;6.6978
3531902;7458;3562;4258;-696;-8.5357
3532009;4260;1418;1561;-143;-3.2478
3532058;846;431;325;106;14.3243
3532108;259;88;68;20;8.3682
3532157;449;168;204;-36;-7.4227
3532207;3483;858;801;57;1.6637
3532306;865;231;239;-8;-0.9164
3532405;3847;1988;1772;216;5.9488
3532504;1792;1020;895;125;7.4985
3532603;1494;628;675;-47;-3.05
3532702;400;346;301;45;12.6761
3532801;1979;1227;1180;47;2.4327
3532827;1637;559;568;-9;-0.5468
3532843;37;23;31;-8;-17.7778
3532868;157;112;286;-174;-52.568
3532900;3168;622;723;-101;-3.0896
3533007;3168;1546;1432;114;3.7328
3533106;146;102;119;-17;-10.4294
3533205;2091;530;567;-37;-1.7387
3533254;672;578;604;-26;-3.7249
3533304;163;189;181;8;5.1613
3533403;27907;18844;18622;222;0.8019
3533502;11764;5998;5946;52;0.444
3533601;4460;2587;2400;187;4.3763
3533700;974;576;592;-16;-1.6162
3533809;240;124;127;-3;-1.2346
3533908;18969;9957;9664;293;1.5689
3534005;2641;1124;1105;19;0.7246
3534104;664;258;289;-31;-4.4604
3534203;2887;1345;1287;58;2.0502
3534302;12526;5573;6128;-555;-4.2428
3534401;252468;179887;142848;37039;17.1931
3534500;217;100;119;-19;-8.0508
3534609;8011;4023;3921;102;1.2897
3534708;29175;14417;14717;-300;-1.0178
3534757;2581;1585;1564;21;0.8203
3534807;641;339;286;53;9.0136
3534906;1094;580;585;-5;-0.455
3535002;3034;1080;1111;-31;-1.0114
3535101;1124;638;640;-2;-0.1776
3535200;1075;396;343;53;5.1859
3535309;4557;1968;1925;43;0.9526
3535408;3137;1372;1371;1;0.0319
3535507;10921;4953;4307;646;6.2871
3535606;2152;942;927;15;0.7019
3535705;2027;694;746;-52;-2.5012
3535804;5408;3180;3115;65;1.2165
3535903;728;336;346;-10;-1.355
3536000;3148;1140;1200;-60;-1.8703
3536109;2659;1704;1682;22;0.8343
3536208;3569;1744;1633;111;3.2099
3536257;195;142;134;8;4.2781
3536307;5813;2769;2825;-56;-0.9542
3536406;2114;936;857;79;3.8821
3536505;56990;33543;35763;-2220;-3.7494
3536570;303;223;353;-130;-30.0231
3536604;623;198;225;-27;-4.1538
3536703;14092;5669;6330;-661;-4.4804
3536802;1113;358;369;-11;-0.9786
3536901;193;88;94;-6;-3.0151
3537008;4089;2012;1960;52;1.2881
3537107;13954;8230;8329;-99;-0.7045
3537156;481;191;164;27;5.9471
3537206;1110;361;314;47;4.4214
3537305;18105;9227;9035;192;1.0718
3537404;5157;1887;1827;60;1.1772
3537503;2878;1470;1377;93;3.3393
3537602;9625;5027;4767;260;2.7763
3537701;995;296;282;14;1.4271
3537800;8491;3832;3827;5;0.0589
3537909;7417;3840;3551;289;4.0544
3538006;39275;16409;16353;56;0.1428
3538105;3441;1409;1531;-122;-3.4241
3538204;2536;1081;1056;25;0.9956
3538303;576;320;138;182;46.1929
3538501;1625;512;413;99;6.4875
3538600;5400;2773;2485;288;5.6338
3538709;150184;75543;75518;25;0.0166
3538808;6213;3122;3254;-132;-2.0804
3538907;3515;1744;1666;78;2.2694
3539004;2973;1511;1512;-1;-0.0336
3539103;2108;1165;1107;58;2.8293
3539202;5395;2813;2787;26;0.4843
3539301;21725;8607;9291;-684;-3.0523
3539400;2383;1606;1890;-284;-10.6487
3539509;9380;4248;4314;-66;-0.6987
3539608;3294;1408;1436;-28;-0.8429
3539707;625;224;151;73;13.2246
3539806;25417;18853;19831;-978;-3.7052
3539905;1417;1182;1147;35;2.5326
3540002;9946;2719;2848;-129;-1.2804
3540101;252;87;120;-33;-11.5789
3540200;11908;4654;5012;-358;-2.9186
3540259;242;196;154;42;21.0
3540309;936;271;346;-75;-7.4184
3540408;466;314;229;85;22.3097
3540507;1753;829;668;161;10.1131
3540606;19917;11082;9941;1141;6.0769
3540705;16590;8289;8415;-126;-0.7538
3540754;1803;630;569;61;3.5017
3540804;5506;2269;2244;25;0.4561
3540853;305;29;29;0;0.0
3540903;8825;3613;3473;140;1.612
3541000;54548;30143;29142;1001;1.8694
3541059;1288;873;866;7;0.5464
3541109;596;199;318;-119;-16.6434
3541208;2431;801;729;72;3.0521
3541307;5477;2604;2417;187;3.535
3541406;72123;36674;35208;1466;2.0748
3541505;6200;3559;3815;-256;-3.9653
3541604;11080;5777;5987;-210;-1.8601
3541653;667;211;219;-8;-1.1852
3541703;3884;1405;1384;21;0.5436
3541802;2553;668;622;46;1.8349
3541901;2163;625;673;-48;-2.171
3542008;1571;575;649;-74;-4.4985
3542107;2688;963;984;-21;-0.7752
3542206;7276;3495;3425;70;0.9714
3542305;507;235;202;33;6.962
3542404;5729;2871;2604;267;4.8883
3542503;2153;1302;1300;2;0.093
3542602;14803;6982;6715;267;1.8368
3542701;2195;1459;1187;272;14.1446
3542800;569;288;263;25;4.5956
3542909;2660;1213;1228;-15;-0.5607
3543006;2289;2364;2337;27;1.1936
3543105;1045;648;517;131;14.3326
3543204;853;259;295;-36;-4.0495
3543238;120;41;42;-1;-0.8264
3543253;389;133;132;1;0.2577
3543303;21518;9459;9343;116;0.542
3543402;263141;155304;151751;3553;1.3687
3543501;438;188;146;42;10.6061
3543600;1132;673;645;28;2.5362
3543709;1706;508;531;-23;-1.3302
3543808;1997;1096;998;98;5.1606
3543907;68896;36385;36072;313;0.4564
3544004;10130;4211;4558;-347;-3.312
3544103;2724;1054;1014;40;1.4903
3544202;936;568;510;58;6.6059
3544251;1992;1050;1009;41;2.1015
3544301;2316;1186;1284;-98;-4.0597
3544400;494;126;122;4;0.8163
3544509;509;271;275;-4;-0.7797
3544608;396;154;168;-14;-3.4146
3544707;188;107;107;0;0.0
3544806;711;310;335;-25;-3.3967
3544905;3089;1869;1645;224;7.8185
3545001;2378;909;860;49;2.1039
3545100;457;378;439;-61;-11.7761
3545159;2010;958;955;3;0.1495
3545209;37142;19727;19331;396;1.0777
3545308;8201;4272;3581;691;9.2011
3545407;1840;703;645;58;3.2548
3545506;1901;1008;1105;-97;-4.8549
3545605;4026;1399;1522;-123;-2.9646
3545704;2135;837;752;85;4.1463
3545803;55519;29479;29349;130;0.2347
3546009;2486;868;846;22;0.8929
3546108;660;454;414;40;6.4516
3546207;1282;470;529;-59;-4.3997
3546256;550;137;177;-40;-6.7797
3546306;5862;2767;2604;163;2.8602
3546405;17675;8444;8407;37;0.2098
3546504;760;331;282;49;6.8917
3546603;8597;4483;4536;-53;-0.6127
3546702;11012;4269;4046;223;2.0669
3546801;12103;5303;5415;-112;-0.9169
3546900;798;470;405;65;8.8677
3547007;1181;518;540;-22;-1.8288
3547106;934;738;518;220;30.8123
3547205;73;26;27;-1;-1.3514
3547304;57850;32745;33362;-617;-1.0553
3547403;139;52;59;-7;-4.7945
3547502;7870;5357;10513;-5156;-39.5824
3547601;5296;2182;2093;89;1.7092
3547650;159;144;128;16;11.1888
3547700;3310;1628;1249;379;12.9307
3547809;228194;160426;156888;3538;1.5749
3547908;1607;847;735;112;7.4916
3548005;8894;4488;4144;344;4.0234
3548054;1443;708;736;-28;-1.9035
3548104;1366;533;467;66;5.0769
3548203;1375;553;545;8;0.5852
3548302;169;101;112;-11;-6.1111
3548401;400;235;224;11;2.8278
3548500;186623;79077;74905;4172;2.2866
3548609;2011;670;582;88;4.5762
3548708;281728;166715;162918;3797;1.3662
3548807;121985;66342;67312;-970;-0.7889
3548906;90602;47986;46079;1907;2.1501
3549003;78;21;26;-5;-6.0241
3549102;24944;10726;10874;-148;-0.5898
3549201;125;74;81;-7;-5.303
3549250;66;15;14;1;1.5385
3549300;380;134;99;35;10.1449
3549409;14911;4916;5049;-133;-0.8841
3549508;999;349;383;-34;-3.2914
3549607;579;98;110;-12;-2.0305
3549706;17039;9207;9761;-554;-3.149
3549805;163946;95410;93112;2298;1.4216
3549904;214042;117648;115722;1926;0.908
3549953;4198;2814;2730;84;2.0418
3550001;1907;619;617;2;0.105
3550100;8832;4796;4478;318;3.735
3550209;5894;2542;2460;82;1.4109
3550308;4945838;2950415;2879698;70717;1.4506
3550407;8998;5196;4779;417;4.8596
3550506;1758;1056;1119;-63;-3.4596
3550605;25992;16246;15339;907;3.6157
3550704;19712;10067;9768;299;1.5402
3550803;3165;1881;1843;38;1.2152
3550902;4291;1572;1490;82;1.9482
3551009;34947;17051;16526;525;1.5252
3551108;2751;1163;1391;-228;-7.6536
3551207;441;210;247;-37;-7.7406
3551306;2560;946;799;147;6.092
3551405;940;432;455;-23;-2.3884
3551504;8468;4728;4478;250;3.0421
3551603;7034;3026;3055;-29;-0.4106
3551702;48273;28377;29410;-1033;-2.0951
3551801;2059;708;766;-58;-2.7397
3551900;1788;1650;1840;-190;-9.6057
3552007;920;212;197;15;1.6575
3552106;9223;4149;4004;145;1.5973
3552205;237196;143367;142185;1182;0.5008
3552304;1140;689;663;26;2.3339
3552403;67367;43797;41518;2279;3.5014
3552502;59654;31454;32738;-1284;-2.1071
3552551;1974;567;622;-55;-2.7107
3552601;1777;1094;1124;-30;-1.6602
3552700;3314;2238;2226;12;0.3634
3552809;63885;42118;41068;1050;1.671
3552908;668;479;413;66;10.9635
3553005;4150;2427;2429;-2;-0.0482
3553104;494;262;245;17;3.5639
3553203;876;303;304;-1;-0.114
3553302;5961;3167;2874;293;5.1694
3553401;5615;2518;2469;49;0.8803
3553500;1142;340;316;24;2.1467
3553609;2425;958;917;41;1.7198
3553658;471;211;212;-1;-0.2119
3553708;11354;6038;6162;-124;-1.0803
3553807;5357;3303;3210;93;1.7667
3553856;1767;1082;1127;-45;-2.4834
3553906;1320;674;601;73;5.854
3553955;5115;3172;3067;105;2.0958
3554003;36278;21145;17510;3635;11.1356
3554102;89727;49367;46599;2768;3.1831
3554201;612;432;445;-13;-2.08
3554300;3069;1549;1496;53;1.7573
3554409;899;738;723;15;1.6968
3554508;16698;8602;8640;-38;-0.2271
3554607;248;136;141;-5;-1.9763
3554656;268;49;63;-14;-4.9645
3554706;2564;1460;1330;130;5.341
3554755;407;168;192;-24;-5.5684
3554805;8572;5048;5052;-4;-0.0466
3554904;1750;465;471;-6;-0.3417
3554953;765;244;253;-9;-1.1628
3555000;15785;7159;7000;159;1.0175
3555109;2705;1208;1462;-254;-8.584
3555208;138;87;84;3;2.2222
3555307;189;99;83;16;9.2486
3555356;1387;532;566;-34;-2.3927
3555406;21181;13148;13051;97;0.4601
3555505;1486;639;702;-63;-4.0671
3555604;1241;849;784;65;5.5272
3555703;496;411;95;316;175.5556
3555802;1172;390;433;-43;-3.5391
3555901;234;19;43;-24;-9.3023
3556008;3617;1932;1936;-4;-0.1105
3556107;4158;3054;2684;370;9.7677
3556206;47665;25136;24741;395;0.8356
3556305;7737;3261;2976;285;3.8245
3556354;1335;682;608;74;5.8684
3556404;9222;5717;5722;-5;-0.0542
3556453;16221;8902;8853;49;0.303
3556503;20788;11871;11004;867;4.3522
3556602;1186;452;519;-67;-5.3472
3556701;43585;20245;20550;-305;-0.6949
3556800;2590;1422;1461;-39;-1.4835
3556909;4396;1748;1933;-185;-4.0384
3556958;96;54;39;15;18.5185
3557006;21455;15265;15354;-89;-0.4131
3557105;28369;15955;15555;400;1.4302
3557154;482;247;231;16;3.4335
3557204;2442;1934;1381;553;29.2747
3557303;3016;1828;1129;699;30.1683
4100103;679;341;300;41;6.4263
4100202;1105;407;381;26;2.4096
4100301;1185;804;701;103;9.5194
4100400;15849;10148;9968;180;1.1488
4100459;307;91;85;6;1.9934
4100509;3225;1431;1339;92;2.9365
4100608;1970;1349;1422;-73;-3.5732
4100707;879;377;418;-41;-4.4565
4100806;1293;591;624;-33;-2.4887
4100905;507;228;232;-4;-0.7828
4101002;6374;3526;3225;301;4.9564
4101051;368;152;167;-15;-3.9164
4101101;4026;1723;1807;-84;-2.0438
4101150;414;173;172;1;0.2421
4101200;2248;1193;1041;152;7.2519
4101309;473;415;361;54;12.8878
4101408;34123;18844;19284;-440;-1.273
4101507;40200;26015;25140;875;2.225
4101606;7035;3769;3612;157;2.2826
4101655;314;159;144;15;5.0167
4101705;2793;1328;1278;50;1.8228
4101804;49727;30842;29334;1508;3.1274
4101853;131;47;40;7;5.6452
4101903;1663;673;652;21;1.2789
4102000;10469;7159;6291;868;9.0407
4102109;5067;2630;2740;-110;-2.1248
4102208;751;316;324;-8;-1.054
4102307;4543;3004;2333;671;17.3295
4102406;7783;3841;3966;-125;-1.5807
4102505;1219;569;531;38;3.2176
4102604;2123;1142;1132;10;0.4733
4102703;209;87;86;1;0.4808
4102752;246;100;102;-2;-0.8065
4102802;2294;971;1004;-33;-1.4181
4102901;3826;2206;2294;-88;-2.2483
4103008;431;153;170;-17;-3.7946
4103024;266;130;134;-4;-1.4815
4103040;1247;542;551;-9;-0.7166
4103057;806;462;448;14;1.7677
4103107;2512;2074;1956;118;4.929
4103156;550;309;272;37;7.2125
4103206;872;480;438;42;5.0602
4103222;772;442;417;25;3.3467
4103305;1208;355;319;36;3.0717
4103354;548;240;223;17;3.2015
4103370;368;140;153;-13;-3.4121
4103404;137;62;50;12;9.6
4103453;11690;5806;5133;673;6.1087
4103479;427;184;223;-39;-8.3691
4103503;1762;660;725;-65;-3.5577
4103602;5357;3245;2080;1165;27.791
4103701;26020;15799;15679;120;0.4633
4103800;1579;758;739;19;1.2179
4103909;2003;1015;868;147;7.9203
4103958;625;338;358;-20;-3.1008
4104006;12065;9972;9300;672;5.8984
4104055;328;166;180;-14;-4.0936
4104105;1047;825;805;20;1.9474
4104204;34558;20375;19356;1019;3.0383
4104253;4352;2533;2297;236;5.7337
4104303;29180;15103;14909;194;0.6693
4104402;1196;437;410;27;2.3097
4104428;3511;2009;2095;-86;-2.3909
4104451;1305;735;741;-6;-0.4577
4104501;6102;3472;5060;-1588;-20.6502
4104600;3162;2024;2008;16;0.5086
4104659;11669;5071;4856;215;1.8771
4104709;2828;1679;1420;259;10.0817
4104808;120745;81804;80927;877;0.7316
4104907;20934;12397;12091;306;1.4834
4105003;1460;883;815;68;4.8851
4105102;1479;473;504;-31;-2.053
4105201;1293;497;549;-52;-3.8662
4105300;2812;1553;1412;141;5.2789
4105409;5277;2990;2935;55;1.0532
4105508;24540;12693;12839;-146;-0.5914
4105607;4258;2692;2336;356;9.1235
4105706;3834;2974;2292;682;21.6371
4105805;47289;38130;35996;2134;4.7259
4105904;6939;2656;3126;-470;-6.3436
4106001;854;342;353;-11;-1.2717
4106100;381;275;287;-12;-3.0534
4106209;2360;1496;1467;29;1.2441
4106308;3433;1819;1739;80;2.3859
4106407;18726;10158;10044;114;0.6125
4106456;919;497;530;-33;-3.4664
4106506;4847;2840;2824;16;0.3312
4106555;298;107;105;2;0.6757
4106571;705;427;391;36;5.3812
4106605;5279;3150;2748;402;8.2428
4106704;540;209;211;-2;-0.369
4106803;1588;829;887;-58;-3.5237
4106852;344;142;126;16;4.878
4106902;814343;567536;559992;7544;0.9351
4107009;1889;1373;1280;93;5.1782
4107108;567;201;208;-7;-1.2195
4107124;156;71;55;16;11.4286
4107157;302;119;131;-12;-3.8217
4107207;18122;12060;10957;1103;6.481
4107256;3774;1146;975;171;4.746
4107306;717;383;328;55;8.3082
4107405;1097;535;501;34;3.1985
4107504;2017;725;717;8;0.3982
4107520;163;71;62;9;5.8442
4107538;1253;562;573;-11;-0.8703
4107546;578;243;267;-24;-3.9867
4107553;251;81;85;-4;-1.5686
4107603;2691;1274;1227;47;1.7776
4107652;24189;16822;15927;895;3.8422
4107702;409;143;134;9;2.25
4107736;840;483;429;54;6.8702
4107751;892;405;400;5;0.5637
4107801;801;403;427;-24;-2.9091
4107850;608;316;336;-20;-3.1847
4107900;1029;662;603;59;6.0825
4108007;2851;714;709;5;0.1757
4108106;414;281;254;27;6.9767
4108205;932;284;275;9;0.9751
4108304;69920;43925;42667;1258;1.8322
4108320;774;383;449;-66;-7.8571
4108403;29669;18349;18391;-42;-0.1414
4108452;633;260;251;9;1.4423
4108502;1718;1095;1076;19;1.1183
4108551;126;35;23;12;10.5263
4108601;4945;2079;2122;-43;-0.8621
4108650;537;265;192;73;15.7328
4108700;601;272;242;30;5.2539
4108809;5165;2935;2888;47;0.9183
4108908;1429;1144;955;189;15.2419
4108957;660;346;330;16;2.4845
4109005;552;258;262;-4;-0.7194
4109104;180;93;100;-7;-3.7433
4109203;520;216;252;-36;-6.4748
4109302;2344;1459;1468;-9;-0.3825
4109401;45695;27733;27777;-44;-0.0962
4109500;386;66;105;-39;-9.1765
4109609;6324;5216;5751;-535;-7.8
4109658;745;331;325;6;0.8119
4109708;7030;3874;3898;-24;-0.3402
4109757;1123;651;619;32;2.9331
4109807;15725;10535;10353;182;1.1709
4109906;1238;567;534;33;2.7386
4110003;987;559;816;-257;-20.6592
4110052;150;81;55;26;20.9677
4110078;1408;847;818;29;2.103
4110102;8431;6033;6096;-63;-0.7417
4110201;1540;1009;909;100;6.9444
4110300;98;60;67;-7;-6.6667
4110409;1364;796;610;186;15.7895
4110508;2112;1147;1127;20;0.956
4110607;4353;3314;2925;389;9.8133
4110656;290;135;128;7;2.4735
4110706;13287;7310;7564;-254;-1.8758
4110805;1592;723;673;50;3.2425
4110904;321;173;179;-6;-1.8349
4110953;3629;1873;1762;111;3.1552
4111001;667;312;323;-11;-1.6224
4111100;676;331;298;33;5.1322
4111209;4091;2699;2631;68;1.6903
4111258;4744;2989;2906;83;1.7807
4111308;306;171;161;10;3.3784
4111407;1696;652;621;31;1.8619
4111506;6828;3184;2956;228;3.4545
4111555;1538;266;363;-97;-5.9327
4111605;1075;616;601;15;1.4151
4111704;518;206;200;6;1.1719
4111803;10671;4533;4149;384;3.7329
4111902;6851;3964;3557;407;6.316
4112009;9840;5023;4980;43;0.4389
4112108;6150;2735;2841;-106;-1.6944
4112207;584;247;205;42;7.7491
4112306;436;229;162;67;18.1572
4112405;2307;1036;1036;0;0.0
4112504;1786;1026;836;190;11.9048
4112603;123;54;53;1;0.8197
4112702;1119;608;763;-155;-12.1664
4112751;1248;543;587;-44;-3.4056
4112801;5693;2794;2566;228;4.172
4112900;329;180;207;-27;-7.5843
4112959;1148;507;458;49;4.4586
4113007;2384;798;861;-63;-2.5746
4113106;493;195;186;9;1.8595
4113205;9897;5655;5317;338;3.5359
4113254;309;117;105;12;4.0404
4113304;6351;4063;3820;243;3.9784
4113403;352;92;158;-66;-15.7895
4113429;365;141;113;28;8.3086
4113452;686;405;384;21;3.1579
4113502;6678;3574;3592;-18;-0.2688
4113601;717;284;284;0;0.0
4113700;178795;113582;111250;2332;1.3215
4113734;1024;469;454;15;1.4866
4113759;502;209;187;22;4.5833
4113809;694;363;327;36;5.4711
4113908;3075;1226;1327;-101;-3.1801
4114005;1907;686;674;12;0.6332
4114104;4898;2927;2954;-27;-0.5482
4114203;13462;6478;6708;-230;-1.6798
4114302;5188;2924;2877;47;0.9142
4114351;404;265;255;10;2.5381
4114401;3601;2115;1652;463;14.7546
4114500;1882;781;802;-21;-1.1035
4114609;18884;11845;11675;170;0.9084
4114708;640;323;289;34;5.6106
4114807;10239;5498;5268;230;2.2979
4114906;1180;473;442;31;2.698
4115002;781;509;480;29;3.8564
4115101;653;330;296;34;5.4927
4115200;170741;108261;106297;1964;1.1637
4115309;1247;776;791;-15;-1.1886
4115358;1287;615;608;7;0.5469
4115408;3044;1849;1849;0;0.0
4115457;213;99;85;14;7.0352
4115507;854;256;237;19;2.2754
4115606;11924;5193;5025;168;1.4291
4115705;6262;4920;4827;93;1.5075
4115739;204;78;89;-11;-5.1163
4115754;1918;1034;1021;13;0.6824
4115804;21954;13305;13146;159;0.7295
4115853;991;531;519;12;1.2257
4115903;232;77;84;-7;-2.9289
4116000;317;58;55;3;0.9554
4116059;1424;714;677;37;2.6676
4116109;1630;536;494;42;2.6448
4116208;2164;1206;1283;-77;-3.436
4116307;340;206;221;-15;-4.2254
4116406;180;74;90;-16;-8.1633
4116505;172;181;271;-90;-34.3511
4116604;283;71;124;-53;-15.7738
4116703;3515;1686;1586;100;2.9283
4116802;595;179;161;18;3.1196
4116901;5358;2889;2801;88;1.6698
4116950;1210;635;582;53;4.5808
4117008;891;390;389;1;0.1124
4117057;731;367;384;-17;-2.2727
4117107;4202;1886;1957;-71;-1.6616
4117206;841;316;327;-11;-1.2911
4117214;309;130;103;27;9.5745
4117222;1940;1065;1047;18;0.9365
4117255;2056;1353;1190;163;8.6107
4117271;524;278;220;58;12.4464
4117297;529;229;213;16;3.1189
4117305;5964;2643;2544;99;1.688
4117404;215;86;124;-38;-15.0198
4117453;952;619;624;-5;-0.5225
4117503;7154;4336;4439;-103;-1.4193
4117602;12327;8036;7841;195;1.6073
4117701;8369;4619;4459;160;1.9491
4117800;1277;736;739;-3;-0.2344
4117909;20123;8967;8914;53;0.2641
4118006;5180;2245;2234;11;0.2128
4118105;2349;920;907;13;0.5565
4118204;38061;19533;19184;349;0.9254
4118303;337;150;109;41;13.8514
4118402;24054;12761;12685;76;0.317
4118451;1317;724;708;16;1.2298
4118501;35286;24838;24016;822;2.3851
4118600;1160;591;596;-5;-0.4292
4118709;848;304;311;-7;-0.8187
4118808;1640;798;768;30;1.8634
4118857;916;463;434;29;3.2694
4118907;1732;902;822;80;4.8426
4119004;720;280;258;22;3.1519
4119103;2760;1629;1492;137;5.223
4119152;52860;32388;32469;-81;-0.153
4119202;688;305;362;-57;-7.651
4119251;347;235;247;-12;-3.3426
4119301;3168;2015;1917;98;3.1922
4119400;4687;2732;2655;77;1.6703
4119509;9353;6543;6503;40;0.4295
4119608;5956;2882;2840;42;0.7102
4119657;306;154;173;-19;-5.8462
4119707;837;357;337;20;2.448
4119806;2109;1201;1177;24;1.1511
4119905;107629;67705;66817;888;0.8319
4119954;4008;3068;3064;4;0.0999
4120002;1542;457;501;-44;-2.7743
4120101;1219;990;1280;-290;-19.218
4120150;187;81;81;0;0.0
4120200;741;548;454;94;14.5286
4120309;678;522;291;231;51.6779
4120333;911;283;257;26;2.9379
4120358;1226;483;548;-65;-5.0349
4120408;573;279;236;43;8.1132
4120507;1250;435;479;-44;-3.4003
4120606;8070;4111;4105;6;0.0744
4120655;660;247;244;3;0.4566
4120705;1386;689;670;19;1.3899
4120804;10671;5250;4996;254;2.4383
4120853;1300;789;706;83;6.82
4120903;4963;3103;3006;97;1.9934
4121000;1188;448;458;-10;-0.8347
4121109;515;165;172;-7;-1.341
4121208;1624;881;747;134;8.9933
4121257;221;119;148;-29;-11.6
4121307;302;63;59;4;1.3423
4121356;309;83;82;1;0.3247
4121406;4409;2555;2461;94;2.1784
4121505;1871;988;949;39;2.1288
4121604;1299;787;796;-9;-0.6881
4121703;3523;2003;1817;186;5.5739
4121752;637;438;560;-122;-16.0738
4121802;3139;1458;1303;155;5.1944
4121901;1570;742;623;119;8.2012
4122008;1988;1246;1231;15;0.7603
4122107;342;147;95;52;17.931
4122156;795;400;481;-81;-9.2466
4122172;322;90;93;-3;-0.9231
4122206;6201;3514;3186;328;5.5849
4122305;7394;4031;4074;-43;-0.5782
4122404;26147;14968;14699;269;1.0395
4122503;1476;613;643;-30;-1.992
4122602;3348;1590;1632;-42;-1.2389
4122651;507;201;202;-1;-0.1969
4122701;4041;3143;3016;127;3.2448
4122800;542;240;254;-14;-2.518
4122909;449;232;224;8;1.8141
4123006;2367;1625;1553;72;3.1373
4123105;241;119;149;-30;-11.0701
4123204;291;132;101;31;11.9231
4123303;1273;598;527;71;5.9068
4123402;2549;1347;1264;83;3.3658
4123501;5364;3002;2986;16;0.2992
4123600;85;42;18;24;39.3443
4123709;1253;485;515;-30;-2.3383
4123808;2440;1706;1654;52;2.1776
4123824;428;244;226;18;4.3902
4123857;809;635;573;62;8.2999
4123907;1434;821;829;-8;-0.5548
4123956;417;210;231;-21;-4.7945
4124004;600;257;259;-2;-0.3322
4124020;3041;1822;1621;201;7.0775
4124053;3274;1752;1725;27;0.8315
4124103;11356;5852;5957;-105;-0.9162
4124202;215;84;62;22;11.399
4124301;354;180;137;43;13.8264
4124400;4813;2947;2597;350;7.8423
4124509;4765;1405;1382;23;0.485
4124608;1893;770;775;-5;-0.2634
4124707;672;251;254;-3;-0.4444
4124806;4441;3447;3377;70;1.6015
4124905;730;459;442;17;2.3843
4125001;1302;523;483;40;3.1696
4125100;972;519;489;30;3.1847
4125209;2368;1555;1360;195;8.9738
4125308;793;293;276;17;2.1907
4125357;841;403;362;41;5.125
4125407;499;226;253;-27;-5.1331
4125456;395;251;207;44;12.5356
4125506;133251;76050;73690;2360;1.803
4125555;371;173;172;1;0.2703
4125605;8494;5007;5014;-7;-0.0823
4125704;8048;5510;4754;756;10.3675
4125753;896;575;549;26;2.9885
4125803;1836;889;859;30;1.6611
4125902;616;235;212;23;3.8786
4126009;794;279;295;-16;-1.9753
4126108;771;383;373;10;1.3141
4126207;1296;782;729;53;4.2639
4126256;13416;8372;8684;-312;-2.2727
4126272;904;487;470;17;1.9166
4126306;4130;1725;1845;-120;-2.8235
4126355;533;278;252;26;5.1282
4126405;799;391;386;5;0.6297
4126504;3528;1485;1573;-88;-2.4336
4126603;7565;4358;3944;414;5.7894
4126652;362;176;212;-36;-9.0452
4126678;1306;538;599;-61;-4.4623
4126702;815;340;283;57;7.5198
4126801;3874;1926;1946;-20;-0.5136
4126900;770;301;290;11;1.4493
4127007;1800;997;1001;-4;-0.2217
4127106;21269;11420;11178;242;1.1509
4127205;4952;2844;2737;107;2.2085
4127304;2827;1330;1179;151;5.6428
4127403;3052;1400;1334;66;2.2103
4127502;3498;1550;1537;13;0.373
4127601;2175;1101;926;175;8.75
4127700;64935;40497;37882;2615;4.1961
4127809;1344;683;557;126;10.3448
4127858;1486;847;819;28;1.9204
4127882;1246;782;735;47;3.9199
4127908;580;352;313;39;7.2089
4127957;1074;374;369;5;0.4677
4127965;2408;1513;1235;278;13.0516
4128005;8665;4390;4181;209;2.4716
4128104;35046;18856;18259;597;1.733
4128203;15408;8634;8667;-33;-0.2137
4128302;211;96;54;42;24.8521
4128401;1389;452;462;-10;-0.7148
4128500;3489;1857;1822;35;1.0133
4128534;2107;965;969;-4;-0.1895
4128559;991;518;455;63;6.7888
4128609;1410;704;709;-5;-0.3534
4128625;579;289;281;8;1.4011
4128633;409;278;247;31;8.2011
4128658;478;269;254;15;3.2397
4128708;2542;1698;1561;137;5.6965
4128807;604;282;263;19;3.2479
4200051;292;89;100;-11;-3.6304
4200101;4459;2632;2547;85;1.9433
4200200;3968;3122;2779;343;9.4621
4200309;1102;568;592;-24;-2.1314
4200408;1842;1487;1418;69;3.8917
4200507;445;157;207;-50;-10.101
4200556;619;303;306;-3;-0.4823
4200606;1254;571;559;12;0.9662
4200705;1271;1134;1251;-117;-8.4294
4200754;196;66;63;3;1.5544
4200804;982;333;403;-70;-6.654
4200903;518;235;299;-64;-10.9966
4201000;951;272;315;-43;-4.326
4201109;486;224;216;8;1.6736
4201208;3109;1492;1385;107;3.5643
4201257;2685;1617;1660;-43;-1.5762
4201273;1064;603;513;90;9.2402
4201307;20827;14126;14062;64;0.3082
4201406;17879;10915;11382;-467;-2.5455
4201505;2996;1656;1547;109;3.7755
4201604;833;371;367;4;0.4825
4201653;333;208;205;3;0.9091
4201703;2692;1688;1748;-60;-2.1802
4201802;394;259;258;1;0.2545
4201901;2237;1462;1481;-19;-0.8422
4201950;977;1030;1009;21;2.1967
4202008;53412;45201;44972;229;0.4306
4202057;1080;886;744;142;15.1386
4202073;1270;1121;1123;-2;-0.1572
4202081;327;210;169;41;14.3357
4202099;69;31;53;-22;-24.1758
4202107;10273;8522;8075;447;4.5492
4202131;299;195;206;-11;-3.5484
4202156;257;143;147;-4;-1.5326
4202206;3083;1323;1426;-103;-3.2329
4202305;19478;13750;13274;476;2.505
4202404;139840;86989;86805;184;0.1318
4202438;313;135;167;-32;-9.2754
4202453;5531;5558;5803;-245;-4.2417
4202503;891;1125;975;150;20.2429
4202537;463;282;256;26;5.9497
4202578;206;133;115;18;9.5745
4202602;1783;1313;1191;122;7.345
4202701;2798;1466;1354;112;4.1698
4202800;15314;9515;9444;71;0.4658
4202859;1146;405;417;-12;-1.0363
4202875;332;133;139;-6;-1.7751
4202909;56919;35971;34841;1130;2.0255
4203006;27758;16077;15850;227;0.8245
4203105;1861;1009;955;54;2.9884
4203154;443;441;437;4;0.9112
4203204;16425;14816;13863;953;6.1595
4203253;573;285;257;28;5.1376
4203303;6114;2896;3448;-552;-8.2808
4203402;1027;370;485;-115;-10.0701
4203501;2157;1129;1198;-69;-3.0997
4203600;12094;7042;7118;-76;-0.6245
4203709;3644;1777;1750;27;0.7465
4203808;13433;8103;7470;633;4.9453
4203907;10097;5599;5471;128;1.284
4203956;4562;3884;3816;68;1.5131
4204004;4095;2397;2412;-15;-0.365
4204103;658;398;302;96;17.0819
4204152;378;198;146;52;15.9509
4204178;133;39;51;-12;-8.2759
4204194;135;145;139;6;4.6512
4204202;109846;68711;67482;1229;1.1315
4204251;5478;2469;2496;-27;-0.4905
4204301;33732;19619;18944;675;2.0419
4204350;2304;1316;1382;-66;-2.7848
4204400;2163;1175;1192;-17;-0.7798
4204459;138;61;56;5;3.7594
4204509;5449;2946;3124;-178;-3.1633
4204558;3234;2095;1949;146;4.728
4204608;77692;45248;46276;-1028;-1.3059
4204707;3536;1833;1759;74;2.1375
4204756;280;85;107;-22;-7.2848
4204806;10536;5409;5507;-98;-0.9216
4204905;1159;516;529;-13;-1.1092
4205001;2631;1462;1401;61;2.3735
4205100;1364;930;824;106;8.4261
4205159;1096;500;486;14;1.2939
4205175;143;65;75;-10;-6.5359
4205191;607;314;395;-81;-11.7733
4205209;945;521;533;-12;-1.2539
4205308;3975;2032;2087;-55;-1.3648
4205357;394;170;172;-2;-0.5051
4205407;223836;144029;140837;3192;1.4467
4205431;252;126;115;11;4.5643
4205456;9102;6159;6107;52;0.5746
4205506;9905;10190;9599;591;6.3453
4205555;120;86;135;-49;-28.9941
4205605;376;146;147;-1;-0.2653
4205704;5743;4021;4310;-289;-4.7911
4205803;6362;4784;4411;373;6.2281
4205902;28739;19138;19450;-312;-1.074
4206009;7246;8122;6292;1830;33.7888
4206108;2041;1437;1373;64;3.2372
4206207;3031;1686;1622;64;2.1571
4206306;7841;4644;4569;75;0.9657
4206405;2357;1162;1163;-1;-0.0424
4206504;17346;11507;11226;281;1.6466
4206603;1196;678;660;18;1.528
4206652;6102;3720;3093;627;11.4521
4206702;3724;1602;1630;-28;-0.7463
4206751;249;139;140;-1;-0.4
4206801;644;310;289;21;3.3708
4206900;6119;3435;3581;-146;-2.3304
4207007;22941;14797;14182;615;2.7546
4207106;4290;2831;2885;-54;-1.2431
4207205;993;702;625;77;8.4061
4207304;13621;8726;8607;119;0.8814
4207403;794;761;797;-36;-4.3373
4207502;25077;16134;16886;-752;-2.9115
4207577;881;493;483;10;1.1481
4207601;387;172;166;6;1.5748
4207650;1989;961;893;68;3.5398
4207684;1478;1548;1488;60;4.2313
4207700;3097;1377;1538;-161;-4.9417
4207759;452;237;200;37;8.9157
4207809;1901;1166;1141;25;1.3326
4207858;303;182;182;0;0.0
4207908;1003;514;504;10;1.007
4208005;1599;844;807;37;2.3688
4208104;4740;2349;2260;89;1.9136
4208203;132036;99648;95308;4340;3.3987
4208302;28047;26234;25701;533;1.9372
4208401;7646;3302;3297;5;0.0654
4208450;7483;4921;4402;519;7.4526
4208500;7821;8066;7975;91;1.1772
4208609;772;398;464;-66;-7.8759
4208708;2090;921;950;-29;-1.3686
4208807;7503;5493;5250;243;3.3471
4208906;74977;38033;37803;230;0.3077
4208955;186;89;94;-5;-2.6178
4209003;15840;8472;8126;346;2.2331
4209102;247004;170797;167202;3595;1.4769
4209151;939;510;454;56;6.342
4209177;250;110;113;-3;-1.1858
4209201;607;328;309;19;3.2313
4209300;48599;25358;24943;415;0.8613
4209409;6862;4717;4552;165;2.4638
4209458;162;87;79;8;5.1948
4209508;1996;1081;1083;-2;-0.1001
4209607;3506;2250;2506;-256;-6.8049
4209706;1430;2230;2208;22;1.5625
4209805;254;125;121;4;1.6
4209854;573;246;248;-2;-0.3478
4209904;3384;2266;2251;15;0.4452
4210001;5104;2785;2950;-165;-3.1315
4210035;1807;988;884;104;6.1069
4210050;190;129;143;-14;-6.8627
4210100;13037;7636;8341;-705;-5.1303
4210209;484;305;274;31;6.8433
4210308;958;722;680;42;4.5852
4210407;1978;1451;1428;23;1.1765
4210506;11073;7125;6849;276;2.5563
4210555;185;85;72;13;7.5581
4210605;5021;2691;2755;-64;-1.2586
4210704;234;172;186;-14;-5.6452
4210803;1607;919;994;-75;-4.459
4210852;418;288;302;-14;-3.2407
4210902;948;454;447;7;0.7439
4211009;3112;1749;1624;125;4.1848
4211058;1730;2316;2323;-7;-0.403
4211108;975;545;544;1;0.1027
4211207;6568;3733;3677;56;0.86
4211256;326;146;151;-5;-1.5106
4211306;30312;24214;20881;3333;12.3541
4211405;1206;769;624;145;13.6664
4211454;742;361;304;57;8.3212
4211504;6963;6252;6567;-315;-4.3281
4211603;7905;4342;4290;52;0.6622
4211652;387;196;195;1;0.2591
4211702;8933;4949;4725;224;2.5721
4211751;6848;3992;3589;403;6.2529
4211801;1091;764;728;36;3.4123
4211850;194;113;114;-1;-0.5128
4211876;170;77;79;-2;-1.1628
4211892;323;286;268;18;5.9016
4211900;62426;43123;40346;2777;4.6556
4212007;1502;727;713;14;0.9409
4212056;780;295;288;7;0.9056
4212106;6356;3174;2857;317;5.2492
4212205;4116;2535;2458;77;1.9064
4212239;881;536;458;78;9.7136
4212254;1431;1201;1167;34;2.4338
4212270;694;458;444;14;2.0588
4212304;2502;1853;1782;71;2.9206
4212403;1777;1018;880;138;8.4198
4212502;11570;9407;9353;54;0.4689
4212601;679;324;307;17;2.568
4212650;813;809;725;84;11.5226
4212700;1044;766;759;7;0.675
4212809;6589;5590;5468;122;1.8865
4212908;9294;5419;5069;350;3.9132
4213005;1685;1079;1099;-20;-1.173
4213104;1525;877;793;84;5.8293
4213153;533;304;313;-9;-1.6605
4213203;15936;7819;7925;-106;-0.6608
4213302;791;474;460;14;1.8018
4213351;716;398;398;0;0.0
4213401;2109;1361;1409;-48;-2.2253
4213500;11793;12037;11302;735;6.6468
4213609;7316;4258;4487;-229;-3.0351
4213708;5329;3412;3408;4;0.0751
4213807;1624;854;854;0;0.0
4213906;144;69;81;-12;-7.6923
4214003;8367;4839;4866;-27;-0.3217
4214102;222;180;178;2;0.9091
4214151;697;306;331;-25;-3.4626
4214201;3624;1721;1517;204;5.9649
4214300;602;257;256;1;0.1664
4214409;1255;1077;1055;22;1.7843
4214508;1017;552;573;-21;-2.0231
4214607;1525;933;877;56;3.8121
4214706;3561;1801;1867;-66;-1.8197
4214805;33107;20265;19167;1098;3.4303
4214904;1285;544;507;37;2.9647
4215000;12665;7480;7830;-350;-2.6892
4215059;262;199;179;20;8.2645
4215075;811;445;458;-13;-1.5777
4215109;2508;1234;1333;-99;-3.7975
4215208;206;58;68;-10;-4.6296
4215307;2158;929;1014;-85;-3.7896
4215356;407;221;225;-4;-0.9732
4215406;1883;995;942;53;2.8962
4215455;5036;3156;3217;-61;-1.1968
4215505;5382;4093;4151;-58;-1.0662
4215554;430;207;178;29;7.2319
4215604;312;140;135;5;1.6287
4215653;1118;635;654;-19;-1.6711
4215679;608;339;358;-19;-3.0303
4215687;158;88;92;-4;-2.4691
4215695;154;70;65;5;3.3557
4215703;9898;7360;5955;1405;16.543
4215752;315;220;186;34;12.0996
4215802;28276;15287;15299;-12;-0.0424
4215901;493;240;236;4;0.818
4216008;2818;1507;1497;10;0.3561
4216057;1536;937;1008;-71;-4.4182
4216107;1506;649;677;-28;-1.8253
4216206;12514;7167;7252;-85;-0.6747
4216255;1662;831;756;75;4.7259
4216305;9238;6183;6381;-198;-2.0983
4216354;2014;1359;1253;106;5.5556
4216404;1134;654;657;-3;-0.2639
4216503;7597;9064;8773;291;3.983
4216602;138773;91835;89947;1888;1.3793
4216701;2784;1541;1504;37;1.3469
4216800;936;237;219;18;1.9608
4216909;10964;6113;5531;582;5.6059
4217006;6592;4183;3936;247;3.8928
4217105;852;374;318;56;7.0352
4217154;84;36;39;-3;-3.4483
4217204;16852;9398;9173;225;1.3532
4217253;867;441;446;-5;-0.5734
4217303;2807;978;1160;-182;-6.089
4217402;5301;2907;2946;-39;-0.7303
4217501;7867;3981;3949;32;0.4084
4217550;654;235;262;-27;-3.9648
4217600;3760;1487;1847;-360;-8.7379
4217709;8391;5885;5353;532;6.7693
4217758;265;108;118;-10;-3.6364
4217808;5053;2574;2577;-3;-0.0593
4217907;2646;1643;1538;105;4.1322
4217956;158;54;52;2;1.2821
4218004;21289;16048;15299;749;3.6465
4218103;665;316;318;-2;-0.2999
4218202;19029;10969;10935;34;0.179
4218251;1260;687;755;-68;-5.1205
4218301;6558;3149;3062;87;1.3445
4218350;1227;332;359;-27;-2.1531
4218400;2339;1608;1542;66;2.9037
4218509;4903;3022;2747;275;5.9421
4218608;2033;955;956;-1;-0.0492
4218707;42701;28359;27946;413;0.9766
4218756;1126;695;609;86;8.2692
4218806;4171;2081;2088;-7;-0.1675
4218855;270;159;155;4;1.5038
4218905;1985;1521;1409;112;5.9797
4218954;418;650;591;59;16.4345
4219002;7023;3831;3833;-2;-0.0285
4219101;1316;1029;929;100;8.2237
4219150;211;85;89;-4;-1.8605
4219176;1794;661;615;46;2.6316
4219200;886;622;550;72;8.8452
4219309;24183;15646;15180;466;1.9648
4219358;786;421;425;-4;-0.5063
4219408;1363;710;680;30;2.2506
4219507;15605;9743;9687;56;0.3602
4219606;546;283;247;36;7.0588
4219705;12741;7519;7300;219;1.7489
4219853;181;134;138;-4;-2.1622
4220000;3339;2347;1977;370;12.4621
4300034;1114;491;445;46;4.3071
4300059;616;311;287;24;4.0541
4300109;2327;992;1061;-69;-2.8798
4300208;1172;571;579;-8;-0.678
4300307;405;133;127;6;1.5038
4300406;12643;5173;5151;22;0.1743
4300455;255;115;112;3;1.1905
4300471;719;519;401;118;19.6339
4300505;617;226;256;-30;-4.6368
4300554;131;39;38;1;0.7692
4300570;754;281;286;-5;-0.6588
4300604;17746;11275;11149;126;0.7151
4300638;163;48;42;6;3.8217
4300646;1269;611;575;36;2.9197
4300661;174;78;90;-12;-6.4516
4300703;1349;591;566;25;1.8882
4300802;3985;1984;1915;69;1.762
4300851;448;185;194;-9;-1.9694
4300877;2515;1496;1349;147;6.2078
4300901;1042;388;359;29;2.8628
4301008;8187;4305;4194;111;1.3744
4301057;1278;1095;1058;37;2.9815
4301073;144;46;49;-3;-2.0408
4301107;1401;545;595;-50;-3.4459
4301206;1626;671;636;35;2.1999
4301305;2317;1125;1056;69;3.0694
4301404;1586;758;766;-8;-0.5019
4301503;1020;402;406;-4;-0.3906
4301552;244;63;77;-14;-5.4264
4301602;17491;6448;6762;-314;-1.7635
4301636;1224;845;749;96;8.5106
4301651;2004;882;816;66;3.4056
4301701;1318;605;626;-21;-1.5683
4301750;226;94;110;-16;-6.6116
4301800;484;171;155;16;3.4188
4301859;122;54;48;6;5.1724
4301875;843;580;591;-11;-1.2881
4301909;2341;1317;1280;37;1.6059
4301925;124;62;84;-22;-15.0685
4301958;804;521;470;51;6.7729
4302006;725;316;257;59;8.8589
4302055;71;21;18;3;4.4118
4302105;45365;28279;27806;473;1.0536
4302154;230;97;107;-10;-4.1667
4302204;1591;735;709;26;1.6613
4302220;358;156;133;23;6.8657
4302238;248;132;140;-8;-3.125
4302253;676;524;504;20;3.0488
4302303;2755;5761;5796;-35;-1.2545
4302352;6056;2712;2670;42;0.6984
4302378;180;81;76;5;2.8571
4302402;3105;1559;1660;-101;-3.1503
4302451;408;158;175;-17;-4.0
4302501;747;309;336;-27;-3.4884
4302584;113;43;56;-13;-10.3175
4302600;186;54;55;-1;-0.5348
4302659;626;251;330;-79;-11.2057
4302709;3954;2025;1543;482;13.8825
4302808;5572;2165;2204;-39;-0.6951
4302907;1237;499;578;-79;-6.003
4303004;13769;5664;5833;-169;-1.2125
4303103;40545;27944;27681;263;0.6529
4303202;242;85;93;-8;-3.2
4303301;818;224;215;9;1.1125
4303400;318;116;109;7;2.2508
4303509;11254;4613;4794;-181;-1.5829
4303558;716;343;209;134;23.0241
4303608;1166;593;601;-8;-0.6814
4303673;354;413;415;-2;-0.5618
4303707;627;217;200;17;2.7869
4303806;719;273;270;3;0.419
4303905;21914;11188;12063;-875;-3.8396
4304002;1003;422;449;-27;-2.6214
4304101;386;142;149;-7;-1.7812
4304200;5236;2953;2991;-38;-0.7205
4304309;1068;302;418;-116;-9.7973
4304358;2474;810;792;18;0.7329
4304408;10408;9149;8808;341;3.3873
4304507;4608;1866;1848;18;0.3922
4304606;91417;55238;53106;2132;2.3879
4304614;165;39;36;3;1.8519
4304622;215;118;136;-18;-7.7253
4304630;12313;9990;9859;131;1.0754
4304655;355;158;166;-8;-2.2039
4304663;3101;1732;1719;13;0.421
4304671;1227;670;670;0;0.0
4304689;1070;573;605;-32;-2.9038
4304697;383;200;166;34;9.7421
4304705;14638;7339;7838;-499;-3.2966
4304713;816;378;396;-18;-2.1583
4304804;14855;5631;5143;488;3.3967
4304853;38;8;6;2;5.5556
4304903;3149;1432;1449;-17;-0.537
4304952;384;178;152;26;7.2626
4305009;1078;444;425;19;1.7941
4305108;172700;96460;94961;1499;0.8756
4305116;159;54;77;-23;-12.6374
4305124;286;92;80;12;4.3796
4305132;226;106;86;20;9.7087
4305157;115;38;41;-3;-2.5424
4305173;875;360;354;6;0.6904
4305207;3150;1325;1322;3;0.0953
4305306;1855;690;950;-260;-12.2931
4305355;5764;2469;2752;-283;-4.68
4305371;173;75;52;23;15.3333
4305405;747;307;309;-2;-0.267
4305439;2022;1503;1384;119;6.2533
4305447;204;93;89;4;2.0
4305454;1103;893;923;-30;-2.6478
4305504;575;366;306;60;11.6505
4305587;301;136;136;0;0.0
4305603;375;138;141;-3;-0.7937
4305702;1861;995;1195;-200;-9.704
4305801;1919;860;855;5;0.2612
4305835;44;10;8;2;4.7619
4305850;167;67;88;-21;-11.1702
4305871;339;122;121;1;0.2959
4305900;745;284;287;-3;-0.4011
4305934;91;208;214;-6;-6.1856
4305959;714;486;478;8;1.1331
4305975;744;330;336;-6;-0.8
4306007;2085;791;867;-76;-3.5169
4306056;927;358;568;-210;-18.4697
4306072;90;44;58;-14;-13.4615
4306106;12592;6235;6245;-10;-0.0794
4306130;66;23;17;6;10.0
4306205;2845;1334;1238;96;3.4922
4306304;368;110;145;-35;-8.6849
4306320;264;192;154;38;16.8142
4306353;75;22;27;-5;-6.25
4306379;297;121;111;10;3.4843
4306403;11155;4299;4795;-496;-4.2571
4306429;248;102;107;-5;-1.9763
4306452;561;265;286;-21;-3.6082
4306502;705;261;274;-13;-1.8106
4306551;209;150;177;-27;-11.4407
4306601;6128;2804;2900;-96;-1.5424
4306700;210;73;86;-13;-5.8296
4306734;361;160;158;2;0.5571
4306759;226;83;110;-27;-10.6719
4306767;14953;5394;5723;-329;-2.1529
4306809;8044;4051;3982;69;0.8652
4306908;3626;2322;2327;-5;-0.1377
4306924;78;30;23;7;9.8592
4306932;1464;767;773;-6;-0.4082
4306957;200;123;110;13;6.9519
4306973;207;85;76;9;4.5455
4307005;42863;24676;23430;1246;2.994
4307054;363;151;194;-43;-10.5911
4307104;470;147;134;13;2.8446
4307203;588;267;249;18;3.1579
4307302;635;269;239;30;4.9587
4307401;402;357;433;-76;-15.8996
4307450;266;118;88;30;12.7119
4307500;3234;1461;1433;28;0.8734
4307559;2084;1048;935;113;5.7331
4307609;13118;7382;7933;-551;-4.031
4307708;19853;11751;12088;-337;-1.6691
4307807;11767;6968;6829;139;1.1954
4307815;256;73;94;-21;-7.5812
4307831;295;148;131;17;6.1151
4307864;429;218;236;-18;-4.0268
4307906;27859;15641;15568;73;0.2627
4308003;1385;569;549;20;1.4652
4308052;165;57;52;5;3.125
4308078;911;845;795;50;5.8072
4308102;3772;1848;1884;-36;-0.9454
4308201;13267;8730;8726;4;0.0302
4308250;62;20;19;1;1.6393
4308300;972;416;414;2;0.2062
4308409;603;237;233;4;0.6678
4308433;182;53;61;-8;-4.2105
4308458;603;216;254;-38;-5.9282
4308508;9844;5152;4915;237;2.467
4308607;17214;11733;11402;331;1.9606
4308656;244;69;80;-11;-4.3137
4308706;737;252;333;-81;-9.9022
4308805;407;184;186;-2;-0.489
4308854;235;167;163;4;1.7316
4308904;4099;1671;1654;17;0.4165
4309001;2548;989;1008;-19;-0.7402
4309050;1814;831;783;48;2.718
4309100;20960;15152;14998;154;0.7402
4309126;99;61;70;-9;-8.3333
4309159;218;156;141;15;7.3892
4309209;61698;35154;34473;681;1.1161
4309258;229;89;106;-17;-6.9106
4309308;17959;9880;10690;-810;-4.3156
4309407;8046;3620;4463;-843;-9.4836
4309506;1319;881;556;325;32.6962
4309555;1599;750;730;20;1.2666
4309571;98;42;42;0;0.0
4309605;5055;1642;1875;-233;-4.4062
4309654;2140;641;583;58;2.7858
4309704;756;316;319;-3;-0.3953
4309753;178;105;89;16;9.8765
4309803;592;274;265;9;1.5437
4309902;1019;366;343;23;2.3092
4309951;254;84;98;-14;-5.2239
4310009;6707;2765;3170;-405;-5.6946
4310108;12098;6691;7160;-469;-3.732
4310207;24952;14065;13714;351;1.4268
4310306;600;220;225;-5;-0.8264
4310330;2985;2782;2707;75;2.5773
4310363;1210;456;476;-20;-1.626
4310405;1007;398;380;18;1.82
4310413;104;38;35;3;2.9703
4310439;1142;1031;973;58;5.3506
4310462;164;46;42;4;2.5
4310504;684;449;450;-1;-0.146
4310538;1066;357;321;36;3.4951
4310553;255;122;100;22;9.4421
4310579;54;24;26;-2;-3.5714
4310603;7117;3063;3245;-182;-2.4935
4310652;212;58;38;20;10.4167
4310702;179;173;167;6;3.4682
4310751;83;19;22;-3;-3.4884
4310801;7860;4217;4195;22;0.2807
4310850;270;108;100;8;3.0534
4310876;151;52;58;-6;-3.8217
4310900;547;202;219;-17;-3.0142
4311007;3932;1671;1646;25;0.6399
4311106;1180;368;417;-49;-3.987
4311122;660;418;377;41;6.6236
4311130;326;171;162;9;2.8391
4311155;654;284;282;2;0.3067
4311205;2892;1219;1248;-29;-0.9928
4311239;52;24;36;-12;-18.75
4311254;146;70;60;10;7.3529
4311270;174;61;77;-16;-8.4211
4311304;5831;3254;3514;-260;-4.2686
4311403;41241;25290;24424;866;2.1449
4311429;118;76;55;21;21.6495
4311502;916;380;366;14;1.5521
4311601;338;102;111;-9;-2.5937
4311627;2109;1144;1278;-134;-5.9741
4311643;139;54;68;-14;-9.1503
4311700;679;375;361;14;2.1053
4311718;497;315;341;-26;-4.9713
4311734;222;210;177;33;17.4603
4311759;611;274;286;-12;-1.9262
4311775;804;422;473;-51;-5.9649
4311791;211;160;138;22;11.6402
4311809;17500;9676;9298;378;2.2077
4311908;552;202;229;-27;-4.6632
4311981;220;131;121;10;4.7619
4312005;170;70;69;1;0.5917
4312054;538;305;281;24;4.6693
4312104;390;150;127;23;6.267
4312138;214;97;94;3;1.4218
4312153;1193;984;942;42;3.649
4312179;87;36;36;0;0.0
4312203;418;133;123;10;2.451
4312252;1336;714;603;111;9.0612
4312302;2135;2235;1746;489;29.7084
4312351;322;138;106;32;11.0345
4312377;279;531;478;53;23.4513
4312385;313;929;907;22;7.5601
4312401;19612;10823;10955;-132;-0.6686
4312427;209;66;64;2;0.9662
4312443;209;98;88;10;5.0251
4312450;459;669;728;-59;-11.39
4312476;1806;1128;1079;49;2.7888
4312500;2507;1395;1327;68;2.788
4312609;1972;801;1014;-213;-9.7483
4312617;693;1183;1177;6;0.8734
4312625;125;102;88;14;12.6126
4312658;8676;2879;3979;-1100;-11.252
4312674;180;73;73;0;0.0
4312708;1816;809;791;18;1.0011
4312757;1009;436;382;54;5.6545
4312807;1950;1211;1113;98;5.2916
4312906;3766;2193;1945;248;7.0495
4312955;642;318;335;-17;-2.5797
4313003;515;260;246;14;2.7944
4313011;756;227;250;-23;-2.9525
4313037;1490;555;588;-33;-2.1668
4313060;6968;3169;3366;-197;-2.7495
4313086;353;808;772;36;11.3565
4313102;798;271;304;-33;-3.9711
4313201;6368;2931;2979;-48;-0.7481
4313300;8114;3352;3449;-97;-1.1813
4313334;200;99;100;-1;-0.4975
4313359;440;175;192;-17;-3.7199
4313375;10718;6104;5916;188;1.7854
4313391;320;149;137;12;3.8961
4313409;74449;42569;43743;-1174;-1.5524
4313425;189;57;66;-9;-4.5455
4313441;119;32;46;-14;-10.5263
4313466;98;30;36;-6;-5.7692
4313490;279;129;120;9;3.3333
4313508;10847;6450;6489;-39;-0.3583
4313607;399;135;135;0;0.0
4313656;1477;705;769;-64;-4.1531
4313706;5308;2387;2375;12;0.2266
4313805;1194;603;539;64;5.6637
4313904;13975;5764;6550;-786;-5.3248
4313953;2503;1021;1131;-110;-4.2097
4314001;3139;1592;1547;45;1.4544
4314027;515;302;314;-12;-2.277
4314035;675;338;326;12;1.81
4314050;15143;7553;8015;-462;-2.9606
4314068;127;87;70;17;15.4545
4314076;1068;616;673;-57;-5.0667
4314100;76688;45916;45687;229;0.2995
4314134;567;239;216;23;4.2279
4314159;1638;1081;983;98;6.3636
4314175;237;89;91;-2;-0.8368
4314209;1056;629;672;-43;-3.9126
4314308;489;154;170;-16;-3.1683
4314407;65358;32824;32777;47;0.072
4314423;1649;504;929;-425;-20.4918
4314456;878;455;404;51;6.1669
4314464;282;134;132;2;0.7143
4314472;223;62;70;-8;-3.4632
4314498;493;182;171;11;2.2822
4314506;1265;749;726;23;1.8519
4314548;324;1148;1118;30;10.2041
4314555;108;34;28;6;5.8824
4314605;1903;736;909;-173;-8.3333
4314704;1382;527;624;-97;-6.5585
4314753;287;141;147;-6;-2.0478
4314779;396;178;191;-13;-3.1785
4314787;104;30;40;-10;-8.7719
4314803;10155;5373;5414;-41;-0.4021
4314902;553929;292622;287576;5046;0.9193
4315008;339;93;87;6;1.8018
4315057;219;135;82;53;31.9277
4315073;64;28;28;0;0.0
4315107;1332;775;748;27;2.069
4315131;235;115;92;23;10.8491
4315149;2456;1505;1657;-152;-5.8282
4315156;622;323;322;1;0.161
4315172;260;224;234;-10;-3.7037
4315206;459;144;142;2;0.4376
4315305;3557;1840;1782;58;1.6576
4315313;142;70;69;1;0.7092
4315321;215;99;94;5;2.381
4315354;634;262;285;-23;-3.5008
4315404;413;201;170;31;8.1152
4315453;140;51;52;-1;-0.7092
4315503;2544;1295;1359;-64;-2.454
4315552;90;29;26;3;3.4483
4315602;40707;19953;20229;-276;-0.6734
4315701;5031;2595;2734;-139;-2.6886
4315750;1280;460;456;4;0.3135
4315800;2653;1648;1647;1;0.0377
4315909;1686;818;671;147;9.5517
4315958;195;76;69;7;3.7234
4316006;7253;3952;4030;-78;-1.064
4316105;1353;647;667;-20;-1.4567
4316204;560;248;211;37;7.0746
4316303;626;212;208;4;0.6431
4316402;5553;2010;2103;-93;-1.6472
4316428;211;130;135;-5;-2.3148
4316436;290;87;115;-28;-8.805
4316451;1368;669;673;-4;-0.2915
4316477;759;417;383;34;4.6897
4316501;2560;1250;1085;165;6.8894
4316600;5824;4087;3453;634;12.2158
4316709;1515;510;527;-17;-1.1097
4316733;120;53;44;9;8.1081
4316758;2090;1568;1527;41;2.001
4316808;50673;36150;34581;1569;3.1953
4316907;62983;32134;32724;-590;-0.9281
4316956;1422;465;562;-97;-6.3858
4316972;385;179;152;27;7.5419
4317004;389;151;142;9;2.3684
4317103;14121;7374;7175;199;1.4294
4317202;25431;14627;14207;420;1.6793
4317251;105;200;216;-16;-13.2231
4317301;5603;3019;3153;-134;-2.3357
4317400;7991;3483;3583;-100;-1.2359
4317509;18605;9169;9290;-121;-0.6462
4317558;318;143;143;0;0.0
4317608;10750;5980;5939;41;0.3829
4317707;1282;470;420;50;4.0584
4317756;374;170;214;-44;-10.5263
4317806;2940;1355;1351;4;0.1362
4317905;3785;1475;1320;155;4.27
4317954;92;29;30;-1;-1.0753
4318002;11462;5556;5369;187;1.6585
4318051;407;170;169;1;0.2463
4318101;1535;535;563;-28;-1.7914
4318200;4858;4496;4715;-219;-4.3136
4318309;9175;3260;3452;-192;-2.0497
4318408;3306;1172;1219;-47;-1.4017
4318424;605;240;158;82;15.6788
4318432;673;297;320;-23;-3.3046
4318440;291;136;179;-43;-12.8743
4318457;129;47;39;8;6.6116
4318465;266;133;184;-51;-16.0883
4318481;767;387;410;-23;-2.9114
4318499;572;144;242;-98;-14.6269
4318507;2636;1377;1477;-100;-3.655
4318606;1469;579;545;34;2.3693
4318614;386;213;198;15;4.0431
4318622;1089;1376;1409;-33;-2.9412
4318705;56432;27446;28530;-1084;-1.8847
4318804;5249;2024;1993;31;0.5941
4318903;6699;3023;2888;135;2.0567
4319000;8021;4138;4286;-148;-1.8117
4319109;1042;447;413;34;3.373
4319125;175;68;69;-1;-0.5682
4319158;1139;499;496;3;0.2641
4319208;338;106;103;3;0.8955
4319307;507;166;164;2;0.396
4319356;716;397;406;-9;-1.2414
4319364;84;19;17;2;2.439
4319372;662;255;261;-6;-0.8982
4319406;1660;661;652;9;0.5451
4319505;6792;3622;3684;-62;-0.9046
4319604;3186;1201;1228;-27;-0.8403
4319703;624;305;211;94;17.7358
4319711;427;300;279;21;5.1724
4319737;56;34;32;2;3.7037
4319752;532;187;209;-22;-3.9711
4319802;1013;392;420;-28;-2.6897
4319901;21220;12589;13211;-622;-2.8477
4320008;22044;13002;12899;103;0.4694
4320107;7538;3482;3375;107;1.4399
4320206;4192;1803;1846;-43;-1.0153
4320230;212;125;105;20;10.4167
4320263;271;82;86;-4;-1.4545
4320305;833;277;290;-13;-1.5366
4320321;186;53;75;-22;-10.5769
4320354;548;212;183;29;5.5877
4320404;6394;3273;3262;11;0.1723
4320453;141;57;59;-2;-1.3986
4320503;623;238;217;21;3.4884
4320552;643;199;219;-20;-3.0166
4320578;73;31;31;0;0.0
4320602;353;105;119;-14;-3.8147
4320651;200;81;70;11;5.8201
4320677;643;276;280;-4;-0.6182
4320701;2260;1018;1112;-94;-3.9932
4320800;8446;4599;4949;-350;-3.9791
4320859;785;462;468;-6;-0.7585
4320909;9992;6251;5700;551;5.8362
4321006;2250;994;1083;-89;-3.805
4321105;1843;874;943;-69;-3.6088
4321204;10426;5506;5777;-271;-2.5334
4321303;5296;2632;2816;-184;-3.3577
4321329;359;116;126;-10;-2.71
4321352;336;194;193;1;0.2985
4321402;2946;1371;1335;36;1.2371
4321436;1862;1127;1069;58;3.2151
4321451;11057;6073;5958;115;1.051
4321469;576;251;254;-3;-0.5181
4321477;297;88;95;-7;-2.3026
4321493;150;68;56;12;8.6957
4321501;9756;7476;7267;209;2.1892
4321600;8245;6210;6086;124;1.5269
4321626;401;234;203;31;8.3784
4321634;586;435;416;19;3.351
4321667;2973;1841;1743;98;3.4087
4321709;7081;3962;3988;-26;-0.3658
4321808;6127;2512;2676;-164;-2.6069
4321832;106;51;53;-2;-1.8519
4321857;515;194;182;12;2.3857
4321907;6447;2775;2925;-150;-2.2738
4321956;2597;1339;1402;-63;-2.3684
4322004;16433;9376;7833;1543;10.3627
4322103;697;190;213;-23;-3.1944
4322152;164;52;49;3;1.8634
4322186;72;26;22;4;5.8824
4322202;3548;1565;1577;-12;-0.3371
4322251;3395;1431;1466;-35;-1.0204
4322301;1148;530;580;-50;-4.1736
4322327;316;140;170;-30;-8.6705
4322343;101;24;27;-3;-2.8846
4322350;89;65;80;-15;-14.4231
4322376;120;52;59;-7;-5.5118
4322400;20485;9749;9909;-160;-0.775
4322509;21408;32422;31973;449;2.1423
4322525;254;102;103;-1;-0.3922
4322533;517;217;189;28;5.726
4322541;1387;569;577;-8;-0.5735
4322558;205;128;188;-60;-22.6415
4322608;21792;17409;16182;1227;5.9664
4322707;4858;3214;3433;-219;-4.3136
4322806;7397;3330;3300;30;0.4072
4322855;298;150;149;1;0.3367
4322905;302;97;78;19;6.7138
4323002;22273;14733;13784;949;4.4504
4323101;344;78;68;10;2.994
4323200;488;191;244;-53;-9.7967
4323309;1452;683;655;28;1.9663
4323358;371;214;173;41;12.4242
4323408;2416;1680;1462;218;9.9181
4323457;447;159;167;-8;-1.7582
4323507;363;174;158;16;4.611
4323606;128;58;58;0;0.0
4323705;387;153;143;10;2.6525
4323754;147;50;46;4;2.7972
4323770;1490;915;894;21;1.4295
4323804;4381;3580;3523;57;1.3182
5000203;7305;5880;5948;-68;-0.9223
5000252;803;471;441;30;3.881
5000609;5569;2599;2661;-62;-1.101
5000708;3322;1596;1464;132;4.1379
5000807;2291;1078;1106;-28;-1.2074
5000856;6848;1537;1597;-60;-0.8686
5000906;880;375;343;32;3.7736
5001003;12148;7615;7098;517;4.445
5001102;6615;3574;3518;56;0.8538
5001243;1419;755;1015;-260;-15.4854
5001508;1764;976;923;53;3.0976
5001904;7567;4656;4494;162;2.1877
5002001;3029;1909;1738;171;5.9832
5002100;3046;1170;1227;-57;-1.8369
5002159;1320;716;653;63;5.0119
5002209;6422;4604;4524;80;1.2614
5002308;3050;1561;1668;-107;-3.3893
5002407;7051;2902;2785;117;1.6873
5002605;2571;1319;1286;33;1.3002
5002704;236453;145304;144926;378;0.1601
5002803;744;331;328;3;0.4049
5002902;4309;2950;2667;283;7.0293
5002951;11307;8539;7781;758;7.1855
5003108;1110;947;926;21;1.9284
5003157;636;333;299;34;5.6478
5003207;19425;9819;9785;34;0.1753
5003256;6761;4285;4411;-126;-1.8295
5003306;5652;2845;3014;-169;-2.9033
5003454;2038;1503;1320;183;9.8652
5003488;1414;587;626;-39;-2.6841
5003504;531;274;232;42;8.589
5003702;67578;40611;38780;1831;2.7849
5003751;2645;1584;1569;15;0.5703
5003801;3535;1781;1639;142;4.1851
5003900;883;642;584;58;7.0303
5004007;1162;618;545;73;6.7034
5004106;1472;726;672;54;3.8082
5004304;2673;1411;1508;-97;-3.5018
5004403;13216;13797;9146;4651;54.3024
5004502;3019;1453;1367;86;2.9322
5004601;5381;3142;3053;89;1.6818
5004700;4551;3251;3139;112;2.5231
5004809;216;82;66;16;8.0
5004908;1295;780;705;75;6.1475
5005004;3787;1870;1852;18;0.4776
5005103;992;626;590;36;3.7657
5005152;656;361;319;42;6.8404
5005202;950;406;441;-35;-3.5533
5005251;1597;696;680;16;1.012
5005400;10872;5374;5258;116;1.0785
5005608;3786;1976;1857;119;3.2452
5005681;3515;2418;2052;366;11.6227
5005707;12201;7339;7258;81;0.6683
5005806;1402;992;1366;-374;-21.0586
5006002;5996;4875;5183;-308;-4.8858
5006200;13133;8397;8688;-291;-2.1678
5006259;507;260;281;-21;-3.9773
5006275;2031;1272;1262;10;0.4948
5006309;10403;6789;7363;-574;-5.2291
5006358;557;198;201;-3;-0.5357
5006408;1008;511;558;-47;-4.455
5006606;13836;7225;7015;210;1.5412
5006903;2375;1509;1491;18;0.7637
5007109;11549;9725;9485;240;2.1222
5007208;11019;5463;5506;-43;-0.3887
5007307;709;393;355;38;5.6632
5007406;3498;2220;2159;61;1.7748
5007505;1920;1031;897;134;7.5028
5007554;2116;1494;1792;-298;-12.3447
5007695;11582;7575;6951;624;5.6945
5007703;864;345;301;44;5.3659
5007802;2009;836;979;-143;-6.645
5007901;11748;6831;6957;-126;-1.0611
5007935;4352;2144;2005;139;3.2993
5007950;834;477;377;100;13.624
5007976;344;118;109;9;2.6866
5008008;3609;1876;1764;112;3.2027
5008305;46135;31174;29061;2113;4.7999
5008404;1229;808;756;52;4.418
5100102;457;144;144;0;0.0
5100201;7157;5455;5597;-142;-1.9455
5100250;13667;8942;8825;117;0.8635
5100300;2758;1577;1553;24;0.8778
5100359;457;361;352;9;2.0089
5100409;3436;1712;1651;61;1.8074
5100508;427;227;231;-4;-0.9281
5100607;2992;1684;1659;25;0.8426
5100805;1070;681;722;-41;-3.6904
5101001;690;427;405;22;3.2934
5101209;44;43;40;3;7.3171
5101258;3676;1374;1379;-5;-0.1358
5101308;1340;716;602;114;9.2985
5101407;5521;3773;3297;476;9.4351
5101605;384;226;269;-43;-10.0703
5101704;7368;3853;3778;75;1.0284
5101803;15316;9718;11743;-2025;-11.6775
5101837;1211;590;420;170;16.3305
5101852;1536;1028;1004;24;1.5873
5101902;4921;3941;3926;15;0.3057
5102504;13357;7329;6708;621;4.8759
5102603;975;635;684;-49;-4.7852
5102637;19571;15079;14734;345;1.7944
5102678;14743;11878;11758;120;0.8206
5102686;4189;3073;3020;53;1.2814
5102694;680;535;423;112;19.7183
5102702;6677;5008;4661;347;5.4818
5102793;1259;877;792;85;7.2402
5102850;1006;584;547;37;3.8184
5103007;3901;2322;2155;167;4.4724
5103056;2145;1293;1201;92;4.4812
5103106;3056;3313;2660;653;27.1744
5103205;8160;5297;4960;337;4.3078
5103254;3332;2348;2242;106;3.2858
5103304;3815;2777;2843;-66;-1.7006
5103353;6554;5419;5255;164;2.5665
5103361;413;289;271;18;4.557
5103379;1019;443;450;-7;-0.6823
5103403;230650;141984;134503;7481;3.3522
5103437;500;228;192;36;7.7586
5103452;810;559;568;-9;-1.0989
5103502;9771;6681;6664;17;0.1743
5103601;1584;820;733;87;5.8116
5103700;2059;1373;1358;15;0.7339
5103809;402;159;195;-36;-8.2192
5103858;1865;1536;1515;21;1.1388
5103908;831;663;647;16;1.9632
5103957;253;99;85;14;5.8577
5104104;6111;4285;4307;-22;-0.3587
5104203;1428;835;845;-10;-0.6954
5104500;196;105;84;21;12.0
5104526;3220;2669;2565;104;3.3376
5104542;937;670;654;16;1.7372
5104559;1518;1116;1099;17;1.1326
5104609;3608;2189;2136;53;1.4909
5104807;8791;4324;5090;-766;-8.0151
5104906;743;441;445;-4;-0.5355
5105002;699;251;240;11;1.5988
5105101;7772;5246;5172;74;0.9613
5105150;8882;5266;5314;-48;-0.5375
5105176;1445;1101;1493;-392;-21.3391
5105200;1618;901;879;22;1.3784
5105234;1774;829;754;75;4.4144
5105259;35943;29936;27695;2241;6.6495
5105309;79;29;28;1;1.2821
5105507;2960;2111;2237;-126;-4.083
5105580;2379;1504;1491;13;0.5495
5105606;5530;3744;3819;-75;-1.3381
5105622;6341;3334;3093;241;3.9508
5105903;4227;2322;2417;-95;-2.1981
5106000;837;542;559;-17;-1.9906
5106109;2798;1850;1571;279;11.0758
5106158;1762;1282;1306;-24;-1.3438
5106174;265;187;167;20;8.1633
5106182;1326;864;860;4;0.3026
5106190;720;579;585;-6;-0.8264
5106208;519;287;256;31;6.3525
5106216;2123;1385;1349;36;1.725
5106224;23173;17640;17540;100;0.4334
5106232;5426;3134;2973;161;3.0579
5106240;3329;3139;2938;201;6.4258
5106257;4188;2747;2483;264;6.7278
5106265;1222;853;934;-81;-6.2164
5106273;305;227;176;51;20.0787
5106281;1542;1068;1078;-10;-0.6443
5106299;1531;759;826;-67;-4.1927
5106307;6333;5008;4806;202;3.2947
5106315;174;121;39;82;89.1304
5106372;6080;4231;4260;-29;-0.4747
5106422;4256;3258;3074;184;4.5187
5106455;687;496;429;67;10.8065
5106505;4895;2361;1965;396;8.802
5106653;734;554;445;109;17.44
5106703;70;24;24;0;0.0
5106752;12532;8012;7843;169;1.367
5106778;1780;2476;2878;-402;-18.4235
5106802;2514;1910;1952;-42;-1.6432
5106828;1396;601;604;-3;-0.2144
5106851;324;113;125;-12;-3.5714
5107008;3017;1781;1660;121;4.1782
5107040;30891;23695;23598;97;0.315
5107065;7958;6286;6180;106;1.35
5107107;2825;1157;1210;-53;-1.8416
5107156;119;102;116;-14;-10.5263
5107180;1659;1260;1222;38;2.3442
5107198;304;173;154;19;6.6667
5107206;476;252;217;35;7.9365
5107248;1557;1112;1088;24;1.5656
5107263;487;292;289;3;0.6198
5107297;133;37;38;-1;-0.7463
5107305;3252;1899;1862;37;1.1509
5107354;1962;1704;1826;-122;-5.8541
5107404;180;69;49;20;12.5
5107578;720;648;618;30;4.3478
5107602;77089;52054;53042;-988;-1.2654
5107701;1835;1194;1136;58;3.2639
5107743;534;412;396;16;3.0888
5107750;353;178;187;-9;-2.4862
5107768;1520;1281;1305;-24;-1.5544
5107776;512;288;285;3;0.5894
5107792;1851;1340;1492;-152;-7.5886
5107800;2204;1257;1202;55;2.5593
5107859;2643;2085;2332;-247;-8.5467
5107875;15002;12343;11753;590;4.0938
5107883;143;82;87;-5;-3.3784
5107909;59274;47766;45811;1955;3.4107
5107925;39747;31480;31332;148;0.3737
5107941;2691;2081;1976;105;4.0603
5107958;26765;17844;17632;212;0.7984
5108006;5622;4042;3864;178;3.2697
5108055;1528;958;951;7;0.4602
5108105;611;474;487;-13;-2.0833
5108204;625;311;258;53;9.2657
5108303;915;549;627;-78;-7.855
5108352;148;85;72;13;9.6296
5108402;57678;37000;35010;1990;3.5735
5108501;3201;2682;2534;148;4.8477
5108600;3044;1992;2024;-32;-1.0403
5108808;511;242;256;-14;-2.6667
5108857;2531;1252;1209;43;1.7283
5108907;1889;1640;1534;106;5.945
5108956;1824;1390;1388;2;0.1098
5200050;2285;1923;1718;205;9.8558
5200100;2591;1682;1470;212;8.9113
5200134;3521;2120;2028;92;2.683
5200159;147;97;98;-1;-0.6757
5200175;1532;1224;1239;-15;-0.9696
5200209;198;87;87;0;0.0
5200258;15595;10634;9480;1154;7.9911
5200308;5024;2574;2720;-146;-2.824
5200506;106;28;28;0;0.0
5200555;2779;1275;1219;56;2.0566
5200605;1872;1197;1141;56;3.0837
5200803;932;492;500;-8;-0.8511
5200829;180;92;110;-18;-9.0909
5200852;495;478;665;-187;-27.4194
5200902;162;53;64;-11;-6.3584
5201108;117219;71354;68519;2835;2.4785
5201207;41;14;9;5;13.8889
5201306;3522;1805;1850;-45;-1.2616
5201405;127180;87720;87883;-163;-0.128
5201454;527;380;371;9;1.7375
5201504;1979;997;1160;-163;-7.6097
5201603;290;93;119;-26;-8.2278
5201702;983;681;694;-13;-1.3052
5201801;925;636;584;52;5.9565
5202155;736;588;614;-26;-3.4121
5202353;352;238;245;-7;-1.9499
5202502;1699;1279;1245;34;2.042
5202601;319;175;184;-9;-2.7439
5202809;244;161;141;20;8.9286
5203104;163;152;128;24;17.2662
5203203;4144;1746;1554;192;4.8583
5203302;6409;4160;3659;501;8.48
5203401;783;385;362;23;3.0263
5203500;3754;2928;2827;101;2.7649
5203559;863;498;535;-37;-4.1111
5203575;473;278;270;8;1.7204
5203609;480;324;324;0;0.0
5203807;776;393;353;40;5.4348
5203906;2603;1414;1039;375;16.8312
5203939;283;147;180;-33;-10.443
5203962;139;75;83;-8;-5.4422
5204003;1309;729;746;-17;-1.2821
5204102;1701;1266;1130;136;8.6901
5204201;105;57;51;6;6.0606
5204250;2224;1110;1145;-35;-1.5494
5204300;3866;1845;1584;261;7.2399
5204409;2599;1555;1564;-9;-0.3451
5204508;24216;14777;14993;-216;-0.8841
5204557;289;178;174;4;1.4035
5204607;219;124;121;3;1.3889
5204656;241;128;113;15;6.6372
5204706;1104;584;562;22;2.0333
5204805;2028;1729;1859;-130;-6.0241
5204854;1817;903;779;124;7.3243
5204904;1725;771;800;-29;-1.6534
5204953;244;77;84;-7;-2.7888
5205000;2450;919;1021;-102;-3.9969
5205059;233;219;180;39;20.1031
5205109;27733;15669;15175;494;1.8136
5205208;406;214;227;-13;-3.1026
5205307;459;265;225;40;9.5465
5205406;7930;4670;4115;555;7.5254
5205455;2549;1807;2268;-461;-15.3156
5205471;5369;2617;2586;31;0.5807
5205497;5274;3350;3407;-57;-1.0692
5205513;1862;1458;1396;62;3.4444
5205521;154;95;89;6;4.0541
5205703;171;85;95;-10;-5.5249
5205802;1412;725;606;119;9.2034
5205901;2351;1088;1116;-28;-1.177
5206206;21540;17402;17496;-94;-0.4345
5206305;388;210;138;72;22.7848
5206404;3186;1619;1583;36;1.1429
5206503;320;165;159;6;1.9108
5206602;233;136;137;-1;-0.4274
5206701;102;50;51;-1;-0.9709
5206800;210;107;89;18;9.375
5206909;175;95;85;10;6.0606
5207105;173;73;84;-11;-5.9783
5207253;1100;797;646;151;15.9115
5207352;636;250;245;5;0.7924
5207402;3101;1429;1460;-31;-0.9898
5207501;331;165;202;-37;-10.0543
5207535;432;233;241;-8;-1.8182
5207600;630;165;173;-8;-1.2539
5207808;906;423;386;37;4.2578
5207907;676;395;336;59;9.5624
5208004;20311;17136;17621;-485;-2.3322
5208103;236;117;146;-29;-10.9434
5208152;453;195;148;47;11.5764
5208301;237;84;73;11;4.8673
5208400;2001;1036;998;38;1.9358
5208509;1063;943;552;391;58.1845
5208608;21141;14875;14476;399;1.9236
5208707;522883;332943;331613;1330;0.255
5208806;6435;4673;4469;204;3.274
5208905;3261;1583;1580;3;0.0921
5209101;9782;5097;5155;-58;-0.5894
5209150;298;117;116;1;0.3367
5209200;1420;887;807;80;5.9701
5209291;143;102;52;50;53.7634
5209408;244;113;223;-110;-31.0734
5209457;36;18;21;-3;-7.6923
5209606;145;77;78;-1;-0.6849
5209705;6987;5139;4738;401;6.0887
5209804;234;129;131;-2;-0.8475
5209903;1165;590;582;8;0.6914
5209937;532;252;287;-35;-6.1728
5209952;2894;1693;1620;73;2.5877
5210000;10879;7191;7306;-115;-1.046
5210109;6036;3349;3370;-21;-0.3467
5210158;135;115;75;40;42.1053
5210208;4940;2666;2362;304;6.5574
5210307;267;109;145;-36;-11.8812
5210406;12940;8676;8455;221;1.7376
5210562;588;267;252;15;2.6178
5210604;393;185;216;-31;-7.3113
5210802;603;369;355;14;2.3769
5210901;3500;1906;1915;-9;-0.2565
5211008;848;383;386;-3;-0.3525
5211206;3199;1743;1845;-102;-3.09
5211305;1159;675;662;13;1.1344
5211404;1181;705;723;-18;-1.5013
5211503;31276;19166;19275;-109;-0.3473
5211602;224;120;118;2;0.9009
5211701;2014;887;812;75;3.868
5211800;5370;2682;2543;139;2.6572
5211909;29323;20738;19983;755;2.6428
5212006;198;96;116;-20;-9.1743
5212055;142;53;44;9;6.7669
5212105;810;328;400;-72;-8.1633
5212204;3126;1610;1708;-98;-3.0397
5212253;160;120;100;20;14.2857
5212303;1814;691;710;-19;-1.0366
5212501;29959;18580;17916;664;2.2666
5212600;367;239;249;-10;-2.6525
5212709;780;582;594;-12;-1.5152
5212808;2253;1562;1322;240;11.9225
5212907;221;110;124;-14;-5.9574
5212956;483;220;257;-37;-7.1154
5213004;968;495;496;-1;-0.1032
5213053;283;97;98;-1;-0.3521
5213087;4137;2745;1772;973;30.7522
5213103;19143;10959;11089;-130;-0.6745
5213400;114;42;48;-6;-5.0
5213509;343;143;158;-15;-4.1899
5213707;2108;1322;1181;141;7.1683
5213756;3313;1835;1803;32;0.9753
5213772;183;63;77;-14;-7.1066
5213806;11101;9536;9626;-90;-0.8042
5213855;86;28;37;-9;-9.4737
5213905;594;305;329;-24;-3.8835
5214002;4169;2343;2298;45;1.0912
5214051;820;564;517;47;6.0802
5214101;175;97;91;6;3.5503
5214408;1472;703;636;67;4.7687
5214507;7806;4747;4602;145;1.8927
5214606;9973;4718;3457;1261;14.4743
5214705;92;40;32;8;9.5238
5214804;114;34;33;1;0.885
5214838;3084;2231;2134;97;3.2474
5214861;389;161;132;29;8.0556
5214879;345;92;232;-140;-28.866
5214903;288;109;112;-3;-1.0309
5215009;3136;2615;2528;87;2.8534
5215207;260;98;98;0;0.0
5215231;5179;3177;2920;257;5.2215
5215256;379;227;219;8;2.1563
5215306;2786;1305;1354;-49;-1.7284
5215405;235;98;102;-4;-1.6736
5215504;2233;716;922;-206;-8.4461
5215603;3378;1836;1744;92;2.7998
5215652;255;126;105;21;8.9744
5215702;8329;5327;5092;235;2.9034
5215801;158;93;83;10;6.7568
5215900;535;262;262;0;0.0
5216007;685;492;288;204;42.4116
5216304;828;441;466;-25;-2.9308
5216403;3529;2037;1915;122;3.5809
5216452;1903;902;806;96;5.3127
5216809;1002;494;471;23;2.3493
5216908;201;108;51;57;39.5833
5217104;3132;1525;1442;83;2.7222
5217203;1679;1091;1114;-23;-1.3514
5217302;4856;3405;3193;212;4.565
5217401;9327;5459;5330;129;1.4025
5217609;8205;5452;5267;185;2.3067
5217708;2819;1294;1470;-176;-5.8765
5218003;7776;4566;4012;554;7.671
5218052;498;453;454;-1;-0.2004
5218102;729;424;458;-34;-4.4561
5218300;4816;3042;3110;-68;-1.3923
5218391;426;193;251;-58;-11.9835
5218508;12835;6332;6525;-193;-1.4814
5218607;1871;1052;1013;39;2.1288
5218706;341;180;166;14;4.2813
5218789;3726;1796;1623;173;4.8691
5218805;74213;54444;51368;3076;4.3241
5218904;4504;2240;2354;-114;-2.4686
5219001;1318;832;852;-20;-1.4948
5219100;837;513;460;53;6.7602
5219209;340;153;178;-25;-6.8493
5219258;1236;751;685;66;5.641
5219308;7278;5316;5108;208;2.942
5219357;256;150;150;0;0.0
5219407;681;454;502;-48;-6.5844
5219456;511;335;571;-236;-31.593
5219506;260;192;126;66;34.0206
5219605;161;117;110;7;4.5455
5219704;3694;3427;3016;411;12.519
5219712;1323;472;558;-86;-6.1036
5219738;1759;1003;1001;2;0.1138
5219753;4098;1960;1852;108;2.7068
5219803;625;387;273;114;22.3092
5219902;799;411;416;-5;-0.6219
5220009;1642;1196;1125;71;4.5194
5220058;158;72;74;-2;-1.25
5220108;6866;3376;3369;7;0.1021
5220157;346;243;218;25;7.7882
5220207;3355;1969;1920;49;1.4822
5220264;804;649;670;-21;-2.5455
5220280;137;69;79;-10;-6.8027
5220405;2962;1956;1868;88;3.0619
5220454;19476;12551;12451;100;0.5161
5220504;2761;1576;1620;-44;-1.5686
5220603;4072;2117;1926;191;4.9214
5220686;686;265;261;4;0.5865
5220702;207;112;131;-19;-8.4071
5221007;418;186;204;-18;-4.1284
5221080;129;71;55;16;14.1593
5221197;1157;681;564;117;11.25
5221304;223;115;122;-7;-3.0435
5221403;19439;12601;11355;1246;6.8488
5221452;158;53;45;8;5.3333
5221502;607;286;278;8;1.3356
5221551;2400;742;710;32;1.3514
5221577;156;82;85;-3;-1.8868
5221601;9576;6394;6430;-36;-0.3745
5221700;596;374;328;46;8.3636
5221809;846;393;355;38;4.703
5221858;20277;14054;12478;1576;8.4274
5221908;301;132;113;19;6.7376
5222005;2792;1594;1744;-150;-5.0986
5222054;2842;1957;1907;50;1.7908
5222203;1436;689;999;-310;-17.7549
5222302;1222;679;677;2;0.1639
5300108;1066877;504019;456944;47075;4.6161
11;300023;174108;169738;4370;1.4781
12;112731;58528;53512;5016;4.6567
13;578982;309397;288382;21015;3.7664
14;86233;52735;50786;1949;2.3124
15;1017937;518543;492307;26236;2.6456
16;108648;56838;49642;7196;7.093
17;233305;136851;135825;1026;0.4417
21;647248;293430;269703;23727;3.7995
22;382101;169867;152094;17773;4.8769
23;1403154;683651;639928;43723;3.2163
24;531710;247600;240084;7516;1.4338
25;558233;271531;243164;28367;5.3536
26;1536917;714146;650975;63171;4.2864
27;446534;211836;196604;15232;3.5316
28;353117;161126;146132;14994;4.4345
29;2198951;1053239;976028;77211;3.639
31;4973307;2791307;2751471;39836;0.8075
32;937799;589096;572233;16863;1.8311
33;3862348;1753774;1661491;92283;2.4478
35;14706436;8477979;8296220;181759;1.2514
41;3298917;2036371;1991387;44984;1.3825
42;2636327;1714251;1676094;38157;1.4686
43;2841781;1571085;1562178;8907;0.3144
50;684147;418492;406746;11746;1.7469
51;984877;672758;655632;17126;1.7697
52;1588660;1009645;988630;21015;1.3405
53;1066877;504019;456944;47075;4.6161
BR;48082866;26658253;25777536;880717;1.8658
