codigo,SF_DF/bruto/2026,SF_DF/dado/2026,SF_DF/pos/2026,SF_DF/delta/2026,SF_TD/bruto/2026,SF_TD/dado/2026,SF_TD/pos/2026,SF_TD/delta/2026,SF_DC/bruto/2026,SF_DC/dado/2026,SF_DC/pos/2026,SF_DC/delta/2026,SF_END/bruto/2026,SF_END/dado/2026,SF_END/pos/2026,SF_END/delta/2026,FM_CA/bruto/2026,FM_CA/dado/2026,FM_CA/pos/2026,FM_CA/delta/2026,FM_CL/bruto/2026,FM_CL/dado/2026,FM_CL/pos/2026,FM_CL/delta/2026,FM_QI/bruto/2026,FM_QI/dado/2026,FM_QI/pos/2026,FM_QI/delta/2026,FM_TA/bruto/2026,FM_TA/dado/2026,FM_TA/pos/2026,FM_TA/delta/2026,FM_QS/bruto/2026,FM_QS/dado/2026,FM_QS/pos/2026,FM_QS/delta/2026,FM_TM/bruto/2026,FM_TM/dado/2026,FM_TM/pos/2026,FM_TM/delta/2026,AS_CAP/bruto/2026,AS_CAP/dado/2026,AS_CAP/pos/2026,AS_CAP/delta/2026,AS_CSS/bruto/2026,AS_CSS/dado/2026,AS_CSS/pos/2026,AS_CSS/delta/2026,AS_CV/bruto/2026,AS_CV/dado/2026,AS_CV/pos/2026,AS_CV/delta/2026,AS_AP/bruto/2026,AS_AP/dado/2026,AS_AP/pos/2026,AS_AP/delta/2026,QS_MM/bruto/2026,QS_MM/dado/2026,QS_MM/pos/2026,QS_MM/delta/2026,QS_DI/bruto/2026,QS_DI/dado/2026,QS_DI/pos/2026,QS_DI/delta/2026,QS_OI/bruto/2026,QS_OI/dado/2026,QS_OI/pos/2026,QS_OI/delta/2026,QS_MI/bruto/2026,QS_MI/dado/2026,QS_MI/pos/2026,QS_MI/delta/2026,QS_ME/bruto/2026,QS_ME/dado/2026,QS_ME/pos/2026,QS_ME/delta/2026,AE_TEI/bruto/2026,AE_TEI/dado/2026,AE_TEI/pos/2026,AE_TEI/delta/2026,AE_TMF/bruto/2026,AE_TMF/dado/2026,AE_TMF/pos/2026,AE_TMF/delta/2026,AE_TMM/bruto/2026,AE_TMM/dado/2026,AE_TMM/pos/2026,AE_TMM/delta/2026,AE_AII/bruto/2026,AE_AII/dado/2026,AE_AII/pos/2026,AE_AII/delta/2026,AE_AIF/bruto/2026,AE_AIF/dado/2026,AE_AIF/pos/2026,AE_AIF/delta/2026,AE_AIM/bruto/2026,AE_AIM/dado/2026,AE_AIM/pos/2026,AE_AIM/delta/2026,QE_IAI/bruto/2026,QE_IAI/dado/2026,QE_IAI/pos/2026,QE_IAI/delta/2026,QE_IAF/bruto/2026,QE_IAF/dado/2026,QE_IAF/pos/2026,QE_IAF/delta/2026,QE_IEM/bruto/2026,QE_IEM/dado/2026,QE_IEM/pos/2026,QE_IEM/delta/2026,QE_ENE/bruto/2026,QE_ENE/dado/2026,QE_ENE/pos/2026,QE_ENE/delta/2026,SE_MVI/bruto/2026,SE_MVI/dado/2026,SE_MVI/pos/2026,SE_MVI/delta/2026,SE_MCI/bruto/2026,SE_MCI/dado/2026,SE_MCI/pos/2026,SE_MCI/delta/2026,SE_MJS/bruto/2026,SE_MJS/dado/2026,SE_MJS/pos/2026,SE_MJS/delta/2026,SE_MNT/bruto/2026,SE_MNT/dado/2026,SE_MNT/pos/2026,SE_MNT/delta/2026,SE_MHT/bruto/2026,SE_MHT/dado/2026,SE_MHT/pos/2026,SE_MHT/delta/2026,SA_CAA/bruto/2026,SA_CAA/dado/2026,SA_CAA/pos/2026,SA_CAA/delta/2026,SA_PDA/bruto/2026,SA_PDA/dado/2026,SA_PDA/pos/2026,SA_PDA/delta/2026,SA_PFA/bruto/2026,SA_PFA/dado/2026,SA_PFA/pos/2026,SA_PFA/delta/2026,SA_CCE/bruto/2026,SA_CCE/dado/2026,SA_CCE/pos/2026,SA_CCE/delta/2026,SA_CTE/bruto/2026,SA_CTE/dado/2026,SA_CTE/pos/2026,SA_CTE/delta/2026,SA_CCR/bruto/2026,SA_CCR/dado/2026,SA_CCR/pos/2026,SA_CCR/delta/2026,SA_DDL/bruto/2026,SA_DDL/dado/2026,SA_DDL/pos/2026,SA_DDL/delta/2026,MA_EGE/bruto/2026,MA_EGE/dado/2026,MA_EGE/pos/2026,MA_EGE/delta/2026,MA_CFN/bruto/2026,MA_CFN/dado/2026,MA_CFN/pos/2026,MA_CFN/delta/2026,MA_DIL/bruto/2026,MA_DIL/dado/2026,MA_DIL/pos/2026,MA_DIL/delta/2026,MA_VDI/bruto/2026,MA_VDI/dado/2026,MA_VDI/pos/2026,MA_VDI/delta/2026,MA_AR/bruto/2026,MA_AR/dado/2026,MA_AR/pos/2026,MA_AR/delta/2026,IE_PV/bruto/2026,IE_PV/dado/2026,IE_PV/pos/2026,IE_PV/delta/2026,IE_FMT/bruto/2026,IE_FMT/dado/2026,IE_FMT/pos/2026,IE_FMT/delta/2026,IE_CEF/bruto/2026,IE_CEF/dado/2026,IE_CEF/pos/2026,IE_CEF/delta/2026,ID_RPD/bruto/2026,ID_RPD/dado/2026,ID_RPD/pos/2026,ID_RPD/delta/2026,ID_ESC/bruto/2026,ID_ESC/dado/2026,ID_ESC/pos/2026,ID_ESC/delta/2026,ID_CPC/bruto/2026,ID_CPC/dado/2026,ID_CPC/pos/2026,ID_CPC/delta/2026,ID_PPC/bruto/2026,ID_PPC/dado/2026,ID_PPC/pos/2026,ID_PPC/delta/2026,ID_CPP/bruto/2026,ID_CPP/dado/2026,ID_CPP/pos/2026,ID_CPP/delta/2026,ID_CEC/bruto/2026,ID_CEC/dado/2026,ID_CEC/pos/2026,ID_CEC/delta/2026,ID_RTF/bruto/2026,ID_RTF/dado/2026,ID_RTF/pos/2026,ID_RTF/delta/2026,ID_CRT/bruto/2026,ID_CRT/dado/2026,ID_CRT/pos/2026,ID_CRT/delta/2026,CH_TET/bruto/2026,CH_TET/dado/2026,CH_TET/pos/2026,CH_TET/delta/2026,CH_TES/bruto/2026,CH_TES/dado/2026,CH_TES/pos/2026,CH_TES/delta/2026,CH_QTE/bruto/2026,CH_QTE/dado/2026,CH_QTE/pos/2026,CH_QTE/delta/2026,TE_ATM/bruto/2026,TE_ATM/dado/2026,TE_ATM/pos/2026,TE_ATM/delta/2026,TE_AT4/bruto/2026,TE_AT4/dado/2026,TE_AT4/pos/2026,TE_AT4/delta/2026,TE_ABL/bruto/2026,TE_ABL/dado/2026,TE_ABL/pos/2026,TE_ABL/delta/2026,TE_ABF/bruto/2026,TE_ABF/dado/2026,TE_ABF/pos/2026,TE_ABF/delta/2026,TE_ABA/bruto/2026,TE_ABA/dado/2026,TE_ABA/pos/2026,TE_ABA/delta/2026,SF/dado/2026,SF/pos/2026,SF/delta/2026,FM/dado/2026,FM/pos/2026,FM/delta/2026,AS/dado/2026,AS/pos/2026,AS/delta/2026,QS/dado/2026,QS/pos/2026,QS/delta/2026,AE/dado/2026,AE/pos/2026,AE/delta/2026,QE/dado/2026,QE/pos/2026,QE/delta/2026,SE/dado/2026,SE/pos/2026,SE/delta/2026,SA/dado/2026,SA/pos/2026,SA/delta/2026,MA/dado/2026,MA/pos/2026,MA/delta/2026,IE/dado/2026,IE/pos/2026,IE/delta/2026,ID/dado/2026,ID/pos/2026,ID/delta/2026,CH/dado/2026,CH/pos/2026,CH/delta/2026,TE/dado/2026,TE/pos/2026,TE/delta/2026,Geral/dado/2026,Geral/pos/2026,Geral/delta/2026,Instituições/dado/2026,Instituições/pos/2026,Instituições/delta/2026,Sociedade/dado/2026,Sociedade/pos/2026,Sociedade/delta/2026,Economia/dado/2026,Economia/pos/2026,Economia/delta/2026
1100023,64.64,44.96,186,51,3.62,13.53,282,3,52.17,58.33,327,18,-11.09,60.69,103,-29,11.59,65.42,276,-67,2.51,67.85,236,40,96.88,96.43,46,111,14.40,86.52,156,1,55.22,48.63,236,110,87.35,88.13,103,"Não comparável, alteração metodológica completa",80.59,37.28,246,74,7.32,10.04,381,-4,94.10,62.41,76,-23,84.31,86.51,126,83,0.00,100.00,1,0,2.24,80.25,314,12,4.73,75.29,183,-35,18.33,43.88,357,-41,162.61,65.89,212,20,44.71,24.13,324,-10,87.37,38.52,367,15,79.97,37.09,161,22,18.39,21.36,283,-2,6.43,7.26,306,-74,22.29,23.85,184,-49,5.40,28.81,303,-4,4.80,39.22,223,-3,4.20,64.29,220,-3,530.82,50.38,251,71,26.71,67.26,292,-74,3.33,96.55,75,-74,58.97,79.53,202,70,27.63,79.27,322,41,9.25,90.55,161,83,86.70,86.11,279,24,22.98,77.27,81,-29,16.91,83.09,56,26,24.07,24.07,320,13,55.86,27.14,179,181,72.92,51.50,399,-31,0.00,100.00,1,0,0.84,65.69,411,-5,30.62,31.79,182,4,0.07,93.77,358,-20,0.05,89.57,380,-15,-0.47,56.04,336,41,43.61,50.44,255,-21,26.44,21.73,276,-15,2.18,65.78,296,-3,R$ 0.19,0.01,211,18,1.01,7.98,220,16,"R$ 26,554.80",15.03,48,-1,"R$ 45,271.91",4.78,215,51,15.08,61.46,83,143,1.04,32.79,362,5,"R$ 2,803.79",27.11,254,2,6.23,28.56,155,-25,7.72,19.52,290,14,60.09,32.15,186,-34,20.95,31.74,275,97,92.64,35.06,338,-1,63.03,32.70,214,-87,29.50,39.28,197,-7,91.84,90.22,221,-19,65.53,30.85,420,-5,44.38,239,70,79.78,87,150,49.32,253,29,71.49,204,-33,23.79,329,-23,41.79,266,18,79.95,224,12,58.97,325,3,62.05,386,-95,48.81,281,-23,18.41,287,5,27.80,266,47,45.62,413,-7,47.41,312,25,61.31,141,138,55.72,317,-11,31.07,370,6
1100049,63.95,45.96,181,9,7.55,28.97,99,77,53.15,57.13,347,-76,-4.92,58.48,139,-52,16.98,45.78,368,-35,3.46,54.48,369,-6,97.20,96.80,37,12,13.90,87.04,149,-18,59.86,54.63,170,83,85.96,86.72,114,"Não comparável, alteração metodológica completa",86.96,41.33,201,-60,10.24,14.46,350,0,97.61,67.03,35,46,85.85,88.33,93,53,0.00,100.00,1,0,1.16,91.42,149,75,4.23,79.13,131,3,10.33,78.95,66,-24,140.84,75.83,93,134,40.81,18.82,358,-5,93.23,48.20,276,40,99.25,54.44,14,27,9.56,11.10,362,30,6.89,7.77,290,-57,28.61,30.63,129,-29,5.70,33.90,242,-4,4.90,41.18,187,-3,4.20,64.29,220,-3,535.17,53.21,222,121,27.65,66.06,298,-89,0.00,100.00,1,242,139.30,49.50,375,-72,78.86,40.00,420,-5,9.06,90.75,159,-98,82.76,81.99,305,30,30.78,69.11,171,-74,40.42,59.58,227,-74,64.55,64.55,230,10,43.42,21.10,216,-22,87.06,76.83,377,0,0.00,100.00,1,0,0.91,64.05,412,-16,37.59,39.02,148,8,0.01,98.93,269,49,0.02,96.75,318,-23,-0.30,58.26,302,110,42.27,52.37,245,0,28.76,24.19,259,-15,4.92,69.23,139,136,R$ 0.00,0.00,241,-9,1.14,9.07,194,20,"R$ 20,073.47",11.32,84,19,"R$ 44,292.79",4.64,218,19,20.43,69.66,22,259,1.21,37.30,329,-36,"R$ 2,740.20",26.06,269,22,19.78,45.84,11,18,13.79,36.30,107,41,73.95,39.90,99,-5,24.42,41.22,168,93,100.49,41.16,269,32,59.98,26.72,283,-62,32.59,43.58,143,62,94.54,93.68,175,9,94.19,89.53,335,-13,47.64,167,34,75.32,165,-72,53.25,165,1,85.00,29,46,26.09,298,-3,44.61,233,25,64.62,385,-17,70.24,249,19,65.72,272,-56,51.54,238,21,20.83,214,51,39.14,109,77,58.93,221,7,51.38,213,19,60.88,150,-41,59.30,250,2,37.74,173,75
1100122,64.38,45.33,184,45,1.44,4.95,386,-337,51.66,58.95,314,-79,-32.18,68.24,26,27,8.52,76.62,176,135,3.06,60.12,331,-4,98.25,97.99,20,-15,17.90,82.92,203,189,54.04,47.11,245,55,84.63,85.39,120,"Não comparável, alteração metodológica completa",97.09,47.77,132,39,11.40,16.22,336,2,90.92,58.23,137,28,85.58,88.01,96,30,54.61,81.03,231,-230,1.33,89.66,187,-38,3.15,87.41,25,20,14.75,59.59,241,-190,161.48,66.41,206,82,34.09,9.67,404,-5,88.75,40.79,356,17,88.90,45.13,58,48,7.72,8.97,376,2,6.15,6.94,312,-12,12.89,13.77,297,-41,5.90,37.29,200,-4,4.80,39.22,223,-3,4.30,67.86,192,-3,528.07,48.60,263,108,15.79,81.20,190,121,4.35,95.51,87,-35,42.45,85.70,135,162,29.42,77.89,338,-49,26.20,73.00,378,-178,65.88,64.36,368,-1,37.94,61.61,240,75,25.65,74.35,114,103,1.05,1.05,380,1,1.22,0.59,369,-7,90.87,83.65,360,-359,16.67,83.33,333,-332,0.22,79.67,374,-58,65.60,68.10,45,0,0.00,99.95,185,22,0.01,97.87,294,-49,-0.05,61.76,173,238,39.61,56.17,219,-12,31.23,26.82,228,-20,7.08,71.95,50,317,R$ 0.00,0.00,241,-9,1.93,15.39,91,12,"R$ 18,970.28",10.69,96,8,"R$ 46,845.75",5.00,204,35,18.03,65.98,46,342,1.55,46.13,256,-8,"R$ 2,554.01",22.98,317,3,6.51,28.91,128,-26,8.17,20.77,274,53,65.13,34.97,150,-40,20.85,31.47,281,74,94.68,36.65,323,11,61.21,29.13,258,13,24.35,32.12,268,114,97.84,97.91,75,48,98.02,97.39,77,163,44.37,240,-127,79.86,85,34,52.71,178,37,72.92,186,-98,18.68,386,-4,44.91,230,26,81.77,185,80,50.00,371,-26,79.30,34,12,54.55,190,56,20.86,213,23,29.07,252,33,58.64,235,112,49.89,250,-3,61.34,140,-46,57.00,295,-21,36.14,228,85
1100205,65.18,44.18,194,3,1.75,6.17,375,-85,51.01,59.74,302,-43,-0.84,57.02,176,-54,20.23,33.93,388,5,2.56,67.19,242,-89,96.91,96.47,45,265,16.20,84.67,181,-2,61.95,57.33,144,17,77.57,78.26,188,"Não comparável, alteração metodológica completa",64.51,27.06,337,-49,17.60,25.63,282,2,81.30,45.58,309,-77,63.82,62.28,402,-2,32.78,88.62,178,72,1.90,83.76,282,13,5.97,65.77,299,-32,15.24,57.42,262,45,180.89,57.54,300,61,35.55,11.67,398,-6,93.22,48.19,277,-37,77.50,34.88,194,24,3.69,4.29,410,-6,3.68,4.15,381,6,4.35,4.61,392,-14,5.40,28.81,303,-4,4.60,35.29,271,-3,4.00,57.14,289,-3,514.44,39.74,332,8,37.87,53.01,359,1,18.75,80.62,231,36,105.70,62.06,336,3,35.54,73.20,371,-30,5.87,94.05,118,39,30.74,27.66,399,3,41.69,57.68,273,-39,55.04,44.96,326,25,8.69,8.69,360,-4,19.72,9.58,301,23,79.89,63.99,392,-102,0.00,100.00,1,326,0.80,66.63,410,3,62.27,64.64,56,1,0.14,87.77,391,2,0.06,88.54,382,3,-0.63,53.72,359,-225,50.50,40.57,299,-15,44.48,40.92,72,83,7.62,72.63,36,382,R$ 537.26,24.56,16,55,0.98,7.72,224,-37,"R$ 17,205.60",9.68,114,-42,"R$ 55,170.11",6.17,161,43,12.71,57.83,131,275,2.10,60.52,138,54,"R$ 4,305.15",51.96,20,117,44.81,77.77,4,379,6.71,16.72,335,9,59.42,31.77,191,-26,41.04,86.64,9,46,103.42,43.43,233,-33,57.15,21.16,345,14,30.55,40.74,184,4,85.38,81.94,277,-4,96.29,93.85,243,-2,41.78,295,-29,71.77,229,-67,38.86,390,-34,69.24,250,82,15.24,413,-9,37.52,314,-1,69.88,357,0,40.17,393,-1,70.37,151,-12,54.41,194,203,33.53,25,193,45.04,60,83,56.22,306,-4,48.40,287,83,56.12,270,-56,48.70,394,1,44.12,35,262
1100304,63.94,45.97,180,-24,7.00,26.80,115,260,37.82,75.83,50,140,-20.08,63.91,59,46,9.75,72.13,228,38,2.08,73.85,154,101,73.59,69.77,356,-43,14.00,86.93,153,-20,48.03,39.35,332,-31,85.72,86.49,116,"Não comparável, alteração metodológica completa",102.39,51.14,101,-46,13.46,19.35,321,0,106.68,78.95,4,-1,85.11,87.45,110,10,0.00,100.00,1,0,1.08,92.24,131,-11,3.22,86.88,29,-14,16.15,53.43,297,-70,195.88,50.70,338,22,38.89,16.20,374,-5,93.81,49.17,263,60,82.76,39.61,135,16,1.48,1.72,420,-3,4.68,5.28,363,23,3.71,3.92,395,-2,5.60,32.20,264,-4,4.90,41.18,187,-3,4.10,60.71,253,-3,519.31,42.90,310,14,50.68,36.67,395,-37,0.00,100.00,1,0,111.14,60.02,350,11,33.17,75.02,361,15,55.45,42.71,418,-19,95.83,95.64,168,3,67.38,30.79,386,15,63.72,36.28,370,32,,0.00,385,2,,0.00,377,-9,94.23,89.67,339,-338,0.00,100.00,1,0,0.33,77.13,390,-28,82.67,85.82,14,6,0.05,95.32,344,12,0.07,84.68,393,-4,-0.30,58.38,300,31,38.44,57.85,207,-5,35.65,31.52,168,-42,-0.73,62.12,375,-175,R$ 0.00,0.00,241,-9,0.78,6.13,273,-18,"R$ 28,854.31",16.35,41,2,"R$ 53,382.85",5.92,174,8,13.30,58.73,115,-75,1.21,37.14,331,9,"R$ 2,856.87",27.99,243,-7,7.31,29.94,85,-26,14.40,37.98,96,281,64.99,34.89,151,-11,19.69,28.30,322,47,99.64,40.50,275,12,59.66,26.09,291,14,22.02,28.88,304,-10,95.21,94.55,164,7,96.77,94.83,209,22,53.13,66,188,75.49,160,108,61.16,38,-24,72.35,190,-10,16.18,405,1,41.73,268,0,60.87,398,-22,56.02,338,0,80.61,25,-7,52.16,227,-46,19.23,263,-21,33.72,195,144,56.97,284,11,49.55,259,26,63.82,92,181,55.52,321,-37,35.64,245,44
1200203,86.49,13.47,397,-4,7.50,28.76,100,132,63.56,44.44,408,-5,4.59,55.08,209,-1,21.30,30.01,392,-4,3.10,59.53,335,-67,78.84,75.78,321,76,9.40,91.67,78,8,47.91,39.20,335,14,87.03,87.81,106,"Não comparável, alteração metodológica completa",158.32,86.71,7,1,1.63,1.40,415,-4,96.13,65.07,48,-27,76.67,77.47,285,39,0.00,100.00,1,0,2.55,77.04,338,15,7.04,57.56,349,21,20.38,34.88,390,-37,144.43,74.19,112,-9,49.45,30.57,274,25,95.05,51.22,231,89,72.92,30.76,248,-19,12.58,14.61,331,5,13.73,15.50,159,-6,36.47,39.06,71,5,5.70,33.90,242,-4,4.80,39.22,223,-3,3.90,53.57,310,-4,494.17,26.56,396,-8,14.23,83.19,170,-41,22.22,77.03,260,8,34.87,88.54,92,82,18.30,86.42,243,-44,8.19,91.65,145,45,48.71,46.43,388,2,70.09,27.95,395,-146,72.71,27.29,395,-15,,0.00,385,2,,0.00,377,-9,90.93,83.76,359,-77,100.00,0.00,345,-18,0.78,67.06,409,1,88.54,91.91,7,0,0.11,90.60,383,7,0.01,98.33,272,28,-0.34,57.70,314,16,61.74,24.46,381,-5,17.82,12.56,357,-7,0.42,63.57,352,-74,R$ 0.32,0.01,196,-29,0.68,5.32,311,-27,"R$ 8,826.18",4.88,247,6,"R$ 29,167.50",2.51,323,-5,15.87,62.67,71,115,1.02,32.25,366,-14,"R$ 2,444.30",21.17,343,70,51.55,86.37,3,393,14.55,38.40,91,92,47.92,25.34,246,-9,26.00,45.55,127,-10,87.70,31.22,363,-30,83.35,72.58,24,35,14.82,18.86,374,-1,92.63,91.24,206,-18,96.82,94.93,205,-181,35.44,385,10,68.82,278,109,63.74,18,-2,69.21,251,-75,28.84,256,18,37.73,313,-8,85.20,109,-6,32.00,398,-8,80.65,24,-1,37.82,394,1,21.59,191,213,36.43,147,32,61.76,128,15,47.42,311,62,51.40,353,50,55.86,313,-32,36.01,230,140
1200401,63.77,46.22,178,22,7.02,26.87,113,-57,51.50,59.15,309,47,-9.44,60.10,108,2,8.71,75.92,181,62,3.46,54.48,370,10,98.53,98.32,16,28,6.20,94.96,32,14,69.80,67.46,68,-35,54.64,55.12,351,"Não comparável, alteração metodológica completa",90.95,43.87,172,-13,10.72,15.19,341,2,87.26,53.42,212,-19,65.33,64.07,395,3,42.15,85.36,199,-37,2.03,82.42,297,-30,5.64,68.30,279,-9,18.76,42.00,363,8,160.05,67.06,197,63,40.39,18.25,360,1,91.12,44.72,319,13,69.28,27.48,292,-38,29.35,34.10,229,4,13.81,15.58,158,-20,32.49,34.79,97,12,6.20,42.37,131,-2,4.90,41.18,187,-3,4.10,60.71,253,-3,522.40,44.91,294,-8,22.43,72.72,251,64,7.45,92.30,134,60,68.95,75.80,241,28,18.05,86.61,236,23,28.97,70.13,393,-8,46.74,44.37,390,-4,53.35,45.48,351,0,61.00,39.00,355,-18,25.07,25.07,316,13,44.53,21.64,212,10,89.82,81.77,363,-60,0.00,100.00,1,0,0.45,74.54,399,5,64.82,67.29,48,-1,0.36,68.66,415,-7,0.03,94.50,351,-20,-0.83,50.98,377,-61,49.63,41.81,292,-5,44.46,40.91,74,-6,3.49,67.43,221,-170,R$ 557.88,25.51,15,69,0.99,7.86,221,-46,"R$ 15,965.25",8.97,128,-7,"R$ 35,533.25",3.41,276,12,15.04,61.39,85,74,2.05,59.13,151,21,"R$ 3,707.38",42.06,73,-40,3.94,25.64,314,-265,16.20,42.94,63,125,52.20,27.73,230,-16,42.02,89.33,5,0,108.80,47.62,153,-53,57.98,22.78,325,26,26.53,35.15,240,-5,82.88,78.74,294,-12,98.28,97.91,60,-30,48.08,157,13,75.06,168,-141,45.64,318,0,66.92,276,-39,28.95,253,1,45.45,222,-8,79.56,232,80,51.81,361,-14,71.11,137,-30,52.53,222,-75,26.74,74,51,53.34,18,5,56.44,296,-22,51.77,198,-17,60.99,146,-88,55.73,316,-12,42.67,57,27
1301902,83.99,17.06,383,-5,5.08,19.25,194,10,45.88,66.00,193,51,-15.87,62.40,72,37,8.04,78.35,159,-22,2.49,68.18,229,-9,83.14,80.70,288,-62,13.30,87.65,140,-60,53.41,46.30,255,113,46.96,47.37,377,"Não comparável, alteração metodológica completa",100.13,49.71,116,-29,3.34,3.99,406,0,90.82,58.09,140,-94,72.98,73.11,333,27,60.86,78.86,249,149,1.69,85.94,251,43,6.14,64.47,310,-15,19.48,38.84,378,-55,138.05,77.10,85,152,33.20,8.46,409,-5,82.21,30.00,400,-5,63.50,22.29,352,-8,0.87,1.02,422,-7,5.61,6.33,329,1,13.51,14.43,283,-15,5.60,32.20,264,-4,4.70,37.25,254,-3,3.60,42.86,368,-4,470.10,10.91,420,-7,28.44,65.05,303,-9,15.79,83.68,211,15,72.03,74.65,258,-19,13.33,90.23,170,-72,10.71,89.04,187,-154,78.00,77.02,337,20,8.31,92.63,9,387,4.40,95.60,16,-2,,0.00,385,2,,0.00,377,-9,85.54,74.10,382,24,100.00,0.00,345,-18,0.49,73.47,401,-11,68.98,71.61,36,1,0.10,90.86,380,-40,0.02,95.33,343,-26,-0.47,56.02,337,-39,66.38,17.81,400,-3,9.71,3.93,417,-27,-28.68,26.90,422,-11,R$ 1.54,0.07,148,84,0.37,2.86,384,14,"R$ 2,088.55",1.02,417,-8,"R$ 32,065.64",2.92,302,23,19.70,68.54,28,371,0.85,27.78,386,8,"R$ 2,534.53",22.66,323,92,54.22,89.77,2,410,6.81,17.00,333,-17,36.38,18.89,296,-52,25.68,44.68,136,-37,66.66,14.87,417,-14,68.43,43.30,107,-56,9.42,11.36,404,-23,82.62,78.40,296,-106,97.20,95.70,166,-38,41.18,307,30,68.18,291,-52,48.78,265,-58,66.99,274,107,12.45,419,-7,32.11,365,0,79.70,229,-68,44.04,385,26,76.05,65,-22,17.74,420,-4,20.76,216,200,26.86,284,-66,48.73,405,-144,42.88,392,12,54.09,312,-14,51.36,369,28,27.72,409,3
1302504,90.91,7.09,412,-2,5.83,22.21,155,-62,52.07,58.45,324,72,21.19,49.14,313,-28,23.83,20.80,402,-33,2.33,70.38,196,-16,69.05,64.57,378,-99,8.40,92.70,64,2,41.04,30.33,390,7,17.41,17.57,415,"Não comparável, alteração metodológica completa",97.52,48.05,130,-29,0.85,0.21,420,-4,80.15,44.07,324,-41,65.38,64.13,393,-29,0.00,100.00,1,386,2.33,79.32,324,-59,6.86,58.94,344,-17,18.76,41.98,364,-248,146.18,73.39,126,136,38.98,16.33,373,8,89.98,42.83,340,6,65.90,24.45,323,10,5.88,6.84,391,11,11.06,12.48,200,25,4.78,5.07,391,3,5.20,25.42,335,-4,4.90,41.18,187,-3,3.50,39.29,384,-4,459.73,4.17,422,-4,28.01,65.61,300,-70,27.91,71.15,283,0,81.31,71.18,277,-141,15.36,88.67,198,-59,18.61,80.86,319,-69,63.03,61.39,376,-375,30.56,69.34,168,-29,69.44,30.56,389,-17,,0.00,385,2,,0.00,377,-9,100.00,100.00,1,271,100.00,0.00,345,-18,0.37,76.26,393,-1,71.12,73.83,32,1,0.02,98.64,281,18,0.01,98.22,278,9,-0.52,55.32,345,-116,74.91,5.57,418,-3,17.59,12.31,362,34,0.29,63.40,355,-92,R$ 0.00,0.00,241,-9,0.20,1.48,408,-13,"R$ 2,225.68",1.10,414,0,"R$ 18,819.75",1.06,390,-8,7.95,50.53,277,74,0.33,14.23,414,-2,"R$ 1,478.84",5.19,420,-44,-5.41,13.71,420,-247,2.27,4.47,419,-35,25.16,12.61,355,-18,31.89,61.63,42,158,71.72,18.80,409,-9,68.83,44.08,102,45,8.60,10.23,410,-7,86.64,83.55,269,-30,96.79,94.86,206,39,34.22,393,-3,46.32,419,-116,41.43,367,-31,71.26,209,135,16.02,407,0,29.44,383,3,75.96,303,-141,41.41,390,-25,78.91,40,-11,32.28,411,4,7.41,423,-13,26.24,291,61,50.30,401,-10,38.67,417,-14,40.01,414,-46,50.73,378,-9,24.58,417,-1
1302603,62.81,47.60,167,-6,11.24,43.49,33,30,38.06,75.54,54,-14,29.71,46.09,343,4,6.34,84.56,81,-22,3.03,60.47,323,-20,96.10,95.54,57,23,6.40,94.75,36,19,66.54,63.25,91,12,82.04,82.77,142,"Não comparável, alteração metodológica completa",65.67,27.80,330,-30,29.73,44.04,160,3,95.55,64.31,58,7,65.60,64.39,391,-2,54.94,80.92,233,7,0.94,93.69,104,25,4.71,75.44,180,10,16.77,50.70,316,43,182.45,56.83,305,43,31.64,6.35,414,-3,93.37,48.43,271,-43,74.00,31.73,236,-4,9.68,11.24,361,-15,11.07,12.49,199,16,12.60,13.46,301,-9,6.20,42.37,131,-2,5.10,45.10,133,-3,4.00,57.14,289,-3,500.88,30.92,379,0,33.73,58.30,345,24,6.45,93.33,119,-70,84.31,70.05,287,41,17.33,87.16,227,-32,10.93,88.81,197,-127,97.13,97.00,128,-28,45.25,53.96,296,12,64.85,35.15,374,-14,32.35,32.35,302,8,22.78,11.07,285,-8,98.81,97.87,249,-3,0.00,100.00,1,0,0.05,83.54,170,61,81.91,85.02,15,4,0.02,98.50,286,23,0.02,96.86,315,14,-0.17,60.11,247,115,49.98,41.31,294,-8,36.30,32.22,161,-23,4.59,68.81,159,111,R$ 912.50,41.72,8,58,2.34,18.66,66,9,"R$ 12,665.84",7.08,172,-3,"R$ 61,855.15",7.11,125,28,12.50,57.50,136,128,3.62,100.00,1,0,"R$ 3,656.68",41.23,79,-18,2.82,24.21,368,-209,4.26,9.96,398,-74,53.08,28.23,223,-26,26.85,47.85,111,-51,106.34,45.71,196,-38,58.78,24.35,309,17,22.45,29.47,298,-22,68.86,60.77,377,-19,97.63,96.58,115,-40,53.18,65,5,83.79,37,46,48.77,266,-23,67.17,273,50,18.97,383,-11,43.83,241,0,77.59,274,25,67.79,265,-8,84.65,9,1,50.50,251,2,37.10,13,19,28.68,255,-92,51.38,391,-19,53.71,139,31,67.82,32,22,58.95,257,11,40.67,97,29
1303403,87.09,12.60,398,-8,11.67,45.18,28,42,45.84,66.05,191,39,-19.37,63.65,61,71,11.34,66.32,273,11,2.06,74.13,150,-23,93.87,92.98,107,35,8.70,92.39,69,17,44.82,35.21,363,24,74.74,75.40,212,"Não comparável, alteração metodológica completa",114.59,58.90,56,5,0.78,0.11,421,-4,83.65,48.67,272,31,69.58,69.10,365,27,57.18,80.15,240,115,2.68,75.70,346,-28,4.34,78.28,140,66,12.01,71.61,130,271,146.28,73.34,127,37,46.02,25.90,312,28,95.81,52.47,214,-11,72.67,30.53,253,-5,9.12,10.60,364,27,12.67,14.30,176,-2,13.91,14.86,280,-48,5.90,37.29,200,-4,4.80,39.22,223,-3,3.90,53.57,310,-4,469.05,10.23,421,-4,16.67,80.07,204,40,0.00,100.00,1,136,51.56,82.30,174,-29,17.65,86.91,229,-97,3.73,96.27,84,-78,92.48,92.15,220,121,4.69,96.42,4,397,32.79,67.21,173,229,,0.00,385,2,,0.00,377,-9,100.00,100.00,1,0,100.00,0.00,345,-18,0.13,81.65,334,-300,50.57,52.49,94,1,0.02,98.40,295,-1,0.01,98.25,274,-4,-0.34,57.82,313,45,77.39,2.03,422,-5,10.73,5.01,415,-32,-26.24,29.97,421,-416,R$ 0.00,0.00,241,-9,0.79,6.25,264,54,"R$ 2,731.42",1.39,407,-9,"R$ 17,193.26",0.83,398,9,9.61,53.08,229,113,0.25,12.25,417,-9,"R$ 1,734.42",9.42,419,-14,-7.84,10.61,421,-100,7.28,18.31,313,-33,46.41,24.49,255,-27,30.64,58.23,50,27,83.32,27.81,383,-11,71.62,49.55,73,52,7.22,8.30,417,-13,85.67,82.31,273,-59,94.91,91.02,308,15,46.87,183,99,76.27,148,43,47.39,287,41,75.43,141,213,22.47,344,5,36.13,336,9,87.50,65,4,51.79,362,26,74.68,81,23,14.86,421,-96,8.13,422,-10,33.68,196,-11,51.80,383,-12,45.07,362,14,60.93,147,97,56.74,298,73,23.99,420,-25
1304203,95.83,0.00,413,,8.79,33.84,62,,52.42,58.02,331,,30.50,45.81,348,,13.34,59.02,312,,1.55,81.36,73,,78.68,75.60,324,,8.80,92.28,73,,17.56,0.00,423,,22.51,22.71,414,,87.28,41.54,199,,0.71,0.01,422,,91.43,58.90,124,,65.34,64.08,394,,115.74,59.81,365,,2.06,82.11,299,,6.03,65.31,302,,15.05,58.28,251,,151.35,71.03,156,,48.56,29.36,283,,92.39,46.82,295,,58.00,17.34,390,,12.22,14.20,334,,32.86,37.09,43,,21.15,22.63,195,,4.90,20.34,368,,4.30,29.41,332,,3.30,32.14,404,,474.54,13.80,419,,23.97,70.76,267,,17.39,82.02,220,,59.61,79.29,205,,10.09,92.71,118,,12.60,87.08,226,,,0.00,408,,,0.00,410,,,0.00,415,,,0.00,385,,,0.00,377,,71.14,48.32,401,,62.13,37.87,337,,0.33,77.24,389,,96.33,100.00,1,,0.01,98.87,272,,0.01,98.02,288,,-0.09,61.23,194,,73.30,7.88,417,,11.36,5.68,412,,-50.03,0.00,423,,R$ 452.14,20.67,21,,0.15,1.09,414,,"R$ 2,308.68",1.15,413,,"R$ 21,983.70",1.50,367,,16.80,64.09,57,,0.19,10.49,418,,"R$ 1,334.49",2.80,422,,24.32,51.63,6,,12.19,31.88,148,,37.81,19.69,288,,17.58,22.54,389,,56.00,6.59,422,,96.78,98.91,3,,6.21,6.89,419,,26.92,7.00,422,,95.03,91.27,304,,34.42,392,,54.85,397,,44.16,342,,65.17,299,,27.25,281,,24.24,405,,82.19,174,,14.94,419,,87.52,4,,3.88,423,,14.53,390,,24.70,307,,42.13,419,,37.20,421,,44.19,401,,48.52,399,,21.04,423,
1400100,73.73,31.85,299,8,7.40,28.38,103,100,50.15,60.79,288,-78,-12.02,61.02,95,12,9.96,71.36,238,-36,2.92,62.05,301,23,41.42,32.94,409,-233,15.80,85.08,180,-59,53.97,47.02,246,-68,66.91,67.50,281,"Não comparável, alteração metodológica completa",114.37,58.76,58,-28,6.53,8.83,390,-2,70.33,31.15,403,-54,62.27,60.45,406,-3,115.87,59.76,366,-6,0.96,93.49,109,4,3.12,87.64,24,26,19.26,39.77,374,31,146.69,73.16,130,175,36.15,12.48,393,-5,85.13,34.82,390,-7,60.08,19.22,374,-62,14.85,17.25,317,-19,2.08,2.34,416,-5,10.17,10.85,332,29,5.70,33.90,242,-4,4.40,31.37,317,-4,3.70,46.43,351,-4,507.53,35.24,363,-65,16.59,80.18,203,72,39.06,59.62,323,-28,45.93,84.40,148,103,16.80,87.57,223,69,17.01,82.51,298,80,96.97,96.84,136,194,57.75,40.87,365,-27,61.70,38.30,361,-13,92.01,92.01,100,-11,107.90,52.43,10,2,100.00,100.00,1,0,100.00,0.00,345,-18,0.09,82.64,282,70,6.17,6.40,400,9,0.00,100.00,1,246,0.00,100.00,1,394,-0.76,51.95,372,-260,45.34,47.96,265,-17,36.45,32.38,159,35,2.57,66.27,273,-243,R$ 442.13,20.21,22,80,0.73,5.74,291,-56,"R$ 18,185.69",10.24,103,14,"R$ 44,098.64",4.61,220,32,19.85,68.77,23,268,1.39,41.88,292,-39,"R$ 4,153.36",49.44,30,145,62.24,100.00,1,315,8.10,20.58,276,53,49.65,26.31,239,-7,38.20,78.88,11,37,97.06,38.49,306,-109,60.90,28.53,263,67,20.19,26.34,326,-3,95.24,94.59,163,-2,98.53,98.43,32,22,45.51,209,64,62.76,354,-161,41.52,364,-56,64.16,315,62,14.96,415,-12,35.37,342,-22,80.29,219,103,74.41,204,13,61.43,394,11,51.35,241,-107,32.16,31,227,41.92,87,72,57.28,275,1,49.78,254,45,53.76,315,-74,54.33,340,19,42.68,56,148
1500107,87.83,11.53,400,-4,5.69,21.65,162,139,58.44,50.68,397,-13,1.24,56.28,190,-12,9.66,72.45,225,-65,2.07,74.06,152,19,92.11,90.96,148,44,12.60,88.37,126,204,38.21,26.67,399,3,97.03,97.89,23,"Não comparável, alteração metodológica completa",93.68,45.61,151,-11,6.03,8.08,391,-5,77.80,40.97,364,14,66.62,65.60,381,15,43.92,84.75,205,159,1.90,83.76,282,-4,7.49,54.11,365,6,16.69,51.07,312,-67,136.55,77.79,77,-10,49.32,30.39,277,19,91.63,45.56,310,7,69.35,27.54,291,28,11.69,13.58,340,-12,22.43,25.31,90,29,24.81,26.56,156,47,4.40,11.86,410,-5,4.50,33.33,295,-4,4.20,64.29,220,-3,496.14,27.84,392,-45,24.56,70.00,277,-67,2.33,97.60,63,89,62.03,78.39,217,-62,12.87,90.58,158,-27,1.51,98.57,38,17,15.74,11.99,405,5,54.04,44.76,353,1,55.91,44.09,332,-10,,0.00,385,2,,0.00,377,-9,100.00,100.00,1,357,100.00,0.00,345,-18,0.17,80.75,357,4,62.06,64.43,57,2,0.00,99.86,201,48,0.01,98.52,266,-12,-0.53,55.08,347,-48,75.10,5.30,419,-3,11.39,5.71,411,-7,-5.26,56.40,405,-297,R$ 0.45,0.02,188,44,0.43,3.34,366,28,"R$ 5,030.10",2.71,345,-8,"R$ 15,431.59",0.58,410,-2,11.30,55.66,175,-36,0.32,14.11,415,-2,"R$ 2,586.52",23.52,307,15,13.44,37.76,16,89,9.51,24.46,237,44,36.51,18.96,294,5,24.27,40.80,169,89,72.60,19.48,404,2,70.91,48.17,83,58,15.23,19.44,372,-4,94.25,93.32,181,-93,97.20,95.70,167,-150,35.04,387,5,81.63,66,93,41.14,372,17,70.75,223,63,26.89,288,30,30.42,373,-4,85.10,112,-53,29.82,401,7,77.69,46,10,27.32,417,-4,12.63,408,0,28.08,261,63,55.22,331,1,43.42,384,15,57.32,240,87,51.39,368,23,27.47,410,3
1500602,80.40,22.25,360,-17,9.38,36.15,53,255,48.88,62.34,257,-67,-3.33,57.91,156,30,23.84,20.76,403,1,1.36,84.04,43,10,90.32,88.92,188,203,11.40,89.61,109,-13,42.17,31.79,383,-19,98.14,99.02,10,"Não comparável, alteração metodológica completa",76.65,34.78,278,43,4.67,6.01,402,-7,78.06,41.31,358,-34,64.61,63.22,400,-10,97.23,66.24,333,-332,2.25,80.14,316,-80,5.75,67.46,285,-88,14.58,60.30,233,38,194.95,51.12,334,38,42.36,20.92,346,-10,91.10,44.68,321,31,60.00,19.14,376,3,29.28,34.01,233,-3,5.89,6.64,323,-79,16.48,17.62,249,-123,5.10,23.73,348,-4,4.40,31.37,317,-4,4.70,82.14,46,-1,508.15,35.65,362,-36,39.42,51.04,366,34,12.90,86.66,185,-93,121.02,56.33,359,35,38.69,70.79,378,18,25.37,73.86,371,-78,48.33,46.03,389,-1,36.15,63.48,215,-3,100.00,0.00,415,-13,44.56,44.56,264,-8,77.41,37.61,106,-10,100.00,100.00,1,335,0.00,100.00,1,0,0.52,72.87,403,15,91.59,95.08,3,-1,0.03,97.71,312,38,0.02,95.09,346,17,-0.14,60.49,228,127,55.14,33.92,335,1,16.91,11.58,374,-11,2.65,66.38,269,21,R$ 0.15,0.01,219,-14,1.69,13.40,121,46,"R$ 8,504.78",4.70,260,3,"R$ 30,788.13",2.74,310,-25,12.43,57.40,139,-48,0.77,25.65,398,-2,"R$ 2,647.47",24.53,296,-48,-1.39,18.84,414,-252,4.07,9.46,399,9,62.26,33.36,169,-2,19.87,28.79,314,-23,88.52,31.86,357,2,70.64,47.64,89,-11,13.59,17.16,383,7,78.29,72.86,318,-37,93.36,87.84,354,-7,44.66,228,115,73.77,190,210,36.90,403,-6,62.14,339,-106,22.95,336,-35,38.00,310,-13,65.79,379,23,61.17,309,-1,84.17,10,388,41.45,359,17,14.78,388,-43,23.87,324,16,51.47,389,-30,45.22,361,36,58.58,215,175,53.76,347,34,28.90,403,-9
1500800,73.41,32.32,294,-36,25.49,99.49,2,4,39.63,73.62,74,-47,45.71,40.36,379,-21,5.39,88.00,42,-16,1.97,75.42,139,-16,45.05,37.09,407,-152,1.50,99.79,2,58,37.28,25.47,404,-48,98.72,99.60,5,"Não comparável, alteração metodológica completa",88.79,42.50,193,-44,17.72,25.81,280,-14,72.86,34.48,395,-36,52.02,48.34,417,-6,52.30,81.84,221,112,3.37,68.56,390,-57,5.39,70.22,258,-131,14.99,58.51,250,-11,166.77,63.99,241,27,34.04,9.61,406,-11,88.98,41.18,351,-16,70.93,28.97,277,0,8.53,9.91,368,-41,6.57,7.41,304,-75,27.51,29.44,134,141,5.90,37.29,200,-4,5.10,45.10,133,-3,4.40,71.43,148,-2,511.77,38.00,339,-34,42.73,46.82,380,-28,11.07,88.56,169,-117,151.73,44.85,388,-16,40.76,69.20,389,-1,26.59,72.60,379,-12,39.39,36.69,395,1,26.40,73.69,115,179,44.85,55.15,262,-25,37.27,37.27,288,-2,27.28,13.26,268,-40,99.69,99.44,226,-54,0.00,100.00,1,0,0.07,83.02,256,38,53.15,55.17,85,2,0.00,100.00,1,0,0.00,100.00,1,0,-0.11,60.92,213,137,46.60,46.16,275,-3,21.38,16.34,328,0,5.37,69.80,117,95,R$ 567.65,25.95,14,89,0.56,4.39,340,7,"R$ 7,451.68",4.09,285,13,"R$ 23,964.96",1.78,353,20,14.93,61.22,86,215,1.78,52.13,212,7,"R$ 2,372.40",19.98,360,-9,5.37,27.46,219,46,2.94,6.33,412,-12,42.33,22.22,269,-2,18.39,24.75,372,-44,94.18,36.25,327,-41,66.70,39.91,142,69,17.12,22.06,355,-4,83.88,80.01,286,-3,98.49,98.34,36,-21,61.45,12,7,77.23,128,199,38.02,397,-25,68.37,263,45,19.99,375,-2,45.70,218,-15,62.58,390,-17,58.28,330,-4,76.76,58,34,47.77,292,20,22.07,177,137,17.76,395,-17,55.32,327,-11,48.46,286,52,68.99,20,134,53.30,351,-2,32.59,340,35
1501303,,0.00,413,-380,,0.00,408,-390,34.93,79.35,30,8,-27.30,66.49,35,40,,0.00,408,-119,,0.00,403,-31,87.80,86.03,235,-42,31.60,68.83,321,61,26.18,11.14,420,-19,99.04,99.92,2,"Não comparável, alteração metodológica completa",97.55,48.07,129,-30,21.05,30.87,242,-32,84.98,50.42,251,-122,74.99,75.49,303,8,50.23,82.56,217,-4,1.18,91.21,154,44,4.53,76.82,164,10,16.07,53.78,294,39,149.58,71.84,142,38,48.36,29.09,286,-9,93.57,48.76,267,57,60.02,19.16,375,7,11.64,13.52,341,-16,7.63,8.60,271,89,19.33,20.68,210,147,4.50,13.56,402,-5,3.90,21.57,383,-5,4.20,64.29,220,-3,498.68,29.49,385,-21,26.21,67.89,290,36,0.00,100.00,1,146,84.78,69.88,291,-4,27.67,79.24,324,-116,8.05,91.79,143,90,72.02,70.78,354,47,40.38,59.06,266,-28,63.04,36.96,368,-9,27.13,27.13,310,38,44.81,21.77,210,21,76.50,57.92,395,-13,100.00,0.00,345,-18,0.38,76.08,394,0,48.81,50.67,101,0,0.05,95.91,336,24,0.01,97.13,312,6,-0.26,58.92,286,56,59.83,27.19,367,-7,38.41,34.46,131,1,7.52,72.51,38,26,R$ 0.00,0.00,241,-9,0.07,0.43,420,-3,"R$ 3,854.53",2.04,378,-5,"R$ 72,562.44",8.62,87,-35,9.29,52.59,241,-165,2.27,64.93,108,28,"R$ 3,497.38",38.59,102,-5,6.15,28.46,157,-21,7.56,19.08,296,-68,29.61,15.10,333,-6,15.44,16.69,417,-38,107.74,46.79,172,4,68.47,43.38,106,75,14.43,18.33,376,-2,95.15,94.46,167,-89,96.76,94.81,210,-161,36.46,369,-366,56.42,386,-231,50.55,229,-89,72.32,191,22,21.49,356,35,27.34,388,1,79.42,238,35,42.38,388,9,72.21,113,21,48.69,285,-22,21.37,196,-4,16.96,397,-30,59.55,195,10,43.79,380,-101,46.01,394,-374,52.27,361,27,33.22,326,-43
1501402,58.29,54.11,109,-27,5.02,19.02,199,-165,39.78,73.44,77,55,13.67,51.83,277,25,2.10,100.00,1,2,3.19,58.29,346,-59,69.44,65.02,375,-38,12.00,88.99,117,279,53.03,45.81,257,36,82.55,83.29,136,"Não comparável, alteração metodológica completa",81.56,37.90,240,111,28.36,41.96,177,-17,66.72,26.41,412,-30,56.91,54.11,414,-8,35.33,87.73,181,10,1.73,85.52,255,-11,5.33,70.68,251,34,18.87,41.52,369,-6,179.55,58.16,291,-34,33.41,8.74,408,-2,85.66,35.70,387,-28,75.55,33.13,220,16,26.36,30.62,253,-6,7.77,8.77,268,-44,26.78,28.67,138,115,5.40,28.81,303,-4,4.80,39.22,223,-3,4.50,75.00,108,-1,528.93,49.15,257,-62,23.67,71.14,260,-52,3.78,96.09,83,125,56.66,80.39,194,-28,7.79,94.47,81,-27,18.96,80.50,323,-14,88.18,87.65,267,-84,58.96,39.60,368,1,54.98,45.02,325,10,25.27,25.27,315,15,24.95,12.12,273,-13,82.30,68.30,388,-39,0.00,100.00,1,0,0.04,83.72,137,21,29.30,30.42,192,4,0.04,96.50,327,-326,0.03,94.03,355,-354,-0.06,61.68,178,187,48.12,43.97,285,4,40.15,36.31,108,20,5.74,70.26,97,305,"R$ 1,760.32",80.48,2,22,1.87,14.87,98,-3,"R$ 21,172.79",11.95,77,4,"R$ 31,100.18",2.79,306,22,7.80,50.30,284,38,2.17,62.11,129,-2,"R$ 4,311.21",52.06,19,127,5.07,27.07,235,170,7.93,20.12,283,-65,73.58,39.69,103,-4,34.03,67.49,31,-12,120.07,56.37,66,-17,62.26,31.19,236,59,22.58,29.66,295,-10,69.19,61.19,375,-18,97.69,96.70,109,13,49.60,119,-78,78.36,106,122,37.45,400,2,65.60,294,-39,23.95,325,16,43.37,250,-22,84.03,133,-23,57.43,335,-29,68.64,184,51,53.05,213,90,38.02,9,134,42.43,79,-36,55.02,337,-8,52.76,168,68,63.36,103,-5,54.84,331,-13,45.02,22,147
1501709,89.10,9.70,407,-3,3.79,14.19,269,61,68.16,38.83,413,-6,22.15,48.79,320,14,7.79,79.28,148,-14,1.36,84.07,42,-10,85.58,83.49,263,-42,13.50,87.45,142,15,51.04,43.25,289,35,95.97,96.83,37,"Não comparável, alteração metodológica completa",170.41,94.39,3,-2,1.42,1.08,416,-4,78.42,41.79,353,-80,72.63,72.70,341,-27,167.22,41.93,399,-2,1.39,89.04,196,-2,5.12,72.29,227,28,20.07,36.25,386,-123,188.96,53.86,321,-72,32.78,7.89,410,-3,86.06,36.36,382,-16,58.47,17.76,386,-2,6.44,7.49,388,-14,13.09,14.77,165,-38,33.94,36.34,86,-24,4.60,15.25,391,-5,4.60,35.29,271,-3,4.00,57.14,289,-3,488.54,22.89,409,-26,27.34,66.46,296,-113,18.18,81.21,224,-5,87.56,68.84,296,-120,18.23,86.47,238,-53,5.66,94.27,112,-21,14.97,11.19,406,5,69.22,28.86,392,-15,66.29,33.71,377,-20,,0.00,385,2,,0.00,377,-9,100.00,100.00,1,0,100.00,0.00,345,-18,0.65,70.02,406,-13,62.99,65.39,54,24,0.00,99.80,210,49,0.01,97.34,307,43,-0.26,58.87,288,-161,68.60,14.62,407,-2,9.30,3.48,421,-10,-12.76,46.95,416,-414,R$ 2.01,0.09,142,31,0.68,5.32,310,36,"R$ 4,902.92",2.64,350,6,"R$ 16,065.14",0.67,405,7,13.84,59.55,105,305,0.45,17.47,410,-7,"R$ 2,736.28",26.00,270,19,9.62,32.88,34,-32,6.07,14.97,360,-30,41.24,21.60,275,-10,24.21,40.64,171,-55,71.83,18.89,408,2,74.39,54.98,48,-11,9.22,11.08,406,-8,97.40,97.36,97,23,98.35,98.05,51,20,27.88,413,0,83.48,46,122,57.69,80,-39,51.34,405,-42,19.99,374,-30,30.19,376,-4,78.60,259,-174,28.18,404,-3,75.26,74,4,25.29,418,-372,13.43,404,-35,25.74,297,-57,56.07,313,-76,41.27,405,-31,54.47,302,70,47.86,402,-25,27.21,412,-152
1501808,85.35,15.10,390,15,4.76,17.99,207,-71,65.55,42.01,411,-1,-1.37,57.21,172,-29,5.71,86.84,54,16,1.19,86.45,25,-4,84.31,82.04,279,136,26.60,73.97,278,60,51.07,43.28,287,-9,96.21,97.07,34,"Não comparável, alteração metodológica completa",79.05,36.30,261,11,0.90,0.28,419,-4,57.19,13.87,419,-6,38.97,32.91,422,-4,0.00,100.00,1,382,6.16,39.71,420,-6,4.40,77.82,150,53,24.25,17.88,416,-62,109.56,90.11,10,18,41.76,20.11,351,-17,91.73,45.72,307,3,38.72,0.00,423,-5,10.73,12.46,351,-34,11.81,13.32,186,-45,15.62,16.70,257,90,3.70,0.00,423,-5,2.80,0.00,423,-5,4.20,64.29,220,-3,484.04,19.97,414,-8,16.51,80.27,201,15,34.48,64.35,304,-10,56.19,80.57,190,-75,7.82,94.45,82,-73,1.21,98.88,29,-2,22.40,18.95,403,5,3.71,97.45,3,398,100.00,0.00,415,-13,,0.00,385,2,,0.00,377,-9,44.16,0.00,413,-20,100.00,0.00,345,-18,-0.68,100.00,1,0,88.77,92.15,6,0,0.00,99.97,182,60,0.00,99.31,220,27,-0.02,62.24,145,268,78.80,0.00,423,-5,14.45,8.97,388,15,9.56,75.08,15,336,R$ 0.00,0.00,241,-9,0.18,1.34,410,-3,"R$ 2,890.73",1.48,403,-2,"R$ 14,165.45",0.41,416,2,23.49,74.34,14,368,0.29,13.29,416,-5,"R$ 2,597.03",23.69,306,-6,5.19,27.24,230,127,6.01,14.80,362,-54,37.19,19.34,292,4,41.76,88.61,7,1,59.44,9.26,418,-3,73.33,52.91,53,-47,6.08,6.71,420,-5,21.46,0.00,423,-5,79.83,60.13,417,0,33.08,398,8,82.42,54,325,22.26,422,-6,67.22,271,89,17.27,398,2,14.04,423,-5,84.75,118,-56,9.62,423,-7,92.26,1,0,34.74,408,9,11.86,411,3,40.92,93,-23,25.80,423,-5,38.78,415,1,56.68,256,151,43.54,418,-5,24.33,418,0
1502103,90.36,7.89,409,0,10.74,41.52,38,101,75.83,29.48,416,-8,7.31,54.11,228,-12,6.63,83.48,92,13,1.48,82.44,63,-9,44.41,36.36,408,3,42.10,58.02,373,5,44.76,35.12,365,-6,95.96,96.82,38,"Não comparável, alteração metodológica completa",105.59,53.18,84,8,0.71,0.00,423,-5,84.40,49.65,257,-27,47.79,43.34,420,-16,0.00,100.00,1,403,2.71,75.39,349,-20,6.85,59.02,342,20,16.83,50.46,321,43,111.63,89.17,14,25,42.60,21.26,341,-6,86.07,36.37,381,0,52.37,12.28,409,-3,7.84,9.11,375,36,7.94,8.96,266,12,11.63,12.42,308,89,4.10,6.78,421,-5,3.50,13.73,413,-5,4.00,57.14,289,-3,487.13,21.98,410,-30,14.60,82.72,180,8,4.55,95.30,92,-14,41.32,86.12,132,-34,7.65,94.58,79,-4,11.53,88.19,207,-32,55.62,53.65,383,21,96.79,0.00,410,-9,37.00,63.00,207,195,,0.00,385,2,,0.00,377,-9,64.07,35.66,406,-11,100.00,0.00,345,-18,0.44,74.69,398,-148,61.18,63.51,62,-1,0.00,99.80,213,53,0.00,98.99,244,37,-0.20,59.75,263,75,75.90,4.15,421,-7,6.02,0.00,423,-5,-25.88,30.43,420,-307,R$ 0.00,0.00,241,-9,0.27,2.04,400,5,"R$ 3,789.22",2.00,384,-3,"R$ 14,171.24",0.41,415,1,15.89,62.70,70,319,-0.08,3.47,422,-7,"R$ 3,905.90",45.35,46,37,15.20,40.00,14,39,4.69,11.15,390,-29,37.50,19.51,290,2,37.36,76.60,14,-1,57.16,7.48,420,-3,83.84,73.53,22,-3,1.25,0.00,423,-5,66.19,57.34,389,-87,77.99,56.37,418,-7,33.25,396,12,69.43,272,96,41.50,365,-33,77.34,111,259,15.42,411,4,20.02,417,-5,89.17,34,6,23.34,411,4,76.42,63,1,14.23,422,-8,13.51,403,-9,35.75,161,-40,38.94,420,-7,39.53,411,1,50.55,364,41,48.68,396,11,23.72,421,-10
1502152,76.70,27.57,328,10,9.45,36.44,52,-48,25.64,90.68,3,0,-34.10,68.93,25,-5,6.31,84.66,79,-57,3.75,50.42,384,-29,91.47,90.24,165,7,34.70,65.64,343,24,36.79,24.83,408,-33,91.74,92.55,71,"Não comparável, alteração metodológica completa",75.75,34.21,283,-66,41.92,62.53,62,12,86.73,52.71,220,64,83.12,85.10,159,-16,0.00,100.00,1,0,0.85,94.62,74,-60,3.47,84.96,47,-17,18.01,45.28,347,50,160.39,66.91,198,-125,38.86,16.16,375,-65,103.02,64.38,58,-44,71.34,29.34,270,-72,4.76,5.53,403,-10,4.73,5.34,360,-39,0.77,0.77,420,-3,5.20,25.42,335,-4,4.40,31.37,317,-4,4.10,60.71,253,-3,510.43,37.13,348,-73,33.48,58.63,341,-32,9.38,90.31,156,-155,154.70,43.74,391,-165,53.10,59.74,408,-56,13.63,86.02,255,-126,,0.00,408,-79,,0.00,410,-12,,0.00,415,-33,,0.00,385,-128,,0.00,377,-10,98.29,96.94,257,99,100.00,0.00,345,-18,0.15,81.19,349,-262,52.76,54.77,89,8,0.04,96.21,333,-28,0.09,80.83,403,-3,-0.19,59.83,261,-7,60.63,26.05,371,-33,55.38,52.52,21,-2,9.08,74.47,17,-11,R$ 0.00,0.00,241,-9,0.24,1.83,402,-3,"R$ 7,069.77",3.88,297,38,"R$ 215,643.20",28.74,8,-7,3.49,43.69,355,-343,1.04,32.66,364,-59,"R$ 4,073.47",48.12,35,5,8.78,31.80,41,325,3.39,7.57,406,-61,34.73,17.96,305,-17,16.02,18.28,412,-20,141.22,72.81,12,-7,67.79,42.04,120,69,30.27,40.35,187,-37,93.65,92.54,191,-24,92.89,86.87,363,23,55.90,32,-30,75.82,156,216,53.58,159,9,74.54,156,-38,16.98,402,-50,35.24,346,-25,65.26,383,-132,21.54,413,-45,72.68,108,9,54.37,196,-169,19.80,249,-171,14.60,407,-21,66.92,21,20,46.11,345,-127,65.43,61,52,47.58,406,-94,34.61,283,-186
1502400,78.12,25.53,339,35,5.46,20.76,175,169,66.58,40.76,412,-15,4.31,55.18,208,129,6.64,83.46,94,18,2.66,65.70,257,-51,23.49,12.42,422,-278,7.60,93.52,55,149,19.65,2.70,422,-6,97.56,98.43,18,"Não comparável, alteração metodológica completa",104.95,52.77,87,-19,7.55,10.38,378,-9,81.99,46.48,299,-101,76.22,76.94,290,-43,111.82,61.17,356,-86,1.32,89.76,185,173,4.76,75.06,188,60,15.65,55.61,278,54,171.95,61.63,262,-12,40.36,18.21,361,7,95.67,52.24,215,-19,72.13,30.05,258,35,6.48,7.52,386,-25,11.22,12.66,195,-37,40.74,43.64,51,153,4.60,15.25,391,-5,4.40,31.37,317,-4,4.50,75.00,108,-1,522.60,45.04,291,-115,17.34,79.22,210,96,12.20,87.39,181,-68,60.36,79.01,208,63,17.34,87.15,228,38,12.53,87.16,224,-123,25.53,22.22,402,4,72.54,25.39,403,-17,66.91,33.09,380,-12,0.72,0.72,382,3,3.49,1.70,356,-5,85.00,73.14,384,-383,100.00,0.00,345,-18,0.08,82.75,275,-2,38.07,39.52,145,15,0.01,99.37,251,100,0.01,97.93,293,56,-0.42,56.68,330,-69,52.53,37.66,316,8,26.32,21.60,278,4,8.97,74.34,19,186,R$ 0.14,0.01,220,0,0.66,5.20,314,-34,"R$ 13,647.19",7.64,162,20,"R$ 32,862.91",3.03,293,27,11.06,55.30,179,142,1.21,37.22,330,-4,"R$ 2,275.54",18.37,381,-11,5.75,27.94,191,-37,6.72,16.77,334,-20,74.88,40.42,96,4,14.11,13.06,420,-8,99.13,40.10,282,-14,71.21,48.75,79,56,23.63,31.12,281,-8,95.34,94.71,161,-104,97.22,95.75,163,-124,35.56,384,15,67.50,300,-38,47.64,284,-79,64.06,318,-17,26.16,297,45,35.55,340,-39,83.76,139,82,24.79,410,-10,71.22,136,52,48.79,283,49,16.01,354,-17,23.42,338,18,62.09,112,-12,43.48,383,6,50.83,361,10,49.67,385,1,32.83,336,14
1503606,82.39,19.37,372,-6,,0.00,408,0,,0.00,418,-6,,0.00,418,-5,,0.00,408,-1,,0.00,403,-1,53.70,47.00,400,-128,10.90,90.12,96,194,48.37,39.79,327,13,96.22,97.08,33,"Não comparável, alteração metodológica completa",78.85,36.18,262,-37,12.42,17.77,330,-8,64.79,23.87,414,-9,63.89,62.37,401,-20,0.00,100.00,1,368,3.17,70.63,377,-11,6.64,60.63,336,-31,27.40,4.06,422,-5,207.42,45.43,380,-14,45.42,25.08,317,0,93.73,49.03,265,-15,52.07,12.01,410,-1,4.10,4.76,407,-9,9.60,10.83,230,61,11.17,11.92,320,-9,5.40,28.81,303,-4,4.90,41.18,187,-3,4.20,64.29,220,-3,511.88,38.07,338,-46,44.13,45.02,382,12,6.35,93.44,118,-2,116.20,58.13,354,19,54.61,58.59,410,-3,45.73,52.78,412,-4,4.26,0.00,408,5,24.61,75.57,94,-76,19.67,80.33,77,-37,,0.00,385,2,,0.00,377,-9,50.87,12.02,410,-4,100.00,0.00,345,-18,0.64,70.13,405,12,89.56,92.97,4,-1,0.10,91.62,377,-1,0.05,90.36,375,-4,-0.33,57.85,312,20,58.99,28.40,360,-2,20.38,15.28,341,-20,0.31,63.43,354,-294,R$ 0.00,0.00,241,-9,0.65,5.09,317,37,"R$ 6,372.21",3.48,321,-5,"R$ 30,864.46",2.75,307,-52,1.30,40.35,374,-247,1.12,34.86,351,-2,"R$ 3,109.05",32.17,191,-1,6.82,29.31,108,-38,6.32,15.66,350,-105,26.57,13.40,346,-17,22.91,37.09,205,33,88.92,32.17,354,3,73.13,52.51,55,-48,9.02,10.80,409,-10,51.12,38.02,419,-30,55.78,10.88,422,-4,4.84,423,-7,55.03,396,-40,33.37,414,-16,52.99,401,13,16.99,400,1,40.39,284,-19,58.80,406,7,11.33,422,-4,80.86,21,151,39.66,381,-44,15.74,360,-41,22.05,354,-38,28.88,422,-5,31.99,423,-5,28.84,422,-10,40.94,422,-4,23.64,422,-14
1504208,65.99,43.01,201,32,7.11,27.23,111,-34,47.12,64.49,223,67,-11.94,60.99,96,87,5.45,87.80,44,55,3.10,59.51,336,38,86.95,85.06,245,-37,27.20,73.35,283,34,36.69,24.71,409,-23,80.26,80.98,166,"Não comparável, alteração metodológica completa",54.80,20.89,380,-9,10.29,14.54,348,-1,78.76,42.23,350,-4,64.93,63.59,398,3,74.63,74.09,279,-278,1.44,88.52,207,23,3.52,84.57,54,65,21.64,29.34,402,-73,181.24,57.39,301,69,39.40,16.90,370,-15,86.82,37.61,371,-21,63.01,21.85,357,-9,2.94,3.41,414,-14,7.65,8.63,269,-49,25.79,27.60,145,71,5.40,28.81,303,-4,4.60,35.29,271,-3,4.30,67.86,192,-3,515.91,40.69,327,-68,48.18,39.86,390,23,10.32,89.33,163,-49,141.52,48.67,378,23,43.33,67.24,395,4,23.71,75.58,362,2,35.19,32.31,397,2,46.74,52.40,310,-19,43.95,56.05,255,-9,0.69,0.69,383,3,1.99,0.97,364,-9,88.38,79.19,373,13,100.00,0.00,345,-18,2.11,36.87,419,-22,47.37,49.18,106,5,0.07,93.79,357,2,0.03,94.70,350,7,-0.32,58.05,306,14,50.73,40.23,301,-7,31.45,27.05,226,-5,6.05,70.65,82,38,"R$ 1,034.89",47.31,6,90,0.81,6.42,260,1,"R$ 16,045.58",9.01,126,14,"R$ 36,576.95",3.56,272,-127,-20.31,7.23,422,-28,1.88,54.77,189,2,"R$ 3,265.28",34.75,152,-30,4.43,26.26,280,-123,2.75,5.81,414,-96,60.12,32.16,185,8,19.60,28.04,326,-18,103.56,43.54,231,-4,65.30,37.16,167,80,20.89,27.30,317,30,92.92,91.61,203,-94,94.39,89.94,327,-242,48.93,137,57,74.51,178,36,34.06,410,-2,60.19,352,-110,18.11,392,-4,39.46,295,-19,61.11,397,18,31.06,399,5,59.80,405,-247,49.50,265,1,25.73,87,108,22.01,355,-57,57.91,259,-18,43.85,379,7,61.16,143,51,43.09,419,-10,35.84,238,26
1504422,,0.00,413,-18,,0.00,408,-117,56.16,53.46,383,15,21.76,48.93,318,-53,,0.00,408,-278,,0.00,403,-244,87.82,86.05,234,161,36.50,63.79,351,50,55.07,48.44,238,166,93.81,94.64,56,"Não comparável, alteração metodológica completa",119.39,61.95,38,-10,5.77,7.68,395,-5,78.19,41.48,356,-127,51.27,47.45,419,-7,154.20,46.45,387,-386,1.74,85.42,257,-25,4.65,75.90,171,51,19.28,39.72,375,-14,208.72,44.83,383,-86,49.91,31.20,269,-31,88.86,40.98,353,-26,66.74,25.20,317,10,18.26,21.21,285,-31,8.36,9.43,253,-194,7.74,8.24,360,-33,5.50,30.51,280,-4,4.80,39.22,223,-3,4.60,78.57,70,-1,492.03,25.17,400,-11,55.46,30.57,402,-141,1.49,98.46,56,8,151.78,44.83,389,-242,12.61,90.78,153,-38,26.62,72.56,380,-12,42.87,40.33,393,2,68.48,29.64,390,-25,60.19,39.81,350,-18,12.98,12.98,349,-3,38.85,18.88,235,16,100.00,100.00,1,190,0.00,100.00,1,0,0.03,84.03,61,279,57.86,60.07,68,0,0.00,100.00,1,0,0.00,100.00,1,0,-0.06,61.57,183,210,64.40,20.64,391,3,16.94,11.62,373,-5,6.29,70.95,76,315,R$ 0.00,0.00,241,-9,0.34,2.64,390,-67,"R$ 4,521.77",2.42,361,10,"R$ 24,873.84",1.91,347,2,12.30,57.20,142,-60,1.98,57.28,169,21,"R$ 2,790.14",26.89,261,-15,3.30,24.82,351,-247,13.00,34.11,124,-53,20.63,10.08,374,-14,17.29,21.73,396,7,98.89,39.92,285,-5,70.69,47.73,86,10,13.24,16.67,386,5,93.96,92.94,184,-86,90.38,81.74,388,-154,25.60,417,-19,57.46,381,0,43.67,348,-90,51.07,407,-192,20.76,366,-95,40.53,283,-9,65.51,381,-226,51.14,366,-9,78.54,42,38,39.63,382,26,18.50,286,-18,21.98,357,-25,55.80,321,-88,40.99,408,-33,40.84,411,-9,50.25,382,-93,30.77,379,-11
1504703,90.70,7.39,411,0,8.16,31.37,80,-48,58.33,50.82,396,-20,-8.38,59.72,118,17,19.15,37.86,383,8,2.11,73.46,158,4,86.55,84.60,250,164,41.00,59.16,371,-54,42.29,31.94,380,31,95.10,95.94,44,"Não comparável, alteração metodológica completa",67.43,28.92,320,57,0.91,0.31,418,-4,56.89,13.48,420,-2,44.96,39.99,421,-5,90.83,68.46,323,76,3.94,62.67,403,12,7.96,50.50,379,9,24.52,16.70,420,-75,127.80,81.79,52,61,41.57,19.86,354,12,79.77,25.97,413,-9,53.02,12.86,407,0,9.09,10.56,366,19,14.75,16.65,147,37,9.44,10.07,345,-36,4.90,20.34,368,-4,4.20,27.45,353,-5,3.40,35.71,395,-4,453.31,0.00,423,-9,33.04,59.18,338,-19,0.00,100.00,1,66,62.98,78.03,221,11,18.72,86.09,248,-82,14.93,84.67,274,48,14.48,10.67,407,5,62.35,36.06,376,-33,52.97,47.03,311,3,,0.00,385,2,,0.00,377,-9,64.87,37.09,405,-41,100.00,0.00,345,-18,3.75,0.00,423,-7,64.81,67.28,49,-1,0.35,68.83,414,-4,0.05,90.65,373,-6,-1.37,43.58,399,-103,65.42,19.18,397,-7,17.10,11.79,370,-11,-0.67,62.18,371,-9,R$ 0.00,0.00,241,-9,0.03,0.11,422,-4,"R$ 2,180.52",1.08,415,-2,"R$ 25,641.22",2.02,343,34,40.24,100.00,1,379,-0.22,0.00,423,-5,"R$ 2,536.40",22.69,322,6,9.75,33.05,32,-22,1.00,0.98,422,-6,8.99,3.57,414,-9,20.08,29.37,307,108,47.53,0.00,423,-5,88.98,83.60,16,30,8.30,9.80,412,1,81.54,77.03,302,-42,93.72,88.58,348,-148,37.32,356,-22,68.77,281,128,20.85,423,-5,55.84,388,12,15.28,412,-2,21.88,413,-8,79.04,250,-27,15.23,418,-9,48.23,419,-100,35.50,404,0,11.53,413,0,11.31,420,-2,51.80,382,7,34.83,422,-5,52.36,336,62,36.35,423,-6,24.16,419,-2
1505502,65.63,43.54,198,44,8.29,31.88,78,-28,50.35,60.55,292,50,8.93,53.53,242,-22,10.37,69.87,246,-49,2.26,71.41,182,-39,90.30,88.90,189,-19,6.60,94.55,40,31,42.83,32.63,379,5,98.87,99.75,4,"Não comparável, alteração metodológica completa",134.85,71.78,24,-2,10.71,15.17,342,6,83.53,48.51,275,-128,11.12,0.00,423,-6,59.49,79.34,247,-9,1.40,88.93,200,11,4.27,78.82,136,35,16.06,53.82,293,10,157.84,68.07,188,158,43.42,22.37,333,18,91.11,44.71,320,-37,60.91,19.96,369,-18,7.96,9.25,371,-5,30.85,34.82,50,118,11.28,12.04,319,27,5.40,28.81,303,-4,4.60,35.29,271,-3,4.40,71.43,148,-2,514.78,39.96,331,-19,39.88,50.46,369,2,0.00,100.00,1,73,94.30,66.32,310,23,40.76,69.20,390,-5,2.11,97.94,48,24,86.06,85.44,282,58,46.22,52.94,306,78,37.52,62.48,210,154,12.34,12.34,351,-2,4.86,2.36,350,-9,100.00,100.00,1,322,100.00,0.00,345,-18,1.74,45.28,417,-6,66.80,69.35,40,4,0.08,92.94,366,1,0.09,80.90,401,1,-0.27,58.79,291,63,56.46,32.03,347,9,30.48,26.02,239,-21,0.58,63.77,349,-231,R$ 0.00,0.00,241,-9,0.66,5.22,312,-16,"R$ 23,354.49",13.20,67,8,"R$ 50,294.70",5.49,191,12,5.73,47.14,326,-95,0.96,30.67,378,-5,"R$ 3,126.93",32.46,188,7,12.32,36.32,19,196,11.62,30.28,171,-78,54.53,29.04,212,-7,16.56,19.74,407,-46,93.64,35.83,332,4,67.71,41.88,123,-9,20.11,26.23,329,4,88.63,86.11,252,9,92.19,85.44,375,8,47.37,171,32,82.72,47,163,42.63,358,-113,70.44,231,72,22.83,339,45,39.93,286,-4,71.94,344,7,50.63,369,11,65.98,263,-147,43.92,329,-10,18.05,295,18,26.35,288,-55,55.10,335,4,46.89,325,25,64.28,79,122,52.32,360,15,31.97,353,-12
1505536,78.39,25.14,341,5,12.62,48.90,20,-13,43.47,68.94,135,12,38.11,43.08,367,4,14.02,56.56,326,41,2.86,62.98,292,-54,91.52,90.29,163,-47,10.20,90.84,87,-9,46.57,37.47,349,-73,93.72,94.56,58,"Não comparável, alteração metodológica completa",73.44,32.74,293,15,36.45,54.23,94,0,88.15,54.58,192,61,72.87,72.98,338,-43,89.17,69.04,317,-64,1.11,91.93,139,13,3.29,86.34,36,-27,18.28,44.09,354,-121,146.35,73.31,128,28,36.19,12.54,392,-3,85.02,34.63,391,-27,63.21,22.03,356,-28,11.14,12.93,345,67,7.60,8.57,273,31,11.60,12.38,309,43,5.20,25.42,335,-4,4.50,33.33,295,-4,4.40,71.43,148,-2,518.79,42.56,314,-47,25.77,68.47,287,10,11.49,88.12,174,-8,87.92,68.70,298,-41,23.09,82.75,291,-20,35.94,62.91,403,4,90.26,89.83,240,91,70.68,27.33,396,-25,76.39,23.61,400,-146,20.71,20.71,331,-4,41.54,20.18,225,27,94.82,90.72,333,-29,100.00,0.00,345,-18,0.09,82.51,296,-259,84.29,87.50,13,2,0.04,96.06,334,-57,0.08,84.14,395,-67,-0.15,60.42,238,79,43.19,51.04,254,6,36.52,32.45,157,-21,4.66,68.90,153,1,R$ 0.00,0.00,241,-9,0.95,7.51,228,29,"R$ 6,411.94",3.50,319,-1,"R$ 98,646.44",12.28,31,-25,4.36,45.03,348,-299,1.85,53.88,198,-23,"R$ 3,966.65",46.35,43,-7,6.77,29.25,112,109,5.43,13.20,375,-41,53.17,28.28,222,-19,16.66,20.02,405,-4,95.85,37.55,313,-32,64.97,36.50,174,64,20.73,27.09,320,-13,97.15,97.03,106,-46,94.83,90.86,310,87,46.52,189,-99,78.14,108,156,50.31,233,42,67.55,269,-92,16.00,408,0,38.58,303,-11,74.59,322,5,49.80,372,-5,82.95,13,-5,53.38,203,12,21.87,183,-113,20.50,369,-12,57.81,262,62,48.14,297,-28,61.64,134,41,54.22,341,-9,34.48,287,-79
1506138,75.48,29.33,316,-14,,0.00,408,-252,,0.00,418,-47,,0.00,418,-173,,0.00,408,-104,,0.00,403,-1,76.00,72.52,342,9,8.20,92.90,62,30,44.04,34.20,371,-41,97.99,98.86,14,"Não comparável, alteração metodológica completa",92.30,44.73,159,-20,4.72,6.09,401,-5,89.71,56.63,161,8,74.17,74.52,315,-43,130.80,54.58,375,-5,1.68,86.04,247,-107,5.92,66.16,294,35,19.62,38.21,381,23,267.71,17.90,422,-4,50.26,31.68,266,19,96.76,54.04,185,36,62.13,21.06,361,-19,30.50,35.43,222,-12,7.38,8.33,280,16,6.02,6.40,377,-6,4.90,20.34,368,-4,4.50,33.33,295,-4,4.40,71.43,148,-2,509.16,36.30,355,4,60.90,23.62,407,-5,1.75,98.19,58,-13,240.55,11.64,419,-49,73.96,43.76,419,-13,20.50,78.91,335,15,48.72,46.44,387,7,23.62,76.60,86,111,14.08,85.92,40,61,5.50,5.50,367,2,5.02,2.44,349,-28,100.00,100.00,1,405,0.00,100.00,1,326,0.35,76.61,391,-9,28.92,30.02,194,18,0.06,95.17,345,21,0.07,85.14,392,1,-0.44,56.33,333,-332,50.73,40.23,302,-9,27.72,23.09,266,-8,2.53,66.22,276,-221,R$ 0.00,0.00,241,-9,0.71,5.61,297,9,"R$ 27,334.36",15.48,44,6,"R$ 43,012.09",4.46,230,30,11.81,56.45,158,-96,1.10,34.36,353,27,"R$ 2,356.42",19.71,365,-10,5.49,27.61,211,111,4.00,9.26,400,2,61.93,33.18,175,-1,19.87,28.79,315,1,106.63,45.93,192,-59,68.00,42.45,115,42,25.64,33.91,249,15,95.44,94.84,160,-54,97.48,96.29,134,-41,7.33,422,-94,60.15,371,-10,47.22,291,-26,44.74,418,-5,24.27,322,-11,35.85,338,1,46.21,422,-19,54.18,347,67,64.27,319,-270,46.47,307,-65,17.18,320,24,23.74,330,12,62.68,91,-6,38.29,420,-14,32.59,419,-58,45.54,411,3,33.16,332,-11
1506807,81.74,20.31,368,-1,11.85,45.87,27,2,44.12,68.15,150,134,-3.62,58.02,151,-68,6.13,85.31,73,-26,1.73,78.86,103,-13,78.64,75.55,327,-112,17.50,83.33,197,-59,51.04,43.24,290,37,98.26,99.13,9,"Não comparável, alteração metodológica completa",92.19,44.66,161,-26,10.49,14.84,347,-17,70.38,31.21,401,0,70.63,70.34,359,18,99.78,65.35,338,-152,2.58,76.73,339,-3,4.27,78.82,136,97,16.13,53.52,296,103,148.33,72.41,137,45,45.79,25.59,314,-8,97.85,55.84,162,-65,77.01,34.44,203,5,16.08,18.68,306,-13,3.59,4.04,385,-87,21.07,22.54,197,124,5.30,27.12,318,-4,4.70,37.25,254,-3,4.40,71.43,148,-2,507.36,35.13,365,-48,9.52,89.20,104,115,17.07,82.35,217,-173,40.65,86.38,126,116,20.43,84.78,264,19,10.34,89.43,176,0,44.93,42.48,391,1,57.00,41.66,362,-45,49.12,50.88,293,-19,3.28,3.28,375,-1,9.26,4.50,337,-1,70.95,47.98,402,-18,100.00,0.00,345,-18,0.42,75.12,397,-26,69.14,71.78,35,-1,0.05,95.65,342,11,0.02,95.92,335,11,-0.37,57.43,319,3,70.40,12.04,412,-5,24.51,19.67,301,-12,4.06,68.15,186,-177,"R$ 1,042.10",47.64,5,84,0.64,4.99,320,-18,"R$ 7,389.56",4.06,287,9,"R$ 26,154.78",2.09,338,0,11.81,56.44,159,-3,1.47,44.02,274,15,"R$ 2,375.78",20.03,358,-23,4.14,25.90,299,95,4.68,11.12,391,-45,53.67,28.56,221,12,31.02,59.27,49,15,107.41,46.53,177,-11,67.74,41.94,121,64,9.43,11.37,403,4,90.22,88.15,238,-16,83.02,66.68,414,-24,48.09,156,36,82.53,50,46,39.49,385,1,66.56,281,-18,24.50,317,5,39.22,296,-13,86.59,78,66,26.47,407,-8,77.54,47,-5,38.27,392,-106,23.93,122,254,32.98,203,-12,50.93,394,-20,47.08,320,20,64.56,76,32,50.85,376,-4,33.97,305,55
1508100,88.92,9.96,405,-6,14.75,57.28,10,75,52.37,58.09,329,72,4.03,55.28,207,-60,13.64,57.95,318,12,1.75,78.51,110,7,91.91,90.74,151,-27,21.80,78.91,232,-30,37.31,25.51,403,-43,48.84,49.27,370,"Não comparável, alteração metodológica completa",101.83,50.79,105,-27,5.31,6.98,397,-5,79.50,43.21,338,12,70.44,70.11,361,1,75.99,73.61,284,-2,1.83,84.49,272,-52,4.00,80.89,106,28,19.76,37.61,384,19,171.79,61.70,260,127,47.45,27.85,294,15,88.07,39.67,362,-13,59.64,18.82,378,-18,61.47,71.41,44,7,88.58,100.00,1,0,28.67,30.69,128,186,4.50,13.56,402,-5,4.10,25.49,366,-5,4.40,71.43,148,-2,498.29,29.23,387,-62,29.09,64.22,311,53,17.65,81.76,221,27,105.84,62.00,337,60,48.84,63.01,404,4,24.34,74.92,365,-9,93.71,93.43,202,-11,96.46,0.35,409,-8,100.00,0.00,415,-13,,0.00,385,2,,0.00,377,-9,,0.00,413,-7,,0.00,345,-18,0.32,77.27,388,-79,41.42,43.00,127,-2,0.09,92.33,371,8,0.02,95.71,339,3,-1.42,42.79,400,-91,59.00,28.38,361,4,20.54,15.45,337,12,9.04,74.42,18,4,R$ 0.00,0.00,241,-9,0.64,4.99,321,17,"R$ 10,960.73",6.10,201,6,"R$ 59,767.25",6.82,139,2,-9.05,24.49,411,-327,0.47,17.84,409,-3,"R$ 2,840.42",27.72,248,-32,0.72,21.53,404,-74,17.55,46.67,52,9,66.66,35.82,143,45,28.76,53.09,75,-21,80.96,25.98,390,-10,80.39,66.77,35,27,7.91,9.26,415,-7,90.78,88.87,229,-42,94.66,90.50,318,-45,45.15,216,161,64.28,341,-109,44.18,341,-7,62.65,334,51,51.93,16,18,29.79,382,-12,67.59,368,36,20.78,414,-4,67.34,225,-51,44.42,325,-29,11.76,412,-30,45.19,57,-6,56.28,302,2,43.96,377,13,54.30,306,19,48.70,395,5,33.42,318,-16
1600303,,0.00,413,-92,,0.00,408,-369,52.06,58.46,322,-54,13.57,51.86,276,-12,,0.00,408,-30,,0.00,403,-185,87.93,86.19,231,-48,19.30,81.48,219,59,53.84,46.85,249,166,73.73,74.39,221,"Não comparável, alteração metodológica completa",113.52,58.22,61,3,10.94,15.52,340,0,76.95,39.86,369,4,55.21,52.11,416,-2,97.77,66.05,335,13,2.11,81.59,303,-18,5.60,68.61,275,-6,20.25,35.44,388,28,190.53,53.14,322,67,26.98,0.00,423,-5,90.21,43.21,335,2,63.83,22.59,348,18,5.60,6.50,395,-37,6.01,6.77,318,-33,16.77,17.93,242,-40,5.10,23.73,348,-4,4.10,25.49,366,-5,3.70,46.43,351,-4,508.16,35.65,361,-32,47.41,40.84,386,25,6.85,92.91,123,-60,126.57,54.26,363,41,14.37,89.43,191,-9,13.89,85.75,260,43,76.05,74.98,344,54,37.84,61.71,239,100,59.46,40.54,348,-346,14.94,14.94,347,15,23.82,11.57,276,38,100.00,100.00,1,306,0.00,100.00,1,0,0.06,83.26,221,-42,39.06,40.55,137,-5,0.02,98.44,290,-38,0.03,93.47,360,-49,-0.02,62.13,152,232,56.52,31.94,348,-13,33.84,29.60,191,-66,-2.17,60.30,391,-333,R$ 748.39,34.22,11,62,0.70,5.52,301,12,"R$ 14,676.26",8.23,141,5,"R$ 41,701.25",4.28,236,66,18.62,66.88,38,282,1.54,45.79,259,7,"R$ 2,728.72",25.87,275,110,23.37,50.42,7,409,7.31,18.38,311,69,59.55,31.85,189,-10,34.76,69.48,24,158,104.03,43.91,228,-25,64.01,34.62,193,71,25.34,33.50,255,-5,96.49,96.19,130,-51,98.48,98.32,41,-6,27.58,414,-207,55.03,395,-108,43.96,344,31,56.26,385,23,15.01,414,-12,30.09,377,-2,70.49,355,38,60.28,314,49,71.67,129,36,43.42,337,-113,26.80,72,319,39.90,101,156,61.31,143,13,44.39,373,18,40.71,412,-146,50.33,381,24,39.68,122,210
1600600,77.09,27.02,331,-17,1.99,7.14,365,-257,57.53,51.79,392,0,-23.84,65.25,44,-8,23.58,21.72,399,7,2.33,70.36,197,100,91.29,90.03,168,-96,26.20,74.38,272,70,62.06,57.47,139,13,62.53,63.08,314,"Não comparável, alteração metodológica completa",88.71,42.45,195,-52,5.82,7.76,393,-2,80.31,44.27,321,-24,51.99,48.30,418,-5,0.00,100.00,1,227,1.36,89.35,193,-58,5.02,73.06,218,25,23.78,19.94,410,-2,187.34,54.60,314,97,33.86,9.37,407,-7,94.59,50.46,247,0,66.16,24.68,319,-11,0.00,0.00,423,-7,5.50,6.20,331,-28,17.00,18.17,237,-112,5.00,22.03,362,-4,4.40,31.37,317,-4,3.90,53.57,310,-4,506.38,34.50,367,-29,49.85,37.73,393,25,0.00,100.00,1,0,129.35,53.22,365,53,5.07,96.56,49,48,8.33,91.50,148,21,82.39,81.61,309,88,32.30,67.51,188,161,58.82,41.18,344,-341,,0.00,385,2,,0.00,377,-9,100.00,100.00,1,370,0.00,100.00,1,0,0.09,82.54,294,-86,47.95,49.78,103,-4,0.00,100.00,1,207,0.00,100.00,1,243,-0.03,62.04,156,30,64.94,19.87,395,-2,16.32,10.96,376,3,13.40,79.92,6,9,R$ 0.00,0.00,241,-9,0.78,6.17,271,-37,"R$ 8,143.84",4.49,269,7,"R$ 34,619.56",3.28,284,58,20.52,69.79,21,350,1.22,37.54,326,-4,"R$ 2,488.61",21.90,330,-46,-0.05,20.54,409,-40,13.34,35.03,116,201,29.94,15.29,331,-41,28.85,53.34,74,47,100.20,40.93,271,25,69.05,44.51,100,66,22.19,29.12,301,23,96.43,96.11,134,-50,98.56,98.49,29,-2,37.80,350,-39,62.67,355,15,38.25,395,-14,62.79,331,65,16.14,406,-36,32.48,364,-4,73.33,331,83,57.51,333,50,75.24,75,20,43.06,340,-31,16.10,350,24,34.55,182,65,61.83,125,51,44.52,370,31,49.69,372,-8,51.48,367,39,34.15,298,40
1702109,68.41,39.53,240,-31,11.89,46.01,26,-11,49.50,61.59,270,89,-36.18,69.67,22,292,9.86,71.73,231,5,4.02,46.59,395,-3,65.39,60.38,388,-15,3.70,97.53,12,-5,46.81,37.78,348,-35,87.03,87.80,107,"Não comparável, alteração metodológica completa",115.13,59.24,52,-14,11.36,16.16,337,-1,85.72,51.38,233,-28,73.69,73.95,318,24,69.52,75.86,264,-68,3.33,68.98,387,-143,6.17,64.24,312,-216,11.47,73.97,108,28,167.13,63.82,245,20,58.98,43.54,147,-1,99.50,58.57,111,32,77.55,34.92,193,37,17.01,19.76,292,52,27.64,31.20,62,23,15.71,16.79,254,-69,5.80,35.59,227,-4,4.90,41.18,187,-3,4.30,67.86,192,-3,516.74,41.23,324,-45,21.49,73.92,244,-3,25.00,74.16,268,-16,95.66,65.81,314,1,39.12,70.46,382,11,22.73,76.59,354,39,97.55,97.44,112,55,27.67,72.36,128,1,29.01,70.99,140,1,32.16,32.16,303,-3,28.21,13.71,263,-1,97.24,95.06,288,67,0.00,100.00,1,0,0.23,79.47,377,-22,34.32,35.62,170,1,0.08,93.02,364,10,0.11,77.53,407,-13,-0.51,55.39,343,-109,47.43,44.97,281,-11,32.91,28.61,205,-6,2.49,66.17,278,-137,R$ 9.83,0.45,114,-31,2.40,19.10,60,148,"R$ 26,811.12",15.18,46,17,"R$ 42,951.52",4.45,232,39,19.34,67.98,30,285,1.50,44.81,270,12,"R$ 2,824.34",27.45,252,1,6.47,28.87,131,-112,7.62,19.24,294,-44,73.82,39.83,101,8,20.58,30.74,287,-21,108.20,47.15,160,42,66.72,39.93,141,58,28.77,38.27,203,52,98.17,98.33,65,109,98.42,98.20,42,276,54.20,51,63,73.37,201,129,51.89,199,-5,70.30,233,-59,31.82,206,27,43.77,242,-13,72.19,341,11,70.52,246,26,65.16,286,-30,49.38,267,-26,22.53,160,59,29.94,240,-6,64.38,55,147,51.53,207,49,63.37,102,158,58.72,258,9,37.49,179,44
1709500,52.86,61.93,65,102,5.48,20.84,172,-110,47.91,63.52,236,90,-47.83,73.84,11,123,7.77,79.35,147,-96,3.12,59.29,337,-85,67.58,62.88,382,24,21.90,78.81,235,-58,45.45,36.02,356,-12,96.52,97.38,30,"Não comparável, alteração metodológica completa",136.75,72.99,19,-3,11.95,17.06,332,-8,80.26,44.20,322,-1,77.47,78.42,267,-27,0.00,100.00,1,0,8.83,12.10,421,-9,2.72,90.71,9,52,17.02,49.63,325,-42,155.70,69.05,181,-73,52.54,34.77,236,-11,95.99,52.77,209,-3,79.47,36.65,167,37,42.94,49.88,143,16,44.66,50.41,21,0,29.40,31.47,119,-25,6.20,42.37,131,-2,5.30,49.02,84,-2,4.50,75.00,108,-1,535.73,53.57,218,-9,20.10,75.70,230,-84,10.00,89.66,160,51,60.27,79.04,207,14,29.03,78.20,332,48,2.66,97.38,60,33,97.65,97.55,110,1,31.02,68.85,176,-46,28.67,71.33,136,-13,65.61,65.61,223,-4,63.65,30.93,159,77,97.65,95.79,276,125,0.00,100.00,1,0,0.17,80.66,359,10,42.04,43.64,126,-5,0.12,89.25,386,5,0.08,84.06,396,8,-0.77,51.78,373,-198,40.56,54.82,228,-4,29.22,24.68,252,-2,4.15,68.26,182,41,R$ 1.56,0.07,147,-3,0.90,7.12,241,23,"R$ 28,865.13",16.35,40,0,"R$ 43,406.95",4.52,224,33,11.72,56.31,162,233,1.24,37.91,323,5,"R$ 2,719.19",25.71,282,3,8.78,31.81,40,228,13.15,34.52,121,178,87.82,47.65,47,-12,23.22,37.95,196,43,109.32,48.02,144,-6,65.32,37.19,166,-83,23.13,30.42,286,-43,97.69,97.72,82,-45,97.81,96.96,97,-53,55.04,42,93,75.41,161,152,54.98,131,-5,68.59,259,-97,42.91,74,8,51.89,134,-14,81.98,178,33,79.88,158,128,67.67,211,-2,51.97,231,13,19.20,264,31,40.04,99,97,62.06,115,-73,54.61,118,98,64.78,73,190,64.88,122,51,37.99,167,38
1721000,60.85,50.42,138,0,6.23,23.77,134,62,51.61,59.01,313,34,12.79,52.14,271,-24,8.84,75.46,184,-67,3.16,58.67,343,-12,97.40,97.03,35,-9,6.20,94.96,32,-9,31.33,17.79,417,-32,91.91,92.73,69,"Não comparável, alteração metodológica completa",93.14,45.26,156,21,19.11,27.91,258,12,88.49,55.03,184,85,80.50,82.00,223,-23,42.44,85.26,200,162,1.28,90.18,177,111,4.94,73.68,211,37,13.58,64.71,187,-17,133.48,79.19,67,144,49.79,31.03,270,-10,97.13,54.64,176,-1,85.37,41.95,101,36,19.60,22.77,278,32,32.81,37.04,45,-10,23.71,25.37,167,-24,6.20,42.37,131,-2,5.40,50.98,64,-2,4.40,71.43,148,-2,533.14,51.89,239,-42,21.63,73.74,246,128,18.60,80.77,230,-105,79.41,71.89,275,104,42.95,67.52,393,-11,32.54,66.43,398,3,98.03,97.94,100,2,29.42,70.53,146,-22,31.14,68.86,162,5,77.42,77.42,188,-8,69.98,34.00,140,7,99.36,98.85,233,-232,0.00,100.00,1,0,0.07,83.06,249,0,64.59,67.05,52,-2,0.25,78.17,408,-7,0.08,82.62,397,-11,-0.14,60.56,226,-210,43.94,49.96,257,6,83.53,82.47,2,2,17.80,85.46,2,8,"R$ 2,187.29",100.00,1,43,0.85,6.68,254,-14,"R$ 41,266.99",23.45,19,3,"R$ 46,808.20",5.00,206,26,18.55,66.77,40,364,2.65,74.75,59,94,"R$ 3,738.29",42.58,67,175,-16.16,0.00,423,-12,6.35,15.74,345,31,82.96,44.93,62,-12,44.40,95.83,3,1,120.22,56.49,64,-12,57.44,21.73,339,24,35.59,47.75,109,9,79.88,74.89,306,-19,95.78,92.80,271,-28,46.34,192,50,80.87,72,3,51.75,203,39,77.50,108,191,34.05,171,8,51.67,137,-21,71.66,345,47,83.57,119,-11,74.51,85,-64,74.47,4,-2,40.87,6,195,52.17,23,-3,58.73,229,-23,59.60,13,76,62.85,111,6,64.65,130,58,52.33,5,26
2100055,78.90,24.40,347,-21,13.99,54.29,12,13,52.69,57.70,339,10,-3.89,58.11,149,69,17.66,43.28,373,-7,2.78,64.07,279,-6,85.72,83.66,262,18,4.90,96.30,22,-10,56.59,50.41,213,102,95.41,96.26,41,"Não comparável, alteração metodológica completa",124.01,64.89,31,11,13.83,19.91,318,-1,83.98,49.10,266,0,68.23,67.50,373,-17,185.41,35.61,407,-406,2.74,75.08,353,-37,4.38,77.97,147,-25,11.74,72.77,122,55,201.07,48.33,355,26,50.76,32.36,256,-7,91.37,45.13,313,16,64.81,23.46,337,-2,27.85,32.35,245,-16,39.00,44.03,30,1,11.59,12.38,310,20,5.50,30.51,280,-4,4.60,35.29,271,-3,4.10,60.71,253,-3,491.83,25.04,401,-26,35.29,56.31,355,-27,4.88,94.96,98,-97,110.13,60.40,347,-21,32.58,75.47,356,-17,1.36,98.73,34,7,28.95,25.79,401,-124,68.45,29.67,389,-75,68.45,31.55,386,-150,,0.00,385,-9,,0.00,377,-27,97.39,95.33,285,-284,100.00,0.00,345,-18,0.69,69.00,407,-22,26.34,27.34,212,5,0.00,99.73,224,100,0.02,94.97,347,32,-0.60,54.13,356,-22,55.84,32.91,341,3,26.50,21.79,275,13,7.65,72.66,35,366,R$ 0.17,0.01,216,10,0.32,2.48,391,-21,"R$ 11,957.60",6.67,185,-4,"R$ 40,114.14",4.05,250,-25,3.02,42.97,360,-341,0.95,30.39,380,-5,"R$ 2,916.80",28.98,232,-2,5.94,28.18,177,196,10.15,26.23,216,-42,39.73,20.76,280,2,18.73,25.66,358,39,85.18,29.26,377,-7,71.87,50.04,68,-65,30.67,40.90,181,-171,91.85,90.23,220,46,92.79,86.67,367,26,48.63,145,57,77.25,126,30,52.57,181,36,57.10,376,-153,31.21,214,7,36.23,332,-24,73.95,329,-43,30.32,400,-30,63.08,363,-69,46.77,304,80,14.95,384,-20,24.22,318,29,59.42,200,-181,44.78,365,-53,62.31,122,47,48.54,398,-61,31.64,361,-19
2101202,84.91,15.74,388,6,11.32,43.80,31,-17,43.82,68.51,140,-28,9.01,53.50,245,37,10.70,68.65,256,-134,1.73,78.86,104,-16,74.98,71.35,348,-64,5.80,95.37,29,9,20.77,4.15,421,-11,0.00,0.00,418,"Não comparável, alteração metodológica completa",173.21,96.17,2,0,4.81,6.22,399,-2,85.14,50.62,247,82,68.62,67.96,372,14,146.63,49.08,384,-2,2.00,82.73,296,-43,4.86,74.29,201,11,15.40,56.74,270,-73,203.82,47.07,365,-39,58.87,43.38,148,-14,87.23,38.30,369,18,64.72,23.38,339,-38,6.49,7.54,385,23,68.34,77.15,8,-3,34.33,36.77,84,104,5.40,28.81,303,-4,5.00,43.14,162,-3,3.80,50.00,330,-4,508.23,35.70,360,8,51.11,36.13,396,-46,5.17,94.65,101,-51,148.09,46.21,386,-51,65.97,49.88,417,-22,2.78,97.25,63,-1,90.65,90.23,237,-183,25.83,74.29,111,290,45.96,54.04,269,133,,0.00,385,-3,,0.00,377,-9,99.42,98.96,231,-230,100.00,0.00,345,-18,0.56,72.05,404,-4,15.62,16.22,323,27,0.00,100.00,1,0,0.00,100.00,1,0,-0.59,54.33,352,-112,63.83,21.46,389,6,14.21,8.71,392,2,2.64,66.35,271,-247,R$ 0.00,0.00,241,-9,0.43,3.35,364,-6,"R$ 10,076.22",5.60,221,8,"R$ 18,444.21",1.01,394,-6,9.41,52.77,239,5,0.78,25.88,397,2,"R$ 2,078.10",15.11,406,-11,3.90,25.59,318,9,17.84,47.49,47,174,80.36,43.48,72,-4,16.62,19.90,406,-4,76.11,22.21,400,-1,73.53,53.30,52,-5,8.25,9.73,413,-11,96.72,96.47,122,-73,96.23,93.72,248,-45,45.39,210,-66,50.34,410,-189,61.30,35,61,56.48,383,-17,38.30,120,63,38.27,305,-1,58.59,407,-66,49.17,373,3,61.55,392,-19,37.06,400,-46,12.67,407,-9,36.96,139,126,55.09,336,-86,43.00,389,-29,47.76,384,-206,51.83,363,2,30.75,380,6
2101400,76.55,27.79,327,2,4.40,16.59,227,-42,54.18,55.88,363,11,32.80,44.98,357,-130,9.08,74.56,197,-46,3.40,55.27,360,10,82.44,79.90,294,-65,16.70,84.16,187,-41,55.54,49.06,233,-5,91.35,92.16,75,"Não comparável, alteração metodológica completa",102.26,51.06,102,-6,8.32,11.55,369,-2,79.33,42.99,341,44,73.26,73.45,325,3,53.48,81.43,225,125,1.21,90.90,158,26,2.74,90.56,10,54,14.97,58.60,248,113,238.34,31.31,413,-34,42.00,20.44,348,4,98.97,57.69,125,46,60.39,19.49,372,22,8.40,9.76,369,19,16.05,18.11,132,69,32.90,35.23,92,25,4.90,20.34,368,-4,4.20,27.45,353,-5,4.10,60.71,253,-3,513.91,39.39,334,-7,49.01,38.80,391,-26,3.70,96.17,82,26,180.54,34.08,405,-28,44.30,66.49,397,6,46.99,51.47,416,-41,88.51,88.00,262,3,30.62,69.27,169,-61,61.67,38.33,360,-20,3.59,3.59,374,1,1.22,0.59,369,-6,87.95,78.42,375,-25,100.00,0.00,345,-18,1.00,61.93,413,-14,58.98,61.22,65,-3,1.14,0.00,423,-7,0.38,20.99,421,-5,-1.48,41.98,402,-259,60.72,25.92,372,-4,37.91,33.93,139,17,6.19,70.83,78,173,R$ 0.20,0.01,208,-6,0.48,3.75,354,-133,"R$ 43,022.66",24.46,16,0,"R$ 73,990.57",8.82,81,-16,-6.00,29.16,406,-367,0.98,31.16,376,19,"R$ 2,641.26",24.43,297,4,7.90,30.69,60,41,11.06,28.75,189,186,52.32,27.80,229,-9,21.28,32.65,264,43,100.50,41.17,268,-31,68.40,43.24,109,-107,17.86,23.10,348,-22,84.96,81.40,279,-36,88.83,78.57,398,-61,36.31,372,-20,78.00,112,76,45.52,320,38,63.84,323,57,25.64,307,32,32.61,362,0,56.04,411,-14,43.82,386,-7,44.18,422,-42,47.45,295,32,17.64,306,-68,29.73,246,91,53.50,370,-319,42.37,398,-14,56.25,265,12,44.72,414,-11,32.66,338,-72
2101608,87.72,11.70,399,3,8.36,32.16,75,-47,52.06,58.46,322,20,-0.84,57.02,176,-22,8.27,77.50,168,90,,0.00,403,-1,72.94,69.02,362,-252,10.60,90.43,92,0,57.40,51.45,203,47,44.23,44.62,383,"Não comparável, alteração metodológica completa",107.93,54.67,75,-4,1.39,1.03,417,-4,70.76,31.71,400,-25,72.93,73.06,337,7,73.15,74.60,274,103,4.10,61.01,406,1,8.10,49.42,382,14,17.56,47.26,334,17,188.68,53.99,320,42,53.12,35.56,228,41,96.22,53.15,204,18,54.38,14.09,402,1,10.51,12.21,355,-6,10.95,12.35,203,42,7.76,8.26,359,-28,5.10,23.73,348,-4,4.30,29.41,332,-4,4.10,60.71,253,-3,506.24,34.40,368,6,15.97,80.97,194,142,6.67,93.11,120,-60,50.16,82.82,166,-74,23.95,82.08,297,-9,78.97,18.35,422,-5,29.00,25.84,400,3,72.23,25.71,402,-10,76.49,23.51,401,-18,,0.00,385,2,,0.00,377,-9,71.36,48.71,400,-60,100.00,0.00,345,-18,2.30,32.72,421,-14,71.38,74.09,31,1,0.88,22.76,419,-8,0.15,69.31,413,-8,-1.52,41.46,403,-232,68.06,15.40,404,-5,13.94,8.42,397,2,6.45,71.16,69,8,R$ 0.00,0.00,241,-9,0.21,1.58,407,-28,"R$ 4,942.56",2.66,348,-20,"R$ 13,698.13",0.34,418,-4,11.94,56.64,155,-52,0.11,8.52,419,-3,"R$ 2,706.83",25.51,285,-25,3.46,25.02,340,-335,13.34,35.06,115,211,31.80,16.33,323,8,38.83,80.59,10,2,76.23,22.31,399,-1,97.33,100.00,1,0,12.53,15.68,391,-11,96.44,96.13,133,-42,59.06,17.61,421,-7,39.83,329,-45,59.93,372,-54,41.14,371,-14,57.94,369,37,20.27,372,6,33.57,354,5,74.34,325,25,19.30,416,-14,49.59,418,-281,37.30,397,1,10.35,419,-19,43.99,66,56,50.34,400,-8,38.73,416,-9,49.44,374,-54,41.52,421,-11,30.16,386,12
2103000,84.95,15.68,389,-4,4.64,17.53,212,87,52.50,57.93,332,-69,11.06,52.76,258,34,12.53,61.99,295,-69,1.88,76.74,127,-49,66.09,61.18,386,-51,10.70,90.33,93,21,43.89,34.00,372,35,25.41,25.63,413,"Não comparável, alteração metodológica completa",121.83,63.50,34,0,7.21,9.87,382,-7,79.28,42.92,344,-38,73.77,74.05,316,-9,0.00,100.00,1,412,2.40,78.59,329,12,4.90,73.98,206,-9,13.41,65.44,179,195,207.37,45.45,379,16,42.35,20.90,347,-9,87.12,38.10,370,-2,65.26,23.87,329,1,10.05,11.67,357,52,21.81,24.62,91,43,11.86,12.66,306,-10,5.20,25.42,335,-4,4.20,27.45,353,-5,3.80,50.00,330,-4,490.19,23.97,406,-9,58.74,26.38,405,-8,1.03,98.93,52,-9,149.17,45.81,387,-6,40.38,69.49,387,-34,1.35,98.74,33,-16,86.97,86.39,275,19,62.95,35.43,379,-12,57.95,42.05,340,-43,15.11,15.11,346,-3,14.41,7.00,324,-19,73.40,52.36,398,-13,100.00,0.00,345,-18,1.47,51.38,414,-5,75.27,78.14,20,3,0.82,28.39,418,0,0.09,81.98,398,15,-1.93,35.81,412,-371,54.48,34.86,331,2,14.24,8.74,390,19,2.56,66.26,274,29,R$ 0.00,0.00,241,-9,0.42,3.25,371,-62,"R$ 8,681.16",4.80,254,0,"R$ 17,175.06",0.83,399,3,10.49,54.42,198,85,0.67,23.08,402,-16,"R$ 1,972.18",13.36,412,-50,-2.71,17.16,417,-295,13.67,35.95,109,75,45.37,23.91,258,-18,30.57,58.03,51,234,72.37,19.31,406,1,75.00,56.18,44,8,16.97,21.85,357,18,94.93,94.18,171,-2,96.10,93.45,258,-46,35.98,379,2,55.88,391,-7,49.46,250,-20,71.50,203,213,20.84,364,25,29.95,379,-1,62.18,393,-22,39.27,395,-10,57.89,414,-101,40.85,367,29,11.08,415,-35,39.30,108,150,56.99,283,-13,40.93,409,1,45.49,398,-5,47.26,408,0,31.56,363,21
2103208,82.02,19.90,371,4,13.25,51.39,14,54,51.40,59.27,307,68,22.29,48.74,321,-167,6.41,84.29,83,32,1.47,82.46,62,22,71.42,67.28,368,-50,7.90,93.21,58,175,62.42,57.93,133,-21,0.00,0.00,418,"Não comparável, alteração metodológica completa",116.38,60.04,47,1,1.91,1.82,413,-3,79.70,43.47,333,20,76.47,77.23,287,5,234.56,18.55,419,-418,2.15,81.18,304,-8,5.08,72.60,222,62,12.51,69.41,151,-95,140.97,75.77,94,4,55.79,39.19,189,9,86.21,36.60,378,-3,62.09,21.02,362,15,4.27,4.95,406,-19,48.08,54.27,16,-9,22.39,23.96,180,-48,4.60,15.25,391,-5,4.00,23.53,376,-5,3.80,50.00,330,-4,483.11,19.37,416,-9,30.88,61.94,325,-12,0.00,100.00,1,70,68.00,76.15,238,17,19.00,85.88,252,-211,21.57,77.80,345,-37,38.39,35.65,396,11,70.74,27.27,397,-16,72.71,27.29,395,-25,,0.00,385,2,,0.00,377,-9,47.50,5.98,411,-20,97.99,2.01,344,-17,1.61,48.21,415,-14,86.02,89.29,12,0,0.93,18.45,420,-5,0.09,80.86,402,9,-1.30,44.49,398,-206,75.24,5.10,420,-7,9.59,3.79,419,-4,-0.15,62.84,359,-275,R$ 0.00,0.00,241,-9,0.42,3.27,370,-9,"R$ 9,747.24",5.41,231,-14,"R$ 13,890.13",0.37,417,-7,8.44,51.29,260,-31,0.02,6.30,420,-6,"R$ 2,670.56",24.91,293,-43,1.02,21.92,401,-366,4.55,10.77,393,-20,38.63,20.15,281,-6,37.08,75.83,18,-7,70.92,18.18,411,-6,95.68,96.76,8,5,10.27,12.55,400,11,78.32,72.89,317,-105,93.97,89.09,342,4,44.83,223,101,57.27,384,-105,47.68,283,23,59.04,358,-303,29.55,239,-46,24.49,402,1,78.51,260,-84,12.51,420,-8,59.83,404,-280,29.47,415,-3,10.03,420,-27,35.58,165,-63,57.89,260,33,39.34,412,-25,50.78,362,-47,43.57,417,-38,28.80,404,-24
2103307,86.45,13.52,396,5,6.36,24.27,129,258,42.98,69.54,128,240,2.72,55.75,201,128,4.41,91.57,17,148,1.45,82.77,57,25,89.57,88.06,210,-38,56.30,43.42,409,-10,48.83,40.39,321,-44,79.21,79.92,173,"Não comparável, alteração metodológica completa",118.88,61.63,41,-2,2.80,3.17,410,-5,73.57,35.41,393,14,73.33,73.53,322,-14,0.00,100.00,1,407,26.28,0.00,423,-6,1.51,100.00,1,0,21.12,31.62,397,-136,205.07,46.50,373,-39,47.09,27.36,300,-5,84.36,33.55,392,-7,59.23,18.45,381,0,10.24,11.90,356,-17,52.52,59.29,13,3,22.90,24.51,178,9,4.50,13.56,402,-5,4.00,23.53,376,-5,4.00,57.14,289,-3,483.26,19.46,415,-3,32.97,59.27,337,-136,9.30,90.38,155,35,93.13,66.76,308,-88,18.60,86.19,246,39,23.50,75.79,360,-14,,0.00,408,-55,,0.00,410,-47,,0.00,415,-72,,0.00,385,-30,,0.00,377,-9,92.99,87.45,352,37,100.00,0.00,345,-18,1.61,48.20,416,-8,65.66,68.16,44,5,0.61,46.83,416,-2,0.06,87.87,385,23,-1.23,45.49,393,-342,64.26,20.84,390,-2,15.79,10.39,379,2,2.17,65.77,297,-281,R$ 4.56,0.21,126,106,0.42,3.24,372,-4,"R$ 4,672.88",2.50,358,0,"R$ 15,821.77",0.64,408,-10,10.67,54.70,191,-169,0.67,23.14,401,-17,"R$ 1,825.87",10.93,417,-9,4.02,25.74,308,77,9.27,23.80,246,31,33.74,17.41,312,-42,29.78,55.89,62,-21,56.05,6.62,421,-5,77.46,61.00,39,24,6.29,7.00,418,-6,91.14,89.33,227,0,91.84,84.73,378,-13,40.77,314,90,73.55,198,155,45.13,327,38,57.50,373,36,29.72,236,28,25.13,398,6,74.84,319,-110,19.43,415,-22,58.99,411,-232,37.11,399,-83,11.40,414,-7,32.36,210,-50,49.74,403,-1,40.26,410,-1,56.45,262,137,43.75,416,-14,28.11,408,-11
2105302,77.69,26.16,336,18,3.76,14.07,271,85,57.71,51.57,393,9,64.81,33.53,407,-69,6.08,85.51,70,43,2.91,62.19,300,56,86.39,84.42,253,-3,7.30,93.83,47,-1,71.49,69.65,57,74,96.62,97.48,26,"Não comparável, alteração metodológica completa",91.52,44.23,168,31,18.07,26.34,272,11,93.47,61.58,89,282,67.12,66.19,380,-29,24.37,91.54,155,-154,1.86,84.18,279,-4,4.46,77.36,156,17,10.48,78.31,75,237,209.69,44.39,384,-45,55.00,38.11,200,-25,97.67,55.55,163,-15,70.89,28.93,280,5,15.86,18.42,310,28,3.77,4.25,379,13,11.37,12.14,316,-15,5.50,30.51,280,-4,4.70,37.25,254,-3,4.10,60.71,253,-3,534.73,52.93,225,18,55.76,30.19,403,-7,0.63,99.35,49,-3,121.47,56.16,360,3,30.51,77.06,346,27,28.10,71.04,387,-4,86.72,86.13,278,21,71.01,26.99,398,-8,71.03,28.97,392,-19,28.71,28.71,305,-3,36.91,17.93,245,-6,100.00,100.00,1,206,100.00,0.00,345,-18,0.13,81.72,333,-14,31.49,32.69,180,-1,0.02,97.86,311,53,0.03,93.73,357,15,-0.91,49.84,381,-218,50.47,40.61,298,5,31.82,27.46,219,-2,3.03,66.85,247,50,R$ 1.19,0.05,156,-8,0.94,7.47,229,-184,"R$ 19,032.88",10.72,95,2,"R$ 34,695.92",3.29,283,-24,8.01,50.62,274,75,1.82,53.02,207,20,"R$ 2,714.29",25.63,284,-8,6.24,28.57,151,97,10.86,28.20,195,-23,79.71,43.12,75,1,24.56,41.60,162,50,115.69,52.97,95,21,67.57,41.60,125,71,24.48,32.30,265,6,97.26,97.17,102,-6,94.22,89.61,333,-78,31.33,406,-5,86.53,17,43,50.69,222,138,73.29,177,48,23.31,332,2,41.53,274,-5,63.01,389,1,52.84,358,-5,67.18,231,-14,48.10,290,14,19.97,243,-34,37.64,134,28,62.73,90,42,48.09,298,32,57.73,231,57,53.29,352,15,37.38,184,17
2107506,82.46,19.27,373,6,14.43,55.99,11,392,46.73,64.96,217,156,-20.54,64.07,55,83,5.11,89.04,32,39,2.19,72.31,165,237,75.64,72.12,345,-155,15.20,85.70,171,-6,73.98,72.86,37,308,80.57,81.28,162,"Não comparável, alteração metodológica completa",52.87,19.66,388,-4,10.52,14.89,345,4,80.45,44.45,319,44,60.00,57.77,409,-14,54.50,81.08,229,2,3.66,65.56,397,-9,5.82,66.92,289,84,25.07,14.31,421,-97,122.95,84.00,36,-14,53.46,36.02,220,37,85.29,35.08,388,19,60.74,19.80,370,28,6.45,7.49,387,14,56.79,64.11,10,0,30.19,32.32,113,23,5.90,37.29,200,-4,4.20,27.45,353,-5,3.80,50.00,330,-4,480.04,17.37,418,-19,9.85,88.78,107,-15,0.00,100.00,1,0,27.50,91.29,45,-24,2.63,98.43,16,10,0.13,100.00,2,12,77.01,75.99,341,72,66.31,31.91,384,-8,65.75,34.25,376,-22,36.05,36.05,294,-2,55.86,27.14,179,-96,97.63,95.76,277,58,0.00,100.00,1,0,0.06,83.14,238,-14,31.64,32.85,179,6,0.27,75.93,410,-409,0.03,93.54,358,-357,-0.27,58.77,292,122,52.53,37.66,315,-19,10.51,4.78,416,-2,7.53,72.52,37,188,R$ 21.43,0.98,103,55,0.11,0.75,417,-5,"R$ 2,023.60",0.99,418,-8,"R$ 11,284.70",0.00,423,-8,6.69,48.59,309,-99,1.14,35.40,347,9,"R$ 2,466.87",21.54,333,5,7.22,29.82,91,171,6.60,16.42,338,50,21.79,10.73,372,-7,37.31,76.46,15,83,97.86,39.12,292,62,72.26,50.81,65,3,16.52,21.24,362,33,99.38,99.89,7,-2,98.76,98.91,15,37,51.07,93,301,80.25,80,177,33.48,412,1,61.08,348,-155,32.90,186,69,32.81,360,-2,95.10,3,-1,63.98,287,88,65.74,270,-45,43.20,338,39,13.98,398,-12,34.54,183,121,61.99,117,68,49.14,269,109,65.03,68,294,56.09,310,29,33.31,323,59
2108603,90.09,8.28,408,0,7.37,28.26,106,93,52.80,57.56,341,0,1.83,56.07,196,-38,5.64,87.10,48,-14,2.00,75.11,141,-22,54.31,47.70,399,-60,66.20,33.23,414,-51,41.10,30.41,389,-16,0.00,0.00,418,"Não comparável, alteração metodológica completa",112.60,57.64,64,350,2.41,2.58,411,-4,73.84,35.77,390,18,60.50,58.37,407,0,90.17,68.69,321,-320,3.25,69.80,383,16,7.00,57.87,347,39,20.74,33.30,394,-36,201.33,48.21,358,-87,53.29,35.79,224,13,92.60,47.16,292,-17,76.24,33.74,210,3,4.48,5.21,405,-6,76.68,86.57,5,373,15.24,16.28,262,20,5.10,23.73,348,-4,4.30,29.41,332,-4,3.60,42.86,368,-4,505.08,33.65,373,14,60.28,24.42,406,-55,1.85,98.09,59,-3,172.72,37.00,402,-73,25.02,81.26,304,39,13.62,86.03,253,82,20.16,16.61,404,5,77.39,20.31,406,-11,77.56,22.44,403,-26,,0.00,385,2,,0.00,377,-9,97.50,95.52,280,108,100.00,0.00,345,-18,0.72,68.27,408,-5,53.34,55.37,83,45,0.06,94.79,348,-110,0.06,87.32,388,-66,-0.70,52.73,367,-52,64.68,20.25,394,-5,13.01,7.44,401,0,1.31,64.68,324,-276,R$ 0.00,0.00,241,-9,1.38,10.94,161,206,"R$ 8,764.29",4.85,250,10,"R$ 15,752.59",0.63,409,-3,12.45,57.43,138,55,0.64,22.39,403,-1,"R$ 1,164.97",0.00,423,-5,8.12,30.97,52,365,10.97,28.51,193,7,48.92,25.90,242,8,28.70,52.92,77,-4,80.14,25.35,392,1,85.17,76.15,21,-12,5.15,5.42,421,-4,93.36,92.18,197,52,91.01,83.02,382,12,37.54,355,29,40.14,423,-69,41.29,369,48,52.82,403,-141,37.17,136,229,30.46,372,9,61.78,394,-57,27.29,405,8,68.88,179,4,35.63,403,-24,12.38,410,8,35.78,160,-5,56.42,298,56,38.38,419,-8,38.79,416,-32,45.31,412,4,30.46,382,28
2109908,85.55,14.82,392,8,4.73,17.89,209,124,54.74,55.20,368,31,-2.75,57.71,160,-6,11.61,65.36,277,-224,2.02,74.77,144,-11,75.60,72.07,346,-30,49.10,50.82,394,-74,60.31,55.21,162,84,77.88,78.58,185,"Não comparável, alteração metodológica completa",179.23,100.00,1,4,3.21,3.80,407,-5,90.82,58.09,139,61,70.51,70.20,360,14,0.00,100.00,1,0,3.06,71.77,372,5,7.91,50.88,377,-23,15.22,57.50,261,115,227.34,36.33,406,4,56.28,39.86,182,-15,98.51,56.94,139,-2,80.49,37.56,159,-11,5.62,6.52,394,-25,8.83,9.96,246,-64,20.64,22.08,201,10,4.70,16.95,388,-5,4.20,27.45,353,-5,3.90,53.57,310,-4,521.77,44.50,297,10,41.97,47.79,377,22,2.63,97.28,67,4,111.13,60.03,349,43,23.82,82.19,295,54,46.57,51.90,414,0,43.06,40.53,392,1,77.20,20.51,405,-23,77.49,22.51,402,-31,,0.00,385,2,,0.00,377,-9,,0.00,413,-7,,0.00,345,-18,0.30,77.81,384,-3,11.80,12.25,354,58,0.00,100.00,1,0,0.00,100.00,1,0,-0.28,58.54,296,94,61.58,24.68,379,-20,17.84,12.58,356,-13,-9.51,51.05,415,-173,R$ 0.00,0.00,241,-9,1.37,10.86,162,16,"R$ 14,882.40",8.35,139,-10,"R$ 21,615.44",1.45,374,1,7.06,49.17,298,-3,1.08,33.68,358,0,"R$ 2,563.62",23.14,313,75,22.88,49.80,8,348,12.72,33.32,132,29,64.68,34.71,157,34,26.31,46.38,120,-25,94.91,36.82,322,0,89.90,85.42,13,-9,24.07,31.73,275,11,91.95,90.36,218,-151,94.92,91.03,307,-13,36.40,370,30,67.47,301,48,65.03,11,56,63.95,320,49,25.63,308,-20,31.14,369,4,67.02,370,35,11.40,421,-4,62.67,377,35,32.52,410,-27,18.77,274,97,38.14,129,1,67.07,18,3,42.68,395,13,51.26,354,40,45.19,413,2,35.52,251,21
2111201,84.32,16.60,384,13,8.36,32.14,76,48,49.40,61.71,268,-36,8.16,53.80,235,2,5.78,86.61,57,62,1.64,80.09,90,-25,73.73,69.93,353,-19,12.70,88.27,129,-95,78.92,79.24,12,310,30.11,30.38,404,"Não comparável, alteração metodológica completa",79.88,36.83,251,6,11.28,16.04,339,-10,66.03,25.50,413,-13,65.87,64.71,389,13,29.39,89.79,169,149,1.63,86.56,238,62,5.04,72.91,221,-28,14.99,58.52,249,87,119.88,85.40,31,16,74.54,64.70,15,16,81.53,28.87,404,-3,41.02,2.07,422,-5,20.25,23.52,276,-5,69.55,78.52,6,-3,35.72,38.26,73,-4,5.70,33.90,242,-4,4.60,35.29,271,-3,3.90,53.57,310,-4,510.42,37.12,349,29,12.43,85.48,149,-64,3.03,96.87,73,14,33.83,88.93,87,-29,3.50,97.76,26,-25,0.23,99.89,3,-2,96.98,96.85,134,-6,57.73,40.89,364,0,59.05,40.95,345,-16,41.90,41.90,269,2,42.52,20.66,220,-19,77.70,60.06,394,-53,0.00,100.00,1,0,0.07,82.98,258,-2,43.38,45.04,124,-1,0.01,98.81,277,-276,0.01,98.63,259,-258,-0.37,57.34,321,93,46.47,46.35,274,6,10.89,5.18,414,-2,5.59,70.08,104,293,R$ 0.00,0.00,241,-9,0.79,6.22,268,4,"R$ 1,389.52",0.62,422,-5,"R$ 12,820.31",0.22,422,-21,9.15,52.37,244,128,1.33,40.37,301,10,"R$ 2,714.64",25.64,283,7,7.68,30.41,64,46,7.86,19.92,286,25,2.61,0.00,423,-5,29.43,54.91,69,266,88.31,31.70,359,-6,69.74,45.86,91,58,16.52,21.24,363,26,98.65,98.95,34,65,98.98,99.34,8,-4,41.06,309,31,67.28,305,-21,34.24,409,-4,78.27,96,130,40.81,88,4,38.18,307,11,93.17,8,-5,62.13,301,-49,72.97,104,43,44.76,321,72,16.13,347,3,24.94,305,95,59.42,201,79,48.48,284,41,53.60,318,8,61.00,211,16,31.97,354,45
2111300,61.53,49.44,148,45,1.10,3.63,391,11,41.79,70.99,105,18,-34.30,69.00,23,5,7.64,79.80,142,-21,2.93,61.98,305,-60,85.14,82.99,266,77,10.40,90.64,89,-9,55.90,49.52,223,-110,87.30,88.08,104,"Não comparável, alteração metodológica completa",60.07,24.24,355,-13,27.64,40.86,186,-8,79.49,43.19,339,8,65.56,64.35,392,2,108.22,62.42,352,-78,1.39,89.04,196,-15,5.20,71.68,238,-9,17.31,48.33,328,57,152.31,70.59,159,-12,52.48,34.69,238,-10,91.37,45.13,314,-35,84.77,41.41,112,12,15.96,18.53,309,-21,2.15,2.42,414,-20,31.00,33.20,108,4,5.50,30.51,280,-4,4.50,33.33,295,-4,4.20,64.29,220,-3,522.92,45.25,289,-19,31.80,60.77,330,-50,13.93,85.60,194,-24,100.08,64.16,323,-60,26.84,79.87,319,-22,0.13,100.00,1,2,89.23,88.75,253,101,30.28,69.63,160,71,65.50,34.50,375,-13,41.85,41.85,270,-29,15.78,7.67,318,-11,100.00,100.00,1,305,0.00,100.00,1,0,0.10,82.44,305,25,44.08,45.76,121,6,0.10,91.19,378,-29,0.04,91.73,368,-2,-0.33,57.89,311,76,46.97,45.63,277,-6,50.73,47.57,34,1,2.75,66.50,264,-147,R$ 690.08,31.55,12,38,1.26,9.96,178,-48,"R$ 17,749.21",9.99,110,5,"R$ 40,846.09",4.16,241,-7,7.10,49.23,297,-8,2.46,69.78,79,32,"R$ 3,765.35",43.02,65,20,4.28,26.07,292,-23,17.70,47.09,50,37,77.49,41.88,84,-6,35.42,71.29,22,-2,131.48,65.24,22,71,62.81,32.27,218,45,23.71,31.23,280,-5,74.10,67.49,345,-13,97.43,96.18,142,5,48.26,154,96,80.24,81,-15,40.01,380,2,64.43,311,-39,26.99,286,-20,39.54,293,-4,75.86,304,-94,68.99,255,11,71.03,138,37,55.13,182,-36,29.45,44,67,53.42,17,7,58.48,238,68,53.26,147,51,63.56,97,18,56.24,308,-14,44.69,27,58
2112209,84.70,16.05,386,-9,4.14,15.55,251,66,55.06,54.80,374,19,30.60,45.77,349,-17,8.87,75.33,186,5,2.33,70.43,195,-11,92.16,91.02,147,94,22.80,77.88,243,19,68.08,65.24,77,163,92.41,93.24,65,"Não comparável, alteração metodológica completa",110.26,56.15,70,-7,14.09,20.31,317,-1,68.94,29.33,406,-27,58.20,55.64,411,-1,76.07,73.58,286,94,5.22,49.43,416,-3,7.63,53.03,369,-149,14.07,62.54,207,142,223.00,38.31,399,10,47.25,27.58,297,22,90.05,42.96,338,16,64.95,23.59,334,-38,25.89,30.08,256,-7,29.35,33.13,56,103,27.75,29.71,130,-7,6.80,52.54,30,-1,5.90,60.78,4,0,3.80,50.00,330,-4,508.69,36.00,357,1,45.54,43.23,384,-3,3.49,96.39,79,-78,100.69,63.93,324,23,27.44,79.41,321,-102,14.23,85.40,267,4,89.23,88.75,253,-23,47.94,51.14,323,-269,49.60,50.40,296,3,34.86,34.86,296,-12,7.61,3.70,344,1,89.23,80.71,367,31,0.00,100.00,1,0,0.39,75.90,395,-51,81.07,84.16,16,1,1.10,3.35,422,-5,0.16,66.78,414,-4,-1.60,40.37,406,-383,61.56,24.72,378,-15,13.99,8.48,395,3,7.72,72.76,33,112,R$ 0.00,0.00,241,-9,1.06,8.39,207,6,"R$ 6,500.02",3.55,313,23,"R$ 16,279.06",0.70,403,-10,8.41,51.23,263,4,1.33,40.22,303,40,"R$ 2,316.08",19.05,375,-25,2.72,24.08,374,-280,7.33,18.44,308,-33,11.11,4.75,405,-16,31.42,60.35,45,74,57.92,8.08,419,-5,76.76,59.64,40,-18,16.43,21.11,365,-6,99.26,99.73,9,-2,99.05,99.49,6,-1,33.04,399,-3,82.17,61,114,41.15,370,-6,56.76,380,32,31.13,215,61,52.11,129,-3,70.14,356,-24,62.57,298,44,61.52,393,-266,40.67,369,21,15.55,364,-17,27.85,264,29,57.61,268,-133,45.85,347,33,56.54,259,81,54.07,343,25,31.26,366,-5
2207702,80.17,22.57,358,-22,2.56,9.37,331,-143,52.70,57.68,340,-3,-5.63,58.74,135,97,5.42,87.92,43,26,2.66,65.67,258,68,75.06,71.45,347,-39,5.30,95.88,26,26,49.33,41.03,315,-7,50.21,50.65,366,"Não comparável, alteração metodológica completa",90.82,43.79,177,-17,9.57,13.45,355,-4,79.98,43.84,328,-78,68.01,67.24,375,-8,96.20,66.59,330,77,1.59,86.97,230,26,6.12,64.62,307,1,14.91,58.87,246,-223,193.07,51.98,327,30,40.28,18.09,363,-13,89.66,42.30,345,-9,65.07,23.70,332,17,9.10,10.58,365,24,33.92,38.28,39,286,60.09,64.39,15,30,5.50,30.51,280,-4,5.20,47.06,104,-3,4.90,89.29,14,0,540.23,56.50,196,49,28.90,64.47,309,47,19.67,79.66,235,-33,124.63,54.98,362,-16,56.03,57.50,411,-6,0.94,99.16,20,18,,0.00,408,-200,,0.00,410,-229,,0.00,415,-188,,0.00,385,-84,,0.00,377,-132,100.00,100.00,1,0,100.00,0.00,345,-18,0.08,82.89,267,-49,49.47,51.35,100,-71,0.24,78.61,407,-18,0.02,96.26,330,8,-1.03,48.25,388,-44,54.73,34.51,334,-19,19.80,14.66,345,-8,-1.13,61.61,382,-294,R$ 10.12,0.46,113,-41,1.71,13.61,117,44,"R$ 9,133.04",5.06,242,7,"R$ 22,707.01",1.61,361,-14,12.48,57.47,137,60,1.35,40.74,298,6,"R$ 2,559.70",23.08,314,34,10.75,34.33,25,165,24.74,66.53,14,11,85.77,46.51,54,10,26.36,46.52,119,-27,97.13,38.55,303,42,70.20,46.76,90,62,25.11,33.18,260,14,98.01,98.14,70,3,97.86,97.05,93,6,37.09,358,-12,69.92,264,47,42.66,356,-33,62.48,336,43,33.86,174,145,50.15,157,3,68.25,363,20,22.22,412,-90,70.23,154,-115,40.45,373,-50,18.69,277,21,53.18,20,9,62.73,89,93,45.82,348,-34,52.79,331,12,48.98,390,-50,38.76,148,43
2208007,75.82,28.85,319,-7,3.64,13.62,277,72,54.88,55.02,371,-20,-11.00,60.66,104,152,18.70,39.51,378,7,2.81,63.69,285,73,82.99,80.53,290,-38,6.20,94.96,32,2,56.36,50.10,216,75,32.47,32.76,402,"Não comparável, alteração metodológica completa",146.44,79.15,12,1,11.61,16.54,333,1,86.90,52.94,218,44,71.68,71.58,354,-31,103.73,63.98,345,-8,1.79,84.90,263,-21,4.34,78.28,140,71,15.56,56.02,274,82,231.26,34.54,410,-10,50.03,31.36,267,-21,92.20,46.50,298,-26,79.51,36.68,166,35,48.79,56.67,94,316,44.77,50.54,20,353,42.01,45.00,45,93,5.10,23.73,348,-4,4.80,39.22,223,-3,4.40,71.43,148,-2,550.80,63.37,151,-50,28.99,64.35,310,-34,0.00,100.00,1,79,143.72,47.85,381,-41,131.05,0.00,423,-6,0.58,99.54,10,36,,0.00,408,-70,,0.00,410,-19,,0.00,415,-54,,0.00,385,-119,,0.00,377,-188,86.98,76.68,378,-41,100.00,0.00,345,-18,0.10,82.42,306,-59,67.43,70.00,39,15,0.00,99.80,212,135,0.00,99.25,225,60,-1.92,35.89,411,-4,53.29,36.57,325,0,23.16,18.24,314,-6,0.21,63.30,357,-270,R$ 0.24,0.01,202,-12,1.76,13.98,110,39,"R$ 13,435.47",7.52,163,-63,"R$ 29,566.52",2.57,319,-15,13.29,58.71,116,169,1.25,38.28,317,-11,"R$ 2,255.49",18.04,384,-3,7.37,30.01,84,176,27.32,73.66,8,4,105.18,57.36,23,2,26.58,47.13,115,-10,111.85,49.99,127,-21,81.32,68.59,29,-5,29.38,39.12,199,10,98.19,98.36,64,2,96.84,94.98,203,11,39.54,334,42,58.37,378,-36,58.72,66,29,57.53,371,19,45.72,47,285,43.45,248,-17,53.73,414,-29,17.04,417,-61,77.11,52,6,42.79,345,-35,17.86,300,16,59.38,8,5,70.21,6,-1,46.17,339,-32,48.54,380,-4,49.13,388,-36,41.67,75,21
2211001,64.82,44.71,189,9,2.27,8.21,345,-217,45.33,66.67,172,52,23.32,48.38,325,37,8.27,77.50,167,92,2.79,63.88,282,-8,89.66,88.17,208,-20,12.70,88.27,129,100,62.37,57.86,135,-13,58.64,59.16,341,"Não comparável, alteração metodológica completa",102.46,51.19,99,-4,34.35,51.05,121,-11,90.35,57.48,153,-40,71.87,71.80,351,-24,48.60,83.12,213,38,1.02,92.86,121,-3,3.25,86.65,34,52,14.77,59.47,243,91,171.11,62.01,256,56,46.76,26.90,304,-6,92.65,47.25,291,-3,78.82,36.06,175,10,11.39,13.23,343,-9,16.67,18.82,129,-16,61.15,65.52,14,25,6.40,45.76,81,-2,5.70,56.86,9,0,4.60,78.57,70,-1,553.07,64.84,135,3,33.90,58.08,346,-14,7.55,92.19,138,16,107.59,61.35,342,-5,31.46,76.33,352,-16,27.61,71.54,383,8,94.81,94.58,185,-24,19.55,80.86,45,40,49.78,50.22,299,-10,55.46,55.46,244,11,18.74,9.11,306,-16,96.00,92.84,313,-24,0.00,100.00,1,326,0.06,83.32,208,-20,72.56,75.33,28,0,0.09,91.84,375,28,0.03,94.78,348,55,-0.32,58.03,308,-276,43.14,51.11,253,4,46.53,43.11,55,4,3.29,67.18,238,-203,R$ 79.73,3.64,65,-11,1.01,8.02,218,-78,"R$ 24,125.27",13.64,62,7,"R$ 33,994.07",3.19,287,-11,13.51,59.05,108,172,2.22,63.60,114,-17,"R$ 3,301.97",35.36,141,-22,4.03,25.75,307,-51,27.58,74.38,6,15,76.60,41.38,91,17,34.51,68.81,26,-10,107.96,46.96,168,-43,66.21,38.93,152,91,25.80,34.13,246,-13,88.15,85.49,255,-2,98.31,97.99,56,28,41.99,294,-71,73.37,200,-118,56.70,99,-12,72.51,188,96,34.21,168,36,58.11,54,-8,70.56,352,-7,73.38,218,85,80.28,28,-4,55.71,171,-72,23.91,124,-17,61.52,4,6,60.70,158,17,55.27,90,17,57.00,250,-138,64.11,148,65,44.56,30,-1
2301000,70.24,36.89,256,4,11.61,44.94,29,36,50.49,60.38,296,-45,9.90,53.18,249,-8,5.74,86.75,55,3,3.76,50.20,388,6,93.38,92.42,128,-69,6.40,94.75,36,77,48.39,39.82,326,24,88.65,89.44,91,"Não comparável, alteração metodológica completa",155.78,85.09,8,1,12.43,17.78,329,-3,93.22,61.25,94,-8,82.16,83.97,182,-27,97.47,66.15,334,-333,1.81,84.69,267,24,9.48,38.83,408,3,16.57,51.60,306,-212,224.29,37.73,401,-224,67.01,54.46,52,48,103.82,65.71,47,12,88.55,44.81,61,41,12.97,15.07,326,51,78.54,88.67,4,0,63.06,67.58,12,6,6.20,42.37,131,-2,5.00,43.14,162,-3,4.60,78.57,70,-1,500.41,30.62,381,22,16.52,80.26,202,71,72.55,25.01,400,-13,107.44,61.41,341,18,16.52,87.78,218,-5,23.33,75.98,358,-42,31.25,28.19,398,2,19.87,80.53,47,214,3.20,96.80,14,112,15.18,15.18,345,-3,43.44,21.11,215,-3,95.17,91.35,321,0,100.00,0.00,345,-18,0.07,83.12,241,-104,37.34,38.77,151,-86,0.14,87.85,390,-18,0.01,97.32,309,-17,-2.50,27.96,414,-268,68.28,15.09,406,-5,33.79,29.54,192,-17,-0.63,62.24,370,-235,R$ 0.00,0.00,241,-9,0.96,7.56,227,-20,"R$ 1,575.47",0.73,421,-5,"R$ 60,152.62",6.87,134,10,9.53,52.95,233,-32,1.79,52.19,211,-5,"R$ 2,636.73",24.35,298,-16,3.84,25.51,321,-203,7.72,19.53,289,-70,6.03,1.92,416,-4,16.76,20.29,403,-43,128.43,62.87,30,75,67.19,40.86,136,-80,28.71,38.18,205,2,92.08,90.54,215,-191,93.86,88.86,344,-281,48.85,139,57,82.38,55,249,65.74,7,4,53.81,397,-266,56.26,8,2,46.70,204,26,71.21,348,12,42.13,389,0,65.27,284,-222,39.43,384,-32,18.31,288,-31,13.91,410,-18,64.26,56,-48,48.46,285,-35,64.88,70,200,56.70,301,-79,30.93,375,-93
2301901,90.38,7.85,410,-3,7.40,28.39,102,46,26.62,89.49,4,0,1.11,56.32,189,-5,7.19,81.44,121,2,1.75,78.59,109,19,83.61,81.23,286,-66,16.50,84.36,186,-9,55.58,49.11,232,-24,76.69,77.37,197,"Não comparável, alteração metodológica completa",113.44,58.17,62,-17,8.09,11.20,371,3,90.03,57.06,160,18,85.28,87.66,106,-44,0.00,100.00,1,0,1.94,83.35,289,62,6.11,64.70,305,64,10.38,78.76,70,-55,172.45,61.40,265,63,45.78,25.57,315,3,82.69,30.79,397,8,73.51,31.28,240,-45,16.10,18.71,305,26,22.51,25.41,88,0,47.58,50.97,33,9,5.50,30.51,280,-4,4.90,41.18,187,-3,4.10,60.71,253,-3,517.69,41.85,319,85,28.67,64.76,305,-90,0.00,100.00,1,181,77.94,72.43,273,-80,28.67,78.47,330,-18,21.98,77.37,349,-30,58.08,56.21,382,9,51.30,47.62,338,-50,40.94,59.06,229,-59,12.24,12.24,352,-12,13.13,6.38,327,1,95.91,92.68,315,-141,0.00,100.00,1,326,0.08,82.85,272,-122,89.11,92.51,5,0,0.28,75.36,411,-25,0.02,95.98,333,-42,-0.50,55.53,341,62,62.43,23.46,385,-4,22.44,17.47,318,1,6.43,71.13,72,89,R$ 0.00,0.00,241,-9,0.07,0.42,421,-7,"R$ 5,561.67",3.01,333,7,"R$ 21,942.40",1.50,368,-36,2.92,42.82,362,-120,1.44,43.26,281,-2,"R$ 2,362.75",19.82,363,-7,6.12,28.42,160,-74,5.79,14.20,368,18,12.24,5.38,399,-12,23.50,38.72,189,-51,80.45,25.59,391,4,83.27,72.41,25,19,20.61,26.92,322,-26,91.80,90.18,222,-33,89.32,79.56,393,-36,45.52,208,-26,77.63,117,192,54.89,134,-21,78.85,88,69,30.70,219,33,40.99,278,45,76.61,288,-69,53.55,352,29,82.51,15,-9,42.18,354,24,14.86,387,-48,19.43,382,-33,58.93,222,-21,48.60,278,38,60.87,151,121,59.85,234,43,29.82,395,-21
2303709,76.46,27.92,324,-26,5.36,20.35,181,8,48.73,62.52,255,93,22.51,48.66,322,33,5.66,87.02,50,133,1.95,75.73,136,10,85.03,82.86,269,-55,17.40,83.44,196,31,57.91,52.11,198,169,38.20,38.54,393,"Não comparável, alteração metodológica completa",80.33,37.12,248,-12,17.75,25.85,279,6,84.62,49.94,256,-97,76.74,77.55,283,-18,67.89,76.43,260,-93,1.72,85.63,253,19,8.98,42.67,398,2,16.52,51.81,305,20,210.52,44.01,386,-71,54.96,38.07,203,-25,91.73,45.73,306,-8,67.45,25.84,309,37,15.76,18.30,312,-25,28.49,32.16,57,19,45.96,49.24,39,-3,5.50,30.51,280,-4,4.80,39.22,223,-3,4.30,67.86,192,-3,495.24,27.25,395,14,29.81,63.31,316,43,66.57,31.19,385,-37,164.13,40.21,396,-16,7.19,94.94,72,9,11.26,88.47,204,-27,68.85,67.46,360,-11,19.33,81.09,42,11,74.37,25.63,399,-25,42.33,42.33,267,2,43.24,21.01,217,-1,89.58,81.34,364,-363,0.00,100.00,1,0,0.03,83.88,94,-51,72.58,75.35,27,-13,0.06,94.61,350,18,0.02,96.47,325,7,-3.94,8.04,421,-41,57.76,30.16,356,1,16.76,11.43,375,-1,-2.69,59.64,395,-1,R$ 9.48,0.43,115,117,0.49,3.84,351,-204,"R$ 5,058.06",2.72,343,11,"R$ 27,759.74",2.32,329,-61,-0.18,38.07,386,-368,1.75,51.28,220,-12,"R$ 2,491.52",21.95,328,41,3.65,25.27,330,47,5.13,12.39,382,10,18.86,9.09,380,-11,21.07,32.07,270,137,106.90,46.14,184,0,69.58,45.55,92,103,19.30,25.09,337,-18,96.24,95.86,139,-83,96.37,94.00,241,-200,39.87,328,23,68.19,290,-48,46.26,308,-59,58.76,363,-81,34.56,163,1,39.09,298,16,68.05,364,2,61.85,304,-56,73.94,92,-81,37.45,395,8,16.42,335,-34,17.85,394,18,61.33,141,8,45.25,360,-37,53.41,321,-17,55.25,324,-77,29.96,392,-1
2304103,88.03,11.25,401,,7.72,29.66,89,,47.40,64.15,229,,13.16,52.01,274,,11.20,66.84,268,,1.76,78.41,112,,81.29,78.58,303,,13.00,87.96,136,,50.44,42.46,300,,34.61,34.91,400,,166.64,92.00,5,,5.06,6.61,398,,91.67,59.21,118,,82.41,84.26,175,,114.94,60.09,363,,2.10,81.70,302,,14.54,0.00,423,,8.05,88.99,18,,206.08,46.04,376,,58.70,43.15,153,,88.84,40.95,354,,80.13,37.24,160,,23.82,27.67,263,,81.61,92.14,3,,84.26,90.31,3,,6.50,47.46,67,,5.30,49.02,84,,4.40,71.43,148,,521.43,44.28,300,,23.81,70.97,262,,9.52,90.16,159,,77.66,72.54,272,,41.35,68.75,391,,3.62,96.39,79,,84.44,83.75,296,,36.15,63.48,215,,11.50,88.50,31,,39.23,39.23,282,,37.49,18.22,240,,96.23,93.25,307,,94.16,5.84,342,,0.36,76.41,392,,70.73,73.43,33,,0.15,86.94,394,,0.01,97.98,291,,-0.75,52.08,370,,55.34,33.63,337,,12.75,7.16,403,,-8.15,52.76,412,,R$ 0.00,0.00,241,,1.89,15.05,93,,"R$ 8,499.96",4.69,261,,"R$ 16,476.31",0.73,402,,15.59,62.24,75,,0.40,15.96,411,,"R$ 2,249.66",17.95,387,,20.26,46.45,10,,15.43,40.83,73,,63.47,34.04,163,,28.68,52.87,78,,77.86,23.57,395,,89.57,84.78,15,,20.28,26.46,325,,96.00,95.56,145,,93.31,87.74,358,,39.27,336,,62.95,350,,65.55,8,,60.20,351,,58.20,6,,51.44,140,,76.93,283,,59.17,323,,76.67,60,,34.27,409,,15.77,359,,42.58,78,,63.62,68,,50.17,242,,50.59,363,,63.95,149,,34.64,281,
2304202,77.57,26.33,334,27,8.54,32.85,69,72,46.85,64.82,219,0,4.78,55.01,211,-30,14.09,56.31,329,-77,2.20,72.16,169,5,79.64,76.69,315,-57,13.60,87.35,144,91,59.30,53.90,178,-42,91.22,92.03,76,"Não comparável, alteração metodológica completa",119.02,61.72,40,-4,13.53,19.46,319,0,79.55,43.27,334,-36,83.62,85.69,142,40,52.83,81.66,224,9,1.72,85.63,253,-69,6.45,62.09,324,-5,15.32,57.08,266,-148,201.68,48.05,361,-65,55.73,39.11,190,1,93.00,47.83,282,10,82.09,39.00,146,30,13.63,15.83,324,-8,15.19,17.14,141,-19,58.19,62.36,18,-6,6.50,47.46,67,-1,5.40,50.98,64,-2,4.20,64.29,220,-3,524.32,46.16,280,86,38.34,52.42,362,-94,3.64,96.24,81,-80,96.95,65.33,317,-15,20.26,84.92,262,-50,7.84,92.01,138,-35,,0.00,408,5,55.80,42.91,357,-94,47.02,52.98,276,-89,37.40,37.40,287,2,18.24,8.86,309,16,100.00,100.00,1,356,100.00,0.00,345,-18,0.12,81.85,329,-39,86.54,89.83,11,0,0.24,78.76,406,-9,0.02,96.76,317,4,-0.99,48.82,384,5,65.86,18.55,399,-3,19.12,13.94,348,10,8.08,73.22,30,322,R$ 70.11,3.21,70,-6,0.90,7.12,243,-19,"R$ 5,646.01",3.06,331,10,"R$ 18,661.33",1.04,392,-1,12.26,57.14,145,186,1.16,35.83,343,-22,"R$ 2,277.58",18.41,380,-38,-0.02,20.59,407,-155,14.05,37.00,103,37,57.79,30.86,199,-46,30.56,58.01,52,10,99.85,40.66,273,48,72.37,51.03,63,32,27.07,35.91,233,15,95.59,95.03,157,-71,93.32,87.77,357,-222,44.75,225,70,76.62,139,-33,52.52,183,-21,64.58,307,-90,35.86,151,-17,51.22,143,19,75.46,313,-149,36.85,396,0,81.10,19,-4,40.66,370,36,14.99,380,-51,41.96,86,-4,62.08,113,-17,48.74,275,-15,59.99,178,-7,56.07,311,-31,34.84,277,19
2304285,54.21,60.00,71,25,2.89,10.64,316,63,43.64,68.73,138,124,-39.43,70.83,17,20,4.79,90.19,25,18,3.44,54.69,364,5,85.57,83.48,264,19,8.70,92.39,69,121,52.64,45.30,263,33,4.35,4.39,417,"Não comparável, alteração metodológica completa",127.48,67.10,28,-1,35.77,53.20,98,8,88.50,55.04,183,72,86.60,89.21,77,46,0.00,100.00,1,417,2.31,79.52,320,41,9.87,35.84,414,-6,5.62,99.65,3,43,128.30,81.56,54,-39,71.04,59.93,29,7,104.14,66.23,43,-12,106.72,61.15,6,24,70.32,81.68,26,1,52.98,59.81,12,2,33.41,35.77,91,0,7.20,59.32,8,0,5.80,58.82,6,0,4.60,78.57,70,-1,520.82,43.88,303,83,7.47,91.81,74,115,80.65,16.64,409,-75,37.09,87.71,103,214,4.98,96.63,48,0,16.58,82.96,292,-74,79.80,78.90,327,55,42.56,56.77,276,10,29.01,70.99,140,16,23.16,23.16,324,21,17.16,8.34,314,-1,100.00,100.00,1,233,100.00,0.00,345,-18,0.07,83.07,248,-26,33.10,34.36,175,-46,0.35,68.92,413,-14,0.04,92.12,366,-69,-3.13,19.26,416,-43,35.46,62.13,176,6,77.99,76.58,5,-2,-0.98,61.80,380,-255,R$ 71.40,3.26,67,66,12.49,100.00,1,0,"R$ 19,272.91",10.86,92,17,"R$ 66,608.49",7.78,116,-49,8.40,51.23,264,-1,2.41,68.39,89,-4,"R$ 2,674.95",24.98,292,-15,4.28,26.07,293,-64,10.53,27.30,203,27,22.84,11.32,367,9,19.47,27.70,332,-79,151.00,80.42,5,-2,61.50,29.69,252,-126,36.93,49.61,100,27,97.90,97.99,74,-60,98.35,98.06,50,-30,52.55,75,145,58.66,376,-38,64.45,13,18,86.52,20,348,60.43,3,2,59.79,39,21,80.60,213,13,52.93,357,20,59.31,408,-200,66.12,27,-17,37.71,12,2,22.11,352,-6,71.15,5,-2,56.52,58,56,55.47,281,29,66.07,91,124,46.44,14,-5
2304400,60.62,50.75,136,-26,4.77,18.05,206,-94,48.13,63.26,239,39,26.86,47.11,335,17,7.82,79.16,150,38,2.40,69.40,212,-35,98.07,97.79,25,-14,19.40,81.38,220,-9,80.62,81.44,8,-5,83.42,84.16,132,"Não comparável, alteração metodológica completa",75.65,34.14,285,-14,41.00,61.13,64,0,82.51,47.17,292,35,76.21,76.94,291,-2,32.00,88.89,174,18,1.64,86.45,241,-17,7.85,51.34,375,8,12.87,67.82,159,27,170.33,62.37,253,1,50.48,31.97,260,-5,93.89,49.30,261,-17,81.48,38.46,152,14,27.72,32.20,247,-3,47.03,53.09,17,-4,35.07,37.56,77,-3,6.00,38.98,176,-4,5.20,47.06,104,-3,4.30,67.86,192,-3,533.27,51.97,236,65,35.93,55.49,357,-39,40.86,57.77,328,5,107.91,61.23,343,-21,11.73,91.45,145,44,15.09,84.51,279,0,81.96,81.16,315,-224,48.89,50.15,328,-17,40.17,59.83,225,-2,64.23,64.23,232,-16,62.65,30.44,163,-4,100.00,100.00,1,0,0.00,100.00,1,0,0.05,83.52,173,-4,11.89,12.34,353,18,0.00,100.00,1,0,0.00,100.00,1,0,-1.00,48.64,386,2,47.27,45.19,279,0,44.37,40.80,76,22,13.68,80.26,5,385,R$ 100.99,4.62,55,-17,5.56,44.43,11,-1,"R$ 17,231.12",9.69,113,-17,"R$ 35,796.74",3.45,275,4,6.86,48.85,302,-88,2.43,69.11,83,1,"R$ 3,001.14",30.38,215,-50,-0.23,20.31,410,-85,10.23,26.47,214,-37,64.73,34.74,155,-11,36.68,74.72,19,38,121.57,57.54,56,-19,62.65,31.95,224,87,27.40,36.36,227,-6,85.41,81.98,275,-13,95.65,92.52,279,-47,44.79,224,-50,83.64,43,-33,50.11,238,30,72.20,195,14,40.53,91,-1,48.65,180,13,71.06,349,-16,75.13,199,-45,62.91,368,20,58.97,121,150,28.46,55,-8,45.31,56,35,60.07,178,20,54.84,104,-7,63.37,101,-54,61.04,210,-1,43.60,44,36
2305233,74.06,31.38,302,,15.52,60.29,6,,49.36,61.76,267,,15.72,51.10,290,,8.91,75.17,188,,3.32,56.41,357,,91.58,90.36,159,,26.30,74.28,274,,48.81,40.36,322,,44.84,45.24,379,,113.84,58.42,60,,8.87,12.39,362,,103.97,75.39,8,,87.23,89.96,62,,0.00,100.00,1,,1.24,90.59,164,,7.98,50.35,380,,14.62,60.15,235,,156.70,68.59,185,,48.86,29.76,279,,97.91,55.94,157,,83.47,40.24,127,,11.72,13.61,339,,23.85,26.92,84,,35.36,37.87,75,,7.00,55.93,16,,5.60,54.90,21,,4.50,75.00,108,,491.67,24.93,403,,10.01,88.57,110,,80.00,17.30,408,,86.18,69.36,293,,7.51,94.69,77,,17.99,81.50,310,,60.80,59.06,378,,24.96,75.20,97,,59.54,40.46,349,,19.86,19.86,337,,19.71,9.58,302,,93.83,88.95,345,,100.00,0.00,345,,0.06,83.29,218,,35.45,36.80,163,,0.07,93.98,356,,0.01,98.76,252,,-0.35,57.60,316,,72.88,8.49,415,,38.27,34.32,134,,6.75,71.54,58,,R$ 0.12,0.01,224,,0.01,0.00,423,,"R$ 5,365.23",2.90,338,,"R$ 39,660.41",3.99,252,,18.52,66.73,42,,1.89,54.86,187,,"R$ 2,079.63",15.13,405,,3.20,24.69,355,,11.50,29.96,175,,18.61,8.95,381,,9.33,0.00,423,,104.64,44.38,218,,78.47,62.99,37,,20.34,26.55,324,,96.05,95.62,142,,90.93,82.86,384,,51.13,90,,64.74,336,,61.66,31,,75.09,145,,32.47,191,,53.60,109,,76.38,290,,44.79,382,,70.07,157,,42.89,343,,17.25,317,,12.97,415,,62.48,97,,47.64,305,,57.64,234,,58.53,261,,30.43,383,
2305506,77.69,26.15,337,14,5.33,20.24,185,-31,51.35,59.33,305,23,48.47,39.37,384,-20,6.75,83.06,99,8,2.03,74.65,146,121,84.84,82.65,272,131,5.70,95.47,27,139,34.46,21.82,414,-18,83.51,84.25,129,"Não comparável, alteração metodológica completa",136.91,73.09,18,1,7.79,10.74,376,-4,90.13,57.19,158,25,84.41,86.62,122,-3,179.21,37.77,403,-86,2.70,75.49,347,25,8.29,47.97,386,-30,10.75,77.12,82,143,187.45,54.55,316,28,56.99,40.83,176,21,90.31,43.39,334,10,88.85,45.09,60,32,50.60,58.78,81,1,45.63,51.51,19,6,75.92,81.37,4,-1,5.70,33.90,242,-4,4.80,39.22,223,-3,4.80,85.71,30,-1,511.50,37.82,344,26,32.27,60.16,333,-82,13.16,86.40,186,-55,129.41,53.19,366,-209,26.41,80.20,316,-37,34.21,64.70,400,-23,80.70,79.84,322,-94,39.63,59.84,259,-89,24.46,75.54,109,-53,16.15,16.15,343,-4,13.10,6.37,328,-9,,0.00,413,-26,,0.00,345,-18,0.18,80.51,362,-33,45.78,47.53,112,-4,0.09,92.38,370,37,0.02,95.95,334,21,-0.92,49.70,382,-7,61.02,25.49,373,4,19.96,14.83,344,1,3.03,66.85,246,-155,R$ 0.00,0.00,241,-40,0.57,4.47,337,-10,"R$ 12,400.04",6.93,176,10,"R$ 23,882.71",1.77,354,2,13.99,59.79,101,217,1.17,36.14,340,-31,"R$ 2,300.49",18.79,376,6,10.04,33.42,31,44,14.31,37.72,100,-24,70.71,38.08,117,20,19.45,27.64,333,34,86.17,30.03,371,2,82.27,70.46,27,5,24.26,32.00,272,-32,98.57,98.85,38,-23,97.53,96.37,128,-51,36.27,374,-16,79.24,89,309,59.66,57,-1,57.53,372,-17,55.57,10,-4,44.96,229,8,69.29,359,-129,29.56,402,-24,70.58,147,54,40.17,375,-5,16.33,341,-8,34.48,185,17,65.54,33,-4,47.33,314,8,56.82,253,139,54.42,338,-88,34.61,284,-7
2306405,80.81,21.65,362,18,15.52,60.28,7,-2,44.62,67.54,161,36,30.76,45.71,350,-11,5.32,88.25,40,54,1.40,83.45,49,19,91.01,89.71,178,-56,11.10,89.92,100,43,59.11,53.66,181,-26,76.63,77.31,198,"Não comparável, alteração metodológica completa",135.79,72.38,22,-4,2.93,3.38,409,-5,97.93,67.44,32,45,83.22,85.21,156,37,0.00,100.00,1,0,0.86,94.52,78,172,5.93,66.08,295,-236,14.43,60.98,227,-84,186.61,54.93,312,18,60.54,45.66,130,29,92.12,46.38,301,1,81.83,38.77,148,8,25.88,30.06,257,2,87.16,98.40,2,0,32.30,34.58,100,-11,6.40,45.76,81,-2,5.70,56.86,9,0,4.80,85.71,30,-1,495.30,27.30,394,17,72.52,8.80,418,-45,0.99,98.98,51,56,168.81,38.47,400,-80,13.78,89.88,177,34,8.63,91.19,152,20,72.05,70.81,353,9,31.52,68.33,180,44,14.85,85.15,45,22,20.27,20.27,333,-1,30.06,14.61,261,-7,70.34,46.88,403,1,100.00,0.00,345,-18,0.21,79.92,371,-225,54.68,56.76,75,-51,0.19,83.39,401,-1,0.01,97.45,303,36,-4.52,0.00,423,-72,61.40,24.95,376,6,15.72,10.32,381,-1,3.95,68.01,194,177,R$ 0.00,0.00,241,-9,0.36,2.81,387,-2,"R$ 4,437.77",2.37,365,2,"R$ 19,450.22",1.15,384,10,19.74,68.60,25,309,0.54,19.79,405,-1,"R$ 2,298.29",18.75,377,19,7.57,30.27,76,211,8.88,22.73,254,66,43.27,22.74,263,-5,22.23,35.25,226,-35,81.08,26.08,389,0,75.82,57.79,42,50,13.57,17.13,385,-40,92.35,90.88,211,-10,92.45,85.97,371,-59,48.79,141,-33,82.25,59,224,61.37,33,14,73.64,168,-2,50.05,21,14,53.04,115,22,60.86,399,-78,40.81,392,3,64.89,298,-257,39.22,388,17,12.83,406,3,26.91,283,-5,55.57,324,-4,48.04,299,14,64.80,72,137,57.23,290,-47,29.25,398,8
2307304,67.41,40.96,229,6,6.34,24.21,130,132,49.90,61.10,279,35,13.28,51.97,275,121,5.35,88.14,41,70,2.42,69.19,216,73,91.40,90.16,166,-45,12.60,88.37,126,25,54.57,47.80,241,-31,47.28,47.70,375,"Não comparável, alteração metodológica completa",99.48,49.29,118,-15,16.35,23.74,298,-5,93.48,61.60,88,63,77.34,78.27,272,-40,55.26,80.81,234,108,2.25,80.14,316,0,6.95,58.25,346,20,11.61,73.37,115,68,154.17,69.74,175,-2,49.70,30.91,271,-12,90.71,44.04,329,2,80.54,37.61,157,16,14.69,17.07,318,-11,9.89,11.15,223,-15,40.75,43.65,50,3,5.50,30.51,280,-4,5.00,43.14,162,-3,4.60,78.57,70,-1,529.62,49.60,254,48,38.28,52.49,361,-69,4.92,94.92,99,74,107.18,61.50,340,2,43.89,66.80,396,-19,18.66,80.81,320,13,87.62,87.07,270,-15,49.48,49.53,329,-13,37.35,62.65,209,-16,28.64,28.64,306,8,22.96,11.16,281,-3,100.00,100.00,1,315,100.00,0.00,345,-18,0.07,83.13,239,-19,52.38,54.37,90,12,0.11,90.70,381,15,0.01,98.06,284,52,-0.35,57.64,315,82,57.33,30.77,353,-5,24.92,20.11,293,1,7.03,71.89,53,111,R$ 5.41,0.25,124,-24,1.48,11.78,145,-12,"R$ 7,559.29",4.16,280,23,"R$ 22,569.35",1.59,362,-7,11.65,56.20,163,215,1.73,50.66,226,-14,"R$ 2,354.47",19.68,366,-2,5.18,27.22,231,14,13.40,35.21,112,17,70.75,38.11,116,-15,24.77,42.18,156,-27,117.60,54.45,84,-36,62.60,31.85,226,147,28.07,37.30,219,-16,97.62,97.63,85,-49,97.11,95.52,177,-143,44.56,230,127,72.13,216,-49,53.96,151,10,73.55,170,125,29.38,243,-5,45.91,214,13,67.97,365,-25,55.41,340,12,74.49,86,69,45.35,318,27,18.62,282,-4,38.50,123,-23,63.35,72,45,49.55,260,28,57.75,229,45,57.34,286,28,36.69,208,19
2307650,79.25,23.90,351,4,5.64,21.46,165,-84,47.47,64.06,230,64,21.28,49.11,315,9,13.79,57.39,321,-11,2.67,65.62,260,23,79.63,76.68,316,48,11.00,90.02,97,62,58.24,52.54,191,34,49.83,50.27,368,"Não comparável, alteração metodológica completa",105.13,52.89,86,-16,24.26,35.73,213,1,80.47,44.49,317,-136,83.52,85.57,146,-11,29.54,89.74,170,-169,3.05,71.87,371,-53,10.65,29.85,417,-4,14.48,60.78,229,-48,207.33,45.47,378,-4,62.46,48.27,107,-22,108.12,72.81,18,7,88.10,44.41,66,15,38.74,45.00,171,60,29.78,33.62,55,-13,38.22,40.93,62,-12,6.40,45.76,81,-2,5.30,49.02,84,-2,4.40,71.43,148,-2,499.37,29.94,383,18,31.64,60.97,329,49,62.74,35.15,377,-39,182.23,33.45,406,-15,6.81,95.23,68,4,13.43,86.22,249,-17,65.30,63.76,370,-87,50.67,48.28,335,-9,44.18,55.82,257,-12,37.26,37.26,290,-18,47.29,22.98,205,-9,100.00,100.00,1,0,100.00,0.00,345,-18,0.03,83.83,103,52,39.96,41.48,132,-42,0.04,96.42,330,-2,0.01,98.79,251,9,-3.82,9.69,420,-151,55.56,33.31,339,1,35.74,31.62,166,-24,1.82,65.32,310,-183,R$ 0.00,0.00,241,-9,1.11,8.83,199,46,"R$ 8,494.02",4.69,262,9,"R$ 57,738.06",6.53,151,-35,-3.32,33.26,397,-323,2.29,65.42,105,-13,"R$ 2,667.74",24.86,294,-6,5.12,27.15,234,-46,12.53,32.80,140,19,46.08,24.31,256,17,18.07,23.87,379,-52,120.74,56.90,61,33,71.17,48.66,81,75,20.10,26.21,330,7,97.33,97.26,100,-37,96.60,94.48,225,-36,39.63,331,-17,65.20,332,58,52.67,179,-89,62.44,337,-61,45.98,43,15,48.49,184,16,66.74,372,3,53.01,356,-37,65.07,289,-192,46.55,305,-25,20.38,231,-45,26.99,281,3,64.70,46,66,47.59,308,-30,51.86,345,36,56.40,304,-67,35.62,247,-28
2307700,84.33,16.58,385,7,4.42,16.67,226,63,53.59,56.60,352,-71,7.04,54.20,227,-56,11.22,66.75,269,-52,1.84,77.32,123,2,86.01,83.99,258,-73,12.50,88.48,123,64,48.24,39.63,329,0,31.57,31.85,403,"Não comparável, alteração metodológica completa",134.94,71.84,23,0,9.51,13.36,356,-1,97.24,66.54,37,-5,86.24,88.78,85,-22,261.32,9.26,422,-421,1.39,89.04,196,-51,10.44,31.47,416,-7,10.45,78.43,73,201,223.17,38.24,400,-73,48.90,29.82,278,-11,92.86,47.59,286,25,78.71,35.97,177,-9,29.39,34.13,228,-6,44.63,50.38,22,12,71.91,77.07,7,1,5.90,37.29,200,-4,5.20,47.06,104,-3,4.70,82.14,46,-1,496.81,28.28,391,-18,32.13,60.35,332,25,66.98,30.76,388,-27,168.33,38.65,399,1,8.26,94.11,92,-7,15.93,83.64,286,-106,66.16,64.65,367,-77,45.36,53.84,298,-20,31.82,68.18,166,-26,15.77,15.77,344,-33,15.54,7.55,319,4,100.00,100.00,1,0,100.00,0.00,345,-18,0.14,81.37,343,-59,74.92,77.78,21,-13,0.22,80.98,404,-27,0.02,95.80,338,-22,-4.05,6.58,422,-22,62.10,23.94,382,-3,17.78,12.51,358,9,8.68,73.96,22,35,R$ 0.00,0.00,241,-9,0.86,6.78,251,-13,"R$ 5,218.80",2.82,342,27,"R$ 19,137.28",1.10,387,17,12.15,56.96,150,167,1.07,33.58,360,6,"R$ 2,085.94",15.24,404,-6,4.40,26.23,284,35,8.21,20.87,273,48,23.76,11.83,363,1,21.37,32.89,262,49,77.45,23.25,397,-1,74.17,54.56,49,51,12.58,15.75,390,-12,87.74,84.97,259,-24,97.29,95.89,158,-75,36.01,378,1,62.81,352,-50,63.15,22,-1,45.63,416,-182,47.43,34,17,46.52,206,-12,65.99,378,1,47.71,377,-36,71.67,128,-121,42.11,355,11,14.30,395,-7,21.86,359,14,54.89,341,1,43.93,378,-45,48.83,377,-21,54.98,329,-130,29.16,400,5
2309706,83.98,17.09,382,7,5.02,19.03,198,-7,45.89,65.99,196,92,39.45,42.60,370,14,9.89,71.63,234,120,3.36,55.82,359,-54,85.43,83.32,265,37,33.50,66.87,333,13,41.64,31.10,387,-16,73.74,74.40,220,"Não comparável, alteração metodológica completa",110.48,56.29,69,0,12.15,17.36,331,8,92.24,59.96,110,-69,81.62,83.32,198,-31,0.00,100.00,1,0,2.93,73.11,364,26,8.90,43.28,396,10,11.55,73.60,112,254,182.66,56.73,307,-91,39.93,17.62,366,-22,72.88,14.58,421,-5,52.52,12.41,408,-88,43.04,49.99,142,12,38.11,43.02,32,21,59.77,64.05,16,-7,5.80,35.59,227,-4,5.10,45.10,133,-3,4.90,89.29,14,0,510.12,36.92,353,7,26.78,67.17,293,73,58.18,39.86,366,-12,143.24,48.02,380,-6,3.49,97.77,25,5,12.94,86.73,237,11,77.15,76.13,340,-4,1.31,99.96,2,1,98.40,1.60,414,-14,32.08,32.08,304,-23,38.35,18.63,236,-11,100.00,100.00,1,242,100.00,0.00,345,-344,0.08,82.88,268,-35,71.77,74.50,30,-14,0.02,98.41,291,80,0.01,98.64,258,89,-3.41,15.39,418,-42,54.71,34.53,333,-3,15.36,9.94,384,-18,0.71,63.93,344,-323,R$ 0.00,0.00,241,-9,1.89,15.02,95,161,"R$ 4,343.40",2.32,368,6,"R$ 21,028.80",1.37,377,10,17.36,64.95,51,208,1.93,56.04,177,33,"R$ 2,048.30",14.61,407,-5,-1.68,18.47,415,-259,8.47,21.59,262,-68,4.41,1.01,419,-5,16.31,19.05,408,-68,71.85,18.90,407,-3,89.73,85.08,14,16,13.00,16.34,388,12,98.99,99.39,19,100,99.01,99.42,7,9,36.18,375,7,68.52,286,87,55.53,120,-37,73.06,182,63,37.36,134,-7,47.93,188,0,72.07,342,22,53.98,349,-93,75.32,73,-59,40.11,377,-109,18.63,280,38,13.88,411,-31,63.82,64,115,47.05,321,-21,51.65,349,40,59.33,248,-59,31.07,371,-27
2311306,81.36,20.87,366,2,6.26,23.89,132,128,47.73,63.74,233,50,8.98,53.51,244,-8,7.09,81.81,116,20,2.49,68.12,231,-15,91.03,89.74,176,-100,12.30,88.68,121,49,54.64,47.89,240,-20,98.14,99.02,10,"Não comparável, alteração metodológica completa",104.82,52.69,88,24,4.39,5.59,405,-4,94.93,63.49,68,-41,83.20,85.20,157,50,87.49,69.62,313,-312,2.26,80.04,319,-14,9.18,41.14,405,-28,7.87,89.75,16,363,176.58,59.51,280,102,45.97,25.83,313,-12,90.03,42.92,339,3,65.94,24.48,322,-120,7.23,8.40,378,-25,32.66,36.87,46,18,34.54,36.99,83,-43,6.00,38.98,176,-4,4.80,39.22,223,-3,4.10,60.71,253,-3,493.93,26.40,397,1,32.77,59.52,335,47,3.33,96.55,75,12,91.00,67.55,302,80,15.82,88.32,207,13,11.14,88.59,201,148,74.71,73.58,346,22,39.30,60.19,258,-23,27.93,72.07,128,-40,17.65,17.65,339,-31,17.73,8.62,312,-18,100.00,100.00,1,343,100.00,0.00,345,-18,0.19,80.30,367,-99,74.36,77.20,22,4,0.10,91.06,379,-42,0.02,96.86,314,-9,-0.41,56.80,328,57,71.75,10.11,414,-4,16.14,10.77,377,0,4.15,68.26,181,81,R$ 0.63,0.03,177,-20,2.66,21.18,52,-15,"R$ 7,116.32",3.90,295,26,"R$ 16,923.75",0.79,400,5,11.02,55.23,180,201,0.60,21.37,404,-7,"R$ 2,133.57",16.03,400,-7,5.35,27.44,221,19,11.34,29.53,180,-34,84.37,45.73,56,2,32.93,64.48,36,1,83.60,28.04,381,9,86.96,79.64,19,31,22.79,29.95,290,3,96.13,95.73,141,-65,95.17,91.55,301,-146,40.50,321,43,84.86,29,200,53.86,154,-21,70.49,228,99,28.88,255,-55,40.59,281,4,78.34,262,99,50.80,368,4,79.96,31,-6,35.22,405,4,14.90,386,-24,46.58,50,-8,64.98,41,56,49.96,247,73,61.72,132,176,57.54,281,36,35.53,250,41
2311405,83.08,18.38,376,7,10.15,39.20,43,202,44.69,67.45,162,-84,35.00,44.19,361,-30,10.73,68.56,258,-27,1.92,76.15,134,-31,91.31,90.05,167,-114,18.00,82.82,204,-29,59.47,54.12,175,163,88.20,88.98,96,"Não comparável, alteração metodológica completa",114.22,58.67,59,-7,2.22,2.29,412,-4,97.72,67.17,34,-15,87.06,89.75,68,-26,101.11,64.89,341,64,2.81,74.35,358,-2,11.75,21.41,419,-3,9.10,84.37,34,58,145.42,73.74,122,-93,55.96,39.43,187,1,90.36,43.47,333,36,70.48,28.56,283,-39,58.57,68.03,49,9,69.37,78.31,7,-1,46.44,49.75,36,-1,6.70,50.85,38,-1,5.50,52.94,38,-1,4.40,71.43,148,-2,490.07,23.89,407,8,16.32,80.52,200,-137,0.00,100.00,1,210,55.75,80.73,189,-186,29.14,78.11,334,-164,12.84,86.83,235,57,89.69,89.23,247,129,45.44,53.76,300,-289,28.50,71.50,131,84,66.89,66.89,220,167,0.00,0.00,377,-9,58.28,25.29,409,-15,100.00,0.00,345,-18,0.25,78.93,380,-368,69.63,72.28,34,6,0.11,90.28,385,-1,0.02,95.92,336,7,-1.54,41.24,404,-26,59.13,28.19,363,-1,32.38,28.05,209,-8,1.27,64.63,327,-323,R$ 0.00,0.00,241,-9,0.29,2.20,396,15,"R$ 4,097.49",2.17,369,7,"R$ 23,468.36",1.71,355,12,11.75,56.35,161,-41,0.52,19.09,407,3,"R$ 1,477.22",5.17,421,-5,8.09,30.93,55,351,10.34,26.75,210,63,32.42,16.67,319,-13,34.61,69.08,25,45,71.71,18.79,410,-9,90.66,86.90,11,20,23.77,31.31,279,3,89.36,87.05,246,-18,88.59,78.08,400,-109,42.31,289,47,80.01,82,97,57.28,87,-44,69.04,255,83,54.08,12,4,50.48,150,32,83.55,143,-116,47.27,378,20,75.69,69,-17,43.77,331,-322,10.65,418,-1,37.50,135,81,60.43,165,-11,50.41,238,33,60.34,170,99,62.20,191,58,32.23,345,-30
2312908,79.61,23.38,354,-27,5.38,20.45,179,-127,36.13,77.89,38,-4,12.45,52.27,269,10,17.35,44.41,371,-6,2.12,73.37,160,-5,87.46,85.64,237,-103,3.50,97.74,10,272,61.94,57.32,145,-73,94.08,94.91,54,"Não comparável, alteração metodológica completa",130.22,68.84,27,-3,9.78,13.77,353,-8,100.96,71.43,14,-6,92.55,96.24,9,2,80.58,72.02,297,-6,0.87,94.42,84,53,7.48,54.18,364,-30,15.71,55.35,282,-222,204.41,46.80,371,-202,60.82,46.04,127,-19,99.87,59.18,102,2,86.21,42.71,92,17,10.80,12.54,350,-13,51.42,58.05,14,-2,53.43,57.24,24,3,9.60,100.00,1,0,7.90,100.00,1,0,5.00,92.86,3,0,531.99,51.14,243,98,78.96,0.58,422,-32,0.00,100.00,1,0,271.70,0.00,423,-13,104.05,20.69,422,-4,13.35,86.31,245,11,85.88,85.25,285,-177,59.83,38.69,372,-183,43.74,56.26,253,-32,68.13,68.13,217,-12,68.86,33.46,144,109,100.00,100.00,1,206,0.00,100.00,1,0,0.25,78.92,381,14,72.24,74.99,29,-7,0.02,98.41,292,83,0.01,98.49,268,80,-2.27,31.08,413,-21,51.54,39.08,307,-2,33.53,29.27,196,9,7.20,72.11,48,341,R$ 3.60,0.16,131,-34,0.90,7.15,240,-30,"R$ 8,212.08",4.53,268,-18,"R$ 32,454.10",2.98,298,-3,9.51,52.91,234,-86,1.39,41.87,293,3,"R$ 2,634.34",24.31,300,2,7.68,30.41,65,33,17.67,47.02,51,4,132.21,72.48,9,0,24.15,40.49,172,-38,94.14,36.23,328,3,70.67,47.69,87,66,22.14,29.04,302,-49,98.51,98.78,41,-21,97.34,95.99,154,81,43.50,267,-150,79.18,90,-11,65.09,10,-5,61.31,347,-169,45.29,51,1,90.67,1,0,32.69,423,-5,76.41,187,-23,76.54,61,-31,50.43,253,78,17.34,315,-26,53.33,19,3,61.55,133,32,53.87,135,-59,60.56,159,-85,63.73,153,-103,39.51,130,51
2313401,88.78,10.17,404,2,6.50,24.85,124,-11,46.34,65.44,208,19,0.87,56.41,187,-15,4.72,90.44,23,-11,2.31,70.63,192,-10,93.52,92.58,119,-31,14.60,86.32,163,-27,51.32,43.60,283,-42,96.87,97.73,25,"Não comparável, alteração metodológica completa",111.74,57.09,67,-9,3.03,3.53,408,-5,95.55,64.31,57,36,84.12,86.28,130,39,73.53,74.47,276,4,1.23,90.69,163,-47,7.28,55.72,357,4,14.71,59.77,237,25,227.95,36.06,407,-84,62.81,48.75,102,3,98.66,57.18,132,0,85.87,42.41,94,27,12.92,15.01,329,0,42.78,48.29,24,22,37.40,40.06,64,-5,6.10,40.68,150,-3,5.70,56.86,9,0,4.60,78.57,70,-1,498.00,29.05,389,19,40.63,49.49,374,-112,2.78,97.13,70,17,129.08,53.32,364,-33,20.90,84.43,272,112,17.02,82.51,299,-175,67.11,65.65,366,-2,18.15,82.33,37,-23,64.64,35.36,373,-26,21.54,21.54,329,-5,22.74,11.05,286,-4,75.46,56.05,397,-68,100.00,0.00,345,-18,0.11,82.18,321,-26,80.19,83.25,17,-13,0.12,89.14,387,17,0.01,98.28,273,29,-0.81,51.31,374,36,70.19,12.35,411,0,22.28,17.29,319,17,9.95,75.57,13,-5,R$ 2.82,0.13,135,97,0.47,3.65,358,15,"R$ 7,234.92",3.97,292,21,"R$ 27,792.47",2.32,328,-2,18.35,66.47,44,319,1.01,31.93,373,-41,"R$ 1,889.26",11.98,415,-5,13.11,37.33,17,367,11.56,30.14,173,19,64.18,34.43,158,17,29.63,55.45,63,8,81.63,26.50,387,0,90.10,85.82,12,27,15.60,19.96,368,-18,98.21,98.39,63,-34,97.49,96.31,131,-84,39.22,338,12,86.01,25,6,55.43,123,9,60.05,353,-43,40.45,92,46,50.45,152,26,71.54,346,-41,39.60,394,-20,81.37,16,-4,40.86,366,-60,15.20,373,26,40.01,100,12,65.40,36,51,49.33,265,-14,61.60,135,11,56.32,307,-49,35.31,264,50
2402600,74.58,30.63,305,15,3.14,11.65,303,-53,55.66,54.07,380,-13,13.82,51.78,278,-45,10.61,68.98,254,-33,2.53,67.58,240,62,89.89,88.43,203,-58,32.10,68.31,326,-50,48.37,39.79,328,90,62.74,63.30,313,"Não comparável, alteração metodológica completa",114.53,58.86,57,-10,7.01,9.56,386,-3,87.71,54.01,200,7,69.28,68.74,367,1,0.00,100.00,1,339,2.36,79.01,327,5,8.55,45.97,393,-28,21.19,31.34,398,-157,125.93,82.64,44,63,42.85,21.58,338,-11,85.14,34.83,389,-12,61.50,20.49,363,5,1.53,1.78,418,-5,9.27,10.46,237,29,14.69,15.70,270,-51,4.30,10.17,415,-5,3.30,9.80,420,-5,3.40,35.71,395,-4,511.65,37.92,342,-91,14.46,82.90,175,27,0.00,100.00,1,107,54.00,81.39,184,-6,13.25,90.29,167,-77,9.82,89.97,168,104,,0.00,408,-36,,0.00,410,-11,,0.00,415,-187,,0.00,385,-58,,0.00,377,-111,90.35,82.72,362,28,0.00,100.00,1,0,-0.11,86.98,3,0,12.36,12.83,347,-76,0.04,96.42,329,40,0.03,94.44,353,-26,0.73,72.50,14,311,60.06,26.87,368,3,11.56,5.89,410,-2,3.91,67.96,195,-103,R$ 0.00,0.00,241,-65,0.41,3.21,374,-101,"R$ 5,984.53",3.25,325,2,"R$ 15,930.56",0.65,407,-11,6.24,47.90,318,67,-0.01,5.37,421,-4,"R$ 2,364.89",19.85,361,7,8.62,31.61,42,97,12.43,32.55,144,-17,10.43,4.38,410,-7,21.94,34.45,238,180,70.04,17.49,412,1,95.42,96.25,9,9,20.80,27.18,318,-17,92.63,91.23,207,-29,91.72,84.48,379,-77,37.03,361,5,68.06,293,81,50.67,223,6,69.56,244,43,15.84,409,-11,18.93,419,-6,88.25,46,36,29.49,403,-30,66.14,259,45,38.49,391,-3,9.88,421,-10,23.79,329,80,63.33,74,74,41.54,404,-2,51.87,343,42,48.08,400,-16,28.99,402,7
2403251,66.90,41.71,215,6,6.01,22.93,144,-72,46.56,65.17,212,95,16.79,50.71,297,-110,14.51,54.76,339,-27,3.94,47.69,393,-3,86.93,85.04,246,153,52.00,47.84,400,-162,74.60,73.66,33,-4,88.55,89.34,92,"Não comparável, alteração metodológica completa",86.57,41.09,208,-13,35.17,52.29,108,18,78.22,41.53,355,-36,77.35,78.28,271,33,161.34,43.97,394,-210,1.00,93.07,118,89,5.56,68.92,271,57,8.07,88.90,19,96,110.52,89.68,12,-2,41.99,20.42,349,-44,91.56,45.45,312,-38,63.38,22.18,353,-14,7.07,8.21,380,4,3.57,4.02,387,3,16.01,17.12,253,-15,4.80,18.64,381,-5,3.70,17.65,398,-5,3.70,46.43,351,-4,553.58,65.17,132,-57,14.48,82.87,177,-49,22.00,77.26,258,-66,30.80,90.06,65,-15,4.08,97.31,31,-4,8.83,90.99,156,58,93.49,93.20,207,-26,21.60,78.72,68,9,58.80,41.20,343,-251,7.47,7.47,364,-1,8.07,3.92,342,-2,94.80,90.69,334,-333,0.00,100.00,1,0,0.04,83.61,159,-5,19.43,20.17,284,-57,0.00,100.00,1,299,0.00,100.00,1,274,0.19,65.13,36,208,39.10,56.90,213,4,25.94,21.19,281,14,11.37,77.36,8,251,R$ 0.36,0.02,194,-7,0.77,6.07,278,12,"R$ 5,815.11",3.16,327,6,"R$ 30,107.02",2.65,313,-14,1.57,40.76,371,-172,1.92,55.63,180,14,"R$ 2,265.50",18.21,382,-17,3.28,24.80,352,-166,5.94,14.62,365,-164,11.16,4.78,402,0,21.89,34.30,240,-50,111.54,49.75,129,3,62.30,31.26,234,51,37.25,50.06,94,-4,87.58,84.76,261,-7,98.60,98.57,24,-12,45.13,218,-43,69.51,270,96,49.30,254,-8,75.55,139,-86,17.61,396,-17,30.70,371,-3,88.38,42,-25,60.73,310,-29,67.53,220,39,55.47,175,86,17.19,319,-29,17.90,393,-78,62.88,86,12,47.69,304,-14,56.79,254,70,56.33,306,-49,33.44,317,-27
2407104,73.11,32.75,291,15,5.91,22.53,151,-19,45.33,66.67,172,-54,4.63,55.06,210,-19,14.40,55.19,337,-2,3.50,53.84,371,-5,87.21,85.36,240,-45,31.80,68.62,323,4,58.19,52.47,194,223,67.50,68.10,274,"Não comparável, alteração metodológica completa",119.45,61.99,37,16,9.08,12.70,359,2,93.66,61.83,83,135,82.79,84.71,167,44,251.26,12.75,420,-3,1.58,87.07,229,117,5.96,65.85,298,60,18.84,41.61,368,12,152.92,70.31,165,-140,34.31,9.97,401,-7,74.81,17.77,420,-5,47.48,7.88,415,-3,6.59,7.66,384,-29,4.11,4.63,376,25,33.53,35.90,90,5,4.40,11.86,410,-5,3.60,15.69,407,-5,3.60,42.86,368,-4,511.41,37.77,345,1,35.87,55.58,356,-104,0.00,100.00,1,154,100.00,64.19,322,-161,16.20,88.03,212,-184,12.29,87.40,218,77,51.49,49.33,386,3,53.04,45.80,347,14,43.44,56.56,250,3,2.53,2.53,376,1,7.24,3.52,345,-8,100.00,100.00,1,0,0.00,100.00,1,0,0.08,82.70,277,57,20.17,20.93,275,-81,0.05,95.77,340,22,0.01,97.68,296,-2,2.72,100.00,1,404,59.42,27.78,365,-10,20.30,15.19,342,-17,-1.02,61.75,381,-277,R$ 237.35,10.85,34,77,0.79,6.19,270,31,"R$ 4,757.51",2.55,355,11,"R$ 29,857.37",2.61,315,15,16.43,63.53,62,298,1.62,47.78,245,7,"R$ 2,319.48",19.10,373,-13,4.79,26.72,259,78,15.94,42.22,66,28,11.48,4.96,401,-1,16.22,18.80,410,7,67.30,15.36,416,-4,77.62,61.33,38,-23,13.95,17.66,380,-26,97.49,97.47,93,-68,97.07,95.44,184,106,44.26,246,-33,66.27,321,65,57.51,82,96,48.54,413,-16,14.39,416,-7,22.62,410,0,76.97,281,-180,50.94,367,-5,71.53,132,130,38.74,390,-29,19.08,268,73,21.99,356,48,57.45,274,-114,43.36,387,8,54.78,296,56,49.01,389,3,31.25,368,15
2408003,66.40,42.43,207,20,3.13,11.61,304,-160,42.51,70.11,120,0,25.18,47.71,333,-24,20.73,32.11,390,13,2.70,65.23,269,1,86.28,84.30,254,58,20.00,80.76,222,-22,59.70,54.43,171,61,87.10,87.88,105,"Não comparável, alteração metodológica completa",90.85,43.81,176,0,30.32,44.93,154,2,87.86,54.20,199,72,78.22,79.31,254,-28,32.75,88.63,177,8,1.87,84.07,280,-62,6.41,62.39,322,-8,15.72,55.31,283,-156,171.57,61.80,259,-63,54.21,37.05,211,-5,97.04,54.50,181,5,75.32,32.92,224,31,5.00,5.80,398,-33,2.69,3.03,404,-22,13.30,14.21,288,-5,5.50,30.51,280,-4,3.80,19.61,391,-5,3.90,53.57,310,-4,553.91,65.39,129,-39,34.89,56.82,352,-13,3.96,95.91,85,-8,92.75,66.90,306,13,29.13,78.11,333,-38,24.41,74.85,366,-7,89.71,89.25,245,22,47.68,51.41,320,22,46.56,53.44,274,4,52.37,52.37,247,4,54.32,26.39,183,-10,93.60,88.54,347,-103,0.00,100.00,1,0,0.07,83.11,242,-4,60.36,62.66,64,-4,0.17,84.74,398,-56,0.04,92.07,367,-41,-0.11,60.93,211,163,51.47,39.17,305,2,37.72,33.72,144,17,7.52,72.50,39,35,R$ 53.45,2.44,79,-50,1.28,10.17,172,77,"R$ 29,266.56",16.58,39,86,"R$ 39,019.52",3.90,255,31,7.73,50.19,286,-26,2.02,58.36,162,-16,"R$ 2,791.30",26.91,259,-8,6.05,28.33,167,3,27.68,74.66,5,-2,104.18,56.80,24,-3,21.05,32.02,271,1,106.19,45.59,200,10,68.78,43.97,104,79,28.99,38.58,200,-8,97.60,97.61,87,26,95.65,92.53,278,11,42.96,278,-90,70.69,251,112,53.38,163,43,69.51,245,-95,21.20,359,-13,36.53,329,-20,72.51,340,-16,71.02,241,-34,75.61,70,-2,51.90,233,4,22.69,157,-34,54.49,14,-6,63.66,67,53,51.78,197,3,56.23,266,57,57.92,275,-33,42.70,55,-13
2408102,57.60,55.10,102,12,3.37,12.55,295,-73,46.08,65.76,204,-62,52.06,38.09,389,-72,2.63,98.06,2,-1,2.82,63.43,286,25,81.65,78.99,301,31,11.40,89.61,109,-35,95.00,100.00,1,47,68.57,69.18,266,"Não comparável, alteração metodológica completa",77.22,35.14,273,-7,44.04,65.75,50,-4,76.03,38.64,379,-74,73.52,73.75,319,26,59.24,79.43,246,-58,0.88,94.31,86,27,5.35,70.53,252,12,14.10,62.43,210,-41,150.07,71.62,144,53,47.24,27.56,298,-15,94.76,50.74,238,-30,71.69,29.65,267,-10,3.77,4.38,409,-12,6.40,7.22,307,43,9.62,10.26,339,2,4.60,15.25,391,-5,3.40,11.76,419,-5,3.60,42.86,368,-4,563.80,71.82,89,-44,18.84,77.30,220,54,34.51,64.32,305,-156,64.53,77.45,224,43,15.66,88.44,204,-12,10.94,88.80,198,92,90.51,90.09,238,18,44.21,55.05,290,35,47.75,52.25,281,-5,45.88,45.88,260,5,57.74,28.06,175,-5,99.31,98.76,235,5,0.00,100.00,1,0,0.03,83.84,100,35,15.41,16.00,326,-16,0.00,100.00,1,301,0.00,100.00,1,288,0.02,62.78,102,133,37.02,59.89,193,-21,50.66,47.50,35,2,4.31,68.47,173,182,R$ 250.18,11.44,33,-13,1.49,11.85,142,-14,"R$ 23,058.11",13.03,70,0,"R$ 41,477.50",4.25,237,44,13.33,58.77,114,253,2.24,63.93,112,5,"R$ 3,817.09",43.88,59,7,5.05,27.05,237,2,13.01,34.13,123,-6,95.74,52.08,32,5,36.15,73.29,21,1,125.00,60.21,44,-10,59.87,26.50,287,63,32.60,43.59,142,19,75.93,69.82,337,-13,97.81,96.96,99,-3,42.87,279,-114,82.21,60,91,47.84,281,-37,73.41,174,-27,18.77,385,-9,28.12,386,-1,80.29,218,-1,72.35,225,-7,66.07,261,53,60.02,102,29,26.84,70,-5,53.17,21,0,59.42,202,44,52.92,157,23,61.69,133,19,56.46,303,-10,44.50,31,8
2412005,61.26,49.83,144,-1,9.84,37.96,47,122,45.94,65.93,197,2,-12.83,61.31,88,187,23.58,21.70,400,-3,2.80,63.72,284,-19,86.21,84.22,256,-58,22.50,78.19,239,-18,65.18,61.49,99,135,72.09,72.73,237,"Não comparável, alteração metodológica completa",116.47,60.10,46,39,16.15,23.43,299,0,83.18,48.04,282,-8,72.94,73.07,336,30,76.22,73.53,287,-286,1.84,84.38,275,-153,8.62,45.43,394,5,16.01,54.07,292,-87,117.75,86.37,23,122,40.70,18.66,359,-14,86.61,37.27,373,3,47.04,7.48,417,-13,4.94,5.74,400,-4,7.29,8.22,282,-64,26.81,28.69,137,33,4.50,13.56,402,-5,3.00,3.92,422,-5,3.40,35.71,395,-4,538.64,55.46,204,-18,20.29,75.45,231,64,7.41,92.34,132,-131,52.06,82.11,176,24,5.68,96.09,56,-48,10.76,88.99,189,73,,0.00,408,-195,55.28,43.46,354,-186,54.31,45.69,320,-309,23.43,23.43,322,4,18.35,8.92,307,-26,100.00,100.00,1,227,0.00,100.00,1,0,0.05,83.43,193,-12,21.05,21.85,265,-91,0.08,93.02,365,-364,0.02,96.26,329,-328,1.90,88.67,3,360,56.06,32.59,345,-2,17.55,12.27,363,-2,-0.39,62.54,367,-322,R$ 0.00,0.00,241,-9,0.19,1.43,409,6,"R$ 6,619.26",3.62,310,-22,"R$ 22,346.41",1.56,364,-6,12.20,57.04,146,184,1.63,48.20,243,19,"R$ 2,247.90",17.92,388,-44,-0.42,20.07,412,-186,21.60,57.87,25,4,5.68,1.72,417,-6,19.27,27.15,341,-96,83.97,28.32,378,-13,71.20,48.72,80,-38,23.32,30.69,284,19,98.51,98.77,42,-30,98.57,98.51,27,-20,53.76,56,110,64.69,337,60,52.13,192,70,70.04,238,-117,16.99,401,-7,21.02,415,-4,86.65,76,23,44.48,383,-130,69.79,162,43,39.62,383,-61,15.57,363,-20,28.91,253,-28,61.00,153,-100,45.65,352,-25,58.99,208,149,51.74,366,-66,32.08,348,-63
2501807,83.91,17.18,381,-62,3.06,11.33,309,65,77.86,27.00,417,-28,158.48,0.00,418,-5,15.93,49.60,362,22,2.34,70.24,198,155,82.44,79.89,295,-63,18.00,82.82,204,36,48.92,40.51,318,-51,66.80,67.39,282,"Não comparável, alteração metodológica completa",124.40,65.14,29,4,8.86,12.37,363,0,74.46,36.58,387,-49,66.07,64.94,388,9,94.79,67.09,327,-16,5.42,47.36,418,-9,11.93,20.03,420,-3,13.27,66.07,174,218,306.91,0.00,423,-6,42.56,21.19,343,-4,94.01,49.49,257,-2,67.22,25.64,313,-34,29.34,34.08,230,-12,6.72,7.58,299,-83,38.06,40.76,63,10,4.70,16.95,388,-5,3.50,13.73,413,-5,,0.00,421,-5,521.76,44.49,298,96,63.98,19.70,409,-22,3.57,96.31,80,3,146.36,46.86,383,5,4.74,96.81,43,-4,11.69,88.03,209,-6,65.09,63.54,371,-21,71.15,26.84,399,-212,63.59,36.41,369,-249,7.51,7.51,363,-5,12.21,5.93,332,-2,100.00,100.00,1,405,0.00,100.00,1,326,0.08,82.79,273,30,39.43,40.93,135,1,0.00,100.00,1,0,0.00,100.00,1,0,0.19,65.04,38,120,67.09,16.78,401,5,15.53,10.12,383,-8,0.46,63.61,350,67,R$ 0.00,0.00,241,-9,0.07,0.45,419,-3,"R$ 3,916.24",2.07,375,9,"R$ 22,950.86",1.64,358,32,27.27,80.13,6,367,1.69,49.79,232,-15,"R$ 2,294.92",18.70,378,-7,6.74,29.21,115,46,8.12,20.63,275,-4,14.81,6.82,391,-10,17.57,22.51,391,-48,97.42,38.77,299,26,72.81,51.89,59,12,15.05,19.19,373,-12,98.16,98.33,66,89,96.36,93.98,242,-34,13.88,418,-7,67.05,310,72,46.79,298,-9,42.25,421,-4,29.33,244,-24,17.64,421,-5,66.32,375,-41,53.29,353,53,73.21,101,32,34.95,406,12,17.69,302,28,16.66,399,-15,60.43,164,9,39.14,413,0,39.31,415,-7,47.60,405,7,29.67,396,7
2504009,73.09,32.78,290,-7,5.03,19.08,197,36,55.35,54.45,377,3,52.32,38.00,390,-7,7.84,79.07,152,135,1.55,81.33,74,92,77.78,74.56,333,-11,15.50,85.39,175,-49,51.80,44.23,276,115,59.35,59.87,333,"Não comparável, alteração metodológica completa",167.09,92.28,4,-1,18.02,26.27,274,-7,79.32,42.98,342,10,70.97,70.74,357,34,55.40,80.76,235,-38,0.91,94.00,94,16,5.43,69.92,260,1,9.79,81.35,51,292,130.65,80.48,61,80,47.39,27.76,296,-3,91.91,46.02,304,10,69.08,27.31,296,3,33.01,38.34,205,-6,10.12,11.41,217,-28,26.75,28.63,139,-68,5.40,28.81,303,-4,4.10,25.49,366,-5,3.90,53.57,310,-4,555.59,66.48,126,-32,11.34,86.88,129,19,5.66,94.15,110,-46,76.59,72.94,269,-41,45.13,65.85,399,-7,18.34,81.14,315,0,79.91,79.02,326,-161,25.33,74.81,103,-15,4.07,95.93,15,1,96.86,96.86,60,113,75.85,36.86,116,18,100.00,100.00,1,0,0.00,100.00,1,0,0.05,83.52,175,101,27.13,28.16,204,24,0.03,97.03,321,-71,0.01,98.59,261,27,1.42,82.13,5,389,46.79,45.88,276,-7,35.28,31.13,173,11,5.76,70.29,96,303,R$ 180.98,8.27,40,-21,1.15,9.13,191,-33,"R$ 13,366.27",7.48,165,3,"R$ 30,780.61",2.74,311,-10,12.19,57.03,147,249,1.96,56.86,171,18,"R$ 2,612.80",23.95,304,-12,4.81,26.75,256,-148,7.97,20.22,282,14,94.46,51.37,37,7,22.86,36.95,206,7,97.18,38.58,302,-7,67.21,40.90,133,77,25.37,33.54,254,-3,89.63,87.39,243,2,98.04,97.42,76,16,36.08,377,-8,71.20,239,84,61.25,36,33,81.08,60,129,29.16,247,-42,38.11,308,-10,79.10,246,3,86.00,82,14,71.59,131,139,52.13,228,69,21.53,193,-71,36.18,151,42,59.57,194,50,52.23,181,56,52.88,329,34,65.04,118,50,37.67,176,17
2507507,63.34,46.83,174,1,9.93,38.31,45,50,49.86,61.15,277,100,-4.38,58.29,144,-30,14.28,55.62,332,-19,3.06,60.14,329,-36,99.65,99.60,3,32,13.50,87.45,142,-50,71.81,70.06,51,11,68.25,68.86,269,"Não comparável, alteração metodológica completa",87.47,41.66,198,17,30.54,45.26,151,-4,68.77,29.10,407,3,69.57,69.08,366,-13,46.85,83.73,211,45,3.52,67.01,393,-10,9.19,41.06,406,-14,13.59,64.69,188,38,144.69,74.07,115,23,44.14,23.35,328,3,90.53,43.74,332,24,73.01,30.84,247,28,51.31,59.60,79,-8,19.63,22.16,106,81,31.17,33.37,107,-49,5.20,25.42,335,-4,4.00,23.53,376,-5,3.70,46.43,351,-4,553.60,65.19,131,-15,30.61,62.29,322,-34,11.11,88.51,170,-58,108.83,60.89,345,-54,16.65,87.68,220,47,15.06,84.53,277,23,78.52,77.56,334,-288,44.22,55.04,291,-97,33.31,66.69,179,-37,72.36,72.36,204,-22,80.09,38.92,94,22,100.00,100.00,1,0,0.00,100.00,1,0,0.03,83.90,85,180,23.53,24.42,242,-6,0.00,100.00,1,353,0.00,100.00,1,307,0.01,62.67,108,-75,39.47,56.37,217,-14,49.53,46.30,36,110,5.77,70.30,95,321,R$ 159.52,7.29,43,-11,1.80,14.35,108,-44,"R$ 20,444.97",11.53,82,6,"R$ 34,106.05",3.21,286,-4,15.29,61.78,79,280,2.30,65.65,100,26,"R$ 3,452.34",37.85,108,78,3.12,24.59,359,-9,11.05,28.72,190,-32,82.15,44.48,66,5,33.77,66.77,32,19,126.48,61.36,38,-13,60.43,27.59,273,80,32.51,43.47,147,10,79.62,74.56,308,-2,97.12,95.54,176,35,51.14,88,121,74.74,175,-143,42.64,357,21,70.14,234,14,36.08,149,9,34.92,348,-7,76.27,296,-33,77.74,176,-73,68.47,190,-12,59.46,114,212,25.77,86,19,46.66,48,10,60.50,162,65,53.74,137,20,62.43,119,-46,59.50,245,-19,42.91,50,90
2510808,74.88,30.21,311,23,,0.00,408,-201,,0.00,418,-50,,0.00,418,-61,,0.00,408,-213,,0.00,403,-150,76.72,73.35,341,16,8.40,92.70,64,50,52.13,44.64,269,72,88.74,89.53,90,"Não comparável, alteração metodológica completa",136.54,72.86,20,0,6.65,9.02,388,-4,92.02,59.67,112,104,80.50,82.00,224,5,77.70,73.02,290,-289,1.09,92.14,134,-12,5.25,71.30,244,-32,24.09,18.61,415,-283,178.73,58.53,289,5,53.13,35.57,227,7,94.36,50.07,253,29,84.86,41.49,111,35,38.92,45.21,169,50,14.62,16.50,150,84,42.82,45.87,43,-2,6.00,38.98,176,-4,4.50,33.33,295,-4,4.20,64.29,220,-3,533.79,52.31,232,17,31.55,61.09,328,-3,0.00,100.00,1,166,97.61,65.08,318,-58,22.27,83.38,282,17,56.61,41.50,419,-7,82.25,81.46,312,-173,34.82,64.88,205,13,17.28,82.72,60,0,26.83,26.83,311,41,11.73,5.70,333,-1,100.00,100.00,1,276,0.00,100.00,1,315,0.05,83.37,201,40,54.57,56.65,77,-7,0.00,99.63,241,30,0.01,98.86,249,55,0.95,75.60,11,357,53.03,36.94,321,-3,22.14,17.15,321,9,8.20,73.36,27,85,R$ 0.06,0.00,233,-1,0.96,7.56,226,-9,"R$ 12,378.62",6.91,177,26,"R$ 24,768.23",1.90,348,9,15.61,62.27,74,317,1.20,36.89,334,-10,"R$ 2,384.91",20.18,356,-17,3.97,25.68,312,-187,12.47,32.64,143,-84,116.72,63.81,15,2,28.07,51.21,85,52,96.85,38.33,307,1,68.42,43.28,108,-67,28.48,37.86,210,9,96.81,96.60,119,-50,96.60,94.47,226,-125,7.55,421,-51,58.67,375,-108,59.35,60,38,56.39,384,-258,38.47,118,42,43.54,247,-1,70.79,350,3,66.23,276,18,79.16,35,47,46.90,303,26,16.42,336,-9,49.22,34,2,62.11,111,-91,45.89,346,-103,32.00,420,-81,59.49,246,-21,37.87,171,0
2513703,85.62,14.71,393,5,4.53,17.12,219,-26,54.77,55.16,369,13,15.44,51.20,286,2,12.22,63.10,290,33,3.76,50.26,386,-41,72.33,68.33,364,-108,24.20,76.44,252,50,36.14,23.99,410,-7,58.55,59.07,342,"Não comparável, alteração metodológica completa",93.70,45.62,150,-6,7.36,10.09,380,0,77.66,40.79,365,-123,58.77,56.32,410,-17,53.97,81.26,226,-3,3.69,65.25,398,13,8.22,48.50,383,-1,20.51,34.32,391,-127,176.84,59.39,283,-10,34.14,9.74,403,-2,82.94,31.20,396,12,53.60,13.39,404,-4,23.76,27.61,264,-9,5.04,5.68,348,7,37.28,39.92,65,-13,4.30,10.17,415,-5,3.70,17.65,398,-5,3.10,25.00,419,-5,502.79,32.16,375,-12,41.48,48.41,375,-35,4.35,95.51,87,59,102.70,63.18,328,-42,8.17,94.18,89,13,14.11,85.52,265,-12,74.63,73.50,347,-221,69.56,28.51,394,-14,62.57,37.43,364,-25,8.80,8.80,359,2,12.68,6.16,330,-13,100.00,100.00,1,0,0.00,100.00,1,0,0.06,83.30,214,-11,27.95,29.01,200,3,0.00,100.00,1,0,0.00,100.00,1,0,0.15,64.49,47,-19,51.83,38.66,308,-6,21.31,16.27,329,-2,5.71,70.22,98,79,R$ 0.00,0.00,241,-9,0.16,1.15,413,-3,"R$ 4,962.88",2.67,347,15,"R$ 21,102.96",1.38,376,-26,11.14,55.42,178,227,1.20,36.86,336,-29,"R$ 2,337.27",19.40,371,-4,5.70,27.88,196,-101,8.21,20.87,272,-3,10.58,4.46,408,-2,13.54,11.51,421,-8,79.12,24.55,394,3,74.84,55.88,45,62,13.83,17.49,382,-15,98.28,98.48,58,3,95.72,92.67,275,-39,34.55,390,-3,60.65,367,-33,39.87,381,-50,58.03,366,-52,21.89,352,-9,18.80,420,-5,75.63,310,-51,55.97,339,-42,69.87,160,-31,45.79,314,22,14.46,392,-25,12.28,417,-4,57.81,261,53,41.01,407,-14,47.03,391,-9,49.47,386,-31,28.53,406,-4
2600054,83.16,18.26,378,13,19.10,74.35,4,8,38.29,75.26,59,10,-12.50,61.20,90,-26,11.34,66.32,272,-39,3.68,51.38,382,14,86.03,84.00,257,-29,15.70,85.19,179,-25,79.80,80.37,10,275,93.62,94.46,60,"Não comparável, alteração metodológica completa",115.79,59.66,50,-4,18.05,26.31,273,7,77.17,40.15,367,-53,73.10,73.25,330,-17,96.43,66.51,331,-4,2.71,75.39,349,24,8.45,46.74,389,13,15.43,56.60,273,-80,200.69,48.50,353,-42,36.01,12.28,395,-4,88.84,40.95,355,5,68.03,26.36,308,18,10.58,12.29,352,-22,18.82,21.24,112,-18,69.52,74.51,8,11,4.80,18.64,381,-5,4.60,35.29,271,-3,4.60,78.57,70,-1,504.46,33.25,374,22,23.09,71.88,256,60,17.24,82.18,219,-218,70.54,75.20,252,58,1.92,98.97,12,19,14.48,85.13,268,0,71.14,69.86,356,-1,47.73,51.36,321,-11,60.43,39.57,352,-8,25.43,25.43,314,1,30.95,15.04,258,-31,100.00,100.00,1,266,0.00,100.00,1,0,0.05,83.53,171,12,65.11,67.59,46,-3,0.00,100.00,1,264,0.00,100.00,1,223,0.30,66.63,21,31,63.28,22.25,388,-1,14.98,9.53,386,0,6.13,70.75,80,71,R$ 0.00,0.00,241,-9,0.18,1.33,411,-8,"R$ 2,921.89",1.50,402,5,"R$ 21,630.43",1.45,373,-7,9.66,53.15,227,134,1.86,54.20,196,-17,"R$ 2,528.21",22.56,325,-28,2.94,24.37,362,-230,17.98,47.86,46,16,13.69,6.20,394,14,23.41,38.47,192,123,108.72,47.56,156,6,71.71,49.73,71,72,8.41,9.95,411,-1,98.49,98.75,44,3,96.66,94.59,221,118,57.27,23,42,80.56,77,40,49.86,241,-25,57.98,367,-20,32.22,199,8,36.62,326,21,83.46,144,30,61.23,308,-12,81.27,18,-1,39.40,385,15,16.89,326,-20,30.84,229,57,60.11,176,109,50.41,239,14,68.41,24,40,57.99,274,-8,32.79,337,32
2601102,86.31,13.73,395,-8,7.70,29.56,92,-81,50.17,60.77,289,19,50.47,38.66,387,15,5.88,86.24,60,102,3.03,60.45,324,-42,94.89,94.15,85,82,9.70,91.36,82,21,63.42,59.23,122,95,66.06,66.64,288,"Não comparável, alteração metodológica completa",124.30,65.08,30,2,1.87,1.77,414,-5,106.04,78.11,5,32,86.81,89.46,72,-23,77.16,73.21,289,-288,1.90,83.76,282,-68,5.08,72.60,222,55,23.92,19.34,412,-182,196.85,50.25,345,35,42.97,21.75,337,5,86.14,36.48,379,-7,68.51,26.80,301,36,3.10,3.60,412,-17,4.43,5.00,367,-31,72.08,77.25,6,-1,5.10,23.73,348,-4,4.70,37.25,254,-3,4.60,78.57,70,-1,529.56,49.56,255,0,24.42,70.19,274,16,12.00,87.60,179,114,114.75,58.67,352,-8,33.29,74.92,362,-5,6.19,93.73,123,221,59.92,58.14,380,0,19.89,80.51,48,-18,8.05,91.95,23,3,40.48,40.48,276,-9,23.74,11.54,278,2,47.03,5.14,412,-47,0.00,100.00,1,0,0.14,81.42,341,-82,44.20,45.88,120,-10,0.28,75.18,412,-28,0.02,95.48,342,9,-0.23,59.25,277,92,73.04,8.26,416,-4,11.76,6.10,409,-27,-20.45,37.27,419,-401,R$ 0.00,0.00,241,-9,0.82,6.48,259,63,"R$ 6,460.82",3.53,317,7,"R$ 20,892.64",1.35,378,6,15.48,62.07,77,-4,0.53,19.51,406,-1,"R$ 2,483.07",21.81,331,-15,4.04,25.76,305,-296,11.23,29.22,184,121,35.80,18.56,299,12,29.60,55.38,64,-34,69.35,16.96,413,-2,96.87,99.09,2,6,19.51,25.39,336,-5,95.09,94.40,168,42,94.16,89.48,337,23,35.68,383,-147,78.47,100,-20,62.93,24,22,53.72,398,-166,28.51,263,-38,41.68,270,-4,75.75,307,40,45.03,381,-71,69.22,171,-18,20.08,419,-47,13.08,405,-24,34.39,188,-23,65.06,40,164,44.96,364,-102,56.14,269,-151,53.29,353,-80,29.98,390,-44
2601201,78.82,24.51,346,-2,5.36,20.36,180,154,54.95,54.94,372,-115,31.93,45.29,356,-21,20.10,34.41,387,-11,3.45,54.53,368,-9,95.18,94.48,80,43,26.90,73.66,281,-28,61.30,56.49,153,-4,96.91,97.77,24,"Não comparável, alteração metodológica completa",118.16,61.17,42,-5,6.62,8.97,389,-4,102.21,73.07,11,55,85.54,87.95,98,32,0.00,100.00,1,331,1.67,86.14,245,99,6.23,63.78,318,-1,14.57,60.38,232,11,171.14,62.00,257,97,41.63,19.93,352,5,89.19,41.54,349,2,71.06,29.08,275,28,20.54,23.86,273,-6,24.99,28.21,77,-15,64.66,69.29,9,-2,5.70,33.90,242,-4,5.30,49.02,84,-2,4.80,85.71,30,-1,522.98,45.28,288,-68,24.39,70.22,273,8,9.09,90.60,150,-68,75.39,73.39,268,-14,20.73,84.55,268,62,37.22,61.59,406,-19,89.27,88.79,252,-20,56.24,42.45,359,-39,55.99,44.01,334,-27,4.13,4.13,371,1,2.78,1.35,360,-11,,0.00,413,-7,,0.00,345,-18,0.11,82.11,322,-17,61.92,64.28,59,-28,0.17,85.06,397,5,0.01,97.25,311,12,-1.29,44.68,396,13,52.82,37.24,319,-8,16.99,11.67,371,0,4.79,69.06,146,72,R$ 40.65,1.86,87,47,0.93,7.37,233,-30,"R$ 7,333.37",4.03,288,11,"R$ 19,341.17",1.13,385,-9,10.55,54.52,197,217,1.02,32.28,365,-5,"R$ 2,416.12",20.70,350,-4,6.77,29.24,113,141,10.50,27.21,204,79,63.95,34.30,161,1,28.37,52.01,82,-6,89.52,32.64,353,11,96.18,97.73,5,11,9.94,12.09,401,5,97.76,97.81,79,22,93.09,87.28,361,30,36.28,373,0,73.59,196,82,60.90,43,25,74.29,158,203,36.34,146,-26,49.47,169,-34,76.45,289,15,25.60,408,-3,74.25,89,-35,43.57,334,31,15.44,365,8,37.84,131,17,65.51,34,191,47.59,307,49,54.12,310,37,55.55,320,18,35.42,257,73
2601706,81.20,21.09,364,18,10.17,39.27,42,73,52.97,57.35,345,41,14.26,51.62,281,38,11.90,64.30,282,-26,3.45,54.54,366,9,88.26,86.56,225,-24,5.10,96.09,24,-15,41.38,30.76,388,-22,93.68,94.52,59,"Não comparável, alteração metodológica completa",110.88,56.54,68,-14,7.79,10.74,375,-2,94.40,62.80,72,86,81.76,83.49,196,12,0.00,100.00,1,308,1.47,88.21,212,-171,4.74,75.21,185,58,14.23,61.84,216,-64,155.00,69.36,178,138,47.05,27.31,301,3,93.42,48.51,270,16,69.00,27.23,298,38,14.07,16.34,321,-9,14.96,16.88,144,-7,46.21,49.50,38,-18,4.50,13.56,402,-5,4.60,35.29,271,-3,4.50,75.00,108,-1,537.63,54.81,211,27,14.35,83.04,174,112,7.69,92.05,139,-2,29.69,90.47,61,173,17.93,86.70,231,24,9.76,90.03,166,-2,90.46,90.04,239,-238,18.66,81.79,40,120,19.76,80.24,78,85,68.74,68.74,211,-2,16.29,7.92,317,-20,80.00,64.18,391,-32,0.00,100.00,1,0,0.04,83.68,145,-113,74.34,77.17,23,2,0.09,91.77,376,18,0.01,97.55,300,45,-0.58,54.47,351,40,60.11,26.80,369,6,26.33,21.61,277,9,9.33,74.78,16,-9,R$ 0.00,0.00,241,-9,0.51,3.97,348,-3,"R$ 8,383.71",4.63,266,15,"R$ 43,136.18",4.48,227,-19,4.68,45.52,344,-281,1.16,35.95,342,-6,"R$ 2,448.35",21.23,341,-1,6.53,28.93,126,274,11.19,29.11,186,-86,32.76,16.86,316,17,22.44,35.81,217,-21,83.64,28.06,380,1,96.07,97.52,7,13,18.22,23.59,346,-49,98.38,98.61,55,124,98.18,97.71,68,216,42.33,287,88,78.43,102,178,55.49,121,28,78.00,99,175,30.29,227,-41,37.92,311,-1,87.43,67,140,70.54,245,-43,80.78,23,12,45.88,312,-96,15.18,375,12,27.26,277,-47,69.10,8,65,51.71,201,63,59.60,196,152,63.70,155,47,34.35,294,6
2602902,71.06,35.70,268,13,8.71,33.54,66,18,48.62,62.66,251,88,7.34,54.09,230,32,14.37,55.28,334,4,4.44,40.67,400,-3,96.86,96.41,47,39,22.70,77.98,241,1,64.91,61.15,104,301,75.88,76.55,205,"Não comparável, alteração metodológica completa",86.30,40.91,209,-39,24.28,35.76,212,28,58.42,15.48,418,-12,74.62,75.05,307,-33,164.27,42.96,397,-189,3.23,70.01,382,10,9.54,38.37,409,-8,14.37,61.23,223,32,213.83,42.50,392,-14,34.07,9.64,405,-9,100.67,60.49,87,-19,83.20,40.00,130,48,14.54,16.89,319,-18,13.99,15.79,156,-28,42.98,46.04,42,-21,5.20,25.42,335,-4,4.30,29.41,332,-4,4.40,71.43,148,-2,506.03,34.26,369,-20,73.74,7.24,420,-15,6.98,92.79,125,49,216.84,20.51,415,-25,10.14,92.67,119,58,12.47,87.21,221,-15,73.91,72.75,350,-4,66.68,31.52,385,-19,42.68,57.32,242,142,11.50,11.50,355,-5,12.42,6.03,331,-16,96.91,94.47,296,42,0.00,100.00,1,0,0.02,84.06,53,238,23.41,24.30,244,-6,0.01,99.07,264,-263,0.01,97.33,308,-307,0.32,66.92,19,12,57.01,31.24,352,-5,30.02,25.53,243,-3,5.55,70.03,106,-60,R$ 0.00,0.00,241,-22,0.63,4.92,325,46,"R$ 3,328.22",1.73,392,-2,"R$ 78,144.02",9.40,70,-4,9.83,53.41,221,-165,2.51,70.97,74,20,"R$ 2,837.64",27.67,250,16,1.85,22.97,394,-70,12.05,31.48,156,-61,31.76,16.31,324,47,22.07,34.81,230,151,109.19,47.92,147,13,69.06,44.54,98,79,13.59,17.16,384,-15,96.75,96.52,121,25,97.05,95.40,187,60,46.50,190,75,71.89,225,74,37.27,402,-33,49.96,410,-68,30.43,224,-61,35.89,337,-5,57.19,409,-27,56.43,336,12,68.58,187,-26,46.23,308,-36,21.39,195,21,27.53,270,63,60.31,167,75,45.42,355,-9,58.64,214,83,48.60,397,-35,35.13,268,20
2603454,69.04,38.61,243,22,5.90,22.48,152,-18,56.52,53.02,386,-21,12.43,52.27,268,4,11.08,67.29,266,-26,3.85,48.98,389,-12,96.59,96.10,53,174,28.00,72.53,292,7,50.05,41.96,304,-17,69.51,70.13,255,"Não comparável, alteração metodológica completa",101.22,50.40,107,-10,19.04,27.81,260,-1,83.46,48.42,277,100,72.41,72.44,346,-46,58.45,79.70,244,-2,1.28,90.18,177,18,6.21,63.93,314,37,15.78,55.06,285,55,219.84,39.76,396,-29,39.89,17.56,367,-34,104.01,66.02,44,-28,77.29,34.68,195,-16,16.55,19.22,300,26,14.87,16.78,145,-21,51.63,55.32,28,-6,5.10,23.73,348,-4,4.90,41.18,187,-3,4.50,75.00,108,-1,516.70,41.20,325,40,42.37,47.28,379,-34,5.71,94.09,111,32,137.94,50.01,374,-47,4.49,97.00,38,-3,6.28,93.63,126,0,69.53,68.17,357,9,71.90,26.06,401,-7,77.75,22.25,404,-19,1.00,1.00,381,3,0.93,0.45,372,-7,100.00,100.00,1,190,0.00,100.00,1,0,0.06,83.26,222,13,30.04,31.18,188,-12,0.00,100.00,1,0,0.00,100.00,1,0,0.39,67.81,18,76,53.17,36.74,322,-3,15.69,10.28,382,-6,1.08,64.39,334,-309,R$ 0.00,0.00,241,-24,0.79,6.25,265,-13,"R$ 2,840.99",1.46,404,0,"R$ 16,488.70",0.73,401,-9,7.00,49.08,299,75,1.44,43.09,284,-15,"R$ 2,353.81",19.67,367,34,22.09,48.79,9,383,6.32,15.67,348,-265,11.11,4.76,404,5,27.73,50.28,90,4,114.05,51.70,102,-16,69.37,45.15,94,84,15.24,19.45,371,1,98.47,98.73,46,26,98.01,97.36,80,146,41.60,299,3,70.29,260,15,49.65,245,70,61.95,343,-3,34.03,172,-24,41.00,276,14,75.18,317,-86,51.44,364,-4,70.95,140,12,41.03,363,-93,17.89,299,93,23.57,334,-129,62.48,98,79,46.49,332,4,55.32,283,19,54.99,328,-8,32.53,341,-12
2604007,81.80,20.23,369,-39,6.00,22.87,146,169,55.14,54.71,376,-54,11.65,52.55,263,-71,12.96,60.43,300,-62,3.75,50.31,385,4,77.07,73.75,338,18,21.80,78.91,232,-34,49.31,41.00,316,63,72.61,73.25,234,"Não comparável, alteração metodológica completa",92.54,44.88,158,-12,8.51,11.84,367,-1,95.01,63.60,66,-19,82.14,83.94,183,48,0.00,100.00,1,0,2.52,77.35,335,81,7.63,53.03,369,-36,9.26,83.67,38,198,164.15,65.19,220,43,55.61,38.94,193,-4,92.21,46.52,297,-24,82.17,39.07,145,32,17.28,20.07,291,-16,10.30,11.63,214,23,74.97,80.35,5,1,5.70,33.90,242,-4,4.50,33.33,295,-4,4.70,82.14,46,-1,511.74,37.98,341,-18,18.03,78.34,215,120,0.00,100.00,1,157,55.20,80.94,186,139,7.21,94.92,73,16,3.59,96.41,76,36,85.97,85.35,283,-8,35.77,63.88,212,-184,35.21,64.79,190,-91,,0.00,385,2,,0.00,377,-9,94.95,90.96,329,-328,0.00,100.00,1,0,0.06,83.20,233,-17,6.87,7.13,393,7,0.00,100.00,1,0,0.00,100.00,1,0,-0.07,61.46,186,-50,58.96,28.44,359,8,21.85,16.84,325,6,4.36,68.53,168,-97,R$ 0.00,0.00,241,-9,1.10,8.67,201,10,"R$ 7,856.22",4.33,275,22,"R$ 24,434.31",1.85,352,-13,3.19,43.23,358,10,1.15,35.67,345,-15,"R$ 1,841.93",11.20,416,-2,6.23,28.56,154,243,17.00,45.15,59,-43,69.00,37.13,126,55,21.93,34.41,239,131,105.34,44.93,209,-3,87.60,80.91,18,9,16.29,20.91,367,-10,99.25,99.72,10,16,85.69,72.13,410,-4,37.59,354,9,67.02,311,20,52.13,193,-16,79.40,78,192,39.01,109,2,42.43,258,-6,89.12,35,206,57.44,334,-34,63.16,360,8,42.31,350,-4,14.34,394,9,38.90,114,2,63.72,65,41,49.00,274,50,51.67,348,12,60.77,216,46,34.57,285,42
2604106,67.35,41.06,226,42,5.84,22.26,154,-57,48.22,63.15,241,34,23.71,48.24,329,12,9.71,72.27,227,-64,2.39,69.54,210,-29,94.52,93.73,90,107,18.90,81.89,213,51,59.60,54.29,173,-2,94.23,95.07,51,"Não comparável, alteração metodológica completa",77.68,35.43,266,-19,14.64,21.14,314,-4,84.99,50.42,250,37,83.48,85.53,149,36,18.92,93.43,143,-142,1.35,89.45,189,34,6.46,62.01,326,-66,12.87,67.84,158,88,156.95,68.48,186,20,45.37,25.02,318,-3,94.84,50.86,236,23,66.43,24.92,318,22,48.13,55.91,106,3,9.80,11.05,226,-47,46.40,49.70,37,-8,5.20,25.42,335,-4,4.80,39.22,223,-3,4.80,85.71,30,-1,543.81,58.83,184,-65,33.06,59.16,339,-6,6.99,92.77,126,39,73.24,74.19,264,24,12.68,90.73,154,71,7.20,92.67,132,-17,93.66,93.38,204,-42,35.55,64.11,209,-109,42.41,57.59,241,-59,48.02,48.02,255,3,48.78,23.70,202,8,97.75,95.97,274,-9,0.00,100.00,1,0,0.06,83.32,209,-27,48.79,50.65,102,40,0.07,94.11,353,52,0.01,97.67,297,77,-0.71,52.60,368,-62,55.68,33.14,340,-6,29.30,24.77,250,5,4.29,68.43,175,58,R$ 0.22,0.01,204,-24,1.35,10.73,167,-7,"R$ 9,412.66",5.22,237,-6,"R$ 29,727.53",2.59,317,-2,17.22,64.73,53,197,1.88,54.62,192,22,"R$ 2,159.24",16.45,396,-6,4.61,26.49,270,-78,8.36,21.29,265,-11,76.15,41.13,94,8,20.79,31.32,283,-43,100.44,41.12,270,-25,68.16,42.77,113,79,16.99,21.88,356,4,87.25,84.34,264,12,95.60,92.44,281,40,43.67,261,0,82.26,58,7,46.40,305,4,76.41,125,7,36.77,139,-2,45.64,219,-24,79.92,226,38,73.25,219,-20,73.19,102,134,45.87,313,20,19.34,262,17,31.25,223,-2,56.51,295,46,51.66,204,21,62.13,126,-2,62.64,183,8,34.11,300,25
2606002,75.03,29.99,313,-19,9.14,35.22,57,-11,46.65,65.06,214,-7,-0.22,56.80,181,30,11.25,66.65,270,5,2.64,66.03,255,40,96.64,96.15,51,133,20.10,80.66,223,25,60.26,55.14,166,18,96.15,97.01,36,"Não comparável, alteração metodológica completa",95.11,46.52,143,-14,10.50,14.86,346,-5,86.95,53.00,216,69,81.78,83.52,195,160,101.78,64.66,344,-8,1.79,84.90,263,42,7.09,57.18,354,13,16.28,52.84,299,-203,213.10,42.83,390,-14,46.14,26.06,309,2,95.29,51.62,225,-25,82.66,39.52,140,32,6.91,8.03,381,-8,12.37,13.96,181,-51,13.88,14.83,281,-230,5.50,30.51,280,-4,5.10,45.10,133,-3,5.00,92.86,3,0,549.59,62.58,156,42,30.45,62.49,320,29,11.54,88.07,175,-82,83.91,70.21,284,65,24.49,81.67,299,-187,2.44,97.61,54,6,92.00,91.64,226,-38,37.98,61.57,241,-55,34.05,65.95,181,-20,12.18,12.18,353,-2,8.46,4.11,339,-4,100.00,100.00,1,0,0.00,100.00,1,0,0.09,82.48,300,-29,23.97,24.88,235,-72,0.11,90.37,384,-21,0.02,96.45,327,-3,-3.41,15.37,419,-47,61.20,25.23,375,-1,20.18,15.06,343,4,7.49,72.46,40,370,R$ 31.45,1.44,91,-31,1.52,12.04,140,45,"R$ 10,782.34",6.00,207,13,"R$ 26,908.59",2.20,333,0,8.41,51.24,262,24,1.45,43.45,280,3,"R$ 2,133.04",16.02,401,-91,-3.31,16.40,418,-412,10.28,26.58,212,-159,88.92,48.27,45,20,25.21,43.37,145,22,102.96,43.08,244,-29,71.42,49.15,75,-64,21.48,28.13,310,25,98.73,99.06,28,40,97.92,97.19,89,-31,46.77,185,-30,81.74,65,35,49.57,249,68,56.96,377,-25,22.99,335,-91,51.11,144,-3,77.74,269,0,63.95,288,-9,59.56,407,-200,42.57,347,60,16.28,344,-103,39.41,107,-36,63.32,75,-64,49.12,272,-43,63.49,99,4,54.81,334,-44,35.45,253,-69
2606200,79.99,22.83,356,0,7.19,27.56,110,-27,73.15,32.74,415,-20,-21.08,64.27,54,-46,19.52,36.50,384,-131,6.33,14.03,402,-3,94.00,93.14,103,78,29.30,71.19,304,-1,61.07,56.19,156,205,80.38,81.10,163,"Não comparável, alteração metodológica completa",163.36,89.91,6,0,17.24,25.09,286,6,95.11,63.74,64,-20,82.41,84.26,176,45,0.00,100.00,1,0,2.06,82.11,299,-78,7.29,55.64,358,22,21.47,30.08,400,-5,240.74,30.22,415,-90,48.42,29.17,285,-14,95.58,52.09,219,-10,72.85,30.69,250,12,4.55,5.29,404,-23,8.25,9.31,256,67,85.22,91.34,2,0,4.40,11.86,410,-5,4.00,23.53,376,-5,4.40,71.43,148,-2,511.55,37.86,343,1,65.76,17.43,411,-25,5.08,94.74,100,18,224.54,17.63,416,-29,28.18,78.84,327,-62,12.28,87.41,217,24,54.87,52.86,384,0,47.34,51.77,315,-31,53.65,46.35,315,-13,40.13,40.13,279,-11,40.74,19.80,230,-21,100.00,100.00,1,206,0.00,100.00,1,0,0.01,84.35,15,5,25.05,26.01,226,-16,0.00,100.00,1,0,0.00,100.00,1,0,0.09,63.73,64,7,64.46,20.55,392,-6,42.42,38.73,87,-34,-6.18,55.24,408,-318,R$ 0.00,0.00,241,-9,0.23,1.76,403,3,"R$ 5,970.76",3.25,326,-9,"R$ 171,409.80",22.52,12,3,8.81,51.85,251,-238,1.85,53.99,197,16,"R$ 3,077.35",31.64,196,12,8.27,31.16,47,243,27.32,73.64,9,-5,37.74,19.65,289,15,20.13,29.49,306,-55,107.36,46.50,179,49,80.47,66.91,32,-18,26.14,34.61,242,-3,87.01,84.03,265,-6,94.82,90.84,311,-24,36.85,363,-73,65.02,335,-13,69.44,1,1,56.52,381,-89,36.12,148,-17,30.01,378,-1,56.05,410,-47,61.65,306,-13,69.20,172,-3,40.61,371,-102,21.02,206,-15,40.93,92,-60,64.58,49,-17,47.27,317,-83,50.32,368,-40,54.46,336,-73,37.73,174,-80
2606408,70.95,35.87,264,-11,4.37,16.49,230,62,49.97,61.01,281,17,11.50,52.61,261,-9,10.06,71.01,240,-40,4.19,44.23,398,-3,96.32,95.79,55,-4,22.20,78.50,238,-8,53.56,46.49,252,80,97.42,98.28,19,"Não comparável, alteração metodológica completa",93.32,45.38,153,-15,4.76,6.14,400,-1,74.16,36.19,389,-5,82.09,83.88,185,92,105.37,63.41,349,-348,2.42,78.39,330,49,9.07,41.98,401,-6,11.59,73.44,114,39,180.26,57.83,297,22,37.11,13.78,386,-11,93.30,48.32,273,16,65.00,23.64,333,20,26.42,30.68,252,22,10.71,12.09,208,39,54.53,58.42,22,-18,5.10,23.73,348,-4,4.60,35.29,271,-3,4.90,89.29,14,0,523.53,45.65,283,70,40.27,49.96,372,-17,15.91,83.55,212,25,101.71,63.55,326,-36,13.06,90.43,162,-4,10.06,89.71,172,-31,88.73,88.23,259,-1,37.23,62.35,231,10,34.35,65.65,186,32,21.76,21.76,328,-6,13.73,6.67,326,-23,93.59,88.52,348,-97,0.00,100.00,1,0,0.09,82.59,289,-82,38.46,39.93,143,-8,0.07,93.62,359,29,0.01,98.11,281,92,-0.60,54.21,354,-330,61.67,24.55,380,3,17.36,12.06,366,-10,-1.33,61.36,384,-258,R$ 0.00,0.00,241,-9,0.90,7.12,244,-58,"R$ 4,635.16",2.48,360,8,"R$ 18,929.94",1.08,389,-10,17.13,64.60,54,228,1.06,33.29,361,-4,"R$ 2,116.45",15.74,403,-19,3.15,24.63,357,-323,6.49,16.12,342,-39,14.93,6.89,390,1,22.07,34.81,229,65,99.91,40.71,272,18,82.39,70.69,26,0,22.26,29.21,300,11,97.38,97.32,99,-66,97.44,96.20,140,51,41.49,302,30,79.65,88,4,42.19,362,12,63.95,321,-100,31.67,210,-56,42.16,260,18,73.94,330,-24,63.08,295,-21,70.14,156,-50,36.76,401,-16,14.54,389,-40,19.27,383,0,66.83,22,2,47.02,323,-48,59.74,192,-8,55.99,312,-47,30.56,381,-29
2606804,83.11,18.34,377,-8,4.14,15.59,248,-28,62.73,45.45,407,-28,14.36,51.58,282,-44,21.13,30.64,391,1,,0.00,403,-1,87.85,86.09,232,98,24.90,75.72,255,-24,28.55,14.20,418,-6,66.92,67.52,279,"Não comparável, alteração metodológica completa",98.64,48.76,121,-10,17.76,25.87,278,-1,83.61,48.62,273,68,74.63,75.07,306,15,0.00,100.00,1,267,2.83,74.15,362,19,9.78,36.53,412,2,14.60,60.22,234,52,166.92,63.92,244,-45,35.11,11.07,399,-22,96.61,53.79,192,23,65.70,24.26,324,45,12.93,15.02,328,-7,11.88,13.40,183,-47,93.29,100.00,1,0,5.60,32.20,264,-4,4.90,41.18,187,-3,4.50,75.00,108,-1,501.21,31.13,377,-27,40.06,50.22,371,-44,14.04,85.49,197,-146,134.62,51.25,370,-91,13.90,89.79,180,-92,17.23,82.29,303,-49,61.88,60.18,377,-1,51.43,47.49,341,-41,67.19,32.81,383,-28,4.32,4.32,370,1,3.96,1.92,355,-11,100.00,100.00,1,0,0.00,100.00,1,0,0.04,83.61,155,212,34.37,35.68,169,-11,0.00,100.00,1,0,0.00,100.00,1,0,0.28,66.29,24,107,64.61,20.35,393,-1,25.81,21.05,285,-34,-7.26,53.88,411,-346,R$ 0.00,0.00,241,-9,0.57,4.48,336,-37,"R$ 3,386.82",1.77,391,6,"R$ 32,733.91",3.02,296,-32,5.25,46.39,333,-241,1.82,53.10,205,-37,"R$ 2,319.95",19.11,372,-51,-4.02,15.48,419,-230,8.35,21.28,266,91,25.95,13.05,351,12,11.52,5.98,422,-6,87.29,30.90,364,-16,70.72,47.80,84,3,9.60,11.60,402,3,97.58,97.58,89,53,96.52,94.31,234,4,32.74,401,-27,54.70,398,-48,49.28,255,43,70.84,221,90,37.57,131,-2,42.15,261,-13,71.29,347,-134,52.34,360,-10,72.12,116,33,34.92,407,-66,15.77,358,-84,13.44,413,3,56.44,297,-6,42.89,391,-26,43.24,406,-26,56.73,299,-11,27.32,411,-24
2607208,63.19,47.05,173,29,4.53,17.11,220,-43,40.43,72.65,83,19,-23.66,65.19,46,46,8.32,77.32,170,57,4.27,43.04,399,1,98.91,98.75,13,5,23.30,77.37,247,-57,60.33,55.24,161,231,81.86,82.59,145,"Não comparável, alteração metodológica completa",82.00,38.18,236,-20,11.55,16.45,334,3,83.40,48.34,279,-21,81.27,82.91,208,45,0.00,100.00,1,0,3.22,70.11,380,-10,10.66,29.78,418,-6,13.83,63.62,197,25,161.80,66.26,207,164,54.83,37.88,205,43,102.15,62.95,67,11,71.66,29.62,269,17,4.93,5.73,401,-29,10.02,11.31,220,6,38.38,41.10,61,-27,5.60,32.20,264,-4,4.40,31.37,317,-4,4.30,67.86,192,-3,502.03,31.66,376,-55,15.15,82.02,183,160,27.27,71.81,280,-118,67.22,76.44,234,120,16.09,88.11,209,-104,14.74,84.87,272,-49,63.58,61.96,375,3,16.75,83.79,31,34,83.75,16.25,408,-17,16.60,16.60,342,-5,2.96,1.44,357,-9,94.03,89.31,342,-341,0.00,100.00,1,0,0.07,83.12,240,102,19.66,20.41,280,0,0.00,100.00,1,0,0.00,100.00,1,0,0.24,65.77,28,52,70.97,11.23,413,-5,47.07,43.68,51,-21,-4.70,57.11,403,-248,R$ 0.00,0.00,241,-46,0.39,3.04,379,29,"R$ 3,178.07",1.65,397,-10,"R$ 181,663.40",23.96,11,2,0.88,39.70,379,-302,2.21,63.18,118,20,"R$ 3,883.97",44.99,50,10,11.10,34.77,21,347,6.22,15.39,355,-49,10.57,4.45,409,-10,18.44,24.90,367,13,125.98,60.97,39,31,65.93,38.38,157,-102,17.78,22.99,349,-11,92.54,91.12,209,-17,97.51,96.34,130,-44,50.50,107,26,77.54,120,162,45.40,322,-11,71.29,207,87,29.02,250,-37,37.78,312,-18,81.91,182,113,54.13,348,-15,67.55,218,22,40.16,376,-76,23.72,131,35,14.91,406,-3,61.96,118,-87,48.55,279,4,63.43,100,139,55.70,318,6,33.02,334,-98
2607901,62.53,48.01,162,49,3.49,13.02,290,-137,52.90,57.44,342,-13,0.85,56.42,186,-17,14.83,53.62,341,4,2.72,64.86,272,-9,94.29,93.46,97,-55,20.30,80.45,224,29,71.53,69.69,54,31,92.30,93.12,66,"Não comparável, alteração metodológica completa",57.88,22.84,367,-15,23.00,33.83,223,0,82.96,47.76,283,77,67.28,66.38,378,-9,41.19,85.70,195,194,3.33,68.98,387,7,9.64,37.61,411,-37,15.93,54.42,291,-13,172.71,61.28,267,10,32.54,7.57,411,-3,88.22,39.93,360,2,63.89,22.64,347,11,10.53,12.23,354,-13,6.76,7.63,296,-46,42.19,45.19,44,-20,5.30,27.12,318,-4,4.60,35.29,271,-3,4.40,71.43,148,-2,508.41,35.81,359,-27,38.49,52.23,363,-10,8.36,91.36,146,2,117.66,57.59,356,-22,7.02,95.06,69,-32,8.67,91.16,153,20,68.43,67.03,364,-3,47.97,51.11,324,-29,74.02,25.98,398,-19,20.61,20.61,332,-7,27.08,13.16,269,-23,100.00,100.00,1,263,0.00,100.00,1,0,0.04,83.81,110,12,19.76,20.51,279,-5,0.00,99.82,207,115,0.00,99.71,185,168,0.17,64.77,42,59,51.86,38.62,310,2,21.02,15.96,331,-2,1.52,64.94,318,-30,R$ 0.00,0.00,241,-10,0.73,5.75,290,5,"R$ 3,171.76",1.64,398,-6,"R$ 31,490.89",2.84,304,20,9.54,52.97,231,63,2.26,64.65,109,-10,"R$ 2,504.21",22.16,326,-12,5.63,27.79,201,77,4.99,11.98,386,-12,20.98,10.28,373,-16,20.05,29.29,309,-30,101.66,42.07,258,-93,67.23,40.94,132,87,7.91,9.26,414,-18,76.28,70.28,333,-32,97.41,96.13,144,40,43.72,260,-19,79.00,92,-4,40.24,377,15,64.36,312,76,22.36,348,-52,38.68,301,-6,76.38,291,-15,58.55,328,-14,67.56,216,44,43.43,336,19,19.72,251,10,17.18,396,-17,51.74,385,-29,45.79,349,-7,60.59,157,-29,53.17,354,10,30.01,389,-12
2609600,62.30,48.33,157,-10,2.20,7.94,352,-48,56.65,52.87,388,-16,11.09,52.75,259,-16,13.42,58.73,314,12,3.51,53.70,372,-8,93.87,92.98,107,-24,38.00,62.24,359,-102,72.44,70.87,47,7,60.08,60.61,328,"Não comparável, alteração metodológica completa",57.55,22.63,369,-15,28.47,42.13,176,-7,69.95,30.65,404,-40,63.78,62.24,403,-16,0.00,100.00,1,171,2.97,72.70,369,-8,7.43,54.57,362,28,17.01,49.64,324,-120,196.62,50.36,344,7,38.72,15.97,376,-3,99.55,58.64,110,-38,61.35,20.36,366,-16,12.57,14.60,332,-17,14.69,16.58,148,-13,64.05,68.64,11,2,5.30,27.12,318,-4,4.60,35.29,271,-3,4.40,71.43,148,-2,519.31,42.90,309,-24,33.94,58.04,347,20,7.46,92.29,135,16,104.44,62.53,332,44,4.93,96.67,46,-2,13.41,86.25,246,21,85.87,85.24,287,-11,43.78,55.50,285,4,61.47,38.53,358,-9,36.66,36.66,293,-6,43.06,20.92,219,-31,100.00,100.00,1,188,0.00,100.00,1,0,0.05,83.48,185,9,5.12,5.31,409,-22,0.00,100.00,1,0,0.00,100.00,1,0,0.01,62.65,111,-47,56.06,32.60,344,-2,27.95,23.33,264,2,2.94,66.74,255,87,R$ 0.00,0.00,241,-55,1.95,15.55,89,20,"R$ 3,849.34",2.03,379,1,"R$ 20,072.57",1.24,381,5,9.24,52.51,242,104,2.06,59.39,149,3,"R$ 2,243.42",17.84,389,-16,5.49,27.62,210,-125,6.25,15.47,352,0,34.45,17.81,307,12,19.49,27.75,331,-35,109.92,48.48,141,-26,67.21,40.89,135,98,11.69,14.52,393,-7,85.40,81.96,276,-1,96.66,94.60,220,39,40.47,322,-10,66.76,312,-207,35.16,407,-17,66.06,286,-1,32.63,189,-22,39.86,287,-8,78.64,258,67,67.97,262,-25,62.89,370,-55,44.58,322,34,19.83,248,-1,20.34,372,-6,56.09,311,14,46.15,343,-46,53.04,325,-143,55.85,314,-12,31.84,358,4
2610707,66.90,41.70,216,-6,2.02,7.24,364,-126,62.01,46.33,406,-15,21.16,49.15,312,-21,9.56,72.81,222,-51,3.24,57.57,350,1,94.41,93.60,94,-53,36.30,63.99,349,-40,61.06,56.18,157,98,80.79,81.51,157,"Não comparável, alteração metodológica completa",50.68,18.27,395,-14,23.37,34.38,220,-2,69.68,30.29,405,-7,66.35,65.28,385,-12,0.00,100.00,1,180,1.64,86.45,241,47,7.76,52.03,373,-56,18.27,44.13,353,36,143.17,74.77,105,13,32.00,6.83,413,-4,82.54,30.54,399,-9,65.65,24.22,325,16,7.92,9.20,372,-37,4.70,5.30,361,-79,59.51,63.76,17,0,5.00,22.03,362,-4,4.50,33.33,295,-4,4.50,75.00,108,-1,522.38,44.90,296,-27,33.61,58.45,344,-61,14.69,84.82,205,-29,105.09,62.29,334,-51,10.74,92.21,126,-59,14.10,85.53,264,-19,78.90,77.96,333,-13,42.93,56.39,278,-30,53.89,46.11,316,-12,40.54,40.54,275,0,39.33,19.11,232,-13,100.00,100.00,1,297,0.00,100.00,1,0,0.04,83.70,143,-17,32.90,34.15,176,-10,0.00,100.00,1,0,0.00,100.00,1,0,0.15,64.51,46,32,49.24,42.37,289,-1,19.00,13.81,351,-9,-1.56,61.07,388,-177,R$ 0.20,0.01,207,25,0.74,5.80,288,-42,"R$ 2,821.60",1.44,406,-3,"R$ 20,454.96",1.29,379,-7,9.48,52.87,235,-14,1.73,50.78,225,-42,"R$ 2,253.86",18.02,385,-7,6.31,28.67,150,63,7.88,19.96,285,-15,29.13,14.83,337,17,17.30,21.78,395,-42,95.42,37.22,317,-6,67.21,40.89,134,89,10.92,13.44,397,-4,92.85,91.52,205,-6,97.96,97.26,83,69,36.10,376,-29,74.46,179,-81,32.80,416,-6,72.22,192,27,23.86,328,-44,38.44,304,-8,76.28,295,-107,67.48,270,-6,71.46,133,-5,42.22,353,-19,17.00,325,-18,18.86,387,-17,56.07,314,19,45.68,351,-40,54.45,303,-98,55.79,315,-20,29.97,391,-13
2611101,67.06,41.47,220,-1,9.16,35.30,56,61,52.27,58.21,328,-13,-4.09,58.19,145,-25,9.28,73.84,206,-30,2.29,70.90,187,26,94.50,93.71,91,77,27.60,72.94,287,-59,36.93,25.02,407,-53,79.47,80.17,171,"Não comparável, alteração metodológica completa",86.74,41.19,204,-11,17.43,25.38,284,-2,85.42,50.99,242,128,81.88,83.63,190,-58,16.19,94.38,140,19,2.64,76.11,342,43,6.69,60.25,338,21,18.30,44.00,355,-34,195.07,51.07,335,-26,61.36,46.77,118,27,95.59,52.11,218,24,74.70,32.36,228,37,43.67,50.73,136,1,18.30,20.66,118,-4,36.50,39.09,70,-24,6.00,38.98,176,-4,5.20,47.06,104,-3,4.60,78.57,70,-1,526.22,47.39,271,-49,49.51,38.17,392,-13,9.29,90.39,154,31,136.82,50.42,373,-28,31.88,76.01,353,-20,24.71,74.54,369,21,82.99,82.23,304,44,27.34,72.71,123,12,38.54,61.46,217,-9,64.66,64.66,229,-15,53.76,26.12,186,-71,95.27,91.53,320,-319,0.00,100.00,1,326,-0.02,85.11,6,-1,58.55,60.78,66,30,0.16,85.96,396,-15,0.04,92.23,365,4,0.50,69.41,15,391,56.21,32.38,346,-9,31.70,27.32,220,5,6.36,71.04,74,150,R$ 107.88,4.93,53,10,1.83,14.58,104,18,"R$ 10,003.45",5.56,222,23,"R$ 27,346.89",2.26,331,-4,19.73,68.59,26,220,1.45,43.53,279,29,"R$ 2,497.62",22.05,327,6,7.08,29.64,100,120,6.83,17.07,332,-37,52.42,27.86,227,2,18.89,26.11,352,-19,108.52,47.40,157,-12,67.46,41.39,127,75,25.34,33.49,256,-2,97.76,97.81,80,-18,98.12,97.58,73,54,48.29,152,60,74.31,181,26,48.90,264,56,64.16,316,-38,39.59,101,18,49.67,165,-29,63.39,388,-11,74.45,203,73,77.06,54,71,47.50,294,24,20.12,238,48,23.68,331,-12,63.53,70,34,50.70,234,25,60.73,152,52,60.45,218,38,34.74,279,32
2611606,48.51,68.20,36,7,12.09,46.79,23,34,46.49,65.26,210,-17,33.39,44.77,358,-2,7.99,78.54,157,13,2.97,61.35,311,23,98.04,97.75,28,-6,3.30,97.94,8,12,65.74,62.22,94,-20,89.46,90.25,82,"Não comparável, alteração metodológica completa",89.37,42.87,187,-34,40.87,60.93,67,-7,90.35,57.48,152,52,74.27,74.64,313,-3,68.26,76.30,262,54,1.26,90.38,170,31,5.95,65.92,297,13,14.21,61.95,214,51,211.37,43.62,388,-19,51.11,32.83,250,23,94.86,50.90,235,10,85.32,41.91,102,41,31.96,37.13,213,23,14.15,15.97,153,9,52.99,56.78,26,-15,5.50,30.51,280,-4,4.90,41.18,187,-3,4.40,71.43,148,-2,548.17,61.66,161,-56,52.02,34.95,397,-9,15.63,83.85,210,21,169.59,38.17,401,-8,32.31,75.68,355,12,5.23,94.72,106,19,78.93,77.99,332,-14,44.20,55.06,289,24,60.86,39.14,354,-2,40.28,40.28,277,-7,70.77,34.39,137,-26,100.00,100.00,1,251,0.00,100.00,1,0,0.03,83.97,75,50,25.07,26.03,225,0,0.00,100.00,1,0,0.00,100.00,1,0,0.09,63.71,65,20,38.83,57.30,210,-12,57.11,54.36,20,-3,3.43,67.35,225,80,R$ 259.96,11.89,32,-15,2.94,23.43,41,5,"R$ 26,010.46",14.72,53,-1,"R$ 44,563.38",4.68,216,13,10.44,54.35,201,70,2.99,83.72,31,9,"R$ 4,198.30",50.19,27,14,7.64,30.36,69,219,13.46,35.37,110,-88,99.15,53.99,27,12,37.30,76.43,16,-6,130.63,64.58,24,-9,53.56,14.12,397,-5,17.33,22.35,352,-8,77.24,71.51,326,11,93.66,88.46,351,-3,56.26,28,30,85.71,26,-12,56.04,111,25,64.13,317,29,38.73,112,-14,46.08,211,-19,62.57,391,-4,68.67,259,-26,69.10,173,20,60.77,86,15,32.95,27,-1,55.26,12,-5,52.20,380,4,56.04,69,-8,70.34,15,1,58.48,263,-8,46.02,17,-1
2612505,72.99,32.93,288,29,8.86,34.10,60,101,55.94,53.73,382,-44,-1.00,57.08,174,-15,10.86,68.08,261,-42,2.46,68.51,223,1,94.00,93.13,104,10,18.90,81.89,213,-21,47.76,39.00,338,-39,98.38,99.25,8,"Não comparável, alteração metodológica completa",95.36,46.67,141,-14,7.08,9.66,383,-2,88.12,54.54,194,118,78.37,79.49,252,4,0.00,100.00,1,0,1.03,92.76,123,82,4.43,77.59,155,146,15.06,58.23,252,148,141.83,75.38,98,87,51.86,33.85,244,-27,102.31,63.20,63,-7,85.01,41.63,106,88,24.14,28.04,260,-32,3.89,4.39,377,-71,50.11,53.69,29,-3,4.90,20.34,368,-4,4.60,35.29,271,-3,4.60,78.57,70,-1,523.04,45.32,286,-50,21.10,74.42,239,71,8.33,91.39,144,-84,50.21,82.80,167,66,5.75,96.03,58,15,9.25,90.55,160,-26,64.96,63.40,372,1,8.34,92.60,10,-6,5.96,94.04,18,7,,0.00,385,2,,0.00,377,-9,100.00,100.00,1,0,0.00,100.00,1,0,0.05,83.42,194,-23,66.66,69.19,42,24,0.02,98.26,299,59,0.02,96.24,331,13,2.30,94.27,2,381,69.50,13.33,410,-6,21.21,16.16,330,-6,3.66,67.65,210,92,R$ 0.00,0.00,241,-9,0.88,6.92,248,56,"R$ 14,277.37",8.00,151,86,"R$ 21,634.69",1.46,372,-9,10.47,54.40,200,139,1.15,35.68,344,-28,"R$ 1,944.99",12.91,413,-7,3.19,24.68,356,-180,7.33,18.45,307,84,18.14,8.69,382,-3,17.59,22.56,388,5,111.17,49.46,130,-27,71.42,49.16,74,-49,11.46,14.20,395,-3,98.12,98.27,67,-15,98.49,98.34,38,190,44.46,232,85,81.04,70,173,48.60,270,42,79.33,80,127,35.71,152,-28,39.19,297,-16,86.52,80,56,57.79,332,0,84.86,7,77,37.42,396,5,14.96,383,-22,16.57,400,7,61.89,121,-91,49.56,258,45,61.96,129,157,62.19,192,52,29.20,399,-14
2613701,89.04,9.79,406,-46,9.04,34.83,58,155,57.87,51.38,394,-6,-0.89,57.04,175,-60,9.34,73.62,212,-27,2.83,63.30,287,-10,81.09,78.35,307,-8,22.90,77.78,244,-25,41.92,31.46,384,-29,97.59,98.46,17,"Não comparável, alteração metodológica completa",101.06,50.30,108,22,12.45,17.81,328,4,86.51,52.42,224,17,78.99,80.22,239,54,0.00,100.00,1,380,1.89,83.87,281,-43,7.31,55.49,359,-17,14.38,61.21,224,-64,225.60,37.13,402,-12,38.15,15.20,380,4,91.59,45.50,311,19,74.69,32.35,230,50,11.10,12.89,346,-22,0.01,0.00,423,-7,46.83,50.17,35,-19,4.80,18.64,381,-5,4.30,29.41,332,-4,4.40,71.43,148,-2,498.44,29.34,386,5,71.33,10.32,416,-23,5.62,94.19,109,20,226.82,16.78,418,-70,11.04,91.98,131,-38,3.64,96.37,80,19,68.54,67.14,363,-4,65.60,32.65,383,-11,67.92,32.08,385,-21,25.57,25.57,313,0,27.56,13.39,265,-10,86.91,76.56,379,-49,0.00,100.00,1,0,0.05,83.49,181,33,20.30,21.08,274,-42,0.00,100.00,1,0,0.00,100.00,1,0,0.28,66.30,23,36,57.78,30.13,357,-6,11.18,5.48,413,-18,-15.60,43.38,418,-190,R$ 0.90,0.04,164,57,0.36,2.79,388,12,"R$ 2,552.29",1.29,410,-8,"R$ 16,099.55",0.68,404,-1,15.62,62.29,73,193,1.51,45.05,266,15,"R$ 2,141.03",16.15,398,-23,0.76,21.59,403,-176,6.39,15.85,344,-88,3.05,0.25,422,-5,15.70,17.40,415,-165,88.53,31.86,356,11,72.65,51.58,61,21,14.41,18.30,377,-1,98.93,99.31,21,-2,98.51,98.39,33,-12,38.26,348,23,77.24,127,127,50.58,227,40,66.83,278,111,25.02,313,-70,32.81,359,7,58.85,405,-74,53.81,350,-23,67.92,204,-22,28.77,416,-24,15.09,376,-6,11.17,421,-49,59.89,185,31,42.86,393,-8,56.90,252,80,51.22,375,-15,26.39,413,-21
2613909,81.23,21.04,365,8,6.65,25.44,122,36,49.99,60.99,283,-68,31.01,45.62,353,7,7.28,81.12,127,66,2.92,62.05,302,8,96.99,96.55,41,34,20.40,80.35,225,-120,53.31,46.18,256,18,89.35,90.15,83,"Não comparável, alteração metodológica completa",90.93,43.86,174,-26,4.42,5.64,404,-4,89.30,56.09,170,-48,78.37,79.49,251,3,0.00,100.00,1,383,1.81,84.69,267,62,8.03,49.96,381,10,9.47,82.74,42,209,160.41,66.89,199,-51,43.76,22.83,331,-1,89.01,41.24,350,13,72.66,30.53,254,62,26.11,30.32,255,-30,10.22,11.53,216,-59,36.55,39.14,69,-55,6.30,44.07,105,-2,5.10,45.10,133,-3,4.60,78.57,70,-1,520.48,43.66,304,-21,24.45,70.14,275,-19,11.11,88.51,170,41,77.22,72.70,270,-67,29.55,77.80,339,22,2.93,97.09,66,-27,80.55,79.68,325,18,25.67,74.46,108,-34,21.00,79.00,88,-33,77.98,77.98,185,3,0.00,0.00,377,-9,100.00,100.00,1,0,0.00,100.00,1,0,0.16,80.97,354,-94,76.48,79.39,19,-1,0.24,79.34,405,-35,0.01,97.43,304,2,0.41,68.13,16,380,57.69,30.26,354,-5,18.84,13.64,354,-3,4.97,69.29,137,51,R$ 0.00,0.00,241,-58,0.58,4.52,334,1,"R$ 5,709.09",3.10,330,0,"R$ 21,719.14",1.47,370,-24,5.21,46.33,334,-86,1.13,35.08,350,3,"R$ 2,459.64",21.42,337,15,9.33,32.52,36,146,13.86,36.49,104,91,92.40,50.22,39,79,28.73,53.01,76,-2,82.80,27.41,384,-1,86.86,79.46,20,1,20.17,26.31,327,2,97.74,97.78,81,60,95.38,91.99,290,59,38.27,347,-2,81.34,69,-22,47.50,285,-46,80.03,70,286,28.81,258,-103,50.09,160,-20,79.17,244,-2,76.90,184,0,80.81,22,-6,42.24,352,21,15.01,378,-6,46.57,51,47,64.59,48,47,52.66,171,51,58.87,209,-50,64.28,144,36,36.58,214,85
2616407,81.43,20.76,367,-39,4.32,16.28,235,-124,51.24,59.46,303,96,18.00,50.28,303,19,8.42,76.97,173,100,3.35,56.01,358,20,93.77,92.86,113,26,29.60,70.88,307,-25,48.39,39.82,325,-16,91.00,91.81,77,"Não comparável, alteração metodológica completa",139.75,74.90,16,-4,12.56,17.99,326,1,85.28,50.81,244,136,76.82,77.65,282,-20,0.00,100.00,1,248,1.46,88.31,211,87,6.47,61.93,328,-112,13.56,64.78,186,-170,198.67,49.42,348,-38,38.18,15.24,379,8,94.69,50.63,244,9,70.94,28.98,276,11,15.01,17.44,315,-6,6.02,6.79,317,25,55.67,59.65,20,-5,5.30,27.12,318,-4,4.10,25.49,366,-5,4.50,75.00,108,-1,527.17,48.01,267,33,29.90,63.19,317,37,4.44,95.41,90,47,67.16,76.46,233,62,9.74,92.98,113,-56,5.68,94.25,114,35,65.78,64.26,369,-6,44.59,54.65,294,-83,47.37,52.63,279,-54,22.65,22.65,326,-8,21.26,10.33,292,-33,100.00,100.00,1,267,0.00,100.00,1,0,0.04,83.59,163,29,20.16,20.93,276,10,0.02,98.38,296,-295,0.01,98.25,276,-275,0.30,66.56,22,-5,61.44,24.88,377,-5,26.32,21.60,279,-8,2.01,65.56,304,-100,R$ 1.34,0.06,150,-25,0.50,3.89,350,13,"R$ 5,281.61",2.85,341,-9,"R$ 45,463.98",4.81,214,22,12.27,57.14,144,75,1.54,45.75,260,-35,"R$ 2,547.34",22.87,320,-15,5.51,27.64,209,-181,17.83,47.45,49,-9,56.97,30.40,203,-76,18.81,25.89,355,-91,88.67,31.97,355,6,71.86,50.03,69,1,19.24,25.02,338,11,99.09,99.52,15,3,90.61,82.21,385,-106,36.70,366,2,77.52,121,222,57.84,73,107,72.15,197,2,29.42,242,-32,38.04,309,2,82.64,163,99,59.75,320,-22,67.46,222,-65,41.38,361,2,17.13,323,-48,34.58,181,-74,57.75,264,-84,48.49,283,13,56.22,267,103,58.51,262,2,33.42,319,-68
2700300,77.81,25.98,338,-5,8.85,34.07,61,3,50.38,60.51,293,0,-14.54,61.93,79,-12,9.12,74.41,199,195,2.18,72.44,164,15,98.00,97.71,29,-4,20.90,79.84,227,-61,43.59,33.62,374,14,44.34,44.73,381,"Não comparável, alteração metodológica completa",116.36,60.03,48,12,9.72,13.67,354,-2,88.12,54.54,193,-56,83.25,85.26,155,11,85.15,70.43,306,-128,0.95,93.59,105,14,4.62,76.13,168,113,17.03,49.57,326,-8,202.14,47.84,363,-11,50.42,31.89,262,17,97.64,55.49,164,33,75.78,33.33,216,18,33.52,38.94,202,13,11.88,13.40,184,37,23.82,25.49,165,-3,5.50,30.51,280,-4,4.90,41.18,187,-3,4.40,71.43,148,-2,522.39,44.90,295,-93,48.02,40.07,388,-3,0.85,99.12,50,12,206.86,24.24,412,-9,91.52,30.30,421,-7,26.08,73.13,377,-17,72.92,71.72,351,0,67.55,30.61,387,-8,67.19,32.81,383,-16,1.36,1.36,379,1,1.47,0.71,368,-7,100.00,100.00,1,206,0.00,100.00,1,0,0.06,83.34,206,-34,7.77,8.07,384,-48,0.08,92.60,368,19,0.02,96.71,320,-22,-0.26,58.85,289,90,46.04,46.96,270,-2,30.18,25.70,240,17,6.49,71.21,67,52,R$ 13.58,0.62,108,31,0.76,6.02,279,-9,"R$ 12,056.29",6.73,182,22,"R$ 29,318.52",2.54,322,-24,17.43,65.05,50,165,1.56,46.19,255,13,"R$ 2,119.58",15.79,402,-8,5.61,27.76,203,48,15.32,40.52,75,44,86.11,46.70,53,22,20.28,29.90,299,58,107.97,46.97,167,12,68.92,44.26,101,62,14.16,17.95,378,-1,96.21,95.83,140,73,94.74,90.66,315,97,45.62,204,27,67.65,296,-36,54.68,137,-9,61.73,344,-73,31.66,211,17,43.28,251,-31,48.17,419,-8,53.18,354,-5,61.57,391,-2,51.28,242,9,17.68,303,17,39.04,112,83,59.14,218,178,46.31,336,16,56.16,268,-11,50.70,379,-21,36.39,222,129
2704302,60.13,51.46,133,-73,12.91,50.02,18,53,42.79,69.77,126,-89,9.29,53.40,247,-90,16.64,47.02,364,-49,2.61,66.38,249,-47,98.62,98.41,15,15,4.80,96.40,20,44,59.99,54.80,168,81,65.65,66.23,293,"Não comparável, alteração metodológica completa",62.85,26.00,345,58,28.90,42.78,169,-8,84.21,49.41,260,-13,64.95,63.63,397,-15,62.31,78.36,252,-18,0.70,96.17,45,7,5.37,70.38,253,-12,14.80,59.37,244,-23,193.61,51.73,329,29,34.28,9.93,402,-5,83.77,32.57,395,-7,63.24,22.06,355,-8,22.06,25.63,267,-3,8.54,9.63,249,-27,23.13,24.76,174,-61,5.30,27.12,318,-4,4.30,29.41,332,-4,4.00,57.14,289,-3,525.68,47.04,273,-49,44.35,44.75,383,1,19.96,79.36,237,-58,142.24,48.40,379,4,16.09,88.11,208,38,12.80,86.87,232,-39,85.70,85.06,291,-10,64.05,34.28,381,12,-8.76,100.00,1,3,33.53,33.53,301,-8,105.93,51.47,14,99,99.97,99.95,214,36,0.00,100.00,1,0,0.04,83.73,133,-1,32.54,33.78,178,-5,0.00,100.00,1,0,0.00,100.00,1,0,1.05,76.94,8,10,46.27,46.64,273,-9,39.52,35.64,116,5,3.75,67.76,204,-42,R$ 94.83,4.34,59,-12,1.34,10.63,169,1,"R$ 16,879.69",9.49,118,-2,"R$ 35,232.29",3.37,279,5,14.87,61.13,87,15,2.12,60.91,137,-24,"R$ 3,314.65",35.57,138,34,10.05,33.43,29,266,10.76,27.92,199,-110,63.73,34.18,162,7,32.26,62.66,40,6,111.08,49.39,132,-28,62.18,31.02,237,51,21.15,27.67,313,1,70.48,62.83,371,-5,97.07,95.44,182,1,56.16,29,-9,73.05,205,-165,42.87,354,29,67.18,272,1,20.61,368,-33,36.21,334,-22,68.62,360,-4,72.85,222,-1,73.14,103,-12,52.55,221,-7,24.31,112,21,41.59,90,-34,53.27,373,2,50.81,232,-38,64.24,80,-66,55.62,319,-3,38.60,155,13
2707701,83.72,17.46,379,9,5.40,20.53,177,-7,56.17,53.45,384,-219,-0.11,56.76,182,-34,10.67,68.77,255,-8,2.78,63.98,280,-75,78.59,75.49,328,-54,45.40,54.63,383,2,45.18,35.67,359,15,62.12,62.67,316,"Não comparável, alteração metodológica completa",131.14,69.42,26,-1,7.92,10.95,372,-2,89.67,56.58,163,-73,75.33,75.89,300,54,73.86,74.35,277,-276,1.26,90.38,170,-39,5.51,69.30,269,40,20.68,33.56,393,1,204.02,46.98,366,31,47.10,27.38,299,-7,97.85,55.84,160,-90,73.79,31.54,239,-13,16.00,18.59,308,-19,6.05,6.82,316,96,24.96,26.72,153,7,5.30,27.12,318,-4,4.40,31.37,317,-4,4.10,60.71,253,-3,485.67,21.03,413,-32,54.40,31.93,399,-24,7.02,92.75,127,-126,187.01,31.66,407,-40,7.18,94.94,71,-56,11.47,88.26,205,-54,69.13,67.76,359,10,72.93,24.98,404,-7,-31.17,100.00,1,4,19.41,19.41,338,-4,16.31,7.93,316,11,99.46,99.03,228,-227,0.00,100.00,1,0,0.13,81.65,335,29,19.65,20.40,281,-8,0.00,100.00,1,0,0.00,100.00,1,0,-0.07,61.57,184,-78,65.31,19.34,396,-5,26.94,22.26,270,2,1.92,65.45,308,-98,R$ 0.00,0.00,241,-9,0.21,1.60,406,-10,"R$ 3,643.07",1.91,387,8,"R$ 21,641.92",1.46,371,-19,26.10,78.33,9,318,1.77,51.79,217,19,"R$ 2,357.26",19.73,364,-1,7.62,30.34,70,205,10.45,27.05,205,-18,13.42,6.05,396,-13,17.04,21.05,401,-7,86.35,30.17,368,-5,72.61,51.49,62,-13,9.17,11.01,407,-13,98.56,98.84,40,10,95.05,91.31,303,-40,37.05,360,-41,62.31,359,-22,56.47,107,-7,57.27,375,-44,25.73,305,-11,33.12,357,-8,66.63,374,-84,60.31,313,7,66.52,246,8,39.94,379,2,18.28,290,52,18.05,391,-6,56.56,293,-126,43.39,386,-23,49.13,375,-29,52.70,357,-32,30.11,387,-6
2800308,54.39,59.73,72,-25,13.16,51.01,16,6,46.97,64.67,222,-68,25.02,47.77,331,-31,15.90,49.70,359,-87,2.86,62.88,295,-36,93.87,92.98,109,-63,1.60,99.69,3,-2,65.06,61.35,100,100,98.01,98.89,13,"Não comparável, alteração metodológica completa",85.88,40.65,213,-4,38.85,57.87,81,-2,85.00,50.44,249,-57,74.39,74.79,311,-52,27.50,90.45,162,-5,1.63,86.56,238,-48,5.16,71.99,230,-5,16.50,51.89,304,73,149.49,71.88,141,-14,42.58,21.22,342,14,95.23,51.51,227,3,85.41,41.99,99,29,15.40,17.89,313,-27,3.58,4.03,386,-23,31.25,33.46,106,-41,5.20,25.42,335,-4,4.20,27.45,353,-5,3.90,53.57,310,-4,550.71,63.31,152,-37,29.74,63.40,315,29,15.00,84.49,206,26,108.33,61.08,344,16,33.55,74.73,363,-3,11.79,87.92,212,-17,99.63,99.61,50,-1,52.57,46.29,345,-60,44.95,55.05,264,-128,77.83,77.83,186,7,73.60,35.76,124,16,100.00,100.00,1,0,0.00,100.00,1,0,0.07,83.03,254,47,11.42,11.85,359,-12,0.00,100.00,1,0,0.00,100.00,1,0,-0.01,62.36,137,219,39.24,56.71,215,-14,48.65,45.36,39,17,4.81,69.09,145,178,R$ 25.82,1.18,98,-11,1.64,13.05,125,1,"R$ 26,445.82",14.97,49,4,"R$ 36,983.19",3.61,271,6,8.19,50.90,269,-1,1.75,51.20,221,-33,"R$ 3,538.00",39.26,91,58,5.74,27.93,192,146,10.27,26.58,213,39,70.35,37.89,121,2,31.87,61.58,43,4,121.58,57.55,55,9,61.19,29.08,259,56,32.25,43.10,153,25,78.50,73.13,315,6,97.08,95.46,180,2,55.79,34,-16,82.33,57,75,52.47,184,-36,72.98,184,-9,26.37,295,-36,37.10,318,-15,72.82,337,11,82.37,135,-17,64.59,308,47,58.77,126,35,22.83,153,31,42.02,84,11,59.66,191,72,54.07,131,19,68.48,22,19,59.72,238,-4,40.44,105,52
2802908,75.53,29.27,317,-51,12.58,48.73,22,271,51.52,59.12,311,-12,1.48,56.19,194,32,9.86,71.71,232,-43,2.88,62.67,297,17,90.55,89.18,183,120,9.60,91.46,81,-9,47.59,38.79,342,15,93.74,94.57,57,"Não comparável, alteração metodológica completa",95.24,46.60,142,-9,7.51,10.32,379,-1,122.69,100.00,1,0,78.78,79.97,243,2,76.05,73.59,285,-284,2.66,75.90,344,-4,8.46,46.66,390,8,11.41,74.25,105,145,209.80,44.34,385,-43,50.83,32.45,254,2,89.93,42.75,341,0,70.79,28.85,281,2,25.01,29.05,258,-5,9.56,10.78,231,12,11.37,12.14,315,-5,4.60,15.25,391,-5,3.70,17.65,398,-5,3.20,28.57,413,-5,560.91,69.94,102,31,39.66,50.73,367,5,14.00,85.53,196,34,135.84,50.79,371,0,23.98,82.06,298,9,12.81,86.86,233,10,99.23,99.20,67,1,60.63,37.86,374,-26,48.29,51.71,287,-98,23.01,23.01,325,-9,25.14,12.22,272,0,83.66,70.74,386,-7,0.00,100.00,1,0,0.09,82.46,302,-16,18.08,18.77,297,55,0.06,95.11,346,32,0.02,96.46,326,30,0.22,65.54,30,221,53.82,35.80,328,-6,25.07,20.27,292,-16,-1.46,61.19,387,-368,R$ 0.50,0.02,183,-9,2.90,23.10,43,-1,"R$ 13,975.81",7.83,155,-1,"R$ 28,448.24",2.41,324,-3,17.23,64.75,52,118,1.32,40.08,306,11,"R$ 2,010.74",13.99,409,-5,6.42,28.80,142,164,10.13,26.17,218,45,47.12,24.89,252,-10,19.50,27.78,330,12,94.14,36.22,329,-3,71.65,49.62,72,-39,22.43,29.45,299,-36,99.47,100.00,1,1,99.09,99.58,5,-3,48.33,151,180,80.90,71,254,63.91,16,14,63.50,327,-71,24.27,323,-7,27.39,387,6,69.82,358,9,60.32,312,-7,65.65,274,116,42.24,351,-133,19.38,259,45,26.28,290,32,62.97,83,-68,48.28,293,42,63.90,90,255,53.95,345,-2,34.00,302,-78
2803500,79.81,23.09,355,-65,4.34,16.35,232,-3,57.51,51.82,391,-75,60.41,35.10,399,-88,8.78,75.64,183,-98,2.51,67.92,235,-46,87.35,85.52,238,-141,9.70,91.36,82,-72,54.52,47.73,242,106,94.65,95.50,48,"Não comparável, alteração metodológica completa",102.78,51.39,98,18,8.55,11.90,366,-9,76.02,38.63,380,10,82.87,84.80,165,-36,0.00,100.00,1,286,3.07,71.66,373,23,6.82,59.25,341,43,7.21,92.68,10,305,149.16,72.03,140,168,55.36,38.61,195,8,97.09,54.58,177,56,66.15,24.67,320,32,13.65,15.86,323,47,4.35,4.90,368,-17,32.34,34.63,99,-17,4.90,20.34,368,-4,4.30,29.41,332,-4,4.30,67.86,192,-3,529.43,49.48,256,-40,17.05,79.59,208,130,18.18,81.21,224,-62,59.05,79.50,203,79,18.00,86.65,234,-13,15.29,84.30,280,-3,100.00,100.00,1,34,59.48,39.06,371,-30,59.37,40.63,346,-53,11.51,11.51,354,3,8.82,4.29,338,0,100.00,100.00,1,346,0.00,100.00,1,326,0.16,80.90,356,-17,27.17,28.21,203,90,0.16,86.19,395,3,0.06,87.70,386,-49,-0.82,51.13,376,-135,68.25,15.12,405,-2,18.86,13.66,353,-18,-6.83,54.43,409,-373,R$ 0.77,0.04,170,-5,2.31,18.45,67,151,"R$ 8,067.14",4.45,271,-4,"R$ 21,439.72",1.43,375,-7,2.38,42.00,367,-69,0.78,26.11,396,-3,"R$ 2,698.59",25.37,286,8,9.24,32.40,37,29,5.75,14.07,369,-90,41.00,21.47,276,-4,20.64,30.91,285,-23,86.13,30.00,372,14,72.89,52.05,57,49,26.68,35.35,238,14,98.42,98.66,51,4,97.90,97.14,91,-4,31.59,405,-66,82.47,52,57,46.12,309,26,83.68,38,310,26.79,289,15,36.14,335,-18,82.50,167,127,63.02,296,75,63.32,355,2,31.55,413,-54,16.19,346,17,22.15,351,-37,62.64,92,86,47.04,322,40,55.92,274,-66,58.20,272,111,30.09,388,-22
2804805,76.55,27.79,326,-134,5.19,19.71,188,185,56.55,52.99,387,-249,63.61,33.95,404,-102,13.17,59.64,309,9,3.62,52.24,379,-156,91.91,90.74,152,164,19.20,81.58,218,-100,73.02,71.62,42,160,96.55,97.41,29,"Não comparável, alteração metodológica completa",119.28,61.88,39,-4,10.60,15.00,344,-9,86.12,51.92,229,-67,66.46,65.41,383,-3,38.64,86.58,188,166,4.57,56.15,411,-11,7.16,56.64,355,34,13.14,66.65,168,244,156.22,68.81,183,98,37.91,14.87,382,11,85.80,35.93,385,4,50.58,10.67,411,0,6.86,7.97,382,-20,12.46,14.06,179,149,29.28,31.35,122,-65,4.80,18.64,381,-5,3.90,21.57,383,-5,3.70,46.43,351,-4,499.59,30.08,382,-25,20.75,74.87,236,1,10.64,89.00,166,40,45.31,84.64,144,69,7.90,94.39,84,-25,13.48,86.18,251,-46,99.93,99.93,39,-3,58.23,40.37,366,-29,47.87,52.13,284,-107,45.06,45.06,262,-3,41.93,20.37,223,6,98.57,97.44,254,23,0.00,100.00,1,0,0.10,82.45,304,-87,17.57,18.23,303,0,0.02,98.00,305,-304,0.01,98.01,289,-288,-0.06,61.65,181,-160,63.05,22.58,387,-7,19.07,13.89,349,5,5.82,70.37,92,-36,R$ 0.00,0.00,241,-9,0.30,2.30,393,4,"R$ 4,076.24",2.16,371,1,"R$ 14,829.08",0.50,412,-48,-25.03,0.00,423,-272,1.95,56.42,174,2,"R$ 2,624.20",24.14,303,0,7.51,30.20,78,332,6.51,16.19,341,-29,9.10,3.63,413,-9,23.04,37.47,201,24,93.04,35.37,335,-6,76.66,59.45,41,4,22.67,29.78,291,-14,99.40,99.91,6,34,98.27,97.90,61,79,33.61,394,-111,80.00,83,60,51.33,207,-23,70.49,227,175,18.87,384,-7,26.16,393,-1,85.48,104,14,72.39,224,-20,65.57,277,-96,40.58,372,-12,15.39,367,8,19.10,385,-17,64.48,52,-6,46.78,329,0,55.80,276,-69,56.88,297,37,30.96,374,-18
2806701,62.60,47.90,163,185,6.47,24.72,125,185,38.78,74.66,63,66,5.71,54.68,218,148,14.21,55.85,331,24,2.38,69.67,207,139,80.14,77.27,311,-52,13.20,87.76,139,-39,62.27,57.74,137,50,97.34,98.21,20,"Não comparável, alteração metodológica completa",99.06,49.03,119,-4,10.05,14.18,351,-9,99.49,69.49,25,48,76.83,77.66,281,4,100.30,65.17,339,-15,2.15,81.18,304,-40,6.35,62.85,321,3,11.03,75.89,88,330,150.79,71.28,150,79,36.75,13.29,389,-3,81.74,29.22,402,0,64.00,22.74,346,8,11.84,13.76,338,26,8.50,9.59,251,119,24.78,26.52,157,-8,6.10,40.68,150,-3,4.30,29.41,332,-4,3.70,46.43,351,-4,500.58,30.72,380,-8,11.96,86.09,142,106,20.00,79.33,238,-56,64.05,77.63,222,-36,10.96,92.04,130,-98,12.35,87.34,219,-10,96.20,96.03,156,219,51.70,47.20,343,-34,42.07,57.93,239,-120,35.17,35.17,295,8,18.17,8.83,310,-53,98.83,97.90,247,92,0.00,100.00,1,0,0.10,82.27,315,0,26.34,27.34,211,-5,0.00,100.00,1,0,0.00,100.00,1,0,0.13,64.32,50,-46,52.00,38.41,311,-3,20.93,15.86,332,8,6.69,71.46,62,62,"R$ 1,100.90",50.33,4,-1,8.25,66.00,5,3,"R$ 3,214.75",1.67,396,-7,"R$ 14,568.65",0.46,414,-5,18.54,66.75,41,312,1.45,43.58,277,-19,"R$ 4,191.20",50.07,29,-13,2.09,23.28,389,-381,3.88,8.92,401,-18,138.95,76.25,8,-1,37.73,77.59,12,-3,77.10,22.98,398,-4,96.38,98.14,4,13,19.84,25.85,331,-47,98.74,99.06,26,195,95.00,91.19,305,105,50.49,108,251,78.53,98,223,54.81,136,43,71.03,214,191,18.67,387,10,36.22,333,-4,85.79,94,6,68.85,256,68,69.08,174,-105,46.13,309,21,36.79,17,-9,54.25,15,-3,67.45,14,264,55.74,75,158,63.90,91,262,58.45,264,81,48.55,11,0
2900702,73.58,32.08,297,-22,2.27,8.23,344,-262,46.10,65.73,205,-115,20.52,49.38,309,14,9.93,71.47,235,-1,3.61,52.27,378,-16,84.98,82.80,270,-191,8.10,93.00,61,-31,43.75,33.83,373,-66,60.03,60.56,329,"Não comparável, alteração metodológica completa",83.87,39.37,223,-9,17.83,25.98,276,-14,82.23,46.80,294,16,74.97,75.46,304,-25,0.00,100.00,1,0,1.63,86.56,238,48,6.85,59.02,342,3,18.06,45.07,348,58,177.51,59.09,284,40,39.03,16.39,372,2,89.45,41.95,347,-38,67.45,25.84,310,51,29.29,34.02,232,18,6.22,7.01,310,35,19.50,20.85,208,52,5.10,23.73,348,-4,3.90,21.57,383,-5,4.20,64.29,220,-3,510.28,37.03,351,-171,33.61,58.45,343,-41,20.59,78.72,243,65,100.92,63.84,325,-11,57.89,56.08,412,-22,24.57,74.69,367,-131,94.00,93.73,200,1,62.60,35.79,377,-7,49.87,50.13,300,-2,34.59,34.59,297,9,23.34,11.34,279,12,100.00,100.00,1,316,0.00,100.00,1,0,0.05,83.38,200,63,23.12,24.00,245,27,0.13,88.80,388,-59,0.06,87.25,389,-35,0.00,62.43,128,-126,56.64,31.76,349,3,22.75,17.80,316,-5,2.42,66.08,283,132,R$ 0.00,0.00,241,-9,0.79,6.25,266,39,"R$ 8,979.95",4.97,245,11,"R$ 37,769.20",3.72,260,-2,10.76,54.84,189,218,1.35,40.86,297,22,"R$ 2,719.64",25.72,280,-9,5.03,27.02,240,-225,20.97,56.12,28,-15,63.38,33.98,164,-10,18.65,25.45,362,-43,96.75,38.25,308,4,72.08,50.45,66,65,23.53,30.98,282,8,90.24,88.17,237,11,90.56,82.10,387,5,38.85,341,-177,69.30,274,-190,45.63,319,-5,69.00,256,59,23.60,330,25,31.98,367,-29,63.76,386,-28,67.88,263,17,64.75,304,-247,42.48,349,61,17.05,324,-12,38.52,122,-42,57.99,256,71,46.16,342,-53,53.42,320,-224,53.41,350,-17,34.40,293,41
2903201,79.18,24.00,350,-13,5.78,22.02,156,7,54.10,55.98,357,-198,104.05,19.48,416,-4,6.07,85.54,67,-27,3.04,60.40,325,-12,78.00,74.81,331,-8,12.90,88.07,134,-45,47.83,39.09,336,-26,71.05,71.68,244,"Não comparável, alteração metodológica completa",106.17,53.55,82,-16,9.37,13.14,358,0,84.93,50.35,252,-32,82.24,84.06,179,-48,42.90,85.10,202,-201,1.92,83.56,286,-27,5.30,70.91,247,5,12.01,71.59,131,54,212.34,43.18,389,-54,46.85,27.03,302,6,92.56,47.09,293,4,55.69,15.26,399,-102,14.86,17.27,316,-17,13.09,14.77,164,29,23.59,25.24,169,56,4.90,20.34,368,-4,4.20,27.45,353,-5,4.00,57.14,289,-3,525.02,46.61,276,-200,39.84,50.50,368,8,1.45,98.50,55,-1,146.40,46.84,384,-16,68.55,47.90,418,-6,19.05,80.40,324,-4,95.08,94.86,181,-2,27.82,72.20,130,-21,26.75,73.25,120,-13,77.83,77.83,186,-1,68.17,33.12,145,-51,76.17,57.32,396,-27,0.00,100.00,1,0,0.49,73.46,402,-25,44.43,46.12,119,-2,0.77,32.42,417,-5,0.48,0.00,423,-9,-1.02,48.42,387,-261,49.33,42.25,291,-9,31.26,26.86,227,0,5.67,70.18,99,266,R$ 28.68,1.31,94,-24,0.93,7.33,235,-6,"R$ 33,951.41",19.26,30,-1,"R$ 59,470.74",6.78,140,25,8.43,51.26,261,-53,1.02,32.12,370,1,"R$ 2,849.61",27.87,245,-8,3.91,25.59,316,-226,9.36,24.07,242,-56,66.58,35.78,145,15,20.94,31.71,276,41,106.48,45.81,194,-16,69.18,44.77,97,0,17.60,22.73,350,8,92.02,90.46,216,-94,97.55,96.41,125,-36,30.37,409,-56,73.76,191,116,50.83,219,-33,68.75,257,-61,23.37,331,-1,33.22,356,-49,60.36,400,0,73.99,211,-36,45.71,420,-35,49.82,262,45,18.52,284,-55,30.52,233,9,60.04,179,-52,45.38,357,-51,51.12,355,-11,52.07,362,-57,35.01,273,-27
2905701,55.73,57.81,82,-1,3.06,11.33,310,-241,43.19,69.28,132,38,35.59,43.98,362,23,12.36,62.60,292,25,3.76,50.22,387,0,92.09,90.94,149,11,15.00,85.91,168,-28,69.05,66.50,71,159,59.24,59.76,335,"Não comparável, alteração metodológica completa",82.80,38.69,232,-8,27.74,41.01,183,20,79.76,43.55,332,-80,74.22,74.58,314,-20,0.00,100.00,1,174,1.35,89.45,189,-14,5.40,70.15,259,13,20.78,33.11,395,-222,204.26,46.87,370,32,38.44,15.59,378,-13,87.85,39.32,364,-21,71.27,29.28,271,3,21.25,24.68,272,5,5.63,6.34,328,4,22.97,24.58,176,98,5.10,23.73,348,-4,4.00,23.53,376,-5,3.30,32.14,404,-4,508.89,36.13,356,-99,69.51,12.65,413,4,7.88,91.85,141,-51,211.66,22.45,413,2,11.58,91.56,142,-21,2.95,97.07,67,17,95.65,95.46,170,-7,50.01,48.97,330,2,56.25,43.75,338,0,47.07,47.07,258,1,31.86,15.48,256,-45,97.85,96.15,272,18,0.00,100.00,1,0,0.02,84.11,39,-11,22.52,23.38,251,-33,0.01,98.89,271,41,0.01,98.13,280,16,0.02,62.78,101,-82,52.79,37.29,318,-8,34.15,29.93,185,-22,-1.13,61.60,383,-231,R$ 12.50,0.57,110,117,2.53,20.16,54,40,"R$ 6,027.91",3.28,324,-4,"R$ 91,283.07",11.25,43,-23,-10.00,23.03,412,-369,2.90,81.13,37,-7,"R$ 3,773.48",43.16,63,-17,2.79,24.17,370,21,16.67,44.25,61,5,26.40,13.31,348,-12,21.80,34.06,242,29,128.72,63.09,29,13,67.04,40.56,138,55,19.81,25.81,333,6,94.51,93.64,177,-28,92.46,85.99,370,-19,45.60,206,-109,70.45,258,32,46.68,300,-37,63.95,319,-23,22.35,349,13,27.13,389,-5,59.97,401,0,71.02,240,-21,67.83,205,-82,45.61,315,-53,26.08,83,-7,30.54,232,6,61.82,127,47,47.91,302,-32,57.48,235,-29,52.48,358,-11,37.95,168,-10
2910727,76.11,28.42,321,32,6.05,23.09,142,262,49.12,62.05,263,127,64.78,33.54,406,-1,9.28,73.84,207,70,3.15,58.79,340,20,90.76,89.42,180,-53,18.90,81.89,213,-7,46.06,36.80,351,11,67.81,68.42,272,"Não comparável, alteração metodológica completa",106.83,53.97,80,-5,18.63,27.19,264,-8,82.14,46.67,296,-20,76.19,76.91,292,-19,64.52,77.60,253,113,2.48,77.77,333,-32,4.70,75.52,179,-48,24.52,16.73,419,-36,218.31,40.46,395,18,40.08,17.82,365,-5,87.88,39.36,363,-16,50.01,10.16,412,-7,19.29,22.41,281,-15,3.54,3.99,388,-160,53.74,57.58,23,15,4.20,8.47,420,-5,3.70,17.65,398,-5,4.00,57.14,289,-3,530.94,50.46,249,-122,48.13,39.93,389,21,13.43,86.11,188,36,140.66,48.99,376,33,15.77,88.36,205,43,24.28,74.98,364,-105,94.01,93.74,199,11,17.70,82.80,36,1,15.36,84.64,49,-14,10.95,10.95,356,-2,9.94,4.83,336,-5,98.12,96.63,260,1,0.00,100.00,1,0,0.12,81.97,328,-14,16.99,17.64,310,-23,0.00,99.74,219,20,0.00,99.22,227,35,0.24,65.74,29,7,59.01,28.36,362,7,30.02,25.53,242,-1,5.15,69.52,129,228,R$ 0.17,0.01,215,13,0.79,6.24,267,-2,"R$ 7,883.16",4.34,274,-4,"R$ 37,503.23",3.69,265,8,8.01,50.63,273,96,1.20,36.84,337,-4,"R$ 2,767.08",26.51,263,5,6.44,28.82,136,30,10.44,27.03,206,-30,52.42,27.85,228,10,19.41,27.55,336,20,94.94,36.85,321,-15,69.20,44.81,96,-36,13.15,16.55,387,-3,95.58,95.02,158,-14,92.83,86.76,365,-13,36.77,364,45,71.92,223,-47,50.90,217,-14,51.27,406,1,25.78,304,-24,26.64,391,-12,66.67,373,26,65.69,277,0,66.27,257,-53,45.19,319,52,16.37,338,-12,27.48,271,16,56.00,316,-99,44.34,374,14,53.58,319,40,51.30,372,13,31.88,357,-2
2910800,66.23,42.67,205,-4,3.08,11.39,306,-82,54.11,55.96,358,-62,2.43,55.85,197,5,5.96,85.94,62,30,2.41,69.28,215,-18,71.54,67.42,367,-127,12.70,88.27,129,-18,64.73,60.92,109,-26,28.48,28.73,408,"Não comparável, alteração metodológica completa",77.61,35.39,270,-25,21.81,32.01,237,-3,74.38,36.48,388,-46,58.09,55.51,412,-7,39.07,86.43,191,-20,4.09,61.12,405,-8,9.93,35.38,415,-18,18.23,44.29,352,-133,238.66,31.16,414,-22,29.65,3.64,418,-20,79.35,25.27,416,-37,62.17,21.09,360,11,12.39,14.39,333,-1,6.87,7.75,292,-38,34.54,36.99,82,91,4.40,11.86,410,-5,3.70,17.65,398,-5,3.60,42.86,368,-4,522.43,44.93,292,-169,73.41,7.66,419,-5,0.62,99.36,48,-6,225.61,17.23,417,-3,34.65,73.88,369,-21,15.59,83.99,283,-13,92.90,92.58,213,34,34.80,64.90,204,10,37.79,62.21,214,-12,56.65,56.65,242,2,62.08,30.17,165,-19,98.03,96.47,263,-262,0.00,100.00,1,0,0.05,83.39,199,-4,20.91,21.70,268,-44,0.04,96.56,324,37,0.03,94.23,354,-34,1.11,77.80,6,347,53.56,36.18,326,0,28.78,24.21,258,2,5.87,70.43,88,126,R$ 20.48,0.94,104,-13,1.43,11.33,155,-11,"R$ 13,081.27",7.32,168,11,"R$ 35,449.37",3.40,277,-3,11.32,55.69,172,31,2.07,59.55,148,14,"R$ 2,421.16",20.78,349,-2,6.46,28.85,132,203,7.99,20.29,281,-24,62.74,33.63,166,-11,17.93,23.48,383,-25,106.72,46.00,189,-41,69.54,45.48,93,68,14.06,17.81,379,8,93.55,92.42,192,6,87.62,76.08,402,0,41.47,303,-35,63.60,348,-174,38.54,392,-22,52.82,402,-67,18.49,389,-4,24.47,404,-16,51.95,415,-8,76.13,189,-8,68.40,192,88,47.44,296,25,21.01,207,32,25.80,295,-5,55.56,325,23,43.70,381,-26,52.06,339,-119,48.81,393,-15,33.76,309,19
2911709,80.32,22.35,359,3,8.49,32.67,71,69,54.29,55.74,364,-62,58.04,35.95,397,-17,4.58,90.98,21,-13,2.99,61.07,318,-58,97.15,96.74,39,8,17.50,83.33,197,-79,47.68,38.90,339,-11,29.51,29.77,405,"Não comparável, alteração metodológica completa",114.70,58.97,54,5,5.74,7.63,396,-7,85.47,51.06,241,-20,86.48,89.07,80,47,92.00,68.05,325,-5,1.52,87.69,220,16,2.76,90.41,11,20,9.20,83.93,37,350,153.46,70.07,169,-1,50.43,31.91,261,5,96.58,53.74,193,27,76.31,33.81,209,38,30.60,35.54,221,11,10.98,12.39,202,40,12.94,13.83,295,117,5.40,28.81,303,-4,4.60,35.29,271,-3,4.20,64.29,220,-3,535.46,53.40,220,-117,11.82,86.26,139,108,21.43,77.85,254,-253,86.66,69.18,294,90,59.10,55.15,413,3,1.71,98.36,41,375,85.95,85.32,284,41,29.86,70.07,154,-59,26.02,73.98,116,-45,57.42,57.42,241,2,63.86,31.03,157,-4,,0.00,413,-33,,0.00,345,-18,0.13,81.64,336,10,25.26,26.22,221,77,0.00,99.73,223,59,0.01,98.90,247,33,1.08,77.33,7,375,67.22,16.60,402,-4,23.83,18.95,307,2,5.38,69.81,116,-89,R$ 0.22,0.01,203,-4,1.14,9.06,195,-5,"R$ 7,932.57",4.37,273,-41,"R$ 23,093.63",1.66,357,-12,9.72,53.24,224,32,1.29,39.20,314,-20,"R$ 2,756.14",26.33,266,131,37.89,68.94,5,362,20.54,54.92,32,-15,79.60,43.06,77,5,27.27,49.02,98,10,104.93,44.61,213,58,82.07,70.05,28,38,25.22,33.33,259,-18,97.64,97.66,84,3,96.28,93.83,245,-58,36.68,367,-7,66.49,315,-295,52.79,177,5,77.02,115,189,28.28,268,42,40.98,279,-37,75.46,314,98,43.17,387,-52,70.24,153,178,40.07,378,-54,21.32,200,165,49.00,35,-7,67.90,13,52,48.63,276,8,50.94,359,-225,55.22,325,45,40.12,111,86
2913606,75.61,29.14,318,-9,0.97,3.10,394,6,53.41,56.82,350,-97,78.06,28.78,411,-13,15.43,51.40,353,-51,3.58,52.80,376,-56,73.20,69.32,358,-9,14.50,86.42,158,-4,37.22,25.39,405,-11,78.48,79.18,178,"Não comparável, alteração metodológica completa",89.35,42.85,188,-23,12.82,18.38,325,-2,71.78,33.06,397,-5,60.11,57.91,408,1,51.47,82.13,219,-4,2.63,76.22,341,13,5.74,67.54,284,37,20.59,33.97,392,23,231.63,34.37,411,-23,36.03,12.31,394,-9,87.52,38.76,366,1,61.31,20.31,367,-2,16.77,19.48,296,12,5.93,6.69,321,46,29.34,31.42,120,24,4.10,6.78,421,-5,3.90,21.57,383,-5,3.50,39.29,384,-4,531.67,50.93,246,-59,56.08,29.78,404,5,25.35,73.79,275,-29,174.17,36.46,403,2,20.10,85.04,260,18,2.22,97.83,50,30,92.93,92.62,211,73,26.73,73.35,117,74,36.33,63.67,201,9,65.03,65.03,226,8,67.57,32.83,147,-42,90.60,83.17,361,36,0.00,100.00,1,0,0.07,83.04,253,-133,74.12,76.94,24,6,0.00,99.88,195,115,0.00,99.39,211,92,-0.17,60.15,244,-210,52.74,37.36,317,6,24.26,19.40,303,-13,2.11,65.69,299,-238,R$ 99.03,4.53,56,-21,0.78,6.16,272,-21,"R$ 6,778.27",3.71,306,6,"R$ 40,494.94",4.11,244,-11,7.90,50.45,279,-126,1.41,42.43,287,5,"R$ 2,723.66",25.79,277,-4,3.47,25.03,339,-6,14.68,38.74,86,-5,70.47,37.95,119,9,20.17,29.62,305,-28,113.93,51.60,103,36,66.75,40.01,139,-63,28.28,37.58,216,8,97.00,96.85,114,-24,93.73,88.60,347,30,29.46,411,-23,66.36,319,-97,38.02,398,-3,54.50,394,5,21.04,361,8,24.49,403,-5,62.53,392,6,75.88,192,98,82.77,14,-9,44.37,326,-36,17.41,312,-46,35.43,169,-5,62.93,85,-8,45.04,363,-2,47.11,388,-50,52.83,356,33,35.32,263,-53
2914802,78.40,25.13,342,7,3.62,13.54,281,-139,59.49,49.40,403,-73,61.16,34.83,400,-23,9.79,71.99,229,121,2.68,65.44,265,-28,65.44,60.44,387,-59,17.80,83.02,201,-75,51.74,44.14,280,90,47.17,47.59,376,"Não comparável, alteração metodológica completa",94.36,46.04,147,37,18.00,26.24,275,-12,78.48,41.86,352,-104,66.17,65.06,387,-12,46.93,83.70,212,2,2.24,80.25,314,11,6.76,59.71,340,-103,24.40,17.23,418,-5,226.11,36.89,403,1,40.35,18.19,362,-21,87.69,39.04,365,-39,61.17,20.19,368,-6,22.43,26.05,266,4,12.99,14.66,166,-21,34.83,37.30,81,46,4.30,10.17,415,-5,3.50,13.73,413,-5,3.90,53.57,310,-4,526.75,47.73,269,-116,29.49,63.71,313,49,26.58,72.52,276,-19,110.20,60.38,348,41,23.39,82.52,293,45,1.83,98.23,43,-18,96.77,96.63,144,52,46.93,52.20,312,89,54.60,45.40,323,79,86.72,86.72,133,56,22.83,11.09,283,85,94.94,90.94,330,-25,0.00,100.00,1,0,0.09,82.63,284,-3,51.85,53.82,92,-21,0.00,100.00,1,294,0.00,100.00,1,298,-0.38,57.27,322,-315,53.29,36.57,324,-4,26.58,21.88,273,-3,-0.20,62.78,360,24,R$ 98.55,4.51,57,-18,1.15,9.14,190,-2,"R$ 8,617.32",4.76,258,-48,"R$ 27,595.86",2.29,330,14,7.77,50.25,285,102,1.52,45.23,265,-11,"R$ 2,390.25",20.27,353,-4,1.80,22.91,395,-84,7.32,18.43,310,-51,65.71,35.29,147,0,22.73,36.61,207,25,113.48,51.25,106,-46,67.73,41.92,122,133,25.25,33.37,258,3,98.39,98.63,53,12,97.03,95.36,191,78,30.73,408,-47,62.11,363,-176,44.52,336,-29,50.75,408,-14,25.93,302,1,24.85,399,-9,74.80,320,45,78.72,167,59,75.74,68,-59,43.61,333,20,17.48,309,-42,30.11,237,0,64.11,57,58,45.38,358,-40,45.74,396,-113,55.07,327,8,34.43,291,-7
2917508,78.77,24.59,345,13,2.11,7.61,358,-18,41.89,70.87,108,68,22.76,48.58,323,-29,6.23,84.97,76,82,3.09,59.65,333,-32,77.66,74.43,334,44,9.50,91.56,80,-7,37.71,26.03,401,-20,35.46,35.78,398,"Não comparável, alteração metodológica completa",117.13,60.52,43,-3,13.17,18.90,323,10,76.19,38.86,378,-69,74.51,74.92,309,0,93.37,67.58,326,-325,3.70,65.15,399,-39,5.46,69.69,267,77,11.20,75.13,95,187,255.19,23.62,421,-20,48.18,28.84,289,-13,93.07,47.94,281,-50,69.11,27.33,295,19,28.16,32.70,242,3,2.59,2.92,410,-109,40.39,43.26,53,51,4.60,15.25,391,-5,3.60,15.69,407,-5,4.20,64.29,220,-3,534.93,53.06,223,-88,70.40,11.51,415,-17,8.96,90.74,149,-47,215.83,20.89,414,-56,49.63,62.41,405,-73,13.23,86.43,243,86,,0.00,408,-120,27.52,72.52,126,52,30.42,69.58,151,4,41.16,41.16,272,32,36.85,17.91,246,25,59.65,27.74,408,-30,100.00,0.00,345,-18,0.15,81.31,345,-237,62.00,64.36,58,11,0.08,93.26,361,22,0.05,90.49,374,-6,-0.32,58.08,305,97,61.04,25.45,374,-1,18.54,13.32,355,-7,-1.80,60.76,389,-135,R$ 0.00,0.00,241,-71,0.39,2.99,380,4,"R$ 6,713.81",3.67,307,-22,"R$ 24,580.97",1.87,350,-34,11.77,56.39,160,94,0.79,26.35,393,-1,"R$ 3,081.82",31.71,195,28,10.55,34.07,27,41,20.21,54.01,33,-18,65.56,35.20,148,-57,19.60,28.05,325,12,93.53,35.75,333,-3,88.05,81.79,17,31,28.56,37.98,209,17,96.56,96.27,127,-3,96.14,93.54,253,-34,37.91,349,16,63.18,349,20,48.76,267,-40,57.84,370,-53,29.66,238,18,29.87,380,-13,49.41,418,-38,25.20,409,-43,76.17,64,38,37.12,398,-11,15.30,369,-3,39.09,110,-34,69.07,9,39,42.18,400,-32,49.99,369,14,44.68,415,-52,35.40,258,1
2918001,79.03,24.22,348,-6,6.46,24.70,126,-16,50.06,60.90,285,-5,49.22,39.11,385,4,5.83,86.41,58,10,3.42,55.06,361,6,92.73,91.68,137,0,9.30,91.77,77,-31,57.20,51.19,207,-62,44.24,44.63,382,"Não comparável, alteração metodológica completa",105.92,53.39,83,17,6.80,9.25,387,-5,81.55,45.90,307,-98,72.32,72.34,348,-5,112.04,61.09,357,-356,1.83,84.49,272,3,5.45,69.76,264,-82,16.81,50.55,319,38,237.19,31.83,412,4,42.83,21.57,339,-23,86.29,36.74,377,-16,56.46,15.95,397,-12,40.36,46.88,155,22,20.47,23.10,99,82,27.63,29.57,131,6,4.50,13.56,402,-5,3.60,15.69,407,-5,3.90,53.57,310,-4,524.33,46.16,279,-132,79.42,0.00,423,-8,13.55,85.99,191,70,264.05,2.86,422,-5,36.15,72.73,373,-11,1.36,98.73,35,-11,91.53,91.15,230,16,21.03,79.31,58,33,23.68,76.32,103,-29,83.12,83.12,159,5,89.38,43.43,54,-2,88.90,80.12,369,-368,0.00,100.00,1,0,0.10,82.40,307,-55,73.77,76.58,26,10,0.01,99.49,250,123,0.02,96.77,316,65,0.40,68.04,17,78,55.86,32.89,342,-3,21.57,16.54,326,-6,3.73,67.73,207,134,R$ 0.00,0.00,241,-9,1.05,8.33,208,19,"R$ 6,085.69",3.31,323,-17,"R$ 24,448.29",1.85,351,-11,7.44,49.74,290,-222,1.15,35.58,346,-9,"R$ 2,375.45",20.03,359,0,6.42,28.80,141,-15,10.38,26.88,209,-91,63.27,33.93,165,-1,19.24,27.08,342,-28,90.66,33.52,348,-10,74.04,54.30,50,7,16.48,21.18,364,-8,95.89,95.42,149,-32,93.34,87.81,356,-60,37.23,357,-9,70.90,245,-173,46.70,299,-27,53.69,399,-41,29.81,234,35,26.37,392,-12,47.58,420,-4,81.12,146,-55,83.18,12,16,43.15,339,35,15.41,366,-32,29.29,248,-34,58.44,239,-88,45.59,354,-63,53.33,323,-146,54.20,342,-35,32.06,350,-27
2918407,72.98,32.93,287,10,4.22,15.89,243,117,54.32,55.71,365,-21,30.09,45.95,347,-7,15.82,50.00,358,21,2.29,70.94,186,2,66.99,62.21,383,-39,16.90,83.95,190,-110,56.71,50.56,212,86,38.87,39.21,391,"Não comparável, alteração metodológica completa",93.27,45.35,154,-21,13.38,19.23,322,-4,84.11,49.26,264,-96,69.93,69.51,363,-32,139.59,51.53,381,-80,3.07,71.66,373,-22,5.24,71.37,242,55,22.05,27.53,404,-22,243.70,28.86,419,-21,51.70,33.63,246,8,92.74,47.40,289,4,58.80,18.06,382,-12,17.86,20.74,287,-4,15.92,17.97,135,-32,32.75,35.07,94,112,5.30,27.12,318,-4,4.40,31.37,317,-4,3.60,42.86,368,-4,493.43,26.07,399,-88,69.55,12.59,414,-8,2.75,97.16,69,-10,161.89,41.05,393,2,18.86,85.99,251,-27,18.58,80.89,318,25,94.35,94.10,192,-89,45.33,53.87,297,-78,31.90,68.10,169,-32,83.94,83.94,154,-1,77.03,37.43,109,-19,79.62,63.50,393,-27,100.00,0.00,345,-18,0.18,80.64,360,-17,45.80,47.54,111,141,0.02,98.56,284,6,0.08,84.47,394,-34,0.96,75.75,10,394,59.53,27.62,366,-12,24.37,19.53,302,-17,1.26,64.62,328,-81,R$ 0.00,0.00,241,-9,0.38,2.94,381,-6,"R$ 8,643.74",4.78,255,14,"R$ 25,900.17",2.06,340,-26,11.87,56.54,157,-34,1.08,33.78,357,-19,"R$ 2,011.45",14.01,408,3,2.60,23.93,377,16,12.62,33.07,137,-94,30.76,15.74,328,-35,20.92,31.66,279,2,87.80,31.30,362,22,73.07,52.39,56,64,17.50,22.59,351,-35,97.81,97.88,76,-46,97.06,95.42,186,-176,37.62,352,28,57.41,382,-133,46.33,306,-71,43.08,420,-29,27.97,274,26,30.99,370,-14,59.46,403,-17,64.61,283,-29,73.59,96,206,41.17,362,5,13.74,400,2,26.82,285,-87,59.92,183,32,42.22,399,-17,47.08,389,-54,50.19,383,-17,30.88,376,-4
2919207,61.11,50.05,142,-25,1.50,5.19,383,15,49.86,61.15,277,134,63.26,34.08,403,0,9.14,74.34,200,119,3.91,48.13,392,-11,90.18,88.75,195,74,12.50,88.48,123,-15,92.66,96.98,3,374,41.88,42.25,386,"Não comparável, alteração metodológica completa",70.27,30.72,308,-23,31.46,46.65,143,-20,62.19,20.45,417,-3,71.82,71.74,352,-4,0.00,100.00,1,306,3.27,69.60,384,-37,7.05,57.48,350,-28,18.58,42.79,360,-32,201.12,48.31,356,7,39.28,16.73,371,-13,92.91,47.68,285,-196,80.99,38.02,154,-9,40.37,46.90,154,-11,7.31,8.25,281,-26,12.95,13.84,294,69,4.60,15.25,391,-5,3.60,15.69,407,-5,3.40,35.71,395,-4,542.43,57.93,188,-146,74.78,5.91,421,-14,15.10,84.39,208,-12,260.59,4.15,421,-5,4.59,96.93,40,-29,10.11,89.66,173,-27,98.40,98.33,88,-9,45.42,53.78,299,8,53.92,46.08,317,7,41.94,41.94,268,6,41.01,19.93,227,-7,100.00,100.00,1,0,0.00,100.00,1,0,-0.05,85.71,4,2,18.21,18.90,293,-33,0.00,100.00,1,319,0.00,100.00,1,258,0.09,63.68,66,4,45.61,47.58,267,-1,77.78,76.35,7,-2,4.06,68.15,187,74,R$ 0.46,0.02,184,48,1.52,12.07,139,50,"R$ 12,229.77",6.83,179,8,"R$ 43,861.88",4.58,221,-10,11.42,55.85,168,68,2.36,67.28,93,-25,"R$ 2,158.62",16.44,397,-5,7.12,29.69,97,247,9.95,25.69,224,-70,67.16,36.10,140,-4,19.42,27.55,335,76,124.24,59.62,45,-15,61.84,30.37,243,48,19.54,25.43,335,13,72.40,65.30,359,17,96.10,93.46,256,-17,37.62,353,52,70.46,257,-74,36.79,404,-11,63.67,325,42,27.45,280,-32,25.92,395,-12,54.84,413,-25,72.27,228,-18,67.56,217,-7,64.62,46,2,21.89,182,31,29.78,244,66,54.83,342,31,46.42,334,19,53.32,324,31,51.34,370,-9,37.44,182,58
2919553,71.00,35.80,265,23,15.37,59.69,8,0,41.99,70.74,110,-58,27.11,47.02,337,-17,7.05,81.98,113,-40,3.89,48.45,390,-6,91.62,90.41,157,80,9.20,91.87,75,-6,53.48,46.39,253,-2,80.58,81.29,161,"Não comparável, alteração metodológica completa",84.14,39.54,221,19,10.67,15.12,343,13,87.65,53.93,203,53,87.51,90.29,53,34,0.00,100.00,1,373,1.40,88.93,200,136,3.49,84.80,49,113,15.27,57.28,265,-196,161.02,66.62,202,82,47.44,27.83,295,-4,103.79,65.65,49,36,59.27,18.48,380,-8,28.36,32.95,241,-18,4.14,4.67,375,-65,3.76,3.98,394,1,5.30,27.12,318,-4,4.80,39.22,223,-3,3.70,46.43,351,-4,516.01,40.76,326,-154,30.00,63.06,318,29,7.89,91.84,142,8,70.35,75.27,249,108,18.00,86.65,235,134,15.04,84.56,276,11,96.96,96.82,137,102,21.20,79.14,60,42,19.09,80.91,74,15,82.05,82.05,167,28,79.39,38.58,98,37,88.16,78.80,374,-137,0.00,100.00,1,0,0.15,81.20,348,2,21.82,22.65,254,22,0.14,87.26,393,16,0.20,58.66,416,-4,-0.61,54.02,357,-120,50.41,40.69,297,-6,45.48,41.99,64,2,8.35,73.56,25,77,R$ 0.00,0.00,241,-9,0.80,6.32,262,41,"R$ 36,484.58",20.71,26,8,"R$ 107,118.30",13.48,23,2,-3.18,33.47,396,-318,1.24,38.02,321,-20,"R$ 2,864.36",28.12,242,3,5.86,28.08,183,-43,3.29,7.30,407,-8,41.74,21.88,272,-1,16.95,20.80,402,-4,130.26,64.29,25,1,65.61,37.77,164,30,25.32,33.47,257,11,93.74,92.67,187,30,97.04,95.38,188,-77,53.31,62,-28,78.84,94,226,48.72,269,28,77.08,114,206,23.25,333,-9,36.64,325,-38,78.73,257,98,81.55,143,-7,58.24,412,4,55.15,181,16,19.37,260,-63,16.66,398,3,64.71,45,34,50.98,227,36,65.52,58,103,59.15,253,57,34.47,289,-42
2924009,85.94,14.25,394,-24,3.61,13.48,283,55,56.35,53.23,385,-155,10.67,52.90,254,27,7.88,78.94,153,82,3.31,56.55,356,-4,48.73,41.31,404,-119,16.20,84.67,181,-17,56.28,50.00,217,117,27.18,27.42,409,"Não comparável, alteração metodológica completa",81.29,37.73,242,-11,8.19,11.35,370,-5,83.97,49.09,267,0,82.03,83.81,186,129,0.00,100.00,1,0,1.75,85.32,258,34,4.80,74.75,196,11,9.75,81.52,48,233,186.60,54.94,311,-18,39.63,17.21,369,-7,93.00,47.83,283,-15,69.21,27.43,294,37,14.01,16.27,322,-19,2.62,2.95,408,-9,29.31,31.38,121,219,5.10,23.73,348,-4,4.50,33.33,295,-4,3.90,53.57,310,-4,511.34,37.72,346,-172,40.29,49.93,373,-43,11.11,88.51,170,-79,84.69,69.91,289,19,10.91,92.08,128,81,3.85,96.14,85,139,88.37,87.85,263,30,45.98,53.19,303,-14,55.22,44.78,329,-20,34.57,34.57,298,-3,37.07,18.01,243,-8,95.74,92.37,317,89,0.00,100.00,1,326,0.04,83.70,141,-85,53.48,55.51,82,-1,0.08,93.18,362,-76,0.01,97.66,298,-22,1.43,82.19,4,394,57.88,29.99,358,-5,19.66,14.52,347,-1,0.90,64.17,341,-226,R$ 1.07,0.05,162,70,0.61,4.78,329,60,"R$ 6,788.56",3.71,305,-23,"R$ 37,732.71",3.72,261,-33,6.23,47.89,320,96,0.84,27.64,387,4,"R$ 2,606.90",23.86,305,-6,7.24,29.85,90,210,18.99,50.65,38,-30,58.66,31.34,193,-8,29.35,54.70,70,81,92.71,35.11,337,13,74.01,54.24,51,10,24.02,31.65,277,22,98.39,98.62,54,-12,98.49,98.34,37,-11,33.47,395,-23,54.42,399,-147,44.80,332,6,79.06,84,103,22.45,345,38,34.24,352,-50,76.94,282,-8,66.29,275,119,78.78,41,48,40.22,374,-12,14.28,396,-7,45.56,55,-28,63.60,69,5,46.79,328,30,43.49,405,-74,58.44,265,111,35.53,249,-12
2925303,66.78,41.88,212,-8,13.18,51.11,15,28,51.72,58.88,316,44,57.27,36.22,395,-9,12.15,63.36,288,-7,2.50,68.05,233,-73,93.80,92.90,112,47,8.70,92.39,69,16,45.02,35.46,360,-77,73.97,74.63,219,"Não comparável, alteração metodológica completa",85.29,40.27,216,-29,7.07,9.66,384,-5,79.42,43.10,340,-33,72.48,72.52,344,-28,36.85,87.21,183,10,2.64,76.11,342,39,6.65,60.55,337,35,15.11,58.01,254,-52,227.26,36.37,405,-21,42.39,20.97,344,-15,94.63,50.52,245,4,45.59,6.18,419,-6,28.94,33.62,235,2,5.46,6.16,332,68,38.86,41.62,59,60,5.10,23.73,348,-4,4.20,27.45,353,-5,3.60,42.86,368,-4,518.27,42.22,317,-69,63.53,20.27,408,-16,9.45,90.23,157,53,193.15,29.37,409,-24,30.94,76.73,349,1,22.67,76.66,352,-20,84.52,83.83,295,52,23.44,76.79,83,69,27.63,72.37,126,-5,68.14,68.14,216,12,104.23,50.65,15,-10,100.00,100.00,1,361,0.00,100.00,1,0,0.08,82.70,278,-41,38.76,40.24,139,-13,0.00,100.00,1,325,0.00,100.00,1,381,-0.02,62.18,151,-35,57.71,30.23,355,9,31.92,27.55,217,39,0.62,63.82,346,61,R$ 21.74,0.99,100,132,0.43,3.35,365,-31,"R$ 4,788.87",2.57,353,11,"R$ 29,763.04",2.60,316,-13,12.82,58.00,126,-68,1.00,31.77,374,-11,"R$ 2,135.92",16.06,399,8,2.88,24.29,365,21,3.84,8.80,403,-21,27.24,13.78,343,-5,16.10,18.49,411,3,119.01,55.55,75,1,66.23,38.98,150,-49,24.30,32.05,269,31,96.57,96.29,126,-34,97.71,96.75,106,-28,47.02,179,48,74.97,170,-23,41.49,366,-23,62.09,340,-10,26.64,293,19,31.24,368,-4,55.75,412,-23,81.02,147,66,72.58,109,26,43.86,330,64,13.68,401,0,13.69,412,2,63.92,62,-2,46.17,341,16,60.39,166,8,54.59,335,7,29.54,397,7
2927408,47.36,69.87,31,-16,8.39,32.26,74,-41,31.11,84.01,12,8,23.48,48.32,327,-9,5.01,89.41,29,-11,2.56,67.17,243,6,100.00,100.00,1,3,6.80,94.34,44,-38,71.86,70.12,49,-6,81.45,82.17,149,"Não comparável, alteração metodológica completa",63.20,26.23,342,-15,32.36,48.03,135,-4,79.99,43.85,327,72,72.73,72.82,339,10,89.38,68.96,318,-74,2.60,76.53,340,-5,6.22,63.85,315,25,16.69,51.09,311,8,200.97,48.37,354,40,45.50,25.20,316,-29,79.76,25.95,414,-30,68.23,26.54,302,-7,48.51,56.35,101,37,9.91,11.18,221,63,20.07,21.46,204,57,5.30,27.12,318,-4,3.90,21.57,383,-5,3.60,42.86,368,-4,533.73,52.27,233,-148,49.94,37.61,394,1,19.76,79.57,236,0,165.39,39.74,398,4,8.25,94.12,91,-26,9.77,90.02,167,-13,97.91,97.82,103,-16,53.39,45.44,352,-7,62.14,37.86,362,-6,88.56,88.56,120,1,103.17,50.13,18,5,96.65,94.00,299,-298,0.00,100.00,1,0,0.04,83.71,138,7,6.79,7.05,394,-19,0.00,99.67,236,8,0.00,99.51,200,53,-0.01,62.39,131,-32,44.51,49.16,260,-13,40.16,36.32,107,-7,3.29,67.18,237,-24,R$ 180.67,8.26,41,4,2.10,16.71,76,-2,"R$ 15,989.05",8.98,127,-13,"R$ 31,724.15",2.87,303,31,11.54,56.03,166,189,2.77,77.89,49,6,"R$ 3,999.02",46.89,41,-17,0.33,21.03,406,-264,11.85,30.94,165,-42,61.51,32.94,177,12,31.96,61.82,41,-8,129.09,63.38,28,-5,63.31,33.24,210,83,19.22,24.98,340,-19,77.27,71.55,325,4,93.50,88.14,353,-11,58.61,19,-15,86.48,18,-10,43.50,349,39,58.95,359,12,28.16,270,20,32.08,366,-23,67.54,369,3,83.61,118,-47,63.30,356,-19,53.21,208,-6,28.06,59,-3,41.90,88,-29,56.26,304,17,53.18,149,-26,71.94,8,-6,55.50,322,0,41.01,90,-4
2928703,80.46,22.16,361,-11,3.71,13.87,276,-253,40.37,72.72,82,-3,24.09,48.10,330,-71,6.62,83.52,90,-46,2.37,69.79,205,110,74.10,70.35,351,-9,17.00,83.85,193,-32,49.43,41.16,313,-29,50.20,50.65,367,"Não comparável, alteração metodológica completa",115.31,59.36,51,23,8.93,12.47,361,-2,82.83,47.59,288,5,81.80,83.54,193,11,0.00,100.00,1,0,1.85,84.28,276,-20,6.11,64.70,305,-14,10.95,76.24,85,283,193.40,51.83,328,37,50.95,32.60,253,-18,90.12,43.06,336,-60,77.02,34.45,202,-5,37.26,43.28,179,29,10.07,11.37,218,-72,17.93,19.18,226,64,4.60,15.25,391,-5,3.80,19.61,391,-5,3.50,39.29,384,-4,522.77,45.15,290,-250,72.30,9.08,417,-13,2.47,97.45,65,-64,242.24,11.01,420,-8,62.23,52.74,415,-5,0.64,99.47,13,-8,88.35,87.83,264,36,28.55,71.44,136,-10,28.87,71.13,137,1,24.69,24.69,317,4,22.83,11.09,283,-8,94.26,89.72,336,-97,0.00,100.00,1,0,0.07,83.01,257,0,17.03,17.67,309,-1,0.00,100.00,1,218,0.00,100.00,1,196,0.97,75.87,9,80,52.45,37.78,314,13,32.46,28.13,208,6,6.02,70.62,83,289,R$ 0.06,0.00,234,-2,1.02,8.07,216,0,"R$ 8,619.25",4.76,257,4,"R$ 29,386.39",2.55,321,-8,10.61,54.61,194,29,1.55,46.05,257,-19,"R$ 2,250.31",17.96,386,0,6.96,29.49,105,11,15.48,40.97,72,-15,81.76,44.26,68,-2,17.17,21.40,399,-3,115.51,52.83,96,-16,71.25,48.83,78,56,27.63,36.68,223,5,96.69,96.44,123,22,94.44,90.04,326,12,39.21,339,-234,67.12,309,-3,51.65,206,32,75.72,130,153,29.45,241,4,25.69,396,-25,47.37,421,-13,65.21,278,-7,68.18,198,67,49.10,272,66,17.43,311,-18,35.54,166,8,64.96,42,41,46.63,330,-20,52.56,332,-105,52.97,355,-1,36.54,217,36
2930501,88.44,10.66,402,1,4.03,15.13,256,-51,51.50,59.15,309,-3,4.79,55.01,212,175,3.77,93.91,5,96,2.29,71.02,185,-9,89.20,87.63,215,-110,18.40,82.41,209,-69,44.65,34.99,366,32,38.94,39.28,390,"Não comparável, alteração metodológica completa",108.27,54.88,74,34,8.85,12.36,364,-4,81.11,45.33,310,41,68.74,68.10,370,-32,217.86,24.35,417,-416,2.52,77.35,335,31,6.53,61.47,332,-1,23.97,19.15,414,-174,205.59,46.26,375,-53,63.19,49.26,96,-49,90.66,43.97,330,-64,74.05,31.78,235,23,68.85,79.97,31,-10,11.24,12.68,194,-133,25.09,26.85,150,91,4.40,11.86,410,-5,3.50,13.73,413,-5,3.70,46.43,351,-4,491.67,24.93,404,-164,26.06,68.09,289,19,0.00,100.00,1,73,77.31,72.67,271,-64,13.03,90.46,161,30,45.93,52.56,413,-7,99.83,99.82,42,102,13.70,86.99,18,37,62.49,37.51,363,-32,9.24,9.24,358,1,7.07,3.44,346,-7,85.28,73.64,383,-95,100.00,0.00,345,-18,0.10,82.38,308,-33,19.64,20.39,282,-100,0.18,84.60,399,7,0.02,95.56,341,-1,-1.69,39.18,407,-8,69.41,13.47,409,0,17.21,11.90,367,-15,-4.74,57.06,404,-361,R$ 0.00,0.00,241,-9,0.66,5.21,313,28,"R$ 7,494.56",4.12,283,-44,"R$ 17,662.57",0.90,397,2,13.39,58.86,112,233,0.71,24.18,399,-12,"R$ 2,379.50",20.09,357,26,12.96,37.15,18,156,20.66,55.27,31,-13,37.81,19.69,287,-18,19.22,27.00,343,46,103.28,43.33,235,-24,79.12,64.27,36,7,7.83,9.15,416,-2,95.69,95.16,156,26,93.56,88.25,352,9,34.99,388,3,68.34,287,5,46.81,296,34,37.82,422,-198,40.57,89,-20,20.42,416,-15,77.48,276,21,47.90,376,-18,60.70,401,-96,31.70,412,-30,14.51,391,-7,33.99,193,-6,60.03,180,8,42.08,401,-34,50.94,358,9,47.79,403,-67,31.19,369,-12
2930709,76.31,28.14,323,-7,3.99,15.00,257,-198,54.17,55.89,361,22,50.01,38.82,386,-5,14.46,54.97,338,-6,3.89,48.45,391,-6,96.55,96.05,54,75,14.60,86.32,163,19,39.64,28.51,394,12,67.57,68.17,273,"Não comparável, alteração metodológica completa",74.43,33.37,290,-21,15.48,22.41,307,5,64.60,23.62,415,-59,57.47,54.78,413,2,75.41,73.81,280,4,4.54,56.46,410,-5,8.47,46.58,391,15,22.62,25.03,406,3,250.66,25.68,420,-14,45.05,24.58,322,-41,81.26,28.43,405,-8,66.04,24.57,321,11,38.70,44.95,173,3,15.87,17.90,137,-6,14.62,15.63,271,14,4.90,20.34,368,-4,3.50,13.73,413,-5,3.70,46.43,351,-4,499.26,29.87,384,-45,64.79,18.67,410,2,18.75,80.62,231,-50,189.43,30.75,408,0,8.31,94.08,94,16,8.22,91.62,146,-10,82.23,81.44,313,26,60.90,37.57,375,-2,70.96,29.04,391,-13,41.12,41.12,273,10,53.42,25.96,187,-9,,0.00,413,-61,,0.00,345,-344,0.02,84.07,50,22,26.45,27.45,210,-13,0.02,98.09,304,-303,0.01,97.52,301,-300,0.94,75.47,12,-3,62.76,22.99,386,-2,54.02,51.07,24,5,6.37,71.06,73,196,R$ 0.00,0.00,241,-9,1.66,13.24,123,-27,"R$ 4,654.02",2.49,359,4,"R$ 74,270.21",8.86,78,71,14.61,60.74,90,-37,2.73,76.91,51,13,"R$ 2,766.41",26.50,264,-5,4.87,26.83,250,-65,15.86,42.02,68,-30,12.09,5.30,400,-8,16.00,18.20,413,-4,119.54,55.96,70,18,72.04,50.38,67,71,10.73,13.18,398,-10,93.99,92.98,183,-6,86.00,72.78,408,-3,34.46,391,-56,68.74,282,-59,31.86,418,-15,43.51,419,-8,26.04,300,-1,24.07,406,-7,61.21,396,-2,33.82,397,-98,70.59,146,-69,51.61,236,49,24.37,111,19,21.84,360,-30,57.05,280,33,41.06,406,-34,50.86,360,-76,41.68,420,-27,35.37,261,7
2931350,80.12,22.64,357,6,12.63,48.95,19,80,46.03,65.82,203,44,20.87,49.25,311,19,8.86,75.38,185,-79,3.31,56.63,355,-6,78.94,75.89,320,-30,9.00,92.08,74,-20,47.44,38.59,345,-39,62.76,63.32,312,"Não comparável, alteração metodológica completa",96.67,47.51,136,-29,14.80,21.38,312,-3,74.84,37.09,383,-11,77.48,78.44,266,14,44.15,84.67,206,5,4.34,58.53,409,-1,5.98,65.69,300,64,16.34,52.62,301,-198,243.14,29.12,418,-22,39.66,17.25,368,-9,90.10,43.03,337,3,54.02,13.76,403,-17,24.89,28.91,259,-11,4.22,4.76,372,34,36.68,39.28,67,35,4.60,15.25,391,-5,3.90,21.57,383,-5,4.10,60.71,253,-3,525.30,46.79,275,-176,55.44,30.60,401,7,26.72,72.38,277,14,195.87,28.35,410,1,41.74,68.45,392,-75,37.53,61.27,407,-27,96.00,95.82,162,55,24.45,75.73,91,43,22.52,77.48,95,1,64.68,64.68,228,3,73.54,35.73,126,-26,100.00,100.00,1,176,100.00,0.00,345,-18,0.17,80.75,358,17,7.24,7.51,391,-9,0.00,100.00,1,0,0.00,100.00,1,0,0.09,63.74,61,242,54.33,35.07,330,1,24.67,19.84,298,-1,5.09,69.45,132,176,R$ 0.00,0.00,241,-9,0.63,4.93,323,-29,"R$ 11,852.50",6.61,187,18,"R$ 25,278.01",1.97,346,15,10.30,54.13,206,41,0.98,31.18,375,-33,"R$ 2,532.00",22.62,324,-18,4.29,26.08,290,-7,8.52,21.73,261,-35,53.82,28.64,219,-10,21.01,31.90,272,-17,98.88,39.91,286,-4,68.40,43.24,110,20,17.22,22.21,353,0,95.82,95.33,151,-12,97.67,96.67,110,78,46.67,187,129,70.17,261,27,44.83,331,-9,56.80,379,-36,24.46,318,-3,30.19,375,-24,51.44,416,-7,70.37,247,0,62.89,369,27,45.45,317,41,14.93,385,-29,27.42,272,-21,59.47,198,20,44.65,366,13,57.91,222,90,49.87,384,-2,32.07,349,4
2932903,79.32,23.79,352,-11,4.22,15.90,242,147,59.55,49.33,404,-164,105.66,18.90,417,-56,11.86,64.44,281,63,3.16,58.69,342,-48,84.03,81.72,283,12,11.80,89.20,116,21,45.91,36.61,353,56,69.51,70.13,254,"Não comparável, alteração metodológica completa",107.11,54.15,78,26,4.42,5.64,403,-5,81.11,45.33,310,1,74.41,74.80,310,40,188.86,34.42,410,-9,2.42,78.39,330,27,8.22,48.50,383,21,28.33,0.00,423,-51,217.83,40.68,394,14,51.04,32.73,252,-47,90.88,44.33,326,-19,58.03,17.37,388,-5,35.42,41.14,189,8,5.74,6.48,325,10,53.37,57.18,25,36,4.30,10.17,415,-5,3.30,9.80,420,-5,4.00,57.14,289,-3,523.42,45.57,284,-96,54.43,31.89,400,-11,0.00,100.00,1,0,164.69,40.01,397,2,13.33,90.23,169,117,4.77,95.19,99,-68,77.89,76.91,339,-88,56.40,42.28,360,-24,55.99,44.01,334,-321,73.64,73.64,197,26,0.00,0.00,377,-9,100.00,100.00,1,405,0.00,100.00,1,326,0.18,80.59,361,-51,50.47,52.40,95,-13,0.03,97.12,319,-41,0.02,95.84,337,-55,0.06,63.33,80,-30,59.14,28.18,364,2,20.59,15.50,336,-40,3.64,67.62,212,-211,R$ 0.00,0.00,241,-9,0.94,7.46,230,-68,"R$ 4,677.36",2.51,357,-34,"R$ 25,619.68",2.02,344,16,9.16,52.38,243,50,0.82,27.15,389,-4,"R$ 2,223.16",17.51,392,25,6.05,28.32,170,244,17.54,46.64,53,-26,45.72,24.11,257,-3,21.28,32.64,265,125,85.39,29.42,375,2,80.49,66.96,31,9,18.32,23.74,345,-40,96.47,96.16,131,73,96.78,94.85,207,79,26.98,416,-31,70.58,255,144,46.57,303,26,32.71,423,-8,33.55,177,41,23.78,408,-11,68.49,362,-3,71.58,235,152,74.61,82,-34,41.46,358,-350,13.65,402,13,34.46,186,14,62.23,107,19,43.62,382,16,47.83,383,18,51.30,371,25,32.93,335,-60
2933307,73.56,32.10,296,3,4.47,16.88,222,-155,48.87,62.35,256,-6,12.28,52.33,266,11,7.75,79.41,146,-48,2.50,68.02,234,-27,81.74,79.10,300,-32,14.70,86.21,165,-25,42.18,31.80,382,7,78.03,78.72,184,"Não comparável, alteração metodológica completa",58.77,23.41,363,-16,15.44,22.36,308,-2,82.95,47.75,284,-44,71.80,71.72,353,-13,85.52,70.30,307,-306,1.56,87.28,225,57,3.54,84.42,56,38,15.18,57.69,259,29,190.59,53.11,323,-72,37.88,14.83,383,-11,91.35,45.10,315,6,60.32,19.43,373,1,29.65,34.44,227,0,8.28,9.34,255,5,49.35,52.87,31,35,5.60,32.20,264,-4,4.20,27.45,353,-5,4.30,67.86,192,-3,533.26,51.97,237,-139,28.17,65.40,301,-42,22.92,76.31,264,-13,102.45,63.27,327,-27,39.59,70.10,385,-31,2.98,97.05,69,-32,97.17,97.04,124,12,25.03,75.13,99,5,23.71,76.29,105,-14,83.76,83.76,156,-7,84.24,40.93,78,-16,96.07,92.96,310,-17,0.00,100.00,1,0,0.09,82.59,288,35,44.79,46.49,117,-4,0.04,96.25,332,-76,0.02,96.73,319,-26,0.18,64.98,40,25,60.24,26.61,370,0,29.64,25.13,246,6,7.73,72.77,32,299,R$ 59.15,2.70,76,5,0.73,5.72,292,-9,"R$ 11,742.30",6.55,189,0,"R$ 34,152.84",3.22,285,23,35.84,93.27,3,172,1.53,45.51,261,10,"R$ 2,479.78",21.75,332,-3,4.83,26.77,254,-145,6.30,15.59,351,-15,64.06,34.37,159,-3,18.09,23.92,377,-4,108.04,47.03,165,-10,68.79,44.00,103,88,21.43,28.06,311,14,93.32,92.13,199,4,96.43,94.12,240,59,40.92,310,-84,75.04,169,-110,39.40,388,-17,65.46,295,-140,29.91,232,41,39.86,288,-38,72.52,339,-55,84.91,96,-7,73.73,95,-9,45.97,311,58,19.91,246,35,24.63,309,14,61.07,151,81,49.39,263,-36,57.24,242,-140,59.58,243,-50,34.05,301,48
3101607,78.77,24.59,344,1,3.07,11.36,307,101,34.56,79.80,27,385,16.52,50.81,295,118,10.77,68.42,260,147,1.86,76.98,124,278,30.35,20.27,419,-65,44.30,55.76,376,11,44.07,34.24,369,-4,71.64,72.27,240,"Não comparável, alteração metodológica completa",96.38,47.32,137,-20,22.54,33.13,230,-10,90.54,57.72,146,14,82.19,84.00,181,-7,0.00,100.00,1,0,1.97,83.04,292,-60,4.66,75.83,173,60,9.66,81.93,46,-27,166.15,64.27,237,-109,71.76,60.92,25,54,94.75,50.72,240,-16,77.73,35.09,190,24,16.68,19.38,298,-26,5.39,6.08,333,-18,28.91,30.95,126,-6,6.10,40.68,150,-3,4.30,29.41,332,-4,3.80,50.00,330,-4,563.63,71.71,91,40,6.10,93.56,48,35,0.00,100.00,1,272,28.50,90.92,53,111,34.17,74.26,366,17,12.76,86.92,229,45,85.86,85.23,288,-3,27.24,72.81,122,-33,31.03,68.97,160,-44,84.98,84.98,145,-7,77.70,37.76,105,-10,100.00,100.00,1,401,0.00,100.00,1,0,0.06,83.24,228,18,7.72,8.01,386,-3,0.00,99.91,190,-189,0.00,99.50,201,-200,-0.52,55.34,344,-148,37.17,59.68,196,-6,37.79,33.81,140,-6,1.48,64.90,320,-14,R$ 77.74,3.55,66,-43,1.19,9.41,185,9,"R$ 23,759.24",13.43,65,24,"R$ 46,472.07",4.95,209,-39,-5.70,29.61,405,-353,1.22,37.45,327,-17,"R$ 3,055.22",31.27,199,2,6.55,28.96,125,-28,7.58,19.15,295,63,123.73,67.73,12,-4,23.83,39.62,180,7,108.14,47.11,161,-12,67.59,41.64,124,30,44.43,60.04,20,-7,95.79,95.29,152,-31,93.82,88.79,345,-36,41.64,297,118,56.09,390,23,54.54,141,-16,81.54,58,-17,30.85,218,1,43.65,246,5,87.64,62,171,83.23,126,135,62.47,380,-11,54.52,191,3,18.50,285,-139,42.17,82,10,66.57,24,-2,51.92,191,126,48.55,379,38,64.64,134,78,39.52,128,-41
3103504,77.40,26.56,332,-9,4.39,16.57,228,91,33.57,81.01,21,67,10.61,52.92,252,-31,10.39,69.80,248,61,0.82,91.69,5,3,68.77,64.25,379,-26,10.80,90.23,94,175,55.87,49.47,224,-1,59.20,59.72,336,"Não comparável, alteração metodológica completa",91.34,44.12,169,38,24.83,36.59,207,2,93.61,61.76,85,85,83.72,85.81,139,-51,0.00,100.00,1,0,0.84,94.73,73,82,3.84,82.12,89,65,10.74,77.16,81,108,142.20,75.21,102,141,50.83,32.45,255,-12,94.94,51.04,233,30,75.39,32.98,223,-7,39.28,45.62,164,3,8.51,9.60,250,-23,17.70,18.93,228,1,6.20,42.37,131,-2,5.10,45.10,133,-3,4.30,67.86,192,-3,553.17,64.91,134,70,11.39,86.81,131,-32,36.36,62.41,311,-3,35.72,88.22,95,39,13.02,90.46,160,-38,5.75,94.18,116,16,96.47,96.31,149,-92,11.13,89.68,14,2,0.00,100.00,1,8,96.18,96.18,70,-4,69.20,33.62,142,216,100.00,100.00,1,0,0.00,100.00,1,326,0.10,82.30,312,-5,23.43,24.32,243,5,0.03,97.70,313,-39,0.05,89.90,377,-25,-0.39,57.08,325,-216,31.03,68.47,128,5,31.03,26.61,232,1,4.03,68.10,191,120,R$ 0.00,0.00,241,-9,1.83,14.59,103,-26,"R$ 12,439.14",6.95,175,-3,"R$ 58,217.90",6.60,147,-10,1.34,40.41,373,40,1.25,38.16,318,30,"R$ 2,872.25",28.25,240,17,10.06,33.44,28,117,5.09,12.27,383,-111,55.50,29.58,208,28,19.75,28.45,319,-17,99.24,40.18,280,11,62.03,30.73,239,-135,24.27,32.01,271,-35,97.06,96.92,110,-30,97.56,96.44,124,-48,44.27,245,61,69.90,266,101,55.69,115,43,84.98,31,84,30.36,226,3,51.29,142,2,85.62,98,-25,90.38,26,169,65.42,280,-34,56.35,167,32,18.74,275,2,23.43,337,-36,59.26,214,-132,52.81,162,83,56.52,260,98,67.55,52,99,34.53,286,-43
3104007,74.72,30.44,308,2,2.18,7.85,354,-31,42.51,70.11,120,-4,-19.28,63.62,62,-11,13.11,59.86,307,22,3.42,54.98,363,8,74.19,70.45,350,-44,33.30,67.08,332,27,52.67,45.35,261,57,62.44,63.00,315,"Não comparável, alteração metodológica completa",71.38,31.43,303,-20,32.48,48.21,133,2,83.57,48.56,274,-55,75.34,75.91,299,34,217.55,24.46,416,-415,0.83,94.83,70,-10,4.92,73.83,210,-108,13.05,67.02,165,-157,141.91,75.34,99,91,68.48,56.46,44,6,98.35,56.67,143,6,76.75,34.20,206,0,69.11,80.28,30,1,15.57,17.58,139,0,12.15,12.98,305,2,6.60,49.15,50,-1,4.90,41.18,187,-3,4.10,60.71,253,-3,576.52,80.09,39,-5,8.50,90.50,88,-70,28.57,70.47,285,90,19.86,94.15,14,33,9.35,93.28,105,138,12.80,86.88,231,-172,88.33,87.81,265,-24,28.58,71.41,137,-25,31.66,68.34,165,-26,88.84,88.84,118,-21,66.40,32.26,150,-7,98.32,96.99,256,-255,0.00,100.00,1,0,0.05,83.53,172,-31,25.11,26.07,224,31,0.02,98.51,285,40,0.02,96.27,328,60,-0.41,56.81,327,-117,29.05,71.32,111,6,36.35,32.27,160,-11,1.79,65.29,312,16,R$ 0.00,0.00,241,-9,0.92,7.30,236,40,"R$ 15,955.28",8.96,129,-3,"R$ 79,211.75",9.55,67,-34,2.43,42.08,366,-350,1.33,40.35,302,0,"R$ 3,242.62",34.38,156,-15,5.40,27.50,215,164,18.10,48.20,45,-1,51.17,27.16,233,-3,24.49,41.43,164,41,115.06,52.48,99,38,61.52,29.74,250,-60,28.83,38.35,201,-7,97.39,97.34,98,13,98.01,97.37,79,67,43.00,276,1,62.19,361,31,47.35,289,-15,61.35,346,-320,41.81,81,13,53.58,110,-5,88.44,40,83,83.27,125,-47,67.25,227,65,57.58,149,5,18.67,278,-23,38.93,113,14,63.06,80,-2,52.18,183,3,52.18,338,36,64.37,140,-79,38.64,151,13
3105608,67.10,41.41,222,189,4.06,15.24,254,154,44.92,67.17,167,245,-21.70,64.49,51,362,7.97,78.61,156,251,2.48,68.29,227,175,85.75,83.69,261,72,12.30,88.68,121,54,61.43,56.66,150,-30,76.78,77.47,196,"Não comparável, alteração metodológica completa",67.66,29.06,319,-9,27.40,40.50,189,-8,88.36,54.86,186,-14,81.17,82.79,210,24,83.33,71.06,302,-301,3.02,72.18,370,5,5.43,69.92,260,-21,12.50,69.45,149,14,171.42,61.87,258,-116,53.11,35.54,229,-7,95.42,51.82,222,-8,87.44,43.82,74,37,26.29,30.54,254,6,3.85,4.34,378,-41,21.04,22.51,198,-120,6.60,49.15,50,-1,4.80,39.22,223,-3,4.90,89.29,14,0,572.50,77.48,53,-34,12.34,85.60,146,-67,20.00,79.33,238,59,37.28,87.64,105,-46,24.69,81.52,302,4,12.95,86.72,239,-86,92.32,91.98,222,-103,34.21,65.52,199,3,40.70,59.30,228,-9,89.66,89.66,112,-12,30.32,14.73,260,42,96.50,93.73,303,40,0.00,100.00,1,0,0.08,82.87,269,69,21.55,22.37,259,4,0.00,100.00,1,0,0.00,100.00,1,0,-0.01,62.30,141,-9,40.46,54.95,226,2,28.79,24.22,257,6,3.39,67.30,228,142,R$ 0.00,0.00,241,-9,0.53,4.17,343,0,"R$ 10,315.04",5.73,219,-61,"R$ 32,785.79",3.02,295,1,6.08,47.66,323,-46,1.20,36.89,335,6,"R$ 2,434.78",21.01,344,-21,4.90,26.86,246,67,22.66,60.79,20,0,77.85,42.08,82,-3,24.26,40.79,170,-38,109.34,48.04,143,56,62.98,32.61,215,-50,34.74,46.57,126,-19,98.25,98.44,59,-13,96.76,94.80,211,-145,47.08,178,239,78.12,109,253,48.52,273,-19,68.18,264,-148,28.97,252,-46,57.25,67,-22,83.99,135,-23,80.88,148,12,67.54,219,38,51.47,240,44,15.25,371,-13,47.89,42,-8,64.09,58,-11,53.37,146,135,61.92,130,284,63.04,174,-46,38.27,162,14
3106200,49.78,66.38,44,-8,3.32,12.34,297,-22,44.58,67.59,157,-36,10.14,53.09,250,-11,3.97,93.18,8,-4,1.57,81.10,78,1,100.00,100.00,1,2,7.30,93.83,47,70,70.75,68.69,62,-20,76.17,76.85,203,"Não comparável, alteração metodológica completa",91.92,44.49,162,39,53.56,80.19,12,-1,91.02,58.36,134,126,82.66,84.55,171,-23,37.16,87.10,185,20,3.85,63.60,402,-17,9.04,42.21,399,-23,12.96,67.44,163,-29,144.95,73.95,120,-24,69.69,58.11,38,-6,105.44,68.39,33,0,93.16,48.96,29,59,44.71,51.93,127,38,23.18,26.16,85,-4,14.02,14.98,279,0,5.90,37.29,200,-4,4.50,33.33,295,-4,4.00,57.14,289,-3,588.61,87.95,10,-3,9.02,89.83,94,59,84.63,12.52,412,-38,72.79,74.36,261,-76,9.60,93.08,110,45,17.79,81.71,308,5,98.57,98.51,82,77,68.29,29.84,388,-133,71.74,28.26,393,-149,99.41,99.41,19,41,75.95,36.90,115,-17,84.28,71.85,385,-86,0.00,100.00,1,0,0.03,83.82,107,-6,6.39,6.64,398,-3,0.00,100.00,1,0,0.00,100.00,1,0,-0.12,60.79,218,-16,28.30,72.39,103,-1,77.94,76.53,6,9,14.99,81.92,3,409,R$ 191.89,8.77,39,-17,3.04,24.28,37,-14,"R$ 71,121.66",40.54,6,-1,"R$ 56,227.29",6.32,158,19,12.84,58.03,124,199,2.60,73.38,65,13,"R$ 4,074.37",48.14,34,1,6.64,29.08,121,230,11.67,30.42,170,-67,90.25,49.01,43,-9,44.08,94.95,4,28,125.48,60.58,42,-14,52.67,12.38,404,-6,40.19,54.14,50,-11,61.53,51.37,403,-4,97.01,95.32,192,5,49.85,114,-25,86.76,14,67,61.74,30,47,71.51,202,-29,42.01,78,24,47.72,195,-23,76.35,293,-25,78.39,169,-84,63.10,361,16,77.66,2,90,35.05,23,-8,58.13,9,17,54.76,344,-9,59.51,14,19,67.50,35,25,63.80,151,-25,50.67,7,7
3106705,70.54,36.45,258,-42,4.18,15.72,246,-143,38.32,75.22,60,113,17.99,50.28,302,26,7.68,79.65,145,-43,2.69,65.28,268,12,90.75,89.42,181,139,26.20,74.38,272,40,63.34,59.13,124,-17,80.66,81.38,159,"Não comparável, alteração metodológica completa",92.29,44.72,160,12,42.12,62.84,61,4,95.20,63.86,63,16,81.43,83.10,203,-12,41.08,85.73,194,95,1.75,85.32,258,91,4.10,80.12,115,88,14.38,61.20,225,6,171.79,61.70,261,-13,55.26,38.47,197,-40,95.61,52.13,217,17,86.10,42.61,93,46,46.80,54.36,113,6,5.65,6.37,327,-15,12.69,13.55,299,-2,5.70,33.90,242,-4,4.90,41.18,187,-3,4.00,57.14,289,-3,545.16,59.71,175,-58,34.01,57.94,348,-64,18.44,80.94,228,59,105.45,62.15,335,-23,18.17,86.52,237,-69,11.17,88.56,203,17,92.91,92.59,212,-44,30.54,69.36,167,177,54.70,45.30,324,-3,86.32,86.32,137,-14,73.25,35.59,128,-4,100.00,100.00,1,0,0.00,100.00,1,0,0.06,83.25,224,54,30.44,31.60,186,3,0.13,88.34,389,-106,0.04,91.40,370,-128,-0.19,59.81,262,-205,43.68,50.35,256,-3,38.45,34.51,130,28,7.89,72.97,31,308,R$ 0.00,0.00,241,-9,0.38,2.94,382,-8,"R$ 6,656.75",3.64,309,-15,"R$ 127,752.40",16.38,17,29,10.12,53.86,210,-150,3.30,91.64,9,3,"R$ 3,805.19",43.68,61,-5,6.45,28.84,133,90,12.96,34.01,126,16,48.81,25.84,243,-4,20.27,29.88,300,-30,106.22,45.61,198,-34,62.44,31.54,231,36,28.44,37.81,213,-18,90.05,87.93,239,3,96.47,94.22,236,-7,44.42,236,-47,77.77,114,52,60.52,49,6,72.18,196,72,32.62,190,6,44.50,237,-27,74.37,324,-42,83.42,120,-6,67.04,234,-84,55.52,173,74,27.70,63,8,29.91,241,-6,59.42,199,12,53.59,142,11,60.37,168,-5,63.13,172,-16,39.52,129,21
3113404,77.57,26.32,335,17,4.57,17.27,218,-97,38.19,75.38,57,-33,-23.63,65.18,47,54,7.53,80.22,136,11,2.67,65.63,259,95,85.12,82.97,267,-81,31.20,69.24,317,35,44.76,35.13,364,14,61.16,61.70,320,"Não comparável, alteração metodológica completa",97.01,47.72,133,-2,17.16,24.97,287,-6,83.29,48.19,280,-43,77.39,78.32,270,6,189.21,34.30,411,-92,1.40,88.93,200,-58,5.49,69.46,268,67,14.19,62.03,213,157,196.61,50.36,343,21,54.52,37.47,208,6,91.19,44.83,317,8,77.24,34.64,196,28,51.89,60.27,74,0,2.60,2.92,409,-4,13.49,14.41,284,-84,6.40,45.76,81,-2,4.90,41.18,187,-3,4.40,71.43,148,-2,552.60,64.54,139,-13,25.36,68.98,284,-35,53.06,45.15,355,-18,106.78,61.65,339,-33,25.36,81.00,308,3,2.53,97.51,56,21,76.81,75.78,342,-5,21.50,78.82,66,16,25.84,74.16,115,-10,64.55,64.55,230,-8,52.47,25.50,191,-24,96.33,93.43,305,98,0.00,100.00,1,0,0.10,82.23,318,13,21.56,22.38,258,3,0.01,99.28,257,-46,0.01,98.55,264,-25,0.13,64.23,53,14,34.71,63.20,167,11,29.56,25.05,247,-17,-2.49,59.90,393,-92,R$ 0.00,0.00,241,-9,2.85,22.73,44,14,"R$ 9,771.41",5.42,230,-36,"R$ 32,870.30",3.04,292,13,8.45,51.30,259,-46,1.24,37.93,322,3,"R$ 2,465.06",21.51,335,1,7.61,30.31,71,139,9.53,24.52,236,-68,68.57,36.89,128,-40,19.91,28.90,313,51,99.39,40.30,278,16,67.98,42.41,116,64,32.95,44.08,140,25,97.04,96.88,111,32,92.79,86.67,366,-22,46.04,199,-49,68.25,289,-20,49.19,258,-30,54.96,392,-19,31.11,216,-15,51.64,139,-15,72.04,343,-27,74.39,206,112,67.33,226,-13,50.89,248,-27,18.91,271,16,30.10,238,-6,62.07,114,55,49.20,267,6,56.66,258,-25,57.91,276,23,35.71,242,13
3118304,74.62,30.57,306,-2,7.27,27.86,109,128,49.81,61.21,276,37,-12.19,61.08,91,27,9.67,72.41,226,-1,2.20,72.22,166,-19,84.38,82.12,277,-141,22.10,78.60,237,133,55.47,48.96,234,-57,39.08,39.43,389,"Não comparável, alteração metodológica completa",89.41,42.89,186,-5,46.62,69.67,35,-1,86.73,52.71,221,-26,79.19,80.46,236,10,0.00,100.00,1,374,1.39,89.04,196,-65,4.22,79.20,128,-29,16.43,52.22,303,-278,141.47,75.54,96,106,52.65,34.92,235,5,99.02,57.78,124,38,73.43,31.22,243,23,29.31,34.05,231,20,6.61,7.45,301,8,18.36,19.63,221,-26,6.70,50.85,38,-1,5.00,43.14,162,-3,4.70,82.14,46,-1,570.19,75.97,63,18,8.70,90.25,90,59,14.29,85.23,199,62,34.75,88.58,91,78,13.77,89.89,176,-30,1.44,98.64,37,61,80.78,79.92,321,1,27.50,72.54,125,17,28.97,71.03,139,18,71.56,71.56,209,-11,42.03,20.42,221,3,92.02,85.71,356,-355,16.13,83.87,332,-15,0.06,83.23,229,-42,18.71,19.42,289,-4,0.02,98.15,303,-46,0.01,98.53,265,-31,-0.03,62.04,157,-101,22.27,81.03,42,-2,23.85,18.97,306,-22,-3.90,58.11,401,-285,R$ 0.00,0.00,241,-9,0.89,7.05,245,53,"R$ 7,083.35",3.88,296,-61,"R$ 26,459.67",2.13,334,-25,16.13,63.07,67,16,1.48,44.14,273,-18,"R$ 2,489.57",21.92,329,16,9.54,32.78,35,100,15.12,39.96,77,-53,61.65,33.02,176,-13,20.23,29.78,302,-73,105.70,45.21,206,14,61.36,29.42,254,-165,34.15,45.74,131,-27,98.67,98.99,32,165,95.57,92.37,282,-239,45.18,215,107,64.16,343,-140,56.89,95,-1,77.56,105,122,28.75,260,15,57.68,59,2,90.39,24,53,72.27,226,-39,66.29,256,-33,53.48,202,-84,18.00,296,7,34.25,192,-113,62.35,103,-70,51.93,189,-18,54.26,307,-39,64.64,133,22,36.62,210,-78
3118601,53.25,61.37,67,-21,10.83,41.85,37,11,48.22,63.15,241,13,17.64,50.41,301,-32,6.05,85.59,65,7,2.44,68.78,220,7,98.08,97.80,24,-5,51.30,48.56,398,-8,65.41,61.80,98,7,69.75,70.37,252,"Não comparável, alteração metodológica completa",79.41,36.53,258,-136,45.36,67.75,43,-5,88.39,54.90,185,-129,82.03,83.81,187,-8,46.00,84.03,209,-27,1.54,87.49,224,-23,4.72,75.36,182,4,14.26,61.73,218,-57,150.22,71.55,146,-64,41.41,19.64,355,-6,92.48,46.97,294,-7,74.21,31.92,233,9,13.42,15.59,325,-7,5.27,5.95,339,-51,9.89,10.55,334,9,5.60,32.20,264,-4,4.60,35.29,271,-3,4.10,60.71,253,-3,560.46,69.65,106,-38,8.92,89.96,92,49,85.92,11.18,414,-14,72.07,74.63,259,-11,5.23,96.43,50,56,5.22,94.73,105,4,88.78,88.28,257,-34,46.35,52.81,307,12,52.81,47.19,310,-18,86.30,86.30,138,-16,76.15,37.00,113,-10,100.00,100.00,1,0,0.00,100.00,1,0,0.03,83.97,74,-6,25.59,26.57,219,11,0.00,100.00,1,0,0.00,100.00,1,0,-0.23,59.28,275,-154,33.98,64.24,163,-5,44.37,40.81,75,-8,2.61,66.32,272,-8,R$ 0.09,0.00,226,6,1.22,9.65,181,12,"R$ 9,216.64",5.10,239,12,"R$ 72,511.78",8.61,88,24,5.86,47.33,324,-253,2.89,81.11,38,0,"R$ 3,051.91",31.22,201,-5,5.60,27.76,204,45,11.97,31.27,158,76,32.19,16.54,322,-12,18.86,26.04,353,-5,117.10,54.07,88,-4,58.98,24.75,305,17,33.60,44.98,137,5,86.67,83.60,268,1,96.99,95.27,193,-73,54.19,52,2,73.24,203,-130,55.74,113,-87,74.23,160,-66,19.55,379,-8,44.23,240,-14,79.05,249,30,81.80,140,-25,68.62,186,34,58.44,133,-7,24.74,104,5,24.62,310,38,60.53,161,11,52.84,161,-49,63.30,104,-60,61.46,206,-47,37.91,170,5
3119401,70.83,36.03,261,47,10.71,41.41,40,15,41.67,71.13,102,-15,-37.22,70.04,19,0,6.93,82.39,108,36,2.71,64.97,271,17,89.48,87.95,212,134,17.80,83.02,201,5,44.60,34.93,367,-42,74.28,74.94,217,"Não comparável, alteração metodológica completa",91.08,43.95,171,-4,42.28,63.07,59,19,76.86,39.73,371,-340,85.73,88.18,94,69,0.00,100.00,1,292,2.37,78.90,328,-17,6.51,61.63,330,85,13.81,63.69,195,-62,152.63,70.45,162,139,58.32,42.64,157,8,81.60,28.98,403,-4,70.29,28.40,284,29,43.66,50.72,137,-7,33.22,37.50,41,-9,32.07,34.34,102,12,6.40,45.76,81,-2,5.00,43.14,162,-3,4.10,60.71,253,-3,565.37,72.84,85,-36,25.79,68.43,288,-46,3.45,96.44,77,127,61.79,78.47,215,-102,4.61,96.91,41,9,8.19,91.65,144,3,80.67,79.81,323,-15,50.61,48.35,334,-7,52.59,47.41,308,-8,80.06,80.06,177,-12,42.00,20.41,222,-19,97.45,95.43,283,-282,0.00,100.00,1,0,0.06,83.24,227,-37,42.99,44.63,125,-18,0.05,95.84,338,-17,0.01,98.03,286,55,-0.64,53.62,360,-246,34.64,63.30,165,34,25.22,20.42,290,-13,-1.87,60.68,390,-379,R$ 0.00,0.00,241,-9,1.49,11.83,143,20,"R$ 6,517.23",3.56,312,-44,"R$ 22,798.71",1.62,359,0,10.32,54.16,205,99,1.55,45.98,258,-14,"R$ 2,010.18",13.98,410,-7,6.07,28.35,165,210,12.12,31.67,152,-64,39.80,20.80,279,15,24.57,41.65,161,-15,97.24,38.64,301,6,64.90,36.36,178,-99,18.57,24.08,343,-7,99.06,99.48,17,-8,96.76,94.80,212,-103,54.65,46,50,75.59,158,158,53.10,169,-135,76.49,122,196,37.85,127,18,51.89,133,-14,85.32,107,-28,75.43,196,-26,71.89,124,-26,49.93,260,-177,17.17,322,26,31.37,222,-46,58.67,232,-119,53.38,145,24,64.66,75,167,65.34,109,9,34.33,295,-89
3120904,74.87,30.21,310,5,4.47,16.86,223,-2,40.45,72.62,84,-40,-55.28,76.51,9,0,13.31,59.14,310,-22,2.60,66.55,248,-75,85.09,82.93,268,26,14.30,86.63,155,160,34.67,22.10,413,-20,48.34,48.77,372,"Não comparável, alteração metodológica completa",100.58,49.99,112,-36,18.12,26.42,271,1,93.50,61.61,86,75,63.68,62.12,404,-63,0.00,100.00,1,0,1.57,87.18,228,22,5.00,73.22,217,-66,5.54,100.00,1,4,153.65,69.98,172,-13,54.92,38.01,204,49,94.76,50.73,239,94,79.00,36.22,170,-36,42.57,49.45,145,59,7.56,8.52,274,5,19.30,20.64,211,-40,6.10,40.68,150,-3,4.70,37.25,254,-3,4.20,64.29,220,-3,560.16,69.46,108,-46,21.46,73.96,243,-44,5.26,94.56,102,6,81.54,71.09,278,63,39.35,70.28,383,18,23.25,76.05,357,-27,82.75,81.98,306,10,31.77,68.07,183,26,36.01,63.99,196,16,70.59,70.59,210,-6,68.12,33.10,146,-2,100.00,100.00,1,255,0.00,100.00,1,0,0.16,81.08,353,12,22.82,23.68,248,53,0.07,94.13,352,-11,0.05,89.62,379,5,-0.85,50.71,378,-341,41.08,54.07,236,-5,33.58,29.33,195,-14,1.79,65.29,311,-218,R$ 0.00,0.00,241,-9,1.85,14.70,100,-22,"R$ 9,952.99",5.53,225,-11,"R$ 33,550.19",3.13,289,-14,15.04,61.39,84,101,0.96,30.57,379,-3,"R$ 2,466.67",21.54,334,-3,6.05,28.32,169,-111,14.93,39.43,82,28,34.42,17.79,308,-31,15.46,16.75,416,-12,102.57,42.78,248,-26,64.95,36.47,175,28,25.83,34.18,245,4,93.45,92.28,194,-13,93.24,87.60,359,-23,49.05,136,4,62.94,351,-155,51.96,197,-12,88.03,11,20,32.38,195,37,48.27,185,-24,75.74,308,27,78.25,173,-1,63.43,350,-100,51.81,234,-43,16.83,328,-18,24.66,308,10,58.66,233,-9,50.47,237,-18,55.69,277,-119,63.66,157,9,33.13,333,-27
3122306,62.15,48.55,156,-8,5.11,19.40,191,170,42.70,69.88,122,47,-26.58,66.23,36,23,4.53,91.15,18,3,2.25,71.59,178,14,89.85,88.38,205,-67,10.40,90.64,89,151,61.15,56.30,155,-41,92.67,93.50,63,"Não comparável, alteração metodológica completa",98.20,48.48,123,-4,59.27,88.86,5,-1,98.37,68.03,30,33,83.58,85.64,143,-15,171.97,40.28,401,-98,1.12,91.83,143,-9,3.37,85.73,41,21,10.32,79.02,64,74,135.09,78.46,74,145,53.35,35.88,223,7,94.92,50.99,234,14,83.74,40.49,123,9,10.02,11.64,358,-13,6.79,7.65,295,51,8.72,9.29,355,4,6.60,49.15,50,-1,5.30,49.02,84,-2,4.60,78.57,70,-1,586.27,86.43,14,2,9.90,88.71,109,108,36.84,61.92,312,-117,51.56,82.30,173,97,25.17,81.15,307,-34,3.61,96.39,78,-2,98.19,98.11,93,165,30.44,69.46,162,-12,31.83,68.17,167,-2,87.66,87.66,125,-15,8.17,3.97,341,15,97.42,95.38,284,-283,100.00,0.00,345,-19,0.05,83.37,202,-6,23.76,24.67,239,25,0.00,100.00,1,0,0.00,100.00,1,0,-0.21,59.54,271,-6,28.96,71.44,109,-14,32.17,27.82,212,-10,2.27,65.89,291,28,R$ 0.09,0.00,227,-9,2.18,17.33,72,-12,"R$ 17,871.30",10.06,108,19,"R$ 40,414.09",4.10,245,-22,6.23,47.90,319,-193,2.18,62.44,127,-5,"R$ 2,721.92",25.76,278,8,8.04,30.86,57,151,9.69,24.97,229,-107,67.77,36.44,137,-39,21.45,33.10,257,21,107.68,46.74,175,5,60.13,27.02,280,53,35.05,46.99,119,-28,98.21,98.39,62,-18,97.56,96.44,123,-9,51.02,95,123,86.25,21,95,67.92,4,4,70.49,226,-25,22.70,340,5,60.22,34,-2,82.90,152,18,70.56,244,-12,67.94,202,69,56.60,164,-4,23.10,143,17,31.50,219,-39,63.12,78,14,54.83,106,40,67.87,31,111,63.18,171,1,38.88,143,-4
3124104,77.49,26.44,333,-9,1.80,6.36,373,-363,54.17,55.89,361,-57,-41.63,71.62,13,193,9.04,74.71,195,-22,2.77,64.16,278,-134,81.26,78.55,304,-28,31.30,69.14,318,49,58.02,52.25,197,-7,52.30,52.76,360,"Não comparável, alteração metodológica completa",76.44,34.65,280,-86,16.85,24.49,291,-1,85.56,51.18,239,22,76.16,76.88,293,6,216.68,24.76,415,-414,4.63,55.53,412,-11,5.30,70.91,247,19,23.84,19.71,411,-23,132.68,79.55,66,77,30.79,5.18,415,-2,80.93,27.88,407,4,63.31,22.12,354,1,0.93,1.08,421,-3,4.33,4.88,370,6,1.29,1.32,417,-1,5.50,30.51,280,-4,4.30,29.41,332,-4,3.80,50.00,330,-4,517.99,42.04,318,51,15.29,81.84,185,-94,61.11,36.83,374,14,70.29,75.29,248,-129,4.37,97.10,35,-19,10.53,89.23,182,-8,53.87,51.82,385,0,45.66,53.53,301,29,54.38,45.62,322,-21,13.21,13.21,348,-1,19.42,9.44,304,-11,100.00,100.00,1,0,0.00,100.00,1,0,0.18,80.43,365,13,41.23,42.80,128,9,0.00,100.00,1,283,0.00,100.00,1,369,-0.36,57.55,318,-149,51.49,39.14,306,3,12.08,6.44,406,-1,1.35,64.73,322,-162,R$ 0.00,0.00,241,-9,1.59,12.62,128,-7,"R$ 2,419.22",1.21,411,-3,"R$ 15,358.90",0.57,411,-14,8.91,52.00,249,-119,1.02,32.16,368,4,"R$ 2,551.51",22.94,318,12,8.88,31.94,39,73,0.65,0.00,423,-6,5.28,1.49,418,-3,18.95,26.28,350,-51,87.93,31.40,361,-5,96.08,97.54,6,6,20.65,26.98,321,6,95.71,95.19,155,13,96.61,94.49,224,25,40.08,326,-233,65.41,329,-208,45.50,321,-26,45.72,415,-203,8.81,423,-5,35.31,343,11,79.89,227,-82,54.34,344,0,72.00,121,39,40.77,368,0,15.84,356,-4,9.26,423,-12,69.12,7,56,42.44,397,-69,52.19,337,-254,48.92,392,-39,30.24,384,-5
3127701,60.03,51.60,130,-92,0.87,2.71,396,-64,55.46,54.32,378,-306,3.06,55.63,202,64,8.98,74.92,192,12,2.07,74.10,151,-109,84.97,82.79,271,-38,40.20,59.98,369,25,47.96,39.26,334,-65,75.60,76.28,207,"Não comparável, alteração metodológica completa",90.20,43.39,180,-1,30.72,45.54,149,5,81.54,45.89,308,-124,78.66,79.83,247,-6,123.34,57.17,370,-127,2.50,77.56,334,-94,3.65,83.58,65,113,18.81,41.76,367,29,204.10,46.95,367,-46,60.89,46.13,126,24,98.19,56.40,148,18,78.37,35.66,181,12,84.19,97.79,3,0,26.92,30.38,66,-14,23.52,25.17,171,15,6.20,42.37,131,-2,4.80,39.22,223,-3,4.20,64.29,220,-3,568.71,75.02,70,9,43.50,45.83,381,-44,10.77,88.87,167,13,104.58,62.48,333,-1,30.75,76.87,348,33,38.68,60.08,409,-9,96.79,96.65,143,-80,52.57,46.29,345,-22,55.20,44.80,328,-16,94.85,94.85,81,-27,0.00,0.00,377,-9,96.45,93.64,304,-113,0.00,100.00,1,0,0.09,82.52,295,-16,18.95,19.67,287,17,0.01,99.22,258,-3,0.01,97.65,299,-22,-0.12,60.81,216,-162,41.01,54.17,235,19,28.84,24.28,255,-7,1.49,64.91,319,-78,R$ 0.92,0.04,163,5,1.26,10.02,175,8,"R$ 14,286.54",8.01,149,-2,"R$ 33,488.48",3.12,290,-3,7.27,49.49,295,7,1.62,47.76,247,-13,"R$ 2,798.95",27.03,257,23,10.57,34.09,26,240,6.25,15.46,353,-46,72.19,38.91,109,50,21.54,33.36,253,4,116.18,53.35,92,26,59.44,25.65,296,12,37.77,50.78,86,13,90.75,88.82,230,-7,97.52,96.35,129,33,41.06,308,-214,70.69,252,-68,50.66,224,-55,55.02,390,-51,49.09,25,7,50.41,153,-10,65.26,382,-13,79.54,163,-30,66.01,262,-23,50.23,257,7,19.76,250,21,29.25,250,11,62.99,82,34,50.11,244,-45,55.23,287,-162,60.44,219,-37,36.00,231,27
3129806,73.83,31.71,300,47,2.34,8.51,340,-131,45.72,66.20,187,19,-9.20,60.01,111,49,9.37,73.51,215,146,3.27,57.10,352,41,70.91,66.70,370,-136,31.00,69.44,315,-1,37.08,25.21,406,-37,14.00,14.13,416,"Não comparável, alteração metodológica completa",97.97,48.33,125,-7,29.18,43.21,163,7,84.17,49.35,263,-37,77.62,78.60,261,-24,95.01,67.01,328,-2,2.72,75.28,352,3,4.91,73.91,208,72,14.25,61.76,217,-29,176.57,59.52,279,-133,37.49,14.30,385,-7,80.23,26.71,411,-19,65.62,24.19,326,3,19.92,23.14,277,-12,5.99,6.76,319,12,24.86,26.61,154,-15,5.80,35.59,227,-4,4.50,33.33,295,-4,3.90,53.57,310,-4,546.14,60.34,172,3,11.75,86.35,138,27,52.27,45.97,352,19,43.88,85.17,140,43,1.68,99.16,10,7,9.41,90.39,164,-42,83.03,82.27,303,-24,25.54,74.59,105,213,53.58,46.42,314,-23,71.61,71.61,208,-8,59.19,28.76,174,-13,95.00,91.05,327,-18,0.00,100.00,1,0,0.05,83.50,179,194,22.35,23.20,252,23,0.00,100.00,1,0,0.00,100.00,1,0,0.19,65.04,37,-15,42.73,51.70,248,7,15.06,9.61,385,2,6.77,71.56,57,177,R$ 0.00,0.00,241,-9,0.47,3.68,357,-1,"R$ 3,534.78",1.85,389,-3,"R$ 18,973.20",1.08,388,-26,5.28,46.44,332,-246,1.80,52.63,210,-59,"R$ 2,731.39",25.92,274,-46,-2.01,18.05,416,-84,6.60,16.44,337,-69,19.17,9.26,379,-13,23.87,39.71,179,157,86.31,30.14,369,-25,65.81,38.16,160,-47,26.44,35.03,241,50,99.43,99.96,4,0,98.39,98.15,45,120,41.61,298,20,49.45,413,-89,52.86,173,-20,65.13,301,-36,19.99,373,-22,41.96,263,-2,84.65,120,39,75.46,195,-13,68.35,195,-22,48.19,289,46,16.37,337,-57,21.81,361,8,60.29,169,-16,46.17,340,-47,45.36,399,-62,59.15,252,-16,32.17,347,-12
3131307,68.03,40.08,237,2,5.91,22.54,150,86,53.72,56.44,354,-87,8.09,53.83,234,-10,9.21,74.10,204,-1,2.67,65.56,261,24,90.18,88.76,193,51,11.10,89.92,100,79,48.85,40.41,320,-64,75.90,76.58,204,"Não comparável, alteração metodológica completa",91.73,44.37,165,-56,49.84,74.54,21,2,96.49,65.55,44,-22,82.58,84.46,172,-10,38.37,86.67,186,9,5.17,49.95,414,-8,6.58,61.09,334,7,11.51,73.78,111,-87,165.07,64.77,228,-170,58.07,42.30,162,4,104.57,66.94,41,5,90.64,46.69,39,54,49.80,57.85,85,18,16.58,18.71,130,-19,22.34,23.90,183,31,6.50,47.46,67,-1,5.20,47.06,104,-3,4.20,64.29,220,-3,597.24,93.56,3,-1,24.63,69.91,279,-72,12.12,87.47,180,79,84.57,69.96,288,-90,31.01,76.68,350,-56,20.87,78.52,338,10,96.32,96.16,152,167,43.00,56.31,279,2,47.44,52.56,280,-13,99.75,99.75,14,102,69.98,34.00,140,-69,99.74,99.53,224,-33,0.00,100.00,1,0,0.22,79.55,375,9,33.12,34.38,172,-17,0.00,100.00,1,0,0.00,100.00,1,0,-0.33,57.90,310,-210,34.99,62.80,171,26,39.05,35.14,121,-12,-0.89,61.92,378,25,R$ 0.00,0.00,241,-9,1.42,11.30,156,-21,"R$ 12,257.00",6.85,178,-12,"R$ 74,079.68",8.83,80,-18,-11.01,21.48,414,-406,1.82,53.07,206,-29,"R$ 3,028.43",30.83,206,-2,5.28,27.35,228,13,15.68,41.51,69,38,98.12,53.41,29,19,22.13,34.97,228,-13,111.10,49.41,131,9,59.88,26.52,286,16,30.89,41.21,178,-3,89.90,87.74,240,-9,95.43,92.08,289,-111,43.22,273,7,76.48,144,9,63.14,23,-13,71.16,210,-112,40.88,87,25,57.81,57,-9,75.59,311,-61,86.59,70,67,69.39,168,-28,54.52,192,46,19.43,257,-98,43.30,73,38,59.39,205,-14,54.70,111,-13,59.13,205,13,67.21,61,-30,38.54,156,5
3131703,69.28,38.27,247,16,8.72,33.55,65,-35,40.24,72.88,80,-18,-13.37,61.51,84,-32,8.23,77.66,164,37,2.39,69.52,211,-10,77.63,74.39,335,-112,42.60,57.51,374,4,51.07,43.27,288,-92,69.46,70.08,256,"Não comparável, alteração metodológica completa",101.06,50.30,108,13,48.78,72.94,25,-3,92.30,60.04,106,-42,85.40,87.80,104,-24,0.00,100.00,1,299,1.24,90.59,164,33,4.07,80.35,111,-5,12.69,68.60,154,131,152.45,70.53,160,-65,53.68,36.32,217,-1,94.78,50.76,237,1,86.44,42.92,84,54,36.26,42.12,184,14,8.05,9.08,264,16,22.61,24.20,179,33,5.80,35.59,227,-4,4.80,39.22,223,-3,4.20,64.29,220,-3,566.09,73.31,79,-38,19.53,76.42,228,-147,58.18,39.86,366,26,70.41,75.25,250,-154,11.04,91.98,132,-69,10.67,89.08,185,93,92.56,92.23,219,-19,30.50,69.40,164,137,30.49,69.51,152,114,86.40,86.40,135,-16,28.90,14.04,262,-57,100.00,100.00,1,0,0.00,100.00,1,0,0.07,83.10,243,-190,45.84,47.59,110,6,0.00,100.00,1,0,0.00,100.00,1,0,-0.13,60.67,223,-98,28.81,71.66,107,9,39.32,35.44,118,11,2.36,66.00,286,73,R$ 0.00,0.00,241,-9,1.34,10.62,170,-25,"R$ 7,543.99",4.15,282,-34,"R$ 65,590.29",7.64,118,-100,0.99,39.87,378,-374,1.51,44.91,269,-13,"R$ 3,195.92",33.60,170,0,6.49,28.89,129,109,18.60,49.56,42,-41,72.75,39.23,105,-21,18.26,24.40,375,-69,107.17,46.35,182,-25,63.26,33.15,211,-130,32.29,43.16,152,2,95.85,95.36,150,-53,97.25,95.81,162,-36,51.55,85,-38,67.47,302,-154,63.57,20,-3,80.86,63,142,32.41,194,30,47.87,189,-20,77.28,278,-83,82.31,136,-11,74.58,83,20,58.89,125,32,18.90,272,-159,37.73,133,-127,62.77,88,-60,54.42,122,-87,59.16,203,-131,66.44,80,31,38.64,152,-134
3132404,75.98,28.61,320,-19,3.44,12.81,292,-238,35.81,78.28,36,11,-4.05,58.17,146,51,9.94,71.43,237,12,2.02,74.76,145,-23,89.66,88.17,209,208,15.60,85.29,176,22,64.56,60.70,111,-31,71.75,72.39,239,"Não comparável, alteração metodológica completa",104.40,52.42,91,-7,30.73,45.56,148,-6,95.68,64.49,55,-31,85.18,87.53,108,-34,0.00,100.00,1,0,1.06,92.45,127,65,4.06,80.43,110,33,15.66,55.60,279,-172,143.84,74.46,109,-93,57.25,41.17,171,-23,91.72,45.70,308,7,78.12,35.44,185,4,36.80,42.74,183,-22,4.88,5.50,355,4,35.15,37.64,76,64,6.60,49.15,50,-1,4.90,41.18,187,-3,4.40,71.43,148,-2,588.21,87.69,12,-1,9.31,89.46,101,-79,57.14,40.93,363,47,28.92,90.76,57,-21,11.38,91.72,138,-39,5.06,94.89,104,41,89.56,89.10,249,42,16.74,83.80,30,5,20.18,79.82,81,-1,79.14,79.14,181,-11,65.39,31.77,154,-15,100.00,100.00,1,326,0.00,100.00,1,0,0.03,83.88,95,34,24.28,25.21,232,7,0.00,100.00,1,0,0.00,100.00,1,0,0.05,63.14,89,-86,30.13,69.76,123,2,34.25,30.04,184,11,3.60,67.56,213,99,R$ 145.45,6.65,44,-28,1.69,13.45,120,-3,"R$ 10,372.94",5.77,217,-18,"R$ 48,327.21",5.21,197,29,9.14,52.35,246,165,2.55,72.23,67,0,"R$ 3,422.97",37.36,117,-10,5.33,27.42,225,-177,13.32,34.99,118,42,122.62,67.12,13,0,27.02,48.34,108,-47,99.09,40.07,283,9,70.67,47.68,88,-53,38.84,52.26,73,-6,98.85,99.22,23,11,98.25,97.86,62,-2,44.47,231,-125,76.58,142,252,61.15,39,-19,78.64,90,-69,33.49,178,17,56.63,76,-13,84.14,132,65,83.34,124,28,68.76,181,-115,57.47,151,20,25.61,90,-41,50.15,31,-1,67.42,16,-12,57.27,42,4,59.83,189,144,67.36,56,-31,44.76,26,-14
3133808,63.79,46.19,179,-30,3.88,14.56,262,-14,43.02,69.49,130,35,-13.34,61.50,86,16,8.28,77.46,169,25,2.52,67.65,239,65,70.04,65.70,374,-4,19.00,81.79,217,22,45.98,36.71,352,-58,82.00,82.73,143,"Não comparável, alteração metodológica completa",81.09,37.60,244,-3,32.13,47.68,137,-10,90.92,58.22,138,76,81.49,83.17,200,-55,104.60,63.68,346,65,2.95,72.91,368,19,5.38,70.30,254,71,14.64,60.04,236,-106,164.15,65.19,219,-26,51.18,32.92,249,12,91.83,45.89,305,-5,77.59,34.96,192,-12,34.95,40.59,191,15,14.03,15.83,155,9,18.89,20.20,215,48,6.60,49.15,50,-1,5.40,50.98,64,-2,4.60,78.57,70,-1,594.35,91.68,5,5,13.66,83.92,161,1,22.22,77.03,260,96,68.62,75.92,239,46,16.59,87.73,219,-1,20.63,78.77,336,-75,100.00,100.00,1,0,51.40,47.52,340,-144,35.04,64.96,189,-3,90.16,90.16,110,-29,28.17,13.69,264,95,100.00,100.00,1,0,0.00,100.00,1,0,0.06,83.36,203,-47,22.99,23.87,246,7,0.00,100.00,1,0,0.00,100.00,1,0,0.13,64.32,51,9,16.83,88.83,16,2,39.50,35.63,117,-3,4.47,68.67,166,26,R$ 0.00,0.00,241,-9,0.99,7.84,222,-3,"R$ 9,157.30",5.07,241,-18,"R$ 50,947.27",5.58,185,-72,-6.55,28.31,407,-383,2.10,60.45,139,-27,"R$ 3,008.03",30.49,211,13,8.24,31.12,50,178,8.03,20.39,278,35,55.41,29.53,209,17,17.67,22.79,386,-57,95.39,37.20,318,-21,62.58,31.81,228,16,35.26,47.29,114,2,96.97,96.81,115,20,97.03,95.37,190,-72,47.93,163,9,72.95,207,-84,53.75,156,17,64.70,305,79,30.49,223,27,61.75,19,-1,82.15,176,102,83.36,122,-10,68.40,191,3,64.99,42,11,20.15,237,-64,24.24,316,5,61.69,129,-24,53.06,152,15,59.90,182,-55,64.22,145,50,37.17,192,-25
3134202,62.40,48.19,160,19,7.76,29.81,88,138,48.97,62.23,260,52,-16.23,62.53,69,-15,7.55,80.13,137,8,3.20,58.11,349,-32,89.83,88.35,206,-50,35.10,65.23,346,49,51.04,43.23,291,-12,50.38,50.83,365,"Não comparável, alteração metodológica completa",56.74,22.12,375,-14,23.64,34.79,218,-6,95.43,64.16,59,66,87.35,90.10,60,-45,0.00,100.00,1,0,1.28,90.18,177,-5,3.77,82.66,86,132,19.46,38.91,376,-62,131.54,80.08,64,103,55.68,39.04,192,-6,90.77,44.14,328,0,78.87,36.11,174,-7,64.74,75.20,36,0,11.61,13.10,188,-16,29.43,31.51,118,-11,6.00,38.98,176,-4,4.70,37.25,254,-3,3.80,50.00,330,-4,552.65,64.57,137,14,3.76,96.55,19,36,33.33,65.54,298,30,18.51,94.65,12,7,13.16,90.36,166,9,11.71,88.01,210,-32,94.15,93.89,196,-39,41.34,58.05,272,-51,41.55,58.45,234,-5,94.15,94.15,87,-29,7.71,3.75,343,-217,97.17,94.93,291,-14,100.00,0.00,345,-18,0.18,80.45,364,16,19.61,20.36,283,-2,0.00,100.00,1,250,0.00,100.00,1,312,-0.26,58.90,287,-99,40.06,55.53,224,9,27.39,22.73,267,0,0.62,63.82,347,-75,R$ 0.00,0.00,241,-9,0.99,7.83,223,-19,"R$ 20,474.28",11.55,81,4,"R$ 48,673.56",5.26,196,14,13.40,58.89,111,264,0.83,27.25,388,-5,"R$ 2,540.40",22.76,321,-12,5.36,27.45,220,-86,17.13,45.53,58,-21,70.88,38.18,114,-25,18.39,24.75,371,-33,102.56,42.77,249,-15,51.86,10.78,412,6,31.13,41.54,174,-57,96.46,96.14,132,118,97.59,96.50,119,-11,50.69,102,127,65.57,327,-107,49.57,248,-25,75.68,133,0,39.87,99,0,44.51,236,-4,88.86,37,34,69.77,250,-52,65.79,269,26,49.71,264,-7,16.30,342,-17,36.15,152,-37,57.55,271,87,51.10,222,4,57.81,226,6,62.83,177,-23,34.63,282,28
3136207,69.70,37.66,252,5,6.01,22.92,145,20,45.83,66.06,189,-39,-20.24,63.97,57,-10,8.21,77.74,163,-28,3.25,57.36,351,-42,91.05,89.75,174,-111,36.40,63.89,350,36,41.66,31.13,386,-97,78.14,78.83,182,"Não comparável, alteração metodológica completa",77.67,35.43,267,8,31.74,47.08,142,4,91.19,58.58,127,-58,88.16,91.05,43,52,0.00,100.00,1,414,2.15,81.18,304,11,4.90,73.98,206,86,10.99,76.08,86,-16,137.77,77.23,82,-63,53.77,36.45,216,26,88.95,41.13,352,3,88.12,44.43,65,45,32.83,38.14,206,-27,5.31,5.99,337,-8,2.17,2.27,410,-6,6.60,49.15,50,-1,4.90,41.18,187,-3,4.50,75.00,108,-1,574.98,79.09,41,-13,1.20,99.82,3,24,93.75,3.09,421,-20,28.58,90.89,54,134,6.00,95.85,59,193,16.95,82.58,297,-57,99.92,99.92,40,10,30.26,69.65,158,35,30.26,69.74,149,-34,100.00,100.00,1,12,0.00,0.00,377,-9,99.92,99.86,217,-10,0.00,100.00,1,0,0.04,83.77,122,-33,44.82,46.53,116,-11,0.00,100.00,1,0,0.00,100.00,1,0,-1.74,38.45,408,-368,20.04,84.22,30,-2,33.88,29.64,190,-4,0.62,63.81,348,-11,R$ 0.00,0.00,241,-9,0.60,4.74,330,-6,"R$ 6,945.98",3.80,300,-81,"R$ 53,454.41",5.93,173,-85,-14.47,16.18,419,-402,1.62,47.77,246,-13,"R$ 2,948.58",29.51,223,9,7.65,30.37,67,61,20.87,55.85,30,50,69.84,37.60,123,-68,17.66,22.76,387,-37,108.51,47.39,158,-27,66.17,38.87,153,-88,31.38,41.89,164,4,97.15,97.03,105,-10,96.52,94.31,233,-43,47.65,166,7,71.61,230,16,54.36,146,-24,83.07,45,284,25.55,309,-11,55.79,86,-13,81.13,197,84,85.47,91,6,71.29,135,-80,59.88,106,0,16.67,331,-110,38.74,119,31,63.90,63,-46,54.19,128,17,59.11,206,13,66.23,85,67,38.30,160,-48
3136702,56.23,57.08,89,0,9.49,36.61,49,137,46.67,65.04,215,119,-4.67,58.39,142,-39,6.23,84.97,77,-58,1.74,78.71,107,-2,93.48,92.54,123,-54,13.60,87.35,144,38,77.95,77.99,17,8,91.64,92.46,72,"Não comparável, alteração metodológica completa",147.14,79.60,11,3,39.56,58.96,76,-6,73.77,35.68,391,-51,81.12,82.73,211,-55,98.23,65.89,336,-51,1.83,84.49,272,-14,4.56,76.59,165,18,14.93,58.78,247,25,162.28,66.04,210,14,57.07,40.93,174,16,96.94,54.33,182,-21,79.61,36.77,164,43,39.97,46.43,159,5,5.29,5.96,338,-4,16.83,18.00,240,-19,5.30,27.12,318,-4,4.30,29.41,332,-4,3.90,53.57,310,-4,584.18,85.07,15,-2,8.13,90.97,81,85,47.13,51.29,346,-33,28.32,90.99,52,149,11.84,91.37,146,-22,18.37,81.11,316,-33,100.00,100.00,1,188,35.65,64.01,211,-21,35.89,64.11,195,-11,100.00,100.00,1,22,24.90,12.10,274,48,99.70,99.46,225,-50,0.00,100.00,1,0,0.04,83.61,158,55,26.67,27.68,207,-3,0.00,99.70,230,9,0.01,98.62,260,5,0.27,66.15,26,17,27.29,73.84,91,10,35.87,31.76,164,13,4.60,68.83,157,-9,R$ 111.75,5.11,52,-11,2.00,15.94,84,4,"R$ 15,435.17",8.66,132,-9,"R$ 43,035.36",4.46,228,-10,6.66,48.56,310,-210,2.31,65.84,98,18,"R$ 2,900.45",28.71,237,-32,1.71,22.79,396,-146,9.60,24.71,235,-53,76.22,41.17,93,-16,29.47,55.03,67,0,108.73,47.56,155,-8,59.39,25.55,297,40,41.18,55.52,37,4,88.89,86.44,251,-5,96.83,94.94,204,-6,54.28,50,110,87.62,10,-7,62.04,28,-3,66.96,275,-21,31.68,207,9,41.95,264,-10,84.01,134,38,86.12,81,26,69.58,164,-10,59.67,111,9,23.54,133,-33,40.30,95,-17,62.00,116,28,56.58,56,2,70.22,16,17,64.28,143,-3,41.06,87,-6
3137601,55.72,57.81,81,,8.02,30.83,83,,45.00,67.07,168,,-26.46,66.19,37,,10.72,68.60,257,,3.99,46.95,394,,88.24,86.54,227,,48.30,51.65,391,,49.45,41.19,312,,74.10,74.76,218,,109.92,55.93,71,,29.96,44.38,159,,84.20,49.39,261,,85.01,87.34,113,,234.19,18.68,418,,1.77,85.11,262,,4.79,74.83,191,,15.22,57.50,260,,150.21,71.55,145,,65.07,51.82,78,,92.97,47.77,284,,84.10,40.81,120,,27.65,32.12,248,,14.44,16.30,151,,17.55,18.77,232,,6.10,40.68,150,,4.60,35.29,271,,4.00,57.14,289,,582.92,84.25,18,,28.76,64.65,307,,17.86,81.54,222,,105.97,61.96,338,,8.75,93.74,98,,5.04,94.91,103,,81.02,80.18,318,,30.83,69.05,173,,36.39,63.61,202,,51.69,51.69,249,,49.56,24.08,197,,98.63,97.55,252,,0.00,100.00,1,,0.04,83.74,128,,39.04,40.53,138,,0.00,100.00,1,,0.00,100.00,1,,-0.82,51.14,375,,27.21,73.95,90,,31.65,27.27,221,,4.86,69.15,141,,R$ 1.09,0.05,160,,1.87,14.91,97,,"R$ 9,050.58",5.01,244,,"R$ 37,599.04",3.70,263,,8.13,50.80,270,,2.22,63.57,115,,"R$ 3,055.13",31.27,200,,11.02,34.67,23,,4.30,10.08,397,,24.51,12.25,359,,23.37,38.35,193,,118.98,55.53,77,,56.38,19.66,358,,40.01,53.90,54,,98.95,99.33,20,,99.14,99.67,3,,55.48,39,,66.00,322,,57.06,92,,55.39,389,,32.16,202,,48.89,178,,79.31,240,,72.14,230,,71.38,134,,58.56,130,,23.19,141,,20.23,375,,65.62,31,,51.50,209,,60.51,162,,59.93,231,,37.53,178,
3138203,71.34,35.30,274,-15,7.55,28.98,98,100,50.38,60.51,293,24,1.33,56.25,192,-27,8.59,76.33,178,-6,1.44,82.90,55,-4,81.42,78.73,302,38,15.20,85.70,171,93,49.67,41.47,307,-60,75.39,76.06,209,"Não comparável, alteração metodológica completa",66.88,28.57,323,-7,30.37,45.01,153,-4,78.93,42.45,348,-76,82.50,84.37,173,-22,0.00,100.00,1,0,2.82,74.25,361,-18,4.69,75.59,176,86,12.86,67.85,157,8,118.56,86.00,28,20,56.63,40.34,180,2,97.46,55.20,169,35,77.08,34.50,200,-13,51.48,59.80,78,-8,9.00,10.16,242,39,12.46,13.31,303,46,6.20,42.37,131,-2,4.70,37.25,254,-3,4.10,60.71,253,-3,583.49,84.62,17,20,7.28,92.06,67,54,20.00,79.33,238,-101,23.53,92.78,29,45,10.01,92.77,116,142,0.45,99.67,7,2,89.71,89.25,245,-10,32.78,67.01,192,-37,34.54,65.46,187,-12,87.18,87.18,130,-13,66.03,32.08,152,-53,96.93,94.50,295,-294,0.00,100.00,1,0,0.06,83.16,237,8,11.73,12.18,356,0,0.00,100.00,1,226,0.00,100.00,1,234,0.06,63.33,78,37,38.41,57.89,206,45,37.22,33.20,150,-6,2.86,66.64,259,-162,"R$ 1,230.13",56.24,3,-2,1.65,13.14,124,31,"R$ 11,857.62",6.62,186,10,"R$ 37,386.83",3.67,267,5,16.99,64.38,56,253,1.33,40.21,304,30,"R$ 2,841.13",27.73,247,-3,5.62,27.77,202,97,3.82,8.74,404,-95,117.88,64.47,14,-2,26.23,46.18,121,-20,104.66,44.40,217,-13,60.76,28.24,267,-22,32.45,43.38,150,1,97.53,97.52,91,199,97.30,95.92,157,-85,45.26,213,73,75.83,155,-48,45.24,323,-57,82.68,50,16,33.99,173,17,50.76,147,-2,91.63,14,12,82.24,138,-52,64.86,300,24,54.59,189,4,27.97,61,-31,39.80,103,-37,61.89,120,77,55.55,81,-14,59.88,184,-19,65.73,98,11,42.01,67,-30
3139409,75.33,29.56,315,57,4.38,16.52,229,68,44.14,68.12,151,-29,-26.21,66.10,38,11,6.68,83.32,96,70,1.53,81.74,70,48,78.82,75.75,322,-76,27.70,72.84,288,39,34.88,22.37,412,-30,48.98,49.41,369,"Não comparável, alteração metodológica completa",86.64,41.13,207,11,17.09,24.86,289,-1,83.86,48.94,269,-4,87.43,90.19,56,34,0.00,100.00,1,297,2.22,80.46,312,-122,5.09,72.52,224,29,10.34,78.92,67,-17,172.72,61.27,268,24,48.80,29.68,280,-18,93.32,48.36,272,24,71.19,29.20,273,-20,43.33,50.33,140,-5,5.38,6.07,334,4,14.96,15.99,269,-75,6.00,38.98,176,-4,4.50,33.33,295,-4,4.10,60.71,253,-3,577.58,80.78,34,-7,39.36,51.12,365,-119,7.32,92.44,130,130,131.29,52.49,368,-12,45.57,65.51,400,13,4.01,95.98,86,3,94.51,94.27,189,135,31.67,68.17,182,99,44.28,55.72,259,10,94.51,94.51,82,79,0.09,0.04,376,-22,68.36,43.34,404,2,100.00,0.00,345,-18,0.09,82.64,283,-64,23.76,24.67,238,-30,0.01,98.89,270,-22,0.00,99.10,232,18,0.31,66.80,20,84,35.35,62.28,174,7,32.99,28.70,202,7,4.11,68.21,183,223,R$ 0.22,0.01,205,-12,1.28,10.16,173,-8,"R$ 9,521.79",5.28,234,-46,"R$ 40,383.06",4.09,246,-32,-10.10,22.87,413,-102,1.34,40.46,300,-12,"R$ 2,200.71",17.14,393,-16,5.66,27.83,199,159,8.53,21.77,260,-82,60.84,32.57,183,-44,18.33,24.58,373,-5,93.78,35.95,331,16,80.43,66.85,33,39,28.61,38.04,207,71,97.55,97.55,90,3,96.94,95.18,199,-46,45.08,219,102,65.11,334,-182,49.20,257,-9,79.35,79,137,28.78,259,-29,47.69,196,-13,67.74,366,12,58.47,329,55,68.49,189,10,55.22,180,74,15.19,374,-46,26.31,289,-35,66.71,23,71,48.38,289,37,54.66,298,-52,57.44,284,66,35.09,269,23
3143302,69.90,37.38,253,-7,7.57,29.03,97,70,45.42,66.56,179,82,-29.07,67.13,30,-4,7.24,81.27,125,-17,1.80,77.92,118,8,87.12,85.25,241,-16,16.80,84.05,189,36,45.46,36.03,355,-75,63.84,64.41,306,"Não comparável, alteração metodológica completa",137.55,73.50,17,4,21.81,32.02,236,-3,93.32,61.38,91,-21,85.15,87.50,109,3,19.11,93.36,144,176,2.75,74.97,354,14,4.76,75.06,188,50,13.19,66.44,169,13,136.32,77.89,76,-5,45.23,24.83,319,3,94.75,50.72,241,39,83.61,40.37,125,16,8.90,10.34,367,-25,6.98,7.87,288,-92,16.48,17.62,248,-8,6.50,47.46,67,-1,5.00,43.14,162,-3,4.20,64.29,220,-3,566.43,73.53,77,-46,10.13,88.42,111,-21,52.69,45.54,354,30,54.57,81.17,185,-47,29.24,78.03,335,-17,7.15,92.73,131,-20,82.70,81.93,307,-3,39.70,59.77,260,8,43.03,56.97,248,13,85.22,85.22,142,-14,81.25,39.48,90,-4,100.00,100.00,1,0,0.00,100.00,1,0,0.09,82.49,298,0,47.41,49.22,105,9,0.06,94.68,349,-10,0.04,91.22,371,-10,-0.31,58.18,303,-175,45.70,47.44,268,-3,31.51,27.12,224,12,4.95,69.27,138,127,R$ 40.01,1.83,88,5,2.03,16.19,80,19,"R$ 12,973.48",7.26,170,3,"R$ 32,170.33",2.94,301,-10,7.89,50.44,280,-6,1.64,48.30,242,23,"R$ 2,697.18",25.35,287,20,8.38,31.30,45,235,14.42,38.02,94,-44,54.10,28.80,215,3,23.68,39.21,185,8,107.82,46.86,171,-3,67.08,40.65,137,60,27.31,36.24,228,6,97.02,96.86,113,-28,95.64,92.52,280,-22,50.02,112,94,73.48,199,34,64.88,12,1,78.39,94,120,22.62,341,-13,53.17,114,-15,78.90,252,2,81.35,145,-15,72.50,111,3,50.99,246,27,20.54,225,39,35.34,170,-47,62.62,95,34,53.88,134,41,61.24,142,82,65.16,112,18,37.59,177,26
3143906,74.43,30.85,303,-78,4.66,17.61,211,56,37.53,76.18,43,31,-16.80,62.73,68,62,6.91,82.49,106,4,1.63,80.28,86,20,95.24,94.55,79,-15,13.30,87.65,140,105,52.93,45.68,258,-20,50.86,51.31,364,"Não comparável, alteração metodológica completa",114.98,59.15,53,-2,15.82,22.93,300,1,96.84,66.01,41,9,78.97,80.20,240,-45,84.10,70.79,303,-302,1.31,89.87,184,0,6.22,63.85,315,1,14.30,61.56,221,-195,167.80,63.52,248,5,61.57,47.06,115,5,98.57,57.03,137,28,84.11,40.82,119,-4,48.32,56.13,105,0,12.61,14.23,177,20,24.45,26.16,159,-3,6.50,47.46,67,-1,5.30,49.02,84,-2,4.50,75.00,108,-1,562.20,70.78,98,-28,11.09,87.19,126,-60,0.00,100.00,1,331,57.87,79.94,199,-27,37.91,71.39,377,1,1.01,99.08,22,14,77.95,76.97,338,-25,35.88,63.77,213,-73,23.55,76.45,102,-53,78.03,78.03,184,-26,22.62,10.99,288,22,94.00,89.26,343,17,0.00,100.00,1,0,0.10,82.32,311,14,17.87,18.55,300,-4,0.00,100.00,1,222,0.00,100.00,1,237,-0.03,62.01,160,72,39.20,56.77,214,12,31.62,27.24,222,7,2.26,65.87,292,46,R$ 0.19,0.01,210,-13,1.35,10.68,168,-2,"R$ 12,004.95",6.70,183,-3,"R$ 30,846.73",2.75,308,-1,13.37,58.84,113,203,1.30,39.60,309,22,"R$ 2,444.35",21.17,342,-1,6.33,28.69,149,68,11.22,29.20,185,-12,67.96,36.55,133,13,20.43,30.31,292,-25,102.98,43.10,242,2,64.31,35.21,186,71,49.59,67.21,11,255,98.57,98.85,37,120,89.00,78.90,397,-89,46.84,184,14,73.57,197,7,58.91,63,-9,67.61,268,-188,38.63,113,19,56.46,78,-13,85.17,111,117,74.40,205,0,66.25,258,40,52.23,223,27,17.63,307,14,32.02,214,3,64.65,47,208,52.76,167,26,59.63,195,-9,64.37,141,-20,36.34,223,81
3144805,48.59,68.10,37,11,11.27,43.60,32,19,34.32,80.10,24,-5,-28.05,66.76,34,-21,19.01,38.36,382,-5,3.42,55.05,362,-46,93.44,92.50,126,185,16.70,84.16,187,157,52.91,45.65,259,14,71.89,72.53,238,"Não comparável, alteração metodológica completa",91.54,44.25,167,21,54.00,80.86,11,1,76.20,38.87,377,-19,87.83,90.67,45,11,82.78,71.25,299,7,0.95,93.59,105,44,2.82,89.95,13,-7,13.25,66.18,171,42,118.72,85.93,30,-7,57.24,41.16,172,-18,97.85,55.84,161,8,74.57,32.24,231,20,39.00,45.30,167,-19,17.27,19.49,121,44,20.57,22.01,202,-47,6.50,47.46,67,-1,4.20,27.45,353,-5,3.80,50.00,330,-4,590.49,89.17,8,-4,4.20,95.99,23,20,88.89,8.11,417,-5,43.33,85.38,138,151,0.84,99.80,3,89,5.46,94.48,110,7,79.12,78.19,331,-18,,0.00,410,-150,44.39,55.61,261,-14,21.51,21.51,330,-7,21.01,10.21,293,-7,100.00,100.00,1,0,0.00,100.00,1,0,0.03,84.02,67,-49,37.42,38.84,150,0,0.06,94.40,351,-350,0.04,92.27,364,-363,-0.60,54.23,353,-45,23.79,78.86,56,2,65.66,63.46,12,-4,-3.43,58.71,396,-147,R$ 1.12,0.05,159,-17,4.45,35.60,20,1,"R$ 6,469.54",3.53,316,-32,"R$ 111,440.30",14.08,21,-14,2.71,42.50,364,-359,2.70,76.06,54,-8,"R$ 4,730.57",58.99,13,0,8.10,30.95,54,345,11.25,29.27,183,104,24.93,12.48,358,-34,33.26,65.39,35,0,120.21,56.49,65,-32,51.94,10.93,411,-6,38.61,51.95,74,-10,83.07,78.98,291,-6,98.65,98.68,21,15,64.64,7,-1,68.03,294,34,56.29,108,1,77.92,100,20,34.59,162,4,48.16,187,-21,82.79,160,132,59.71,321,-38,69.52,166,0,65.82,30,-19,31.38,33,-12,35.72,162,13,59.41,204,-18,55.68,76,-1,66.26,49,50,61.48,204,0,43.83,39,-20
3145208,75.00,30.03,312,-1,6.93,26.52,116,154,47.93,63.50,237,37,15.63,51.13,289,-54,6.36,84.47,82,0,2.16,72.77,162,36,84.05,81.74,282,49,15.20,85.70,171,-8,55.77,49.34,227,-126,74.51,75.17,214,"Não comparável, alteração metodológica completa",84.02,39.46,222,40,25.97,38.33,196,3,90.20,57.27,155,-87,88.65,91.64,35,41,0.00,100.00,1,226,1.27,90.28,174,-19,4.21,79.28,125,-36,15.65,55.62,277,-240,138.05,77.10,84,20,62.57,48.42,106,4,100.43,60.10,91,69,72.43,30.32,256,-10,65.42,76.00,34,-4,11.17,12.60,196,-25,0.33,0.30,422,-7,6.20,42.37,131,-2,5.10,45.10,133,-3,4.20,64.29,220,-3,541.37,57.24,192,81,12.40,85.52,148,10,57.58,40.48,365,-39,47.58,83.79,153,39,13.28,90.26,168,-60,2.70,97.34,61,10,73.95,72.79,349,-22,39.70,59.77,260,-10,41.35,58.65,232,30,72.86,72.86,201,-20,77.93,37.87,104,13,97.98,96.38,267,133,100.00,0.00,345,-18,0.04,83.63,153,25,26.60,27.61,208,14,0.00,100.00,1,0,0.00,100.00,1,0,-0.21,59.53,272,16,29.84,70.18,118,-22,33.32,29.05,199,-8,1.97,65.51,306,70,R$ 0.00,0.00,241,-9,0.70,5.47,305,9,"R$ 11,326.70",6.31,197,24,"R$ 37,293.07",3.66,268,38,19.02,67.49,34,307,2.02,58.44,161,-24,"R$ 2,424.22",20.83,347,-4,6.99,29.53,104,-93,2.56,5.27,417,-2,15.53,7.23,389,-4,15.36,16.45,418,-19,107.39,46.52,178,12,66.28,39.07,149,117,35.43,47.53,110,3,95.93,95.47,147,1,97.39,96.09,147,75,42.79,281,61,77.40,123,128,53.91,152,-18,79.02,86,1,36.29,147,3,49.41,171,14,81.88,183,-59,64.57,284,71,68.86,180,73,56.43,165,3,20.33,233,-5,9.65,422,-7,64.94,44,57,50.88,229,37,59.35,198,109,62.42,187,41,33.72,311,-6
3147006,69.40,38.10,249,0,8.63,33.23,67,62,52.93,57.40,343,-102,-9.52,60.13,107,-65,12.91,60.61,298,-34,2.16,72.72,163,-2,79.83,76.91,312,-3,9.80,91.26,84,207,47.82,39.08,337,-75,84.21,84.96,123,"Não comparável, alteração metodológica completa",94.84,46.34,146,4,24.96,36.80,205,-11,81.87,46.33,302,-39,83.01,84.97,161,-28,147.71,48.71,385,-93,1.62,86.66,234,0,6.48,61.86,329,-62,16.99,49.76,323,18,164.92,64.84,227,48,52.40,34.58,240,40,94.37,50.09,252,29,74.70,32.36,229,-8,34.33,39.88,194,40,9.69,10.93,229,24,27.60,29.55,132,-24,5.90,37.29,200,-4,4.40,31.37,317,-4,3.80,50.00,330,-4,541.77,57.50,191,-31,28.46,65.03,304,27,6.67,93.11,120,-63,83.69,70.29,283,24,18.29,86.42,242,-32,1.92,98.15,44,14,80.67,79.81,323,-3,29.63,70.31,150,11,32.72,67.28,172,8,74.88,74.88,195,-5,56.20,27.31,178,-20,89.36,80.95,365,-23,0.00,100.00,1,0,0.22,79.67,373,-19,37.48,38.91,149,-2,0.08,92.89,367,-22,0.13,73.09,410,-18,-0.63,53.77,358,-206,37.06,59.83,194,0,40.94,37.16,99,-3,6.60,71.35,65,270,R$ 0.00,0.00,241,-9,0.63,4.92,324,-16,"R$ 15,769.82",8.86,131,20,"R$ 72,311.27",8.58,90,-47,4.77,45.66,342,-295,0.80,26.59,392,-15,"R$ 3,313.65",35.55,139,12,5.65,27.81,200,-126,18.13,48.29,44,-21,50.97,27.05,234,-17,18.01,23.71,380,-68,101.38,41.85,262,-57,61.59,29.88,248,-17,27.69,36.76,222,-20,94.55,93.70,174,-23,96.67,94.61,219,-24,47.22,174,21,74.93,171,189,51.19,210,-17,58.40,364,-55,31.67,208,31,40.80,280,-16,80.64,211,14,74.15,209,-17,65.27,283,-93,58.29,136,50,16.35,339,-66,33.02,201,-76,59.36,209,-69,50.14,243,6,60.47,164,153,58.32,270,-32,35.76,240,-54
3147105,72.19,34.08,281,-5,7.05,26.99,112,-39,46.39,65.38,209,19,-14.83,62.03,77,1,8.48,76.77,175,36,2.37,69.79,204,-50,84.11,81.80,281,57,26.60,73.97,278,84,47.66,38.88,340,-43,86.53,87.30,109,"Não comparável, alteração metodológica completa",120.45,62.63,36,-7,28.61,42.33,173,9,94.37,62.76,73,15,89.79,92.98,24,-16,182.32,36.69,405,-93,0.74,95.76,55,12,2.60,91.63,7,4,10.03,80.30,56,-23,170.37,62.35,254,-46,62.80,48.73,103,10,93.55,48.74,268,27,75.49,33.07,221,-21,39.04,45.35,166,-15,7.03,7.93,285,7,9.23,9.84,350,-28,6.40,45.76,81,-2,5.10,45.10,133,-3,3.90,53.57,310,-4,576.97,80.38,36,-6,21.56,73.83,245,-66,38.89,59.80,322,-47,95.33,65.93,312,-179,28.42,78.66,329,-39,3.21,96.81,72,10,100.00,100.00,1,0,14.46,86.19,21,3,6.49,93.51,20,4,98.70,98.70,33,5,89.31,43.40,55,313,100.00,100.00,1,0,0.00,100.00,1,0,0.07,83.05,252,18,24.91,25.86,228,9,0.04,96.26,331,-330,0.02,96.69,322,-321,0.22,65.48,31,-6,25.75,76.04,76,-7,37.94,33.96,138,-22,0.92,64.19,339,-3,R$ 0.00,0.00,241,-9,0.74,5.84,284,-7,"R$ 14,617.71",8.20,143,13,"R$ 53,134.48",5.88,175,0,12.73,57.86,129,-14,1.52,45.35,263,1,"R$ 2,575.51",23.34,310,-2,7.16,29.74,93,241,8.65,22.10,256,92,35.99,18.67,298,-3,16.69,20.10,404,-16,103.21,43.27,237,6,66.21,38.94,151,65,34.09,45.66,132,-27,95.57,95.01,159,-23,95.44,92.09,288,-92,47.12,177,-16,75.97,154,187,64.35,14,-2,66.56,280,-127,30.03,230,-3,52.61,121,-7,75.36,315,-173,92.29,4,59,68.03,201,-55,58.94,122,-8,18.63,281,24,20.29,373,15,62.99,81,0,52.89,159,31,60.92,149,146,65.21,111,-46,35.09,270,3
3147907,73.06,32.82,289,-46,3.96,14.87,259,63,35.79,78.30,35,28,-7.04,59.24,128,-1,9.42,73.31,216,14,1.52,81.75,69,47,78.70,75.62,323,-59,45.40,54.63,383,-19,64.07,60.06,114,18,33.32,33.61,401,"Não comparável, alteração metodológica completa",72.73,32.29,297,-15,21.90,32.16,235,-9,83.84,48.92,271,-17,86.68,89.31,76,107,0.00,100.00,1,0,5.24,49.22,417,-131,7.05,57.48,350,-207,12.76,68.31,156,-36,179.25,58.29,290,78,55.56,38.88,194,29,96.29,53.26,200,39,84.96,41.59,107,20,32.64,37.91,209,-31,8.56,9.66,248,74,26.21,28.06,140,-12,6.50,47.46,67,-1,4.90,41.18,187,-3,4.30,67.86,192,-3,573.86,78.36,45,83,11.16,87.11,127,55,7.14,92.62,128,104,67.86,76.20,237,-84,26.60,80.05,317,-64,28.64,70.47,392,-10,95.96,95.78,164,13,28.19,71.82,135,37,31.39,68.61,163,11,95.46,95.46,77,-1,52.73,25.62,190,-6,95.96,92.77,314,-4,0.00,100.00,1,0,0.14,81.54,338,10,18.43,19.13,292,29,0.01,99.02,265,-264,0.04,91.61,369,-368,-0.32,58.01,309,-112,29.40,70.81,114,14,30.76,26.33,236,2,5.02,69.36,135,125,R$ 0.00,0.00,241,-9,1.19,9.46,184,42,"R$ 19,829.31",11.18,88,2,"R$ 36,449.37",3.54,273,16,15.44,62.00,78,91,1.24,38.08,320,19,"R$ 2,632.23",24.28,301,3,7.94,30.73,59,8,17.13,45.53,57,21,74.66,40.29,97,7,19.75,28.47,318,45,95.71,37.44,314,9,59.47,25.70,293,-45,25.99,34.40,243,2,96.60,96.32,124,5,96.53,94.33,232,-28,46.31,194,25,59.07,374,-287,47.31,290,-7,71.10,212,-18,32.96,185,4,53.91,105,20,81.94,180,22,84.87,97,16,64.28,318,0,57.48,150,35,18.70,276,20,38.10,130,59,57.64,266,-32,51.34,217,-34,52.41,334,-220,63.50,161,4,37.26,188,50
3148004,66.94,41.64,218,-30,4.44,16.76,224,-37,45.43,66.55,180,-65,-19.18,63.59,63,-25,8.93,75.11,190,-8,1.82,77.54,121,-24,91.58,90.36,159,63,14.40,86.52,156,50,44.17,34.37,368,-98,86.50,87.27,110,"Não comparável, alteração metodológica completa",89.80,43.14,183,-17,35.34,52.54,104,-5,87.21,53.34,213,-119,79.63,80.98,232,-14,57.54,80.02,241,102,1.09,92.14,134,110,4.11,80.05,116,39,12.08,71.28,134,146,153.90,69.87,174,-21,53.24,35.73,225,7,96.35,53.35,197,29,81.82,38.76,149,10,32.62,37.89,210,-7,5.33,6.01,336,16,12.63,13.49,300,-102,6.30,44.07,105,-2,5.00,43.14,162,-3,4.30,67.86,192,-3,579.52,82.04,27,8,21.45,73.98,242,-71,2.70,97.21,68,107,90.64,67.69,301,-20,40.51,69.40,388,-2,21.99,77.36,351,37,81.63,80.81,317,-8,16.79,83.75,32,8,22.14,77.86,91,-8,78.51,78.51,182,-31,50.68,24.63,194,-14,100.00,100.00,1,0,18.91,81.09,334,-19,0.14,81.36,344,15,24.62,25.56,231,10,0.03,97.19,318,-22,0.09,80.77,404,-42,-0.20,59.74,264,-5,21.33,82.38,34,7,38.28,34.33,133,-14,1.85,65.36,309,-38,R$ 0.20,0.01,209,23,1.58,12.52,132,-7,"R$ 33,009.88",18.72,32,-1,"R$ 51,190.81",5.61,184,6,14.02,59.83,100,109,1.30,39.58,310,-12,"R$ 2,995.57",30.29,217,-5,6.39,28.77,143,90,12.64,33.12,136,-73,58.94,31.51,192,-16,20.51,30.53,290,-43,111.72,49.88,128,1,46.81,0.87,422,-7,38.01,51.11,82,-25,97.52,97.50,92,2,97.97,97.28,81,60,47.13,176,-52,79.79,86,138,54.41,145,-63,76.20,128,152,28.52,262,-28,54.05,104,-1,75.57,312,2,78.35,171,-24,64.51,312,-29,61.36,77,12,21.14,204,8,31.72,216,-69,59.33,211,3,53.18,150,24,62.75,114,50,62.44,186,6,38.00,166,-7
3148103,67.81,40.39,234,-3,2.79,10.25,321,-207,39.49,73.79,73,3,-4.02,58.16,147,127,11.99,63.97,284,43,1.27,85.33,35,46,38.16,29.21,412,-43,53.00,46.81,403,-5,38.12,26.56,400,-67,60.15,60.68,327,"Não comparável, alteração metodológica completa",86.02,40.74,212,-10,21.18,31.07,241,0,82.63,47.32,290,-148,88.27,91.18,40,-19,0.00,100.00,1,307,2.79,74.56,357,8,6.10,64.77,304,10,7.11,93.09,9,105,118.60,85.98,29,176,60.42,45.49,134,-17,102.30,63.20,64,23,81.69,38.64,150,2,56.12,65.19,60,-1,8.86,10.00,245,20,25.85,27.67,143,8,6.50,47.46,67,-1,5.00,43.14,162,-3,4.40,71.43,148,-2,560.30,69.55,107,-59,10.66,87.75,118,24,37.50,61.24,317,-316,33.18,89.17,81,20,20.24,84.93,261,67,2.54,97.50,57,12,98.90,98.85,77,-76,47.67,51.42,319,-22,48.40,51.60,288,-13,93.96,93.96,88,-2,78.00,37.90,103,-1,,0.00,413,-229,,0.00,345,-18,0.13,81.73,331,5,23.88,24.79,237,12,0.02,98.41,293,-17,0.04,92.64,361,-2,-0.52,55.24,346,-83,38.18,58.23,203,-27,34.40,30.20,182,5,2.96,66.76,254,53,R$ 0.00,0.00,241,-9,2.37,18.85,63,-1,"R$ 18,456.23",10.39,101,7,"R$ 54,502.98",6.08,167,20,10.77,54.85,188,70,0.94,30.19,381,-13,"R$ 2,731.72",25.92,273,10,8.11,30.95,53,206,10.05,25.96,221,-25,35.61,18.45,300,-3,18.08,23.90,378,-33,101.89,42.24,256,5,66.35,39.22,147,21,27.61,36.65,224,-24,93.83,92.77,186,-23,96.26,93.77,246,5,45.65,201,-67,52.17,407,-135,49.73,243,-108,88.35,10,236,40.22,96,9,53.69,106,-12,84.75,117,-63,52.78,359,-168,65.62,276,8,53.88,199,4,18.90,273,12,22.77,346,-17,60.93,154,-15,49.02,273,-66,48.77,378,-150,62.25,189,-51,34.45,290,-10
3151800,59.68,52.10,125,-2,2.24,8.09,349,-65,51.60,59.02,312,-36,40.96,42.06,373,3,9.49,73.07,221,3,1.48,82.42,64,3,77.61,74.37,336,-58,30.10,70.37,312,42,34.00,21.24,415,-39,84.69,85.44,119,"Não comparável, alteração metodológica completa",86.09,40.78,211,-11,40.53,60.42,70,-21,87.61,53.87,205,-49,86.98,89.66,69,-14,0.00,100.00,1,247,0.63,96.90,30,-9,3.24,86.72,31,2,11.45,74.04,107,94,143.69,74.53,108,-19,67.75,55.46,47,11,95.09,51.27,229,-19,77.99,35.31,187,-5,78.74,91.46,8,1,14.97,16.90,143,-20,16.13,17.25,250,-8,6.00,38.98,176,-4,5.00,43.14,162,-3,4.30,67.86,192,-3,577.87,80.96,32,-11,8.16,90.93,83,-7,68.18,29.52,392,4,41.94,85.90,133,-127,11.66,91.51,143,17,0.75,99.35,16,-6,97.77,97.67,105,10,23.75,76.47,88,165,24.02,75.98,107,17,97.77,97.77,46,-12,79.17,38.47,100,-65,100.00,100.00,1,0,0.00,100.00,1,0,0.02,84.07,48,6,20.46,21.24,272,10,0.00,100.00,1,0,0.00,100.00,1,0,0.08,63.53,70,258,25.94,75.76,77,21,37.73,33.74,143,-10,2.52,66.21,277,45,R$ 0.00,0.00,241,-9,1.60,12.72,127,-19,"R$ 11,666.30",6.51,191,-34,"R$ 65,547.68",7.63,119,14,9.60,53.06,230,135,1.91,55.51,182,-4,"R$ 3,007.47",30.48,213,7,7.20,29.80,92,187,11.58,30.19,172,-86,68.31,36.74,130,-4,21.78,34.01,243,11,123.61,59.13,49,10,56.88,20.64,351,26,44.74,60.47,18,1,98.73,99.06,27,1,97.97,97.27,82,-2,40.32,324,-45,72.33,214,75,56.57,103,-45,84.65,32,91,44.06,58,6,52.18,126,-9,82.81,159,-12,89.51,31,0,67.74,210,86,59.66,112,23,21.74,186,21,33.65,198,-45,67.31,17,32,55.62,77,33,55.63,278,21,69.54,17,18,40.15,109,19
3152501,72.26,33.98,282,3,5.33,20.26,183,51,39.46,73.83,72,-16,-36.81,69.90,20,-3,14.90,53.36,344,-36,1.63,80.30,85,-16,95.26,94.57,78,220,18.00,82.82,204,121,67.29,64.22,81,-4,77.87,78.57,186,"Não comparável, alteração metodológica completa",77.48,35.31,271,-20,43.91,65.55,51,0,91.69,59.24,117,-37,83.01,84.96,163,-69,51.81,82.01,220,-219,1.92,83.56,286,-42,5.12,72.29,227,16,10.36,78.83,68,43,148.56,72.31,138,-97,66.72,54.06,55,6,101.13,61.26,80,-19,87.94,44.26,67,41,39.09,45.41,165,-9,10.40,11.74,212,-87,18.64,19.94,219,7,6.40,45.76,81,-2,4.80,39.22,223,-3,4.30,67.86,192,-3,588.72,88.02,9,-1,13.06,84.68,155,1,34.38,64.47,303,24,59.59,79.30,204,26,32.97,75.17,360,8,10.05,89.72,171,23,89.59,89.13,248,53,31.29,68.57,177,-36,33.29,66.71,178,-20,88.97,88.97,116,-20,69.08,33.57,143,-5,100.00,100.00,1,323,0.00,100.00,1,0,0.03,83.98,73,11,13.42,13.93,340,5,0.00,99.93,186,-185,0.00,99.76,182,-181,0.19,65.14,34,306,28.89,71.54,108,4,49.48,46.24,37,5,7.21,72.11,46,184,R$ 5.14,0.24,125,-20,0.84,6.60,257,-26,"R$ 17,145.98",9.64,115,3,"R$ 93,295.80",11.53,39,14,13.83,59.54,106,-64,2.04,58.77,154,-13,"R$ 3,208.84",33.82,160,-3,5.55,27.69,207,101,32.00,86.58,2,8,77.43,41.84,85,-24,25.09,43.05,149,-36,116.00,53.22,94,-15,58.26,23.35,317,-61,32.48,43.43,148,19,95.07,94.37,169,-13,94.25,89.67,330,-33,49.49,125,28,76.52,143,-16,56.60,102,-40,77.76,102,-67,36.69,141,-5,54.31,98,-7,79.03,251,47,84.16,107,34,65.81,266,85,64.56,48,40,22.70,156,-3,57.16,10,8,60.81,155,-62,57.09,47,6,62.42,120,3,65.90,96,-2,44.57,29,18
3154606,76.23,28.25,322,17,10.06,38.82,44,65,50.19,60.74,290,0,8.71,53.60,241,1,8.99,74.88,193,123,2.38,69.63,208,-38,90.67,89.32,182,89,29.90,70.58,310,-41,48.90,40.48,319,18,70.31,70.94,250,"Não comparável, alteração metodológica completa",57.11,22.36,371,-8,20.96,30.73,244,1,81.72,46.13,305,-81,73.30,73.49,324,-18,26.86,90.67,160,60,2.32,79.42,322,41,4.52,76.90,163,92,12.89,67.73,160,-48,166.82,63.97,243,-13,46.43,26.47,305,21,86.07,36.38,380,0,71.68,29.64,268,-7,11.36,13.20,344,13,8.10,9.14,261,53,11.57,12.35,311,-6,5.50,30.51,280,-4,4.10,25.49,366,-5,3.70,46.43,351,-4,527.65,48.32,265,-39,22.91,72.11,254,-95,65.04,32.76,383,19,87.77,68.76,297,-62,2.32,98.67,15,18,19.45,79.99,328,-62,79.41,78.49,330,-8,55.68,43.04,356,0,61.39,38.61,357,-24,75.44,75.44,191,-1,72.90,35.42,130,15,95.64,92.19,318,-111,0.00,100.00,1,0,0.06,83.35,205,-19,30.97,32.15,181,9,0.00,100.00,1,0,0.00,100.00,1,0,-0.28,58.60,295,-67,41.73,53.14,239,3,14.23,8.74,391,2,4.24,68.38,177,-154,R$ 11.75,0.54,111,121,0.43,3.33,367,-17,"R$ 2,141.84",1.06,416,-4,"R$ 19,214.10",1.12,386,-3,10.12,53.86,212,-65,1.43,43.00,285,-54,"R$ 2,342.67",19.49,369,-3,7.29,29.92,88,167,6.08,14.99,359,36,14.42,6.61,393,-3,21.43,33.04,258,28,97.28,38.67,300,-16,66.70,39.89,143,43,24.87,32.84,263,-21,99.46,99.99,2,9,97.38,96.07,148,26,45.36,212,89,72.04,218,130,40.20,378,-28,74.93,149,51,19.27,381,11,34.46,350,-8,74.72,321,-33,74.28,208,-29,69.94,159,47,46.98,301,-84,15.72,361,-29,18.21,389,9,61.49,135,11,47.28,316,23,58.12,220,129,56.71,300,-8,31.25,367,-22
3156700,72.45,33.70,283,-12,4.32,16.29,234,-190,50.58,60.27,299,-3,20.73,49.30,310,-13,24.59,18.04,405,-15,2.98,61.17,317,12,83.42,81.02,287,88,27.90,72.63,290,65,52.41,45.01,266,-2,26.49,26.72,411,"Não comparável, alteração metodológica completa",93.17,45.28,155,28,30.12,44.63,157,-4,80.99,45.17,313,-111,75.91,76.58,295,-51,0.00,100.00,1,271,2.32,79.42,322,-4,4.16,79.66,120,-26,15.15,57.82,257,39,161.15,66.56,204,-12,46.15,26.09,307,-5,81.22,28.35,406,-3,64.51,23.20,341,-3,32.76,38.06,208,44,6.52,7.36,305,21,24.99,26.75,152,-2,6.00,38.98,176,-4,4.60,35.29,271,-3,4.10,60.71,253,-3,535.31,53.30,221,-87,3.72,96.60,18,42,87.50,9.55,415,-10,71.92,74.69,257,-117,8.94,93.59,101,-95,21.47,77.89,344,-33,75.93,74.86,345,-12,62.85,35.53,378,-3,66.61,33.39,378,-20,64.19,64.19,233,-16,0.00,0.00,377,-9,98.79,97.83,250,-59,0.00,100.00,1,0,-0.04,85.50,5,-1,50.01,51.92,96,4,0.00,100.00,1,232,0.00,100.00,1,221,-0.70,52.80,366,-297,36.16,61.12,183,-3,22.15,17.16,320,2,4.91,69.22,140,224,R$ 0.00,0.00,241,-9,0.13,0.90,416,-3,"R$ 3,866.35",2.04,377,-18,"R$ 29,658.31",2.58,318,-64,-2.47,34.57,392,-358,2.22,63.54,116,13,"R$ 3,334.05",35.89,135,4,6.80,29.28,110,216,7.21,18.11,319,43,12.74,5.67,397,-2,18.55,25.18,365,-11,104.49,44.27,219,4,65.17,36.90,169,-81,23.81,31.36,278,-46,89.56,87.30,244,-15,89.27,79.46,394,-303,39.89,327,-127,48.16,415,-3,50.35,232,-43,75.74,129,109,24.78,315,18,43.76,243,-35,77.50,275,-59,67.58,267,-32,75.38,71,-6,52.03,230,57,19.45,256,-11,16.32,402,0,55.86,318,-232,46.14,344,-35,43.84,403,-17,59.94,230,2,31.98,352,-36
3157807,,0.00,413,-141,,0.00,408,-406,44.75,67.38,164,248,-12.97,61.36,87,-85,,0.00,408,-1,,0.00,403,-1,39.96,31.28,410,-49,38.00,62.24,359,-49,73.48,72.22,39,42,60.81,61.35,325,"Não comparável, alteração metodológica completa",86.93,41.31,202,-10,26.79,39.57,193,-3,79.52,43.24,336,-66,80.50,82.00,222,-41,80.91,71.91,298,-96,2.70,75.49,347,-16,7.45,54.41,363,-4,15.37,56.85,268,-104,159.53,67.30,196,-38,46.81,26.98,303,10,93.99,49.45,258,-12,77.76,35.11,189,16,15.23,17.70,314,-20,6.75,7.61,298,93,7.92,8.44,358,16,5.50,30.51,280,-4,4.30,29.41,332,-4,3.90,53.57,310,-4,539.44,55.98,202,26,6.10,93.56,47,-38,22.22,77.03,260,137,17.15,95.16,8,1,3.05,98.11,22,-19,17.19,82.33,301,-20,72.18,70.94,352,0,55.36,43.37,355,0,58.51,41.49,342,-15,66.34,66.34,222,-12,71.96,34.97,133,31,99.97,99.95,214,120,0.00,100.00,1,0,0.04,83.74,130,-21,45.70,47.44,114,5,0.00,100.00,1,0,0.00,100.00,1,0,-0.60,54.17,355,-189,39.92,55.72,222,16,19.06,13.87,350,3,5.28,69.68,122,-11,R$ 0.00,0.00,241,-9,1.29,10.25,171,-3,"R$ 3,828.66",2.02,380,2,"R$ 30,155.78",2.65,312,-2,14.76,60.96,89,52,2.10,60.29,142,2,"R$ 2,824.40",27.46,251,-36,-0.04,20.56,408,-285,6.33,15.70,347,-62,16.89,7.99,385,-8,23.17,37.80,199,3,102.09,42.41,254,15,64.26,35.11,188,49,31.33,41.82,167,-21,98.86,99.23,22,111,97.43,96.17,143,2,32.19,403,-394,40.30,422,-6,48.45,276,-62,65.27,297,-114,21.62,355,6,38.23,306,0,91.12,18,90,72.43,223,8,73.79,94,16,49.75,263,16,20.00,240,-23,20.50,370,-29,62.95,84,30,45.34,359,-82,36.07,418,-68,59.56,244,-3,34.27,296,-29
3162500,69.13,38.49,244,36,1.82,6.45,372,-280,39.21,74.13,69,-20,-8.93,59.92,115,-55,13.92,56.92,324,-55,1.39,83.66,47,17,87.09,85.22,242,-129,22.60,78.09,240,144,51.75,44.15,279,23,53.51,53.99,356,"Não comparável, alteração metodológica completa",122.79,64.11,33,173,25.63,37.82,200,-4,84.74,50.10,253,-62,77.26,78.17,273,62,0.00,100.00,1,355,1.37,89.25,194,-12,4.84,74.44,198,-96,5.95,98.18,4,5,146.89,73.07,132,104,52.78,35.10,234,-1,105.38,68.28,34,0,87.72,44.07,72,48,23.86,27.72,262,-5,5.06,5.71,346,31,16.91,18.08,239,-21,6.60,49.15,50,-1,5.10,45.10,133,-3,4.70,82.14,46,-1,582.14,83.74,21,12,17.01,79.64,207,-110,38.46,60.24,320,62,51.78,82.22,175,-55,21.26,84.15,277,-154,12.91,86.76,236,-65,,0.00,408,5,32.99,66.79,193,-20,82.24,17.76,407,-19,,0.00,385,2,4.07,1.98,354,-7,99.00,98.21,243,-36,100.00,0.00,345,-18,0.10,82.30,313,-21,11.65,12.10,357,-8,0.00,99.80,211,1,0.00,99.38,213,7,-0.24,59.15,279,-142,31.14,68.31,130,18,29.47,24.95,249,-14,-0.34,62.61,364,-114,R$ 265.81,12.15,30,-19,1.46,11.58,147,-29,"R$ 10,516.11",5.85,212,-34,"R$ 38,851.16",3.88,256,-26,6.66,48.56,311,-212,1.29,39.38,312,-21,"R$ 3,193.70",33.57,172,-6,8.18,31.04,51,5,14.57,38.43,90,-43,152.52,83.83,4,1,26.38,46.58,118,4,106.69,45.98,190,62,61.43,29.56,253,37,39.13,52.68,69,13,97.11,96.99,107,46,97.86,97.05,92,109,44.75,226,-128,66.38,318,-47,57.40,85,146,88.70,9,193,29.96,231,6,59.06,43,-2,79.54,234,-48,26.74,406,-3,63.88,334,-6,53.48,201,-5,20.65,220,-131,56.28,11,4,64.45,53,66,51.00,225,3,55.10,290,-101,56.67,302,44,42.62,59,-18
3167202,62.82,47.58,168,16,5.15,19.53,189,-40,53.80,56.34,355,-3,15.92,51.02,292,-14,9.03,74.75,194,5,2.95,61.71,308,20,79.61,76.66,317,-16,36.60,63.68,352,17,51.81,44.23,275,-57,67.05,67.64,278,"Não comparável, alteração metodológica completa",97.99,48.35,124,-11,34.71,51.58,113,1,90.17,57.23,157,-33,81.86,83.61,191,6,83.02,71.17,301,-300,2.71,75.39,349,-78,5.77,67.31,288,2,11.21,75.12,96,-19,164.36,65.09,223,-151,52.36,34.53,241,11,94.96,51.06,232,29,77.72,35.07,191,1,23.94,27.80,261,2,7.78,8.77,267,-11,15.25,16.30,261,17,5.90,37.29,200,-4,4.50,33.33,295,-4,4.00,57.14,289,-3,571.26,76.67,58,-46,24.38,70.24,272,-135,13.43,86.11,188,75,71.36,74.89,255,-41,16.81,87.56,224,63,21.47,77.90,343,-12,96.20,96.03,156,-84,68.73,29.38,391,-23,68.94,31.06,387,-61,94.49,94.49,83,-37,0.29,0.14,375,-105,94.88,90.83,331,-330,0.00,100.00,1,0,0.06,83.18,235,26,28.72,29.81,196,11,0.00,100.00,1,0,0.00,100.00,1,0,-0.37,57.36,320,-241,29.95,70.02,121,-7,37.34,33.32,147,-6,3.40,67.32,226,-27,R$ 0.86,0.04,166,-52,0.92,7.28,237,-12,"R$ 11,605.91",6.47,192,0,"R$ 65,543.80",7.63,120,3,0.58,39.24,382,-357,2.14,61.40,134,-28,"R$ 2,949.90",29.53,222,7,6.43,28.81,137,-30,13.37,35.12,114,-47,54.20,28.85,214,-20,20.52,30.56,289,-30,105.26,44.87,210,-20,62.75,32.16,220,55,30.72,40.98,179,-39,90.58,88.61,234,44,95.38,91.98,291,-223,43.62,263,-5,67.19,308,-111,57.73,79,-15,70.64,224,-175,26.66,292,10,45.84,216,-32,79.21,242,-51,77.01,183,-63,69.05,175,1,58.38,134,-9,20.88,212,-65,31.51,218,-50,59.72,190,0,51.11,221,-91,54.89,293,-64,61.64,200,-78,37.47,180,-36
3168606,82.86,18.69,374,2,4.63,17.50,213,-107,32.79,81.96,18,9,8.27,53.76,237,53,4.53,91.15,19,16,1.93,76.05,135,3,55.93,49.55,397,-23,19.70,81.07,221,-75,43.37,33.33,375,-54,54.93,55.42,350,"Não comparável, alteração metodológica completa",134.84,71.78,25,1,22.87,33.63,224,-2,90.52,57.70,148,-46,73.41,73.62,320,41,0.00,100.00,1,251,2.05,82.21,298,44,5.83,66.85,290,-99,9.34,83.31,40,335,180.84,57.57,299,-16,50.59,32.12,258,-8,91.09,44.67,322,12,72.81,30.66,252,-13,57.97,67.34,54,-10,6.60,7.45,302,-43,33.72,36.11,89,-26,5.70,33.90,242,-4,4.10,25.49,366,-5,4.10,60.71,253,-3,544.02,58.96,181,-3,32.97,59.28,336,-138,29.85,69.14,291,-14,161.99,41.01,394,-231,61.02,53.67,414,-74,20.23,79.18,333,5,67.36,65.91,365,0,40.45,58.98,268,-1,43.01,56.99,247,9,62.20,62.20,235,-9,65.60,31.88,153,13,92.90,87.29,353,-82,100.00,0.00,345,-18,0.19,80.32,366,-17,35.67,37.03,162,-23,0.02,98.40,294,-13,0.01,98.24,277,13,0.12,64.06,55,-50,45.72,47.41,269,7,27.15,22.48,269,4,3.48,67.41,222,-35,R$ 0.26,0.01,199,-43,1.45,11.50,150,-52,"R$ 9,972.19",5.54,224,-16,"R$ 25,762.62",2.04,341,-4,16.02,62.89,69,310,1.09,34.07,355,-11,"R$ 2,227.59",17.58,391,-12,6.44,28.82,135,58,23.27,62.47,18,-13,116.60,63.75,16,53,20.83,31.41,282,-26,91.29,34.01,347,-4,67.52,41.50,126,-72,15.31,19.55,369,-28,86.58,83.48,270,-14,94.99,91.19,306,-13,42.98,277,-60,65.38,331,20,61.04,40,19,79.14,83,238,36.51,142,-16,39.74,291,-3,59.32,404,-134,57.85,331,-20,70.77,143,-107,48.86,279,12,16.48,334,-10,52.54,22,-8,53.95,361,-162,49.20,268,-26,53.69,316,6,58.07,273,-40,37.06,197,-25
3168705,73.61,32.02,298,-9,5.52,21.00,168,-46,48.34,63.00,246,-28,-3.43,57.95,152,128,14.37,55.27,335,-11,4.06,46.02,397,-15,86.44,84.48,251,73,16.90,83.95,190,16,42.21,31.84,381,-62,66.09,66.68,287,"Não comparável, alteração metodológica completa",89.49,42.94,185,-3,47.92,71.64,28,14,89.66,56.57,164,-37,88.17,91.07,42,102,124.53,56.76,371,-370,2.20,80.66,308,41,6.41,62.39,322,3,16.19,53.26,298,-297,150.64,71.36,148,73,61.19,46.54,120,24,89.80,42.54,343,5,84.88,41.52,108,34,49.28,57.24,89,19,9.69,10.94,228,67,29.16,31.22,123,10,6.60,49.15,50,-1,4.90,41.18,187,-3,4.10,60.71,253,-3,607.15,100.00,1,4,23.78,70.99,261,62,31.03,67.92,295,-42,52.74,81.86,179,120,13.08,90.42,164,-64,28.28,70.85,388,-49,94.45,94.20,190,-52,47.81,51.28,322,12,51.57,48.43,305,-3,96.14,96.14,72,-35,47.18,22.93,206,-13,,0.00,413,-412,,0.00,345,-344,0.29,77.98,383,-9,57.77,59.97,69,-5,0.00,100.00,1,0,0.00,100.00,1,0,-0.58,54.53,350,-88,29.41,70.80,115,14,27.99,23.38,263,-20,-0.37,62.57,366,-181,R$ 0.00,0.00,241,-9,0.79,6.20,269,-28,"R$ 8,448.67",4.67,263,12,"R$ 56,987.61",6.43,157,-77,-14.84,15.62,420,-410,2.00,57.68,163,18,"R$ 3,150.32",32.85,183,1,7.38,30.02,82,-18,9.61,24.76,234,-87,12.45,5.50,398,-4,20.46,30.40,291,-31,83.36,27.85,382,0,63.68,33.97,198,-188,28.40,37.75,214,-30,99.15,99.59,13,-10,97.15,95.60,173,-112,43.49,268,-13,65.94,324,-29,60.29,55,-3,62.67,333,-279,37.29,135,30,56.90,72,10,77.64,273,23,50.38,370,-278,75.78,67,0,53.72,200,-28,18.94,270,-96,20.22,376,-51,58.95,220,-207,48.60,277,-157,54.23,308,-21,59.60,240,-202,33.50,315,-161
3169901,71.48,35.10,275,-69,8.26,31.75,79,73,40.64,72.39,86,-21,-19.02,63.53,64,-7,7.24,81.26,126,14,1.65,79.98,92,-16,81.99,79.39,298,-44,25.40,75.21,261,51,56.71,50.56,211,-52,79.35,80.06,172,"Não comparável, alteração metodológica completa",96.05,47.11,139,29,31.85,47.25,141,-3,88.80,55.44,177,-46,82.73,84.63,168,7,0.00,100.00,1,394,1.06,92.45,127,85,5.17,71.91,233,29,15.24,57.42,263,-227,187.43,54.56,315,-48,57.68,41.77,165,-4,95.95,52.70,211,2,75.67,33.24,218,15,30.69,35.65,219,-10,6.81,7.68,294,14,13.44,14.36,286,-2,6.90,54.24,20,-1,4.90,41.18,187,-3,4.50,75.00,108,-1,573.46,78.10,47,-21,33.58,58.50,342,-65,36.84,61.92,312,33,132.89,51.89,369,6,23.32,82.57,292,52,21.69,77.67,346,-18,88.13,87.60,268,-4,38.54,60.98,248,26,42.00,58.00,238,22,82.03,82.03,168,-9,0.00,0.00,377,-9,88.54,79.48,370,-74,0.00,100.00,1,0,0.04,83.65,151,-8,16.82,17.46,312,-1,0.00,100.00,1,303,0.00,100.00,1,282,0.00,62.42,130,-92,36.71,60.34,189,6,34.45,30.25,181,12,3.48,67.41,223,135,R$ 0.00,0.00,241,-9,1.26,9.96,179,5,"R$ 8,704.31",4.81,252,-51,"R$ 43,169.47",4.48,226,30,18.42,66.57,43,294,1.99,57.53,166,-9,"R$ 2,398.12",20.40,352,6,7.59,30.29,74,-29,6.08,15.00,358,-35,66.26,35.60,146,20,16.22,18.82,409,-33,104.42,44.22,220,1,64.20,35.00,190,-17,25.87,34.23,244,44,98.84,99.20,24,-3,98.31,97.98,57,37,50.69,101,-2,76.58,141,-64,56.16,110,-5,72.96,185,137,28.57,261,-8,57.32,64,-14,67.66,367,3,73.08,220,-37,66.38,251,-20,54.77,187,41,20.73,218,8,23.14,343,-12,62.13,109,12,51.66,205,-3,63.08,108,-47,60.77,215,16,35.70,243,6
3170107,57.18,55.71,98,18,2.24,8.09,350,-104,45.95,65.91,199,-24,11.17,52.72,260,-51,12.96,60.43,299,-32,2.49,68.13,230,17,86.74,84.82,249,-2,47.20,52.78,389,15,61.99,57.38,141,-47,59.83,60.36,331,"Não comparável, alteração metodológica completa",56.90,22.22,374,-17,40.49,60.36,71,-9,88.65,55.23,181,46,67.35,66.46,377,-43,85.69,70.24,308,-71,0.83,94.83,70,-22,3.68,83.35,70,-44,12.00,71.66,129,51,151.37,71.02,157,-79,52.01,34.05,243,-16,91.64,45.58,309,-1,76.95,34.38,204,23,57.96,67.33,55,7,8.34,9.41,254,-13,13.23,14.14,292,-82,5.70,33.90,242,-4,4.90,41.18,187,-3,4.00,57.14,289,-3,568.79,75.06,68,-25,13.27,84.41,157,-55,0.00,100.00,1,0,33.67,88.99,85,-52,25.13,81.18,306,-30,14.52,85.10,269,-71,99.65,99.63,48,-47,32.52,67.28,190,-71,22.37,77.63,93,37,99.11,99.11,23,-8,93.00,45.19,44,324,100.00,100.00,1,286,0.00,100.00,1,0,0.09,82.68,281,8,15.79,16.39,318,5,0.03,97.60,315,-28,0.05,90.02,376,1,-0.09,61.24,193,33,25.27,76.74,69,-9,38.83,34.91,128,-10,3.29,67.18,236,-80,R$ 27.01,1.23,96,-37,1.51,12.03,141,-5,"R$ 19,846.45",11.19,87,0,"R$ 70,120.94",8.27,101,-12,0.45,39.04,384,-266,1.85,53.77,199,-6,"R$ 3,263.30",34.72,154,-10,6.06,28.34,166,35,11.01,28.62,192,-36,67.48,36.28,139,-15,25.13,43.17,147,-24,112.58,50.56,118,17,53.67,14.33,395,19,40.04,53.93,53,-11,79.46,74.36,310,-15,98.40,98.17,43,13,45.61,205,-36,63.88,346,-106,46.96,295,1,74.60,155,-47,33.38,179,-3,47.06,201,-14,86.47,81,-48,90.57,22,84,63.86,336,10,60.69,88,-6,21.91,181,-50,36.02,155,-41,58.27,243,49,52.88,160,-28,54.35,304,-92,64.83,124,10,38.85,145,-18
3170206,53.51,61.00,70,-4,4.31,16.25,236,22,32.28,82.59,16,254,7.59,54.01,231,0,10.94,67.79,263,-9,1.78,78.21,115,-26,98.41,98.18,18,131,10.20,90.84,87,83,85.04,87.14,4,-2,79.62,80.33,170,"Não comparável, alteração metodológica completa",59.23,23.70,359,-18,37.99,56.57,84,0,102.31,73.21,10,15,92.74,96.47,7,-1,38.95,86.48,190,-35,2.77,74.77,355,-77,2.91,89.26,15,4,13.11,66.77,167,-17,124.29,83.39,39,13,60.43,45.50,133,-3,98.96,57.68,126,13,77.10,34.52,199,23,38.87,45.16,170,-10,2.44,2.75,411,-2,5.91,6.28,380,-45,6.00,38.98,176,-4,4.90,41.18,187,-3,4.10,60.71,253,-3,569.07,75.24,66,-12,10.86,87.49,122,-26,40.58,58.05,326,26,36.10,88.08,97,-32,16.16,88.06,210,21,10.89,88.85,194,10,98.05,97.96,99,11,21.64,78.67,69,-7,15.75,84.25,53,-12,97.01,97.01,58,-8,80.47,39.10,93,-4,100.00,100.00,1,0,0.00,100.00,1,0,0.04,83.63,154,6,17.64,18.31,302,14,0.04,96.42,328,2,0.09,81.06,400,-9,-0.20,59.70,268,-87,28.75,71.74,106,1,41.14,37.37,97,-11,1.53,64.97,317,-22,R$ 95.08,4.35,58,-15,4.60,36.74,18,-1,"R$ 36,593.27",20.78,25,3,"R$ 71,598.38",8.48,94,-12,6.85,48.85,303,-105,1.88,54.77,188,-19,"R$ 3,408.09",37.11,119,-6,6.00,28.26,174,179,6.96,17.43,328,-31,67.93,36.53,134,-5,27.68,50.14,91,12,125.39,60.51,43,-12,51.18,9.45,415,2,39.32,52.94,66,2,88.60,86.08,253,-12,97.69,96.72,107,-1,53.46,59,109,83.63,44,105,57.81,75,-9,79.50,75,-19,29.20,246,-15,49.38,173,-18,83.72,140,29,90.06,28,-5,63.01,365,-22,59.01,120,-4,28.76,52,-1,34.70,179,-13,61.14,148,97,57.12,46,31,67.89,29,121,65.92,94,-4,41.85,73,10
3170404,67.17,41.31,224,-28,5.34,20.28,182,118,51.93,58.62,320,44,-10.09,60.33,106,-40,6.24,84.93,78,2,3.19,58.22,347,29,73.12,69.23,359,-30,26.50,74.07,276,23,48.11,39.46,330,-114,69.10,69.71,260,"Não comparável, alteração metodológica completa",81.59,37.92,239,-5,17.14,24.93,288,3,91.49,58.98,123,116,78.80,79.99,242,48,85.84,70.19,309,-308,3.19,70.42,379,-46,4.41,77.74,152,201,9.44,82.87,41,5,173.20,61.05,271,-30,50.40,31.86,264,-13,95.93,52.67,212,11,72.60,30.47,255,-35,17.32,20.12,290,6,2.19,2.47,413,5,18.92,20.24,214,37,6.00,38.98,176,-4,4.70,37.25,254,-3,4.10,60.71,253,-3,543.84,58.85,183,-72,5.51,94.31,41,127,0.00,100.00,1,339,38.39,87.22,111,97,34.17,74.25,367,-59,5.69,94.24,115,-29,87.17,86.60,272,60,28.08,71.93,133,-62,16.27,83.73,55,77,71.95,71.95,207,-4,61.02,29.65,168,22,100.00,100.00,1,369,100.00,0.00,345,-18,0.32,77.33,387,1,35.28,36.62,164,6,0.07,93.48,360,-24,0.11,77.86,406,-26,-0.67,53.17,362,-183,37.01,59.90,192,-7,29.54,25.02,248,-16,-0.51,62.39,369,-196,R$ 0.68,0.03,173,-14,1.18,9.35,186,44,"R$ 29,973.11",16.99,36,-6,"R$ 60,281.57",6.89,132,-1,7.33,49.58,292,-248,0.85,27.79,384,-6,"R$ 2,898.81",28.69,238,5,7.41,30.06,80,129,9.97,25.74,223,37,38.37,20.00,285,-24,19.14,26.79,346,-56,94.54,36.53,324,-9,62.08,30.83,238,8,33.84,45.31,134,62,91.48,89.77,226,-31,95.56,92.35,283,-26,45.14,217,86,69.39,273,-37,49.79,242,59,71.91,199,-93,23.90,327,-1,45.34,224,-26,88.37,43,202,69.40,253,60,64.63,307,-95,51.00,245,-39,18.07,294,-35,24.18,319,-7,58.96,219,10,49.13,270,4,56.74,255,21,59.70,239,32,33.50,314,-33
3170701,67.84,40.34,235,176,0.97,3.11,393,15,35.98,78.07,37,20,-30.44,67.62,27,31,7.29,81.10,128,279,1.00,89.11,10,392,38.16,29.21,413,5,17.00,83.85,193,147,62.21,57.66,138,-49,72.54,73.19,235,"Não comparável, alteração metodológica completa",75.36,33.96,288,-25,38.29,57.02,83,-6,90.94,58.26,136,-41,89.02,92.08,32,8,0.00,100.00,1,245,0.89,94.21,90,-78,2.67,91.10,8,26,13.32,65.83,177,46,135.71,78.17,75,31,61.99,47.63,111,29,96.72,53.97,186,19,81.64,38.60,151,14,41.24,47.90,150,-14,7.01,7.90,286,54,17.85,19.09,227,-47,5.90,37.29,200,-4,4.70,37.25,254,-3,3.20,28.57,413,-5,583.75,84.79,16,-10,10.50,87.94,115,-85,21.05,78.24,247,-50,33.11,89.19,80,1,15.41,88.64,199,-19,3.41,96.60,74,26,91.20,90.81,235,2,33.99,65.75,196,-21,36.01,63.99,196,-13,90.74,90.74,107,-16,62.01,30.13,166,-17,100.00,100.00,1,246,0.00,100.00,1,0,0.03,83.95,78,12,12.57,13.05,346,-4,0.00,99.74,221,-220,0.00,99.34,217,-216,-0.15,60.45,232,-80,17.59,87.74,19,2,44.59,41.04,69,6,4.55,68.77,163,15,R$ 0.45,0.02,186,21,1.41,11.22,158,-27,"R$ 25,784.62",14.59,56,9,"R$ 73,780.24",8.79,83,11,1.44,40.55,372,-324,2.26,64.62,110,-5,"R$ 2,734.23",25.96,272,-23,4.03,25.76,306,14,16.37,43.41,62,29,66.75,35.87,142,-12,23.21,37.92,197,-33,108.05,47.03,164,-3,58.20,23.21,320,-113,35.77,48.00,108,-12,90.28,88.23,236,-43,91.55,84.14,380,-24,47.29,173,210,68.60,285,122,55.59,118,-37,83.60,39,102,33.67,176,4,43.74,244,-23,88.17,47,-34,84.23,105,-7,64.79,303,9,66.27,26,15,22.78,155,-14,39.07,111,-3,58.12,249,-140,54.71,108,104,57.48,236,170,66.09,89,18,40.66,98,-16
3171204,70.18,36.97,255,24,6.16,23.49,136,-120,51.48,59.17,308,-20,22.86,48.54,324,-25,7.89,78.89,154,85,2.96,61.57,309,23,87.83,86.06,233,12,11.70,89.30,115,-7,38.48,27.02,398,-15,52.76,53.23,358,"Não comparável, alteração metodológica completa",82.49,38.49,233,-7,22.81,33.54,226,4,80.01,43.87,326,-6,77.22,78.13,274,29,126.90,55.93,373,-372,2.08,81.90,301,92,4.37,78.05,145,87,15.86,54.69,287,-182,162.79,65.81,213,18,41.04,19.13,356,15,88.63,40.60,357,1,67.18,25.60,315,0,16.54,19.22,301,59,9.89,11.16,222,121,8.53,9.10,356,-23,5.90,37.29,200,-4,4.70,37.25,254,-3,3.80,50.00,330,-4,531.61,50.90,247,-17,13.16,84.56,156,13,18.18,81.21,224,-27,33.71,88.97,86,-57,8.04,94.28,86,-4,18.54,80.93,317,8,85.75,85.12,289,-33,48.88,50.16,327,32,57.16,42.84,339,-3,85.05,85.05,143,-6,77.17,37.50,108,-4,61.40,30.87,407,-11,0.00,100.00,1,0,2.20,35.02,420,-5,24.81,25.75,229,4,0.00,100.00,1,0,0.00,100.00,1,0,-0.35,57.60,317,-291,42.92,51.44,251,5,21.48,16.45,327,-24,-7.20,53.97,410,-111,R$ 0.00,0.00,241,-9,0.70,5.51,302,24,"R$ 6,455.48",3.52,318,11,"R$ 28,001.11",2.35,325,-6,7.45,49.77,289,1,2.43,68.89,86,10,"R$ 3,264.41",34.74,153,2,5.84,28.06,184,-119,5.37,13.04,377,-37,23.92,11.92,362,-11,22.92,37.12,203,-38,85.99,29.89,373,-15,64.43,35.44,185,64,26.70,35.39,237,-57,99.40,99.92,5,133,98.77,98.92,13,20,42.04,293,-173,68.80,279,19,46.07,310,6,63.04,330,-201,19.27,380,25,41.66,271,-9,86.97,70,-10,65.12,279,-33,54.16,415,-122,42.52,348,-46,21.78,185,15,20.69,367,-50,59.91,184,16,46.41,335,-74,54.84,295,-60,54.35,339,-70,33.26,325,-51
3200607,60.08,51.53,131,50,4.24,15.97,241,-206,41.73,71.06,103,55,-39.97,71.03,16,2,7.23,81.31,123,-9,2.25,71.59,179,65,98.93,98.77,11,-1,15.10,85.80,170,-65,50.42,42.44,301,-97,86.32,87.09,113,"Não comparável, alteração metodológica completa",116.19,59.92,49,7,39.48,58.83,77,8,94.05,62.35,77,-28,78.67,79.83,246,-10,73.31,74.54,275,-10,1.06,92.45,127,47,4.21,79.28,125,59,12.46,69.61,146,38,176.79,59.41,282,-112,64.59,51.17,82,27,102.45,63.45,62,20,78.58,35.84,179,30,1.90,2.20,415,-1,18.49,20.87,116,-9,25.85,27.66,144,3,6.30,44.07,105,-2,5.10,45.10,133,-3,4.90,89.29,14,0,555.98,66.74,125,0,19.53,76.42,227,9,4.76,95.08,94,174,71.10,74.99,254,81,23.44,82.48,294,19,18.09,81.40,311,29,87.52,86.96,271,-20,25.66,74.47,107,7,34.32,65.68,184,-108,73.39,73.39,199,-5,52.83,25.67,189,45,99.04,98.28,241,-56,0.00,100.00,1,0,0.11,82.18,320,-24,21.10,21.91,264,-33,0.02,98.27,298,-84,0.03,94.74,349,-94,-0.26,58.93,284,-269,47.25,45.22,278,7,44.10,40.51,77,8,10.73,76.56,10,377,R$ 0.00,0.00,241,-9,0.35,2.74,389,-13,"R$ 10,346.99",5.75,218,-20,"R$ 81,515.74",9.88,61,69,21.21,70.86,16,138,1.88,54.63,191,-20,"R$ 3,602.20",40.32,84,17,10.05,33.43,30,259,14.38,37.92,99,72,34.41,17.79,309,-7,18.62,25.36,364,-128,108.75,47.57,154,75,63.33,33.28,208,-10,15.30,19.53,370,-40,93.68,92.59,190,-64,95.66,92.54,276,50,52.40,78,-34,82.46,53,116,63.87,17,7,71.46,206,-9,30.21,229,11,55.73,87,-7,81.33,192,123,79.22,165,-14,65.73,271,-152,57.30,153,114,22.50,162,61,27.02,280,-12,57.10,278,-27,54.25,125,27,66.77,44,35,64.45,139,-12,36.51,219,51
3201209,63.36,46.81,175,37,3.64,13.61,279,-237,44.83,67.28,165,-9,-18.41,63.31,65,23,9.85,71.77,230,65,2.84,63.26,288,50,94.25,93.42,98,-81,15.60,85.29,176,9,52.61,45.26,264,-72,81.65,82.38,148,"Não comparável, alteração metodológica completa",104.53,52.51,89,-17,36.71,54.62,90,3,89.09,55.82,171,9,73.21,73.39,327,2,41.60,85.56,196,-195,1.49,88.00,216,0,5.32,70.76,250,-38,17.89,45.81,345,-173,142.53,75.06,103,167,62.97,48.95,99,-11,97.08,54.57,178,5,74.16,31.87,234,36,21.52,25.00,270,-8,12.11,13.66,182,-34,29.98,32.10,115,-55,5.90,37.29,200,-4,5.00,43.14,162,-3,5.00,92.86,3,0,557.95,68.02,121,-3,20.67,74.96,234,-3,14.58,84.93,204,-84,72.16,74.60,260,70,45.88,65.27,401,-14,27.38,71.78,382,20,95.48,95.28,174,35,23.83,76.38,89,-10,8.37,91.63,24,-6,91.96,91.96,101,8,78.95,38.36,101,40,86.49,75.81,381,-56,0.00,100.00,1,0,0.10,82.29,314,37,21.13,21.93,263,-18,0.00,99.97,183,43,0.00,99.81,181,82,-0.11,61.00,202,-188,36.43,60.74,186,26,31.15,26.73,230,-51,-5.51,56.09,406,-273,R$ 0.00,0.00,241,-9,1.01,7.99,219,28,"R$ 8,860.18",4.90,246,-35,"R$ 40,872.59",4.16,240,25,20.87,70.32,19,149,1.83,53.41,203,-3,"R$ 2,720.47",25.74,279,0,7.01,29.55,102,210,12.00,31.34,157,-59,77.70,41.99,83,3,20.19,29.67,304,-134,99.06,40.05,284,-14,63.44,33.50,202,10,32.58,43.56,144,32,96.01,95.56,144,-4,97.67,96.66,111,21,47.75,165,-89,77.87,113,-61,57.44,84,7,70.92,217,-78,32.21,201,-29,53.62,108,-2,73.11,335,4,83.16,128,-17,67.03,235,-113,49.03,273,-85,20.43,228,48,34.34,189,-90,61.87,122,1,53.03,155,-62,62.16,124,-74,63.39,164,-44,36.87,199,-16
3201308,70.10,37.08,254,13,15.26,59.28,9,15,40.78,72.22,89,-5,-4.80,58.44,140,5,10.14,70.69,243,-59,2.34,70.20,199,42,95.67,95.05,68,-36,7.30,93.83,47,4,75.84,75.26,26,33,48.06,48.49,373,"Não comparável, alteração metodológica completa",66.25,28.17,327,-31,38.94,58.02,80,10,84.72,50.07,254,-3,65.86,64.70,390,-43,41.99,85.42,198,-33,0.93,93.80,99,23,3.99,80.97,105,-15,17.85,45.99,344,-169,206.84,45.69,377,-60,45.20,24.79,321,-1,99.31,58.26,117,0,63.68,22.45,349,7,4.86,5.65,402,-22,11.38,12.85,193,5,41.79,44.76,46,-14,5.70,33.90,242,-4,4.70,37.25,254,-3,4.50,75.00,108,-1,528.26,48.72,261,-8,27.96,65.66,299,13,21.05,78.24,247,23,79.32,71.92,274,19,9.05,93.50,103,-74,31.02,68.01,397,-50,80.95,80.10,319,-13,24.62,75.55,95,12,84.50,15.50,409,-20,43.64,43.64,266,7,37.95,18.44,239,5,99.02,98.24,242,41,0.00,100.00,1,0,0.05,83.56,166,25,36.25,37.63,158,-17,0.01,99.20,260,-259,0.00,99.28,224,-223,0.00,62.44,124,-89,49.85,41.50,293,2,23.77,18.89,308,7,8.24,73.41,26,337,R$ 0.02,0.00,239,-7,0.28,2.13,399,-13,"R$ 5,017.48",2.70,346,-15,"R$ 55,760.52",6.25,159,57,34.66,91.45,4,26,2.03,58.61,157,2,"R$ 2,677.80",25.03,291,4,7.82,30.59,62,101,12.17,31.82,151,-67,28.81,14.65,339,-22,22.43,35.79,218,70,105.99,45.43,203,-47,64.69,35.96,181,53,28.48,37.86,211,-42,75.29,69.01,343,-24,82.98,66.58,415,-6,56.76,25,34,73.64,194,-171,46.53,304,-25,64.70,304,-125,26.72,291,-42,44.34,239,-6,76.64,287,-20,67.55,269,-10,71.90,123,-33,48.71,284,66,21.34,198,50,27.42,273,-25,50.97,393,-30,49.77,256,-41,64.83,71,-50,57.57,280,-45,33.40,320,19
3201506,72.93,33.01,286,27,4.07,15.29,253,-213,36.77,77.11,39,61,-15.49,62.27,73,50,6.34,84.57,80,45,1.42,83.22,51,-20,99.12,98.99,9,-1,11.10,89.92,100,-5,50.00,41.90,305,-107,90.82,91.63,78,"Não comparável, alteração metodológica completa",142.45,76.61,15,-4,35.93,53.45,97,25,86.92,52.97,217,-79,80.57,82.09,220,13,0.00,100.00,1,366,1.68,86.04,247,1,4.96,73.52,214,28,16.63,51.31,309,-42,165.41,64.61,230,34,57.01,40.85,175,6,97.94,56.00,154,25,87.25,43.65,76,53,5.33,6.19,396,-10,12.89,14.54,169,-6,36.42,39.00,72,-16,6.20,42.37,131,-2,5.10,45.10,133,-3,4.80,85.71,30,-1,571.59,76.89,54,33,34.99,56.70,353,-7,11.76,87.84,176,62,156.42,43.10,392,-23,63.75,51.58,416,-42,27.15,72.02,381,17,89.34,88.87,251,27,40.35,59.09,265,-50,26.82,73.18,121,-23,80.18,80.18,175,-8,14.82,7.20,323,6,82.97,69.50,387,-41,0.00,100.00,1,0,0.11,82.01,324,0,15.07,15.65,329,-17,0.00,99.71,229,-26,0.01,98.69,255,-46,-0.02,62.21,149,-73,35.69,61.80,177,-4,34.94,30.77,177,-27,-0.44,62.48,368,-112,R$ 0.00,0.00,241,-9,1.04,8.20,211,-91,"R$ 14,119.18",7.91,152,-16,"R$ 42,971.06",4.46,231,-14,16.51,63.64,60,112,1.45,43.55,278,-17,"R$ 2,837.72",27.68,249,-2,6.17,28.49,156,21,12.32,32.22,145,-106,71.41,38.48,112,0,21.70,33.80,247,-78,101.45,41.91,261,-8,61.89,30.46,242,-15,28.61,38.04,208,22,72.57,65.51,357,-226,96.06,93.36,261,31,46.92,181,-71,86.09,23,1,65.78,6,3,73.54,171,166,30.68,220,-6,56.26,82,4,59.93,402,-18,72.27,227,-31,65.13,287,-26,53.23,207,-33,19.15,265,-21,34.83,176,-104,53.86,363,-168,52.02,185,-45,65.65,57,-18,60.79,214,10,35.30,265,-99
3202405,64.54,45.10,185,-31,4.29,16.17,239,-220,52.09,58.43,325,31,-3.40,57.94,153,58,8.39,77.08,172,43,2.84,63.21,289,53,97.17,96.76,38,-22,26.40,74.18,275,-49,52.43,45.03,265,-23,74.73,75.40,213,"Não comparável, alteração metodológica completa",68.08,29.33,317,-22,27.53,40.70,188,7,81.64,46.02,306,-49,73.00,73.14,332,-15,0.00,100.00,1,0,3.64,65.77,396,-32,7.33,55.33,360,-105,10.52,78.14,77,147,180.01,57.95,296,-195,64.87,51.55,80,55,100.39,60.03,93,13,72.06,29.98,260,31,6.30,7.32,389,-18,3.11,3.50,395,-31,32.80,35.12,93,5,6.30,44.07,105,-2,5.00,43.14,162,-3,4.90,89.29,14,0,542.85,58.20,187,31,11.86,86.22,140,55,36.00,62.79,310,-55,36.30,88.00,99,57,14.08,89.65,185,15,21.94,77.42,348,-24,78.38,77.42,335,-7,36.11,63.53,214,12,38.68,61.32,218,20,51.04,51.04,252,-6,51.81,25.17,193,-8,100.00,100.00,1,206,0.00,100.00,1,0,0.08,82.89,266,46,38.67,40.15,140,-16,0.00,99.87,198,23,0.00,99.76,183,21,-0.03,62.03,158,-96,37.29,59.50,197,7,24.72,19.90,295,-15,2.21,65.82,294,-120,R$ 0.00,0.00,241,-9,0.69,5.41,306,-20,"R$ 6,909.61",3.78,302,-15,"R$ 27,203.63",2.24,332,11,21.04,70.59,17,311,1.25,38.12,319,-24,"R$ 2,387.25",20.22,354,-1,7.37,30.02,83,221,12.05,31.49,155,-53,47.60,25.16,248,-1,18.40,24.78,370,-24,127.51,62.16,35,23,62.71,32.07,222,51,31.21,41.66,169,28,97.11,96.98,108,-67,95.74,92.71,274,-103,44.41,237,-149,75.50,159,-21,44.09,343,-24,75.07,146,-35,28.06,271,6,53.65,107,4,82.85,155,16,71.61,234,-22,72.53,110,-14,50.90,247,-7,16.71,330,25,27.14,278,-34,65.11,38,37,51.06,223,-27,59.28,201,-106,61.84,196,-15,34.87,275,11
3203205,71.72,34.75,276,24,6.13,23.38,137,79,45.48,66.49,181,58,-9.14,59.99,112,37,14.17,55.99,330,52,2.05,74.34,148,1,95.96,95.38,59,-50,12.10,88.89,118,-61,50.91,43.07,294,120,96.24,97.09,32,"Não comparável, alteração metodológica completa",90.66,43.69,178,-52,34.53,51.31,117,33,87.49,53.71,208,27,78.16,79.23,255,-36,0.00,100.00,1,202,3.41,68.15,392,-18,6.57,61.17,333,-3,11.04,75.88,89,117,171.99,61.61,263,86,61.29,46.67,119,3,95.83,52.50,213,-18,62.25,21.16,359,8,9.76,11.34,360,-10,3.35,3.78,392,-24,19.09,20.42,213,-17,6.10,40.68,150,-3,5.00,43.14,162,-3,4.70,82.14,46,-1,555.01,66.11,128,26,37.93,52.94,360,31,1.43,98.52,54,44,117.24,57.74,355,9,25.84,80.64,310,-1,3.70,96.30,81,11,84.20,83.50,298,-216,57.12,41.53,363,-13,48.15,51.85,286,-1,68.60,68.60,213,-66,81.67,39.68,88,-72,98.83,97.90,247,73,0.00,100.00,1,0,0.15,81.25,346,30,21.92,22.76,253,-13,0.01,99.18,262,-45,0.09,81.48,399,-130,-0.30,58.28,301,-254,31.42,67.91,132,25,40.04,36.20,112,-15,5.53,69.99,107,218,R$ 0.00,0.00,241,-25,1.46,11.58,148,4,"R$ 14,092.79",7.90,153,-4,"R$ 60,043.14",6.86,135,27,26.83,79.46,7,131,1.72,50.46,228,46,"R$ 2,764.76",26.47,265,9,7.60,30.30,72,49,9.12,23.40,248,-21,43.34,22.78,262,-6,19.69,28.31,320,86,103.12,43.20,240,25,62.48,31.62,229,-23,27.08,35.91,231,6,94.24,93.31,182,-24,89.57,80.07,391,-6,46.15,195,96,80.84,73,45,54.22,147,-2,76.26,127,164,23.15,334,-7,52.65,118,4,74.25,326,23,76.26,188,-67,63.85,337,-145,59.74,109,53,21.92,179,67,24.83,306,57,56.82,289,-16,51.77,199,39,62.74,115,65,60.80,213,8,36.14,227,67
3204906,71.80,34.63,277,7,4.15,15.61,247,-230,37.75,75.91,48,-12,-25.56,65.87,40,56,9.31,73.72,209,138,2.76,64.26,277,-35,95.61,94.98,70,-50,18.90,81.89,213,-185,52.12,44.64,270,-129,63.06,63.62,311,"Não comparável, alteração metodológica completa",100.32,49.83,114,95,26.43,39.03,195,6,82.87,47.64,287,-23,72.97,73.10,334,-110,0.00,100.00,1,0,1.35,89.45,189,29,5.66,68.15,280,-60,19.19,40.10,373,-314,181.67,57.19,302,30,48.08,28.71,291,-9,97.34,54.99,173,14,61.42,20.42,364,14,18.00,20.91,286,33,12.91,14.57,168,-28,3.10,3.27,401,-20,5.60,32.20,264,-4,4.50,33.33,295,-4,4.80,85.71,30,-1,544.81,59.48,177,-12,35.24,56.37,354,23,16.07,83.39,213,31,162.21,40.93,395,-17,52.49,60.21,407,4,24.70,74.56,368,27,64.10,62.50,373,-66,50.37,48.60,332,-325,39.88,60.12,223,-32,52.11,52.11,248,-9,1.79,0.87,365,-139,100.00,100.00,1,371,0.00,100.00,1,0,0.15,81.11,351,-4,11.95,12.41,352,-18,0.00,99.63,240,-40,0.01,98.87,248,-47,0.00,62.44,125,15,55.51,33.38,338,12,26.51,21.80,274,-15,-3.49,58.64,399,-350,R$ 1.27,0.06,153,16,0.40,3.11,376,-12,"R$ 7,242.63",3.97,291,-14,"R$ 35,194.88",3.36,280,51,26.20,78.49,8,204,1.18,36.50,338,7,"R$ 2,635.13",24.32,299,-44,-0.28,20.25,411,-388,12.80,33.55,130,-2,51.69,27.45,232,-9,18.67,25.52,361,-183,104.69,44.42,216,69,63.62,33.85,200,14,24.06,31.71,276,36,93.42,92.25,196,-24,92.31,85.70,373,-30,48.01,161,-125,72.81,209,-140,51.18,212,25,68.37,262,-117,21.63,354,5,46.04,212,-8,61.72,395,11,64.94,282,-38,64.00,327,-16,40.90,365,-77,16.07,351,-29,28.84,254,-71,57.59,269,20,46.84,327,-79,59.87,185,-153,54.46,337,-18,31.71,360,-51
3205002,65.68,43.47,199,-16,11.50,44.51,30,-27,40.60,72.44,85,115,6.51,54.39,223,64,7.18,81.49,120,6,2.23,71.86,173,10,99.42,99.33,4,-2,11.30,89.71,107,-31,65.59,62.03,96,-68,83.51,84.26,128,"Não comparável, alteração metodológica completa",70.44,30.83,306,-29,42.45,63.33,58,5,86.51,52.43,223,20,70.94,70.71,358,-57,67.89,76.43,259,-52,0.55,97.72,13,11,3.60,83.96,62,24,12.49,69.49,148,6,154.64,69.53,177,62,44.32,23.59,326,-1,92.69,47.31,290,-5,57.74,17.11,391,1,3.04,3.53,413,-8,5.35,6.04,335,-28,23.46,25.10,172,20,5.60,32.20,264,-4,4.80,39.22,223,-3,4.50,75.00,108,-1,533.54,52.15,235,41,31.80,60.76,331,-40,6.67,93.11,120,127,92.92,66.84,307,6,15.03,88.93,194,2,63.46,34.41,420,-5,79.74,78.84,328,-23,29.21,70.75,143,-5,37.67,62.33,211,9,73.45,73.45,198,-19,48.79,23.71,201,5,100.00,100.00,1,0,0.00,100.00,1,0,0.30,77.74,385,1,22.72,23.59,250,-15,0.00,99.72,227,-6,0.00,99.50,202,19,-0.68,53.09,364,-303,40.71,54.60,230,-14,37.75,33.76,142,-39,1.16,64.49,332,-229,R$ 0.65,0.03,175,7,0.41,3.18,375,-3,"R$ 7,777.04",4.28,277,6,"R$ 72,311.41",8.58,89,-35,8.27,51.01,267,-252,2.54,71.81,70,-5,"R$ 3,013.03",30.58,207,2,6.14,28.44,158,119,14.50,38.25,93,19,34.00,17.56,311,-13,17.22,21.55,397,-65,104.17,44.02,227,-34,60.83,28.37,265,27,22.95,30.17,288,-18,75.41,69.16,341,-27,97.94,97.22,86,26,53.70,58,-45,84.34,34,-25,50.09,239,-13,75.62,137,12,18.67,388,-2,45.00,228,8,70.53,353,9,77.20,180,-15,65.00,292,-92,52.89,214,-61,22.32,170,-30,25.79,296,-22,53.79,365,-29,51.34,216,-69,68.35,26,-22,58.42,266,-15,34.76,278,-66
3205200,52.28,62.78,60,-3,12.61,48.85,21,55,42.45,70.18,119,-10,-7.32,59.34,126,-28,6.46,84.12,85,58,2.08,73.95,153,87,99.42,99.33,4,3,5.80,95.37,29,7,71.33,69.44,59,-35,89.19,89.98,87,"Não comparável, alteração metodológica completa",78.40,35.89,263,-33,50.86,76.09,16,5,88.16,54.60,191,5,72.43,72.46,345,-19,128.75,55.29,374,-180,1.52,87.69,220,-60,3.94,81.35,100,8,12.32,70.23,141,70,141.97,75.31,100,23,48.60,29.41,282,7,102.52,63.55,61,-1,76.62,34.08,207,38,6.02,7.00,390,-22,9.37,10.57,236,-36,34.96,37.44,80,16,6.10,40.68,150,-3,5.20,47.06,104,-3,4.70,82.14,46,-1,556.73,67.23,124,-22,23.07,71.91,255,12,13.43,86.11,188,39,65.11,77.23,226,32,7.56,94.65,78,-31,19.28,80.17,327,-33,97.52,97.41,114,-62,21.31,79.02,63,10,53.41,46.59,313,-2,58.46,58.46,240,-7,47.81,23.23,204,-6,100.00,100.00,1,206,0.00,100.00,1,0,0.03,83.99,70,9,10.97,11.39,363,-8,0.03,97.07,320,-60,0.01,98.02,287,-41,-0.27,58.67,294,-145,30.28,69.55,125,-7,30.88,26.45,234,-8,4.71,68.96,151,126,R$ 0.64,0.03,176,-15,1.71,13.63,116,3,"R$ 8,695.72",4.81,253,4,"R$ 42,143.26",4.34,233,7,16.23,63.22,64,-14,1.84,53.73,200,-26,"R$ 2,665.89",24.83,295,3,8.28,31.18,46,251,11.03,28.67,191,22,56.33,30.04,206,-11,22.41,35.73,219,-13,114.51,52.05,100,-29,54.06,15.11,392,4,31.96,42.70,158,-29,73.47,66.68,350,-11,98.54,98.45,30,10,60.29,15,20,88.27,9,2,54.92,132,5,70.46,230,-102,27.94,275,-3,54.14,100,-4,82.38,172,9,77.53,178,-9,63.50,348,-16,56.98,158,20,21.08,205,27,31.48,221,2,55.00,339,-30,54.56,119,-8,73.67,4,1,62.23,190,-26,36.28,225,14
3205309,44.76,73.61,25,9,17.53,68.18,5,61,42.38,70.27,118,-4,-40.26,71.13,15,-4,5.64,87.09,49,0,1.65,80.00,91,-14,99.30,99.20,8,-3,3.90,97.33,15,-10,70.02,67.75,67,-28,98.68,99.56,6,"Não comparável, alteração metodológica completa",101.05,50.29,110,-17,66.62,100.00,1,0,87.92,54.28,197,-82,83.53,85.59,145,-11,28.59,90.07,167,-166,1.03,92.76,123,75,9.83,36.15,413,-81,11.44,74.12,106,25,153.26,70.16,168,49,74.95,65.26,13,-3,107.56,71.89,19,-1,110.66,64.69,4,10,38.24,44.42,175,37,12.72,14.35,175,39,22.06,23.60,185,58,6.10,40.68,150,-3,4.90,41.18,187,-3,4.60,78.57,70,-1,579.58,82.08,26,-6,42.01,47.74,378,-8,8.28,91.44,143,18,147.50,46.43,385,1,35.01,73.61,370,-25,23.59,75.70,361,-49,96.21,96.04,155,-154,39.14,60.35,257,-109,43.50,56.50,251,-40,83.16,83.16,158,-31,61.86,30.06,167,-7,100.00,100.00,1,190,0.00,100.00,1,0,0.02,84.18,29,2,23.61,24.51,241,3,0.00,100.00,1,0,0.00,100.00,1,0,-0.49,55.63,340,-133,29.87,70.13,119,4,81.92,80.76,4,-2,-0.71,62.14,374,-181,R$ 262.80,12.01,31,-18,3.78,30.22,23,5,"R$ 42,725.72",24.29,17,-9,"R$ 87,520.34",10.72,49,-19,16.75,64.02,59,21,2.38,67.75,90,-21,"R$ 5,068.70",64.59,7,0,6.23,28.56,153,228,21.01,56.22,27,-16,156.16,85.87,3,-1,41.91,89.03,6,-4,135.20,68.14,16,-3,52.47,11.98,405,3,41.28,55.65,36,8,68.51,60.31,379,1,96.25,93.76,247,6,70.80,1,9,92.15,1,4,65.79,5,-1,75.39,143,-34,43.39,71,22,54.06,102,-2,65.18,384,-10,82.99,130,-49,67.57,215,36,69.74,14,-8,35.50,19,-9,77.04,3,-2,57.97,257,43,64.28,1,1,81.01,1,2,65.72,99,-20,54.13,3,0
3300100,59.78,51.97,126,-18,7.37,28.26,107,43,47.74,63.73,234,-40,-6.41,59.02,131,-66,23.76,21.05,401,-14,3.54,53.36,374,14,73.98,70.21,352,-4,24.60,76.03,253,29,55.35,48.80,235,28,59.83,60.36,330,"Não comparável, alteração metodológica completa",113.37,58.13,63,-22,25.17,37.12,203,28,77.85,41.04,363,-63,79.95,81.35,229,32,96.85,66.37,332,-331,1.26,90.38,170,2,5.38,70.30,254,29,13.56,64.80,185,110,190.74,53.04,324,59,58.07,42.30,161,65,101.02,61.07,82,137,67.24,25.65,312,22,7.21,8.38,379,-23,10.07,11.36,219,-20,5.72,6.07,384,-22,5.70,33.90,242,-4,4.40,31.37,317,-4,3.70,46.43,351,-4,538.21,55.19,206,98,21.21,74.27,241,162,22.45,76.79,263,-193,102.93,63.09,329,78,19.54,85.47,257,43,14.90,84.70,273,9,93.68,93.40,203,21,21.27,79.06,62,5,53.97,46.03,318,-3,65.00,65.00,227,82,20.26,9.84,298,11,100.00,100.00,1,206,0.00,100.00,1,0,0.02,84.18,27,0,86.90,90.21,10,0,0.00,99.75,218,174,0.00,99.35,216,190,-0.24,59.12,281,37,46.20,46.73,272,-5,32.64,28.33,207,-1,5.62,70.11,101,144,R$ 0.00,0.00,241,-9,0.46,3.57,360,0,"R$ 3,554.16",1.86,388,-39,"R$ 71,075.76",8.41,99,18,7.87,50.40,283,81,1.73,50.85,224,5,"R$ 4,359.57",52.86,18,3,8.60,31.58,43,-19,7.02,17.58,326,-32,52.49,27.90,226,5,19.15,26.83,345,-45,120.45,56.67,62,11,57.73,22.31,329,-19,30.24,40.31,188,1,96.43,96.11,135,-33,96.94,95.17,201,69,50.74,100,2,56.17,389,-1,52.80,176,-19,65.19,298,-34,22.36,347,13,38.69,300,26,77.72,270,121,76.58,186,69,86.72,6,13,51.49,239,16,21.31,202,-4,24.11,320,-14,62.11,110,26,49.80,253,39,53.34,322,-6,60.92,212,85,35.63,246,-14
3300209,83.77,17.38,380,-21,2.09,7.53,361,-223,28.45,87.26,7,22,-24.71,65.57,42,82,9.58,72.76,224,-28,1.24,85.70,33,42,86.39,84.42,252,95,14.50,86.42,158,93,49.62,41.41,308,-50,54.03,54.51,355,"Não comparável, alteração metodológica completa",79.38,36.51,259,-20,19.35,28.29,255,-1,76.59,39.38,375,-49,73.34,73.54,321,25,0.00,100.00,1,263,1.68,86.04,247,98,5.19,71.76,237,-4,12.47,69.60,147,199,174.31,60.55,272,133,60.77,45.97,128,28,104.91,67.50,36,29,64.89,23.54,335,-10,38.52,44.75,174,-8,8.65,9.76,247,-28,24.53,26.25,158,-73,5.50,30.51,280,-4,4.30,29.41,332,-4,3.50,39.29,384,-4,535.59,53.48,219,25,39.92,50.40,370,10,48.60,49.76,347,-17,123.45,55.42,361,37,8.71,93.77,97,208,29.01,70.09,394,-71,100.00,100.00,1,0,22.15,78.14,71,-21,47.34,52.66,278,1,74.86,74.86,196,0,54.19,26.33,184,-16,100.00,100.00,1,310,0.00,100.00,1,0,0.02,84.12,38,196,7.90,8.20,382,3,0.01,99.55,246,27,0.00,99.08,234,9,-0.06,61.71,176,121,52.98,37.02,320,-21,28.23,23.63,261,-7,3.95,68.01,193,-130,R$ 0.00,0.00,241,-9,0.92,7.27,238,33,"R$ 6,931.84",3.80,301,18,"R$ 101,458.20",12.68,27,223,40.14,99.85,2,107,1.37,41.28,294,41,"R$ 2,200.35",17.13,394,6,11.58,35.38,20,362,4.38,10.31,395,-44,46.99,24.82,253,6,24.98,42.75,153,-23,123.69,59.19,48,29,66.39,39.28,146,-61,31.00,41.37,177,-54,98.46,98.71,49,137,97.65,96.62,113,218,44.43,234,-50,70.71,249,32,42.27,361,-24,77.15,113,270,34.42,166,-10,35.43,341,7,66.23,377,19,82.38,134,10,63.57,345,46,46.48,306,-57,20.38,230,153,25.96,293,-40,67.03,19,17,49.84,252,53,57.00,249,4,59.06,256,73,35.92,235,66
3300308,71.05,35.72,267,19,1.52,5.29,382,-104,38.16,75.41,56,128,-12.52,61.20,89,232,23.40,22.37,398,0,2.76,64.30,276,-76,48.77,41.36,403,-1,22.90,77.78,244,35,53.67,46.64,251,63,58.65,59.17,340,"Não comparável, alteração metodológica completa",76.48,34.67,279,-21,22.85,33.60,225,10,75.28,37.66,382,-54,84.75,87.02,117,88,0.00,100.00,1,0,3.08,71.56,375,-62,5.45,69.76,264,-68,14.91,58.88,245,-37,188.56,54.04,318,-42,48.17,28.83,290,-15,78.57,23.98,418,-4,47.24,7.66,416,-6,11.96,13.90,337,-17,7.45,8.41,278,-14,21.68,23.19,191,10,5.10,23.73,348,-4,4.10,25.49,366,-5,3.70,46.43,351,-4,551.74,63.98,150,-11,14.21,83.21,169,8,61.11,36.83,374,-63,25.31,92.11,33,116,1.02,99.67,7,79,1.42,98.66,36,30,84.87,84.20,294,119,15.82,84.77,25,180,70.39,29.61,390,-70,67.95,67.95,218,-19,0.00,0.00,377,-9,100.00,100.00,1,190,0.00,100.00,1,0,0.18,80.48,363,7,29.91,31.05,190,1,0.02,98.49,288,-287,0.01,98.58,262,-261,-0.03,62.05,155,-7,34.76,63.12,168,-5,24.24,19.38,304,-25,-3.65,58.43,400,-325,R$ 0.00,0.00,241,-9,0.40,3.08,377,-8,"R$ 4,096.44",2.17,370,-24,"R$ 34,728.88",3.30,282,1,7.33,49.58,293,-1,1.27,38.82,315,0,"R$ 2,231.52",17.65,390,-3,7.66,30.39,66,262,6.06,14.94,361,6,34.79,18.00,304,-36,19.82,28.65,317,4,86.64,30.39,366,-11,63.41,33.45,203,-123,31.35,41.86,165,-28,97.32,97.25,101,-70,97.54,96.39,127,-48,44.41,238,85,51.95,409,-26,44.21,340,-30,70.91,218,-54,17.16,399,0,34.81,349,-3,84.76,115,-22,73.50,216,120,68.88,178,18,48.62,288,-108,14.97,381,-3,20.53,368,-7,59.87,186,-120,45.63,353,6,48.01,381,-4,57.43,285,41,31.29,365,-46
3300407,62.61,47.88,164,-13,2.69,9.89,326,73,49.92,61.07,280,-175,20.34,49.44,308,-157,13.49,58.49,315,-9,2.39,69.61,209,16,49.10,41.73,402,-37,25.60,75.00,263,57,64.96,61.21,103,70,51.93,52.39,361,"Não comparável, alteração metodológica completa",104.19,52.29,92,-1,34.60,51.42,114,-16,79.54,43.27,335,-22,84.54,86.78,121,-13,61.58,78.62,251,-6,1.85,84.28,276,-48,7.02,57.71,348,20,12.93,67.56,162,4,202.41,47.72,364,21,40.13,17.90,364,6,86.57,37.20,375,-1,65.61,24.19,327,-5,12.02,13.97,336,-45,30.56,34.49,54,41,21.46,22.96,192,5,5.90,37.29,200,-4,4.80,39.22,223,-3,4.20,64.29,220,-3,553.73,65.27,130,-61,38.53,52.18,364,-3,2.78,97.13,70,-69,104.37,62.55,331,22,12.11,91.16,147,26,15.08,84.51,278,-77,97.43,97.32,118,226,46.74,52.40,310,-14,40.20,59.80,226,-27,80.11,80.11,176,30,2.18,1.06,362,4,100.00,100.00,1,0,0.00,100.00,1,0,0.06,83.31,210,-48,21.04,21.84,267,-1,0.00,100.00,1,209,0.00,100.00,1,209,0.03,62.88,98,-88,32.65,66.16,145,-14,24.14,19.28,305,1,6.43,71.13,71,303,R$ 0.00,0.00,241,-9,1.37,10.85,163,-36,"R$ 3,674.29",1.93,386,-36,"R$ 40,208.10",4.07,249,-30,4.87,45.82,340,-35,1.78,52.05,213,-10,"R$ 2,454.83",21.34,339,41,15.05,39.81,15,299,9.68,24.93,232,14,36.45,18.93,295,-4,22.44,35.82,216,14,92.61,35.03,339,-12,63.73,34.06,196,-74,22.51,29.56,296,-24,89.11,86.72,248,-16,95.50,92.23,287,-16,42.07,292,-44,58.04,379,-85,54.89,133,-22,65.90,289,39,24.85,314,15,47.09,200,-27,75.84,306,2,79.11,166,45,67.60,214,-106,54.90,185,60,19.51,255,33,26.56,287,8,55.52,326,-90,48.32,290,-18,49.71,371,-86,60.17,224,22,34.43,292,16
3300456,85.35,15.10,391,20,7.45,28.58,101,307,49.55,61.52,271,-42,43.77,41.06,377,-61,12.44,62.33,294,113,1.60,80.67,81,321,32.07,22.24,417,-5,22.00,78.70,236,72,27.43,12.75,419,-6,64.23,64.80,303,"Não comparável, alteração metodológica completa",83.61,39.20,226,-161,15.78,22.87,302,1,47.75,1.46,422,-5,56.21,53.30,415,-7,19.12,93.36,145,234,5.20,49.64,415,-68,9.58,38.07,410,0,17.78,46.27,341,32,196.44,50.44,342,-24,36.36,12.77,391,-1,80.73,27.54,409,0,43.76,4.53,420,-4,3.45,4.01,411,-28,3.05,3.43,397,-28,11.55,12.33,312,-6,4.80,18.64,381,-5,3.70,17.65,398,-5,3.10,25.00,419,-5,487.06,21.94,411,-18,26.82,67.12,294,-12,32.20,66.72,297,-178,84.19,70.10,286,-9,0.58,100.00,1,21,4.42,95.56,93,17,97.00,96.87,132,38,37.73,61.83,237,0,35.76,64.24,193,197,7.62,7.62,362,3,10.00,4.86,335,-2,100.00,100.00,1,362,0.00,100.00,1,0,0.02,84.09,43,93,4.36,4.53,413,-5,0.00,100.00,1,0,0.00,100.00,1,0,-0.18,59.98,253,-242,50.27,40.90,295,5,12.49,6.88,405,-17,-9.23,51.40,413,-410,R$ 0.00,0.00,241,-9,0.28,2.16,398,-6,"R$ 1,648.48",0.77,420,-5,"R$ 20,050.92",1.23,382,-17,1.11,40.06,377,32,1.58,46.93,250,-4,"R$ 1,738.97",9.50,418,-6,3.77,25.42,325,84,1.55,2.49,421,-11,10.90,4.64,407,-6,23.11,37.64,200,208,81.40,26.32,388,-3,68.24,42.92,112,50,14.53,18.47,375,4,75.34,69.07,342,13,97.64,96.60,114,213,36.57,368,35,55.85,392,26,26.25,419,-7,59.46,355,46,9.93,422,-5,19.92,418,-4,80.95,202,-86,64.10,286,53,62.46,381,-160,35.68,402,-395,13.79,399,7,14.93,405,12,50.68,396,11,38.85,414,0,45.79,395,23,47.56,407,-8,25.62,415,-15
3300704,75.04,29.96,314,-18,0.37,0.75,405,2,54.81,55.11,370,35,45.21,40.54,378,16,14.34,55.40,333,24,1.69,79.45,96,69,71.55,67.43,366,42,17.20,83.64,195,-16,43.33,33.29,376,-33,88.31,89.09,95,"Não comparável, alteração metodológica completa",64.78,27.23,334,-17,18.35,26.76,268,10,71.47,32.65,399,5,71.58,71.46,355,-53,79.84,72.28,296,6,1.62,86.66,234,104,5.22,71.53,240,10,19.96,36.72,385,-193,196.95,50.21,347,-44,56.02,39.50,184,10,98.67,57.20,130,6,57.63,17.01,394,2,11.10,12.89,347,-24,2.84,3.20,401,-18,18.82,20.13,216,-57,5.00,22.03,362,-4,3.80,19.61,391,-5,3.40,35.71,395,-4,549.36,62.43,157,-17,41.57,48.30,376,-52,20.80,78.50,246,12,118.30,57.35,358,-40,4.62,96.90,42,42,13.71,85.93,258,-16,97.53,97.42,113,-16,25.35,74.79,104,-61,20.71,79.29,86,-27,89.57,89.57,114,-7,106.85,51.92,12,7,80.30,64.72,390,-389,0.00,100.00,1,0,0.02,84.05,56,17,8.88,9.21,375,-5,0.00,99.87,197,49,0.00,99.67,191,21,0.07,63.42,74,77,45.18,48.19,264,-27,26.60,21.90,272,-7,0.44,63.58,351,-320,R$ 0.18,0.01,212,20,0.74,5.81,286,6,"R$ 6,357.98",3.47,322,-8,"R$ 76,361.16",9.15,75,44,9.78,53.33,222,-181,1.40,42.04,289,8,"R$ 2,421.90",20.80,348,-29,2.05,23.22,390,-253,7.32,18.44,309,40,77.11,41.66,88,19,21.55,33.37,252,-19,132.22,65.81,20,19,61.81,30.31,244,32,37.08,49.82,98,14,98.29,98.49,57,-12,98.33,98.02,55,-2,31.59,404,6,72.09,217,109,36.33,405,-5,58.27,365,-68,22.40,346,-32,30.24,374,0,73.17,334,-49,81.38,144,-122,64.21,320,28,47.28,299,-140,16.51,332,-38,31.16,224,21,68.49,12,25,46.44,333,-2,50.96,357,39,53.97,344,-53,35.78,239,-40
3301009,70.52,36.48,257,-1,2.70,9.92,323,59,53.70,56.46,353,-204,12.86,52.12,272,26,9.48,73.10,220,37,1.36,84.01,45,59,78.07,74.90,330,-70,11.40,89.61,109,24,67.11,64.00,84,12,53.44,53.92,357,"Não comparável, alteração metodológica completa",57.58,22.65,368,-22,25.65,37.84,199,5,74.58,36.74,385,-18,77.51,78.47,265,5,68.14,76.34,261,69,1.82,84.59,269,9,5.75,67.46,285,11,22.49,25.63,405,-40,183.43,56.39,308,42,57.46,41.46,168,1,93.29,48.31,275,3,58.61,17.89,383,-7,41.79,48.54,147,10,6.14,6.92,313,-23,16.67,17.82,245,-67,5.40,28.81,303,-4,3.60,15.69,407,-5,3.40,35.71,395,-4,537.05,54.43,212,-21,24.47,70.12,276,-16,11.81,87.80,178,-102,72.94,74.31,262,4,25.05,81.25,305,21,0.58,99.53,11,2,99.13,99.09,69,-7,33.64,66.11,194,-10,36.79,63.21,206,-2,93.66,93.66,92,7,76.17,37.01,112,-6,100.00,100.00,1,254,0.00,100.00,1,326,0.04,83.77,125,-21,10.82,11.23,366,-9,0.00,99.56,244,-50,0.02,96.22,332,-118,-0.02,62.19,150,48,40.76,54.53,233,7,24.68,19.86,297,-4,5.39,69.83,114,129,R$ 220.11,10.06,37,24,1.68,13.37,122,7,"R$ 8,442.71",4.66,264,10,"R$ 88,831.27",10.90,46,2,-13.99,16.91,416,-407,1.36,41.12,295,-19,"R$ 2,931.89",29.23,228,87,6.39,28.76,144,226,12.95,33.98,127,-19,53.97,28.73,216,-9,24.54,41.56,163,-36,95.08,36.96,320,-42,65.89,38.31,159,58,19.76,25.74,334,-72,79.92,74.94,305,-41,97.17,95.64,170,-40,38.75,343,-10,71.36,236,-105,39.18,389,-13,57.43,374,1,29.01,251,-15,29.86,381,-5,80.62,212,-32,87.46,60,130,64.00,326,19,51.18,244,38,19.07,269,-32,34.75,178,-49,54.32,354,-90,48.21,295,-19,54.35,305,-75,57.24,289,32,35.04,272,-50
3301702,74.77,30.36,309,31,5.45,20.72,176,97,59.20,49.76,402,-384,1.52,56.18,195,5,9.43,73.27,217,-5,2.09,73.76,156,-47,90.38,88.99,187,184,22.70,77.98,241,23,57.34,51.37,204,-7,78.91,79.61,176,"Não comparável, alteração metodológica completa",50.10,17.90,397,-9,22.75,33.44,227,2,71.53,32.73,398,11,66.62,65.60,382,-3,132.49,53.99,377,-64,2.84,74.04,363,20,6.18,64.16,313,33,19.06,40.67,371,-4,216.98,41.06,393,6,38.62,15.84,377,5,96.62,53.81,189,-30,64.37,23.07,342,-21,21.52,24.99,271,2,3.42,3.85,390,5,10.10,10.77,333,-38,4.50,13.56,402,-5,3.70,17.65,398,-5,3.20,28.57,413,-5,517.15,41.50,322,-27,34.51,57.30,351,17,29.81,69.18,290,-41,89.15,68.24,299,52,6.58,95.40,63,24,1.96,98.10,45,4,86.79,86.20,276,50,27.77,72.26,129,-117,21.56,78.44,89,77,19.95,19.95,335,9,6.21,3.02,347,-5,99.76,99.57,223,-32,100.00,0.00,345,-18,0.05,83.39,197,120,41.09,42.65,130,-8,0.03,97.33,317,-21,0.01,98.86,250,21,-0.12,60.81,217,-9,50.31,40.84,296,2,25.77,21.02,286,-8,5.50,69.97,108,99,R$ 1.98,0.09,143,46,0.83,6.57,258,4,"R$ 5,709.20",3.10,329,-29,"R$ 86,700.55",10.60,51,45,6.39,48.14,315,-83,2.62,73.91,62,10,"R$ 2,999.15",30.35,216,-22,2.86,24.26,367,-110,9.77,25.20,228,-91,40.25,21.05,277,1,18.73,25.67,357,-13,102.06,42.38,255,-38,64.47,35.53,183,58,18.42,23.87,344,20,85.75,82.41,272,45,94.78,90.74,314,19,39.25,337,-99,76.77,138,-1,33.38,413,1,50.02,409,-11,20.29,371,-13,22.08,412,-3,77.28,279,39,54.42,343,16,72.73,107,25,47.66,293,20,22.61,159,8,23.97,323,-41,54.99,340,43,44.44,371,0,57.20,244,-82,48.00,401,-3,33.97,304,8
3301900,69.26,38.30,246,-8,3.21,11.93,300,78,44.89,67.21,166,-11,-28.44,66.90,32,-18,20.34,33.53,389,-36,2.27,71.23,184,20,82.53,80.01,293,33,23.50,77.16,248,32,63.36,59.14,123,148,40.08,40.44,388,"Não comparável, alteração metodológica completa",79.88,36.83,251,-19,16.68,24.23,294,2,76.94,39.84,370,-22,76.28,77.01,289,36,38.70,86.56,189,169,1.76,85.21,260,-5,5.75,67.46,285,-27,14.32,61.47,222,78,213.17,42.80,391,-5,43.12,21.95,336,10,99.92,59.26,101,2,56.51,16.00,396,-3,7.85,9.12,374,-20,6.13,6.92,314,-20,6.69,7.12,373,-39,5.00,22.03,362,-4,3.80,19.61,391,-5,3.30,32.14,404,-4,510.38,37.10,350,12,30.41,62.54,319,22,15.12,84.37,209,36,94.58,66.22,311,-17,11.66,91.50,144,97,25.20,74.04,370,-16,42.57,40.01,394,11,78.56,19.09,407,-7,60.34,39.66,351,48,7.92,7.92,361,22,20.50,9.96,295,48,100.00,100.00,1,0,0.00,100.00,1,0,0.06,83.23,230,-25,13.47,13.98,339,-9,0.00,100.00,1,0,0.00,100.00,1,0,-0.89,50.18,380,-332,54.56,34.75,332,0,20.48,15.39,340,-6,-0.73,62.12,376,-344,R$ 0.00,0.00,241,-9,0.59,4.59,332,-3,"R$ 3,319.75",1.73,393,1,"R$ 27,995.17",2.35,326,-9,11.30,55.66,174,218,1.56,46.32,253,-6,"R$ 2,585.41",23.50,308,-46,1.12,22.05,400,-142,5.07,12.20,384,-15,28.01,14.21,342,-7,24.63,41.81,157,70,102.21,42.49,253,-17,65.73,38.00,161,61,9.32,11.22,405,4,83.30,79.27,289,7,90.94,82.89,383,4,46.08,198,54,57.55,380,16,42.43,360,-14,66.16,285,101,17.59,397,-10,25.42,397,3,76.10,300,26,48.36,375,11,63.51,347,-95,40.95,364,-86,16.28,343,-20,22.74,347,7,50.78,395,5,41.88,403,2,51.57,351,22,48.95,391,10,29.08,401,-11
3302007,56.03,57.36,87,-12,0.66,1.89,403,-15,59.08,49.90,401,3,-12.04,61.03,92,131,18.71,39.46,379,4,0.23,100.00,1,2,67.96,63.33,380,36,32.00,68.42,325,9,50.84,42.99,295,56,72.66,73.31,232,"Não comparável, alteração metodológica completa",104.45,52.45,90,0,29.03,42.97,167,1,97.23,66.53,38,119,78.10,79.16,257,10,131.15,54.46,376,-117,1.17,91.31,150,56,5.16,71.99,230,-46,11.15,75.38,94,105,227.07,36.46,404,-1,57.31,41.26,169,11,103.88,65.81,46,-7,69.06,27.29,297,-9,45.15,52.45,123,-16,2.74,3.08,403,-110,19.43,20.79,209,-87,4.60,15.25,391,-5,3.90,21.57,383,-5,3.50,39.29,384,-4,520.97,43.98,302,4,19.36,76.64,225,96,73.33,24.19,402,-90,83.93,70.20,285,36,4.84,96.73,45,157,1.53,98.55,39,-17,68.68,67.29,362,-6,,0.00,410,-334,-253.40,100.00,1,71,0.00,0.00,385,2,0.00,0.00,377,-9,97.92,96.28,269,-268,0.00,100.00,1,0,0.04,83.78,120,-91,37.77,39.21,147,-1,0.01,98.94,268,-267,0.01,98.08,283,-282,-0.12,60.79,219,-1,50.83,40.09,303,-20,35.21,31.06,174,-7,2.82,66.58,262,-183,R$ 26.47,1.21,97,10,0.43,3.37,363,-19,"R$ 4,504.19",2.41,362,-15,"R$ 97,431.23",12.11,33,9,25.20,76.97,10,111,1.69,49.65,234,-10,"R$ 3,768.13",43.07,64,-27,2.91,24.32,364,-70,10.96,28.48,194,-53,41.84,21.94,271,-8,26.07,45.74,124,87,96.43,38.00,310,-12,64.18,34.95,192,60,27.49,36.49,226,159,98.47,98.73,47,56,97.77,96.87,101,145,42.55,283,72,64.12,344,62,60.02,56,50,60.68,350,-14,33.18,181,-34,26.15,394,1,77.10,280,23,53.01,355,-25,71.97,122,26,48.86,278,-55,21.36,197,7,32.05,213,14,61.01,152,167,47.49,309,42,52.86,330,67,54.83,332,-17,36.59,212,32
3302205,78.68,24.73,343,21,0.18,0.00,408,-7,39.19,74.16,68,344,-18.24,63.25,66,-51,10.44,69.59,250,149,2.04,74.45,147,254,84.80,82.59,273,123,28.90,71.60,299,-3,55.97,49.60,219,116,44.58,44.98,380,"Não comparável, alteração metodológica completa",101.63,50.66,106,-17,20.03,29.31,252,-1,82.92,47.70,285,33,85.29,87.66,105,68,0.00,100.00,1,324,3.63,65.87,395,-86,12.64,14.58,421,-42,14.01,62.81,203,124,201.50,48.13,359,-52,56.69,40.42,179,0,88.16,39.84,361,10,78.36,35.65,182,-7,40.29,46.80,157,12,10.37,11.70,213,74,34.10,36.52,85,-6,6.70,50.85,38,-1,5.40,50.98,64,-2,4.60,78.57,70,-1,552.48,64.46,141,29,47.55,40.66,387,-67,0.00,100.00,1,196,136.26,50.63,372,-68,29.84,77.57,340,-20,25.91,73.30,376,-49,82.32,81.53,310,2,42.28,57.07,274,-46,-44.42,100.00,1,167,89.05,89.05,115,-66,0.00,0.00,377,-9,94.25,89.70,337,-336,0.00,100.00,1,326,0.12,81.99,325,-4,9.30,9.65,373,-8,0.00,100.00,1,0,0.00,100.00,1,0,-0.18,59.98,252,-70,39.85,55.83,221,1,32.96,28.66,204,-22,-0.91,61.88,379,-221,R$ 0.00,0.00,241,-9,0.68,5.34,309,-9,"R$ 7,591.55",4.17,278,-32,"R$ 40,257.29",4.07,247,-12,13.07,58.37,120,282,1.30,39.43,311,12,"R$ 2,401.03",20.45,351,21,4.15,25.91,298,19,16.03,42.49,65,-7,115.88,63.35,17,-2,20.00,29.15,310,-17,94.32,36.36,325,-37,67.34,41.15,129,-31,28.79,38.30,202,45,94.39,93.50,179,128,97.37,96.05,151,216,40.53,320,92,64.23,342,72,52.28,188,22,64.30,313,44,34.46,165,22,57.78,58,-1,65.77,380,-57,77.68,177,65,63.32,354,-2,50.66,249,-45,16.11,349,19,45.00,61,1,61.07,150,151,49.77,255,111,51.87,344,69,60.08,226,33,37.25,189,67
3302270,88.56,10.48,403,8,2.17,7.83,355,53,42.23,70.45,115,297,-7.76,59.50,121,292,9.20,74.14,203,204,2.46,68.56,221,181,24.14,13.16,421,-80,32.60,67.80,328,-5,51.78,44.20,277,28,37.80,38.13,394,"Não comparável, alteração metodológica completa",68.03,29.30,318,-9,9.47,13.30,357,-3,67.28,27.15,409,-13,66.42,65.36,384,-6,187.09,35.03,409,-82,1.73,85.52,255,59,6.89,58.71,345,-25,14.03,62.73,205,209,179.63,58.12,293,84,27.54,0.76,421,-7,89.78,42.51,344,-38,53.45,13.25,405,-3,12.05,13.99,335,8,4.52,5.10,366,-49,7.04,7.50,367,-13,4.30,10.17,415,-5,3.60,15.69,407,-5,3.20,28.57,413,-5,482.57,19.02,417,-1,27.41,66.37,297,66,40.43,58.21,324,-241,115.20,58.51,353,9,0.98,99.69,6,166,14.00,85.64,262,-97,82.06,81.26,314,60,69.31,28.77,393,-4,66.95,33.05,381,20,,0.00,385,2,,0.00,377,-9,100.00,100.00,1,190,0.00,100.00,1,0,0.05,83.46,189,-84,12.10,12.56,350,1,0.00,100.00,1,0,0.00,100.00,1,0,0.02,62.75,103,74,56.75,31.61,351,-10,14.10,8.60,394,16,29.34,100.00,1,345,R$ 0.00,0.00,241,-9,0.64,5.05,319,-87,R$ 298.60,0.00,423,-5,"R$ 19,470.53",1.15,383,6,12.28,57.16,143,243,1.91,55.56,181,39,"R$ 2,352.36",19.65,368,-143,-12.84,4.24,422,-276,2.83,6.02,413,-15,4.03,0.80,420,-4,19.60,28.06,324,-175,72.80,19.64,403,-11,75.22,56.62,43,47,3.95,3.75,422,-6,94.94,94.20,170,15,85.64,72.04,411,-39,37.06,359,58,48.85,414,-39,31.92,417,-6,55.99,386,17,12.85,418,-7,16.55,422,-5,76.35,292,25,54.83,342,22,64.97,296,37,54.34,197,202,15.21,372,-75,11.62,419,-42,49.25,404,-14,38.46,418,-3,42.70,407,8,45.80,410,1,28.15,407,-6
3302403,51.53,63.86,54,-2,8.33,32.04,77,82,38.89,74.52,64,13,-77.88,84.60,5,0,6.94,82.38,109,-57,2.21,72.05,170,51,88.98,87.38,219,179,23.80,76.85,249,-2,59.66,54.37,172,227,81.96,82.69,144,"Não comparável, alteração metodológica completa",63.16,26.20,343,-25,47.88,71.57,30,18,78.00,41.23,360,-3,73.19,73.37,328,-68,32.41,88.74,176,11,1.25,90.49,166,18,5.31,70.84,249,-52,15.88,54.60,289,-143,150.60,71.37,147,53,56.88,40.67,177,-7,99.65,58.82,109,45,72.08,30.01,259,25,30.82,35.80,217,9,3.29,3.70,394,-23,20.06,21.46,205,39,5.80,35.59,227,-4,4.60,35.29,271,-3,4.00,57.14,289,-3,558.43,68.33,117,12,14.01,83.47,164,106,30.19,68.79,292,-105,52.89,81.80,180,98,14.01,89.71,184,-65,0.64,99.47,15,-4,,0.00,408,-179,25.19,74.96,101,31,47.16,52.84,277,-70,83.49,83.49,157,142,17.42,8.46,313,-83,100.00,100.00,1,0,0.00,100.00,1,0,0.05,83.52,176,215,36.21,37.59,160,-3,0.00,100.00,1,0,0.00,100.00,1,0,-0.01,62.36,136,116,36.46,60.69,187,-17,75.19,73.60,9,2,5.83,70.37,91,313,R$ 0.41,0.02,190,-40,2.06,16.43,78,-24,"R$ 10,628.07",5.91,209,0,"R$ 90,891.55",11.19,44,15,14.18,60.07,97,97,2.69,75.78,56,-14,"R$ 7,209.00",100.00,1,0,5.80,28.01,187,-56,17.42,46.32,54,-3,82.70,44.79,63,7,28.22,51.61,84,100,112.50,50.49,120,1,58.11,23.04,322,5,21.66,28.38,307,-9,54.14,41.89,416,-15,96.22,93.69,249,-57,63.76,8,9,78.88,93,226,46.63,302,-9,73.39,175,-33,29.46,240,22,44.54,235,0,85.20,110,41,59.93,318,-91,72.08,118,59,68.53,17,74,33.31,26,-6,47.57,43,30,47.50,410,-17,55.99,70,55,70.99,12,133,59.18,251,-28,44.79,24,25
3302502,84.79,15.92,387,-1,7.77,29.83,87,13,56.82,52.66,389,-57,-11.25,60.75,101,93,4.04,92.95,9,4,1.65,79.97,93,-36,73.61,69.79,355,-3,14.50,86.42,158,54,40.78,29.99,391,4,56.41,56.91,347,"Não comparável, alteração metodológica completa",89.00,42.63,191,-33,14.62,21.10,315,0,66.83,26.55,411,-28,71.20,71.00,356,-37,173.31,39.82,402,-2,3.81,64.01,401,-10,7.51,53.95,366,28,17.33,48.25,330,80,222.34,38.62,397,-6,58.16,42.42,160,36,112.30,79.72,8,2,71.86,29.81,263,0,34.90,40.54,192,-5,2.80,3.15,402,-14,13.73,14.67,282,-58,4.80,18.64,381,-5,4.20,27.45,353,-5,3.30,32.14,404,-4,509.61,36.60,354,-24,18.85,77.30,221,-15,20.69,78.61,244,-99,38.88,87.04,115,-31,2.87,98.25,20,35,2.70,97.33,62,-5,69.27,67.90,358,12,20.85,79.50,57,27,2.92,97.08,13,383,,0.00,385,-17,,0.00,377,-9,100.00,100.00,1,187,100.00,0.00,345,-18,0.05,83.52,174,-1,53.05,55.07,88,-4,0.09,92.31,372,-92,0.01,98.25,275,34,-0.22,59.50,273,-116,56.74,31.62,350,-5,14.95,9.50,387,-27,-13.91,45.50,417,-331,R$ 0.00,0.00,241,-9,1.04,8.21,210,120,"R$ 2,392.30",1.20,412,-7,"R$ 23,238.86",1.68,356,-8,10.90,55.05,184,164,1.31,39.71,308,-8,"R$ 2,261.27",18.14,383,-9,5.87,28.09,182,-22,5.68,13.88,371,-34,24.39,12.18,360,10,22.64,36.36,211,35,96.07,37.73,312,-7,68.08,42.62,114,60,21.31,27.89,312,10,70.54,62.91,369,21,77.07,54.48,419,-6,39.79,330,11,70.82,247,26,38.41,393,-26,45.58,417,1,31.93,205,-11,26.82,390,1,87.72,59,-28,47.12,379,3,75.32,72,1,31.25,414,-65,15.70,362,-3,20.81,366,-2,45.12,414,1,41.95,402,-2,54.63,300,19,50.76,377,13,25.68,414,1
3302700,82.00,19.93,370,11,9.87,38.09,46,41,19.99,97.57,2,0,-72.69,82.74,6,1,17.34,44.46,370,4,1.23,85.84,31,-26,94.15,93.30,101,112,11.60,89.40,114,4,62.38,57.88,134,30,63.54,64.10,308,"Não comparável, alteração metodológica completa",96.07,47.13,138,-13,22.45,32.99,231,1,78.92,42.45,349,-74,81.23,82.86,209,-67,0.00,100.00,1,322,2.31,79.52,320,2,7.85,51.34,375,-88,13.21,66.35,170,72,146.40,73.29,129,0,64.07,50.46,88,39,110.87,77.36,12,10,95.07,50.67,19,84,41.33,48.01,149,21,15.92,17.96,136,-19,5.78,6.14,382,-67,5.70,33.90,242,-4,4.60,35.29,271,-3,3.30,32.14,404,-4,531.09,50.55,248,6,17.45,79.07,211,-27,59.34,38.66,371,-50,56.56,80.43,191,31,6.60,95.38,64,143,19.58,79.86,329,-49,78.26,77.29,336,9,37.42,62.15,233,-10,-3.83,100.00,1,362,12.47,12.47,350,20,10.32,5.01,334,-8,94.35,89.88,335,-107,0.00,100.00,1,0,0.00,84.55,7,1,34.62,35.94,167,-8,0.07,94.09,354,-75,0.02,96.56,324,-60,-0.08,61.34,191,122,62.12,23.91,384,-23,20.49,15.39,339,0,5.81,70.35,93,126,R$ 0.00,0.00,241,-9,1.16,9.18,189,33,"R$ 3,915.53",2.07,376,-23,"R$ 679,714.50",93.99,2,-1,-15.34,14.84,421,-418,1.02,32.14,369,-22,"R$ 3,517.78",38.93,97,15,8.95,32.03,38,-24,4.61,10.94,392,-67,44.83,23.61,259,21,27.27,49.01,100,20,122.68,58.40,51,24,60.06,26.87,282,36,23.13,30.42,287,-4,97.81,97.88,77,12,97.22,95.75,164,-16,59.58,16,14,71.85,227,-15,49.17,259,-63,76.99,116,143,38.22,121,30,36.85,321,6,78.26,264,-32,60.60,311,20,70.42,150,20,41.38,360,20,25.00,100,-62,27.85,263,-20,61.86,124,46,51.74,200,4,65.45,59,23,59.33,249,29,36.31,224,-76
3302858,74.63,30.56,307,64,3.82,14.31,268,-86,42.36,70.29,117,-91,15.88,51.04,291,-36,18.49,40.27,377,-17,1.71,79.19,100,-50,37.02,27.91,414,-33,3.90,97.33,15,-7,58.80,53.25,186,43,54.27,54.75,352,"Não comparável, alteração metodológica completa",100.00,49.62,117,-23,21.34,31.30,239,-2,100.57,70.92,16,19,77.46,78.41,268,16,184.73,35.85,406,-55,1.21,90.90,158,12,5.21,71.60,239,48,18.47,43.24,358,-8,161.83,66.24,208,82,46.39,26.40,306,-3,86.67,37.37,372,-7,48.81,9.08,414,-6,16.05,18.64,307,-7,7.25,8.18,283,0,7.03,7.48,369,-27,4.90,20.34,368,-4,3.70,17.65,398,-5,3.20,28.57,413,-5,493.81,26.32,398,-37,6.71,92.78,61,59,58.62,39.40,369,-205,33.44,89.07,84,-28,2.80,98.30,18,2,7.44,92.43,133,-2,100.00,100.00,1,39,64.54,33.76,382,3,62.63,37.37,365,32,27.77,27.77,308,30,17.74,8.62,311,-12,100.00,100.00,1,0,0.00,100.00,1,0,0.07,83.10,244,-60,49.93,51.83,98,-6,0.00,100.00,1,0,0.00,100.00,1,0,-0.42,56.68,331,-57,46.14,46.81,271,3,12.84,7.25,402,-11,-5.74,55.80,407,-231,R$ 0.00,0.00,241,-9,1.03,8.14,214,36,"R$ 2,705.19",1.38,408,3,"R$ 18,123.98",0.96,396,-11,6.85,48.85,304,86,1.59,47.08,249,0,"R$ 2,290.30",18.62,379,-25,2.42,23.70,382,-119,2.99,6.45,410,-3,9.86,4.06,411,2,21.20,32.42,268,-59,68.23,16.09,415,-6,66.67,39.85,144,65,16.42,21.09,366,-24,56.38,44.76,410,-18,95.25,91.71,297,8,41.55,301,-62,57.06,385,-245,58.47,68,12,55.01,391,-41,16.58,403,-8,21.81,414,-6,86.15,88,-79,66.64,272,15,75.22,77,16,39.36,387,-48,16.06,352,-12,14.31,409,-12,42.70,417,-5,42.46,396,-48,48.97,376,-210,54.96,330,-21,25.26,416,-2
3303203,79.06,24.17,349,-14,0.77,2.32,400,-296,34.60,79.76,29,31,-1.68,57.32,169,30,11.72,64.94,279,15,,0.00,403,-1,56.75,50.50,396,13,26.00,74.59,267,-14,41.79,31.30,385,-59,65.66,66.25,292,"Não comparável, alteração metodológica completa",112.50,57.57,66,-23,27.13,40.08,190,-13,71.85,33.15,396,-8,70.24,69.88,362,-23,0.00,100.00,1,390,2.93,73.11,364,-25,8.24,48.35,385,-7,17.74,46.45,339,45,186.98,54.76,313,80,49.52,30.66,273,-10,96.38,53.41,196,-78,114.15,67.83,2,11,33.99,39.48,199,2,5.06,5.71,347,-48,12.88,13.76,298,-11,5.60,32.20,264,-4,3.90,21.57,383,-5,3.50,39.29,384,-4,527.92,48.49,264,-23,7.71,91.50,77,34,66.67,31.09,386,7,32.59,89.39,76,-51,0.64,99.95,2,12,4.37,95.60,91,16,100.00,100.00,1,0,30.70,69.19,170,15,28.53,71.47,133,253,,0.00,385,2,,0.00,377,-9,100.00,100.00,1,0,0.00,100.00,1,0,0.05,83.56,167,-37,0.64,0.66,421,-5,0.00,100.00,1,0,0.00,100.00,1,0,-0.18,59.94,255,-50,31.82,67.34,136,-14,13.52,7.98,398,-13,-2.60,59.75,394,-44,R$ 0.14,0.01,222,-12,0.70,5.50,304,-37,"R$ 5,455.29",2.95,336,-21,"R$ 22,754.50",1.61,360,-7,-1.47,36.10,391,6,1.36,41.00,296,3,"R$ 2,009.91",13.98,411,-12,3.79,25.45,323,65,14.83,39.17,84,-35,52.58,27.95,225,-33,21.60,33.51,250,-24,87.95,31.41,360,11,63.11,32.86,212,-64,25.72,34.02,248,-28,83.50,79.53,287,-7,95.25,91.72,296,20,40.89,311,-125,55.46,394,11,48.57,272,-19,65.80,290,120,32.04,204,-16,32.55,363,-2,85.57,101,19,63.37,293,9,61.20,399,8,47.13,300,-24,14.03,397,-7,33.55,199,-68,53.91,362,-54,45.39,356,21,47.86,382,-13,56.37,305,52,31.94,356,-20
3303302,56.01,57.40,85,46,13.80,53.55,13,45,38.24,75.32,58,3,-64.67,79.87,8,-2,7.16,81.56,119,-26,1.72,78.98,102,35,81.15,78.42,306,1,32.70,67.70,330,-7,53.89,46.92,248,75,55.51,56.00,349,"Não comparável, alteração metodológica completa",86.70,41.17,205,-45,55.90,83.74,6,0,81.89,46.36,300,35,85.44,87.85,100,9,66.06,77.06,256,-47,0.93,93.80,99,46,4.00,80.89,106,73,15.42,56.66,272,-172,139.81,76.30,89,106,58.04,42.25,163,20,103.64,65.41,51,-16,91.24,47.24,37,37,52.95,61.51,69,14,5.70,6.43,326,-24,18.29,19.56,223,-57,5.00,22.03,362,-4,3.70,17.65,398,-5,3.50,39.29,384,-4,588.22,87.70,11,6,13.35,84.31,158,14,56.05,42.06,361,-51,68.94,75.80,240,19,13.93,89.76,182,5,21.69,77.67,347,-30,100.00,100.00,1,0,19.90,80.50,49,-1,23.34,76.66,100,6,95.55,95.55,76,-12,97.90,47.57,24,-3,94.16,89.54,341,-340,0.00,100.00,1,0,0.01,84.34,16,1,36.13,37.50,161,-12,0.00,100.00,1,0,0.00,100.00,1,0,-0.09,61.20,196,89,31.06,68.43,129,-20,45.36,41.85,65,0,3.66,67.64,211,172,R$ 529.09,24.19,17,-8,5.12,40.89,14,13,"R$ 14,506.72",8.13,144,-6,"R$ 158,314.80",20.67,14,3,-14.03,16.85,417,-410,2.03,58.50,159,-19,"R$ 3,521.51",38.99,95,-17,3.89,25.57,319,12,7.68,19.42,291,-82,157.64,86.70,2,1,27.11,48.56,103,8,130.76,64.68,23,-2,50.56,8.23,418,-11,38.43,51.69,76,-21,54.73,42.64,412,2,94.65,90.49,319,16,66.53,5,9,68.11,292,-221,57.77,76,2,73.47,172,-36,38.15,123,-5,34.39,351,4,77.67,271,-53,88.48,48,-39,72.13,115,47,60.50,92,37,30.66,35,-18,51.56,28,-3,51.55,388,-3,57.36,40,-21,67.29,37,-19,64.70,128,-25,44.12,37,-14
3303401,,0.00,413,-219,,0.00,408,-28,55.61,54.13,379,-18,-22.05,64.61,48,0,,0.00,408,-49,,0.00,403,-245,81.17,78.44,305,20,21.50,79.22,231,56,49.14,40.78,317,-42,95.53,96.38,40,"Não comparável, alteração metodológica completa",48.19,16.68,403,-20,24.72,36.43,209,-3,75.93,38.51,381,-64,80.06,81.48,228,-36,0.00,100.00,1,348,1.01,92.97,119,-7,4.22,79.20,128,13,16.38,52.41,302,-10,151.20,71.10,155,90,67.19,54.70,50,32,96.54,53.67,194,-5,69.47,27.65,288,-7,49.80,57.85,86,9,4.99,5.62,350,-32,18.15,19.41,225,-26,6.00,38.98,176,-4,4.50,33.33,295,-4,4.30,67.86,192,-3,595.60,92.49,4,11,5.90,93.82,44,86,68.42,29.27,393,-23,28.06,91.08,49,119,10.33,92.53,124,93,12.83,86.85,234,23,90.02,89.58,241,40,21.56,78.76,67,-7,12.51,87.49,37,-4,87.24,87.24,128,16,83.50,40.57,80,-30,100.00,100.00,1,0,0.00,100.00,1,0,0.04,83.65,152,-8,66.20,68.72,43,-2,0.00,99.87,200,-199,0.00,99.60,196,-195,0.07,63.41,75,44,26.89,74.40,86,17,33.39,29.13,198,-2,4.65,68.90,154,214,R$ 0.56,0.03,181,-34,1.39,11.00,159,-20,"R$ 6,473.36",3.53,315,-63,"R$ 38,789.12",3.87,257,-26,8.75,51.75,255,2,1.56,46.30,254,3,"R$ 2,316.92",19.06,374,-17,3.62,25.22,332,-152,25.52,68.69,11,-4,57.86,30.90,198,-8,19.40,27.50,338,-13,103.13,43.21,239,-31,61.61,29.90,247,-111,39.38,53.01,64,7,94.43,93.54,178,59,98.70,98.78,18,-4,29.69,410,-81,58.66,377,0,38.05,396,-35,76.82,120,180,34.71,160,9,50.83,146,0,82.84,157,81,86.37,74,6,81.09,20,2,59.11,116,54,17.40,313,-31,42.36,80,-30,63.69,66,-10,51.34,215,6,43.54,404,-29,65.89,97,51,39.17,139,-9
3303500,72.17,34.11,280,-2,2.44,8.89,336,-97,48.70,62.56,254,-114,47.52,39.71,383,-8,9.33,73.64,211,-13,1.42,83.29,50,-31,90.09,88.65,198,138,18.30,82.51,208,8,71.00,69.01,60,83,68.45,69.06,268,"Não comparável, alteração metodológica completa",57.08,22.34,372,-22,22.05,32.39,234,5,67.19,27.03,410,-7,67.26,66.35,379,-20,54.16,81.19,228,50,1.99,82.83,295,8,7.05,57.48,350,-53,17.44,47.78,333,2,195.55,50.85,336,20,28.95,2.69,419,-4,96.76,54.05,184,-50,71.11,29.13,274,8,12.65,14.70,330,10,2.68,3.02,405,-3,15.32,16.37,259,-36,4.60,15.25,391,-5,3.80,19.61,391,-5,3.40,35.71,395,-4,511.76,37.99,340,-26,21.11,74.40,240,77,63.30,34.57,378,-122,96.15,65.63,315,-47,1.90,98.99,11,152,13.23,86.43,244,-9,99.59,99.57,51,18,96.09,0.73,408,-406,95.69,4.31,413,-309,27.62,27.62,309,-4,18.31,8.90,308,-7,100.00,100.00,1,0,0.00,100.00,1,0,0.04,83.80,111,-14,44.95,46.66,115,-3,0.00,100.00,1,0,0.00,100.00,1,0,-0.11,60.95,207,-74,54.21,35.25,329,0,15.75,10.35,380,-2,5.25,69.64,123,257,R$ 3.44,0.16,133,80,0.78,6.12,274,-46,"R$ 4,449.13",2.38,364,-3,"R$ 26,109.54",2.08,339,-4,3.05,43.02,359,34,1.67,49.06,239,-18,"R$ 2,385.07",20.19,355,-37,2.25,23.48,385,-103,8.26,21.01,270,-68,55.23,29.43,210,3,22.29,35.41,224,20,99.50,40.39,276,-10,65.10,36.75,172,52,13.88,17.56,381,-16,65.11,55.96,393,-30,93.35,87.81,355,-14,36.32,371,-72,77.19,130,-5,32.91,415,-9,61.98,342,3,18.27,390,-9,23.90,407,-5,76.20,298,-23,62.87,297,-88,74.56,84,15,42.88,344,47,16.19,345,-28,28.61,257,-16,47.69,409,-12,43.99,376,-22,55.86,275,-85,51.28,373,-22,29.83,394,-6
3303906,,0.00,413,-210,,0.00,408,-11,50.20,60.73,291,-180,21.28,49.11,315,-8,,0.00,408,-334,,0.00,403,-210,66.94,62.15,385,-66,16.40,84.47,185,-34,53.94,46.99,247,-56,84.79,85.54,118,"Não comparável, alteração metodológica completa",72.57,32.18,299,0,28.75,42.55,171,-9,92.56,60.39,99,6,82.49,84.35,174,-25,105.08,63.51,348,-86,0.76,95.55,58,109,3.15,87.41,25,60,12.61,68.97,153,56,176.48,59.55,278,28,63.01,49.01,98,4,106.05,69.40,29,-1,77.14,34.56,198,13,63.19,73.40,39,-1,9.43,10.63,234,-22,10.52,11.23,329,-63,5.70,33.90,242,-4,4.80,39.22,223,-3,3.60,42.86,368,-4,565.61,73.00,82,-25,7.12,92.26,64,58,67.19,30.55,390,-68,29.50,90.54,60,64,10.85,92.13,127,-20,27.74,71.41,385,-1,96.03,95.85,161,31,22.28,78.00,73,-9,-1.17,100.00,1,9,84.05,84.05,151,4,106.86,51.92,11,-3,100.00,100.00,1,325,0.00,100.00,1,0,0.02,84.13,36,25,55.01,57.10,73,3,0.00,99.79,215,-14,0.00,99.46,206,5,0.21,65.34,32,40,39.30,56.63,216,-8,31.04,26.62,231,-8,2.09,65.66,300,-11,R$ 61.93,2.83,75,2,2.00,15.96,83,7,"R$ 7,276.15",3.99,290,-35,"R$ 71,382.90",8.45,98,30,24.80,76.35,11,392,1.72,50.62,227,10,"R$ 2,944.32",29.44,224,-6,4.60,26.47,271,-52,8.33,21.21,267,-2,62.60,33.55,167,-6,22.52,36.04,214,-16,109.72,48.33,142,-75,60.37,27.49,276,70,34.79,46.64,124,-23,89.72,87.51,242,-24,98.54,98.44,31,-13,27.46,415,-108,54.26,401,-251,52.01,195,-3,69.51,246,-3,39.45,104,-8,43.68,245,-7,80.18,222,-49,88.97,39,44,78.15,43,1,51.93,232,-1,22.38,166,39,30.27,236,-7,61.68,130,-46,50.04,245,-90,40.28,413,-176,66.01,92,12,37.29,187,3
3304144,76.47,27.90,325,0,2.82,10.39,319,-8,43.81,68.52,139,56,-5.28,58.61,136,-113,16.67,46.89,365,7,2.70,65.19,270,30,87.61,85.82,236,131,25.00,75.62,256,-23,50.76,42.88,296,-10,79.69,80.40,169,"Não comparável, alteração metodológica completa",49.29,17.38,400,-1,15.61,22.62,305,3,54.19,9.92,421,-9,66.22,65.12,386,-3,0.00,100.00,1,346,3.11,71.25,376,34,6.58,61.09,334,9,24.35,17.48,417,-221,242.56,29.39,417,-2,27.53,0.75,422,-5,96.70,53.95,187,-35,73.15,30.97,246,26,16.65,19.34,299,-38,7.51,8.47,276,81,13.03,13.92,293,-62,4.90,20.34,368,-4,3.80,19.61,391,-5,3.30,32.14,404,-4,486.67,21.68,412,-27,29.51,63.69,314,34,35.29,63.52,307,-164,97.62,65.08,319,33,1.34,99.42,8,151,11.06,88.68,199,17,96.26,96.09,154,22,51.29,47.63,337,-6,43.23,56.77,249,144,1.61,1.61,377,10,0.42,0.20,374,-6,94.25,89.70,337,-146,0.00,100.00,1,0,0.03,83.83,102,8,4.83,5.02,411,-6,0.00,100.00,1,0,0.00,100.00,1,0,-0.01,62.38,132,143,52.22,38.10,313,-9,17.18,11.87,368,-4,3.02,66.84,248,-58,R$ 37.79,1.73,89,143,3.16,25.23,34,15,"R$ 2,839.85",1.45,405,-12,"R$ 35,145.93",3.36,281,-14,12.15,56.96,151,66,1.71,50.22,230,-21,"R$ 2,570.22",23.25,311,6,2.43,23.71,381,-39,8.36,21.30,264,-97,25.85,13.00,353,-5,21.11,32.18,269,-4,81.89,26.70,386,-11,68.40,43.23,111,-18,12.30,15.36,392,-30,99.08,99.50,16,-6,97.14,95.58,175,11,41.36,305,-1,69.63,268,29,23.72,421,-6,52.40,404,0,19.77,378,-24,22.29,411,-4,77.64,272,35,58.58,327,-2,62.87,372,29,42.92,341,7,20.71,219,44,22.16,350,-50,56.08,312,-64,42.75,394,-2,54.88,294,15,46.56,409,-5,32.31,342,-16
3304201,67.20,41.28,225,-11,2.96,10.92,314,15,52.54,57.88,334,12,-25.14,65.72,41,-10,11.72,64.93,280,2,3.09,59.70,332,-25,83.00,80.54,289,32,23.20,77.47,246,64,57.88,52.07,199,2,77.09,77.78,191,"Não comparável, alteração metodológica completa",97.72,48.18,128,-14,34.71,51.60,112,5,83.47,48.43,276,54,86.80,89.45,74,31,0.00,100.00,1,0,1.85,84.28,276,31,5.29,70.99,246,-81,15.89,54.55,290,-95,162.99,65.72,216,84,56.24,39.81,183,-34,95.08,51.26,230,7,89.33,45.51,51,54,39.84,46.28,161,-15,17.50,19.75,120,53,14.98,16.01,268,-91,6.10,40.68,150,-3,4.70,37.25,254,-3,3.90,53.57,310,-4,562.94,71.26,95,-32,26.89,67.03,295,-2,13.95,85.58,195,-102,73.10,74.25,263,-1,7.27,94.87,74,78,9.88,89.90,170,-42,97.21,97.09,123,76,19.56,80.85,46,1,14.64,85.36,42,-8,96.53,96.53,65,15,90.03,43.75,52,73,97.22,95.02,289,-288,0.00,100.00,1,0,0.03,83.91,83,-6,36.92,38.33,154,-2,0.00,99.92,189,-188,0.00,99.42,208,-207,-0.14,60.56,227,-145,30.65,69.02,126,-5,38.85,34.93,126,-20,1.30,64.67,326,34,R$ 0.15,0.01,218,-12,1.36,10.79,165,6,"R$ 9,859.40",5.47,227,1,"R$ 94,649.38",11.72,37,-2,5.18,46.29,335,-298,2.54,71.93,68,15,"R$ 3,422.54",37.35,118,-18,3.91,25.60,315,-222,11.92,31.14,161,167,85.08,46.12,55,-19,25.07,42.99,151,-49,95.34,37.16,319,-10,59.73,26.22,289,-181,35.40,47.48,112,21,72.90,65.94,353,-8,97.45,96.22,138,22,43.95,257,37,71.91,224,-64,55.71,114,33,74.27,159,10,34.62,161,-2,46.78,202,-11,81.93,181,-15,89.35,34,10,72.05,120,-2,57.42,152,-2,24.22,113,-20,40.08,98,22,54.61,349,-111,54.25,126,-11,57.32,241,-1,66.27,83,12,39.31,138,-22
3304524,57.02,55.94,95,12,0.25,0.27,407,-76,52.93,57.40,343,42,-8.09,59.62,120,-3,10.75,68.49,259,2,2.52,67.68,238,-9,88.92,87.32,220,170,11.20,89.81,105,11,58.49,52.85,190,69,67.35,67.95,276,"Não comparável, alteração metodológica completa",65.58,27.74,331,-24,35.17,52.29,107,22,76.35,39.06,376,-21,72.18,72.17,349,-44,59.70,79.27,248,-247,1.82,84.59,269,-68,4.79,74.83,191,-41,9.55,82.38,44,262,134.77,78.60,71,28,55.21,38.40,198,22,100.88,60.85,84,37,72.43,30.32,257,-5,1.51,1.75,419,-12,3.54,3.99,389,-23,3.62,3.83,396,-31,6.10,40.68,150,-3,4.90,41.18,187,-3,3.40,35.71,395,-4,559.09,68.76,114,34,15.47,81.61,188,5,21.21,78.07,252,-41,60.92,78.80,210,-13,10.71,92.24,125,-82,13.42,86.24,248,-63,76.52,75.48,343,17,22.97,77.28,80,-44,18.91,81.09,72,12,4.80,4.80,369,9,5.33,2.59,348,4,100.00,100.00,1,0,0.00,100.00,1,0,0.02,84.14,35,1,21.78,22.61,255,10,0.00,100.00,1,0,0.00,100.00,1,0,0.03,62.89,97,185,38.94,57.13,212,-12,28.86,24.30,254,-5,3.49,67.43,220,-90,R$ 0.02,0.00,238,-6,0.60,4.72,331,5,"R$ 6,547.15",3.58,311,-3,"R$ 67,734.88",7.94,110,-11,-2.90,33.90,394,-371,1.88,54.56,193,-65,"R$ 4,676.87",58.11,15,-3,5.77,27.97,189,-120,6.90,17.27,330,-94,54.53,29.03,213,-3,25.19,43.34,146,10,128.06,62.58,32,33,59.45,25.67,295,-155,38.35,51.59,78,-53,78.64,73.31,314,-26,99.30,100.00,1,261,43.31,271,21,74.15,183,193,43.01,352,-19,80.01,72,28,19.19,382,-14,44.70,232,7,84.40,125,-51,60.26,315,14,68.06,200,72,52.17,226,-14,21.61,190,-80,29.88,243,-31,62.63,94,-49,49.88,251,16,58.06,221,144,57.60,279,6,37.13,195,-76
3304557,39.30,81.49,11,-4,7.40,28.37,104,64,45.80,66.10,188,96,35.85,43.89,363,19,6.14,85.27,74,-12,3.04,60.32,327,16,94.64,93.87,89,12,1.30,100.00,1,131,66.98,63.82,86,-29,98.11,98.98,12,"Não comparável, alteração metodológica completa",73.92,33.04,291,-26,45.56,68.06,41,-8,92.60,60.43,98,23,87.21,89.94,63,30,48.73,83.08,214,62,1.64,86.45,241,-105,7.60,53.26,368,-97,14.27,61.68,220,39,160.65,66.79,201,43,55.98,39.45,185,-17,92.16,46.44,299,-39,73.49,31.27,241,-3,50.95,59.19,80,10,32.85,37.08,44,-6,14.06,15.02,278,-19,6.00,38.98,176,-4,5.20,47.06,104,-3,3.20,28.57,413,-5,561.25,70.16,100,-33,18.48,77.76,218,20,51.93,46.32,351,-32,66.78,76.61,231,16,4.10,97.30,32,84,3.53,96.48,75,10,91.32,90.93,234,33,38.92,60.58,253,75,40.08,59.92,224,142,85.78,85.78,140,-9,85.98,41.78,68,173,100.00,100.00,1,190,0.00,100.00,1,0,0.03,83.87,97,-4,25.68,26.66,217,-2,0.00,99.77,217,-12,0.00,99.11,231,-3,-0.22,59.47,274,-89,31.73,67.47,135,-11,46.01,42.55,59,22,4.06,68.15,185,220,R$ 271.96,12.43,28,-10,3.73,29.82,24,-2,"R$ 43,378.93",24.66,14,9,"R$ 67,371.98",7.89,114,4,10.01,53.69,215,109,3.33,92.40,6,22,"R$ 4,778.54",59.79,12,13,6.00,28.27,172,208,7.18,18.05,321,-73,68.51,36.86,129,-13,32.51,63.33,37,-11,118.37,55.05,79,-33,54.78,16.52,384,13,26.87,35.62,235,-20,47.52,33.41,420,-5,95.30,91.82,293,5,54.96,43,30,89.03,6,39,57.49,83,-11,70.38,232,9,37.88,126,4,45.14,225,-13,81.36,191,13,83.94,114,49,68.49,188,41,60.64,89,87,38.08,8,8,39.41,106,-38,46.49,412,-4,57.95,29,31,71.26,9,36,64.64,131,18,43.72,42,20
3304904,66.81,41.83,213,-40,1.64,5.73,380,-52,50.56,60.29,298,-206,31.44,45.47,355,-87,9.57,72.78,223,-59,1.23,85.94,30,-7,84.32,82.05,278,81,34.20,66.15,339,26,57.18,51.16,208,-19,66.92,67.52,279,"Não comparável, alteração metodológica completa",80.00,36.91,250,-22,25.46,37.56,201,-4,68.75,29.08,408,7,72.14,72.12,350,-18,75.84,73.66,282,-7,4.22,59.77,408,-5,9.12,41.60,402,-15,15.17,57.74,258,33,167.16,63.81,246,39,30.11,4.25,417,-7,80.04,26.42,412,-6,53.23,13.05,406,-7,30.91,35.90,215,2,3.68,4.14,382,-10,12.55,13.40,302,-22,4.50,13.56,402,-5,3.50,13.73,413,-5,3.30,32.14,404,-4,535.86,53.66,217,8,11.03,87.27,125,102,45.08,53.40,336,-31,55.36,80.88,187,87,15.09,88.87,195,31,20.96,78.42,340,-14,96.95,96.81,138,18,40.38,59.06,266,-160,66.75,33.25,379,-373,19.99,19.99,334,19,23.20,11.27,280,-1,93.69,88.70,346,-167,0.00,100.00,1,0,0.05,83.47,187,-23,17.19,17.84,306,-14,0.00,100.00,1,0,0.00,100.00,1,0,-0.69,52.87,365,-290,35.27,62.40,172,-6,14.35,8.86,389,0,2.87,66.64,258,151,R$ 0.08,0.00,228,-4,0.86,6.78,252,36,"R$ 3,747.24",1.97,385,-7,"R$ 25,719.37",2.03,342,12,12.17,56.99,148,210,1.90,55.25,184,-2,"R$ 2,363.10",19.82,362,-37,3.68,25.31,328,-32,6.25,15.45,354,-22,32.50,16.72,317,-4,19.96,29.04,312,14,86.21,30.07,370,-8,64.94,36.45,176,63,10.56,12.95,399,-2,60.79,50.42,404,0,90.57,82.13,386,-6,38.33,345,-121,71.06,242,129,40.27,376,23,62.19,338,-4,16.52,404,-11,23.40,409,-3,80.71,209,68,63.16,294,-31,65.07,290,-52,48.92,276,67,18.07,293,18,20.40,371,-6,42.40,418,-4,43.19,388,8,53.98,314,27,51.23,374,0,28.74,405,2
3305109,71.83,34.60,279,43,0.79,2.40,399,-87,58.66,50.41,399,-18,33.84,44.61,359,13,17.40,44.26,372,-8,1.64,80.15,89,40,74.30,70.58,349,38,26.50,74.07,276,10,44.93,35.36,361,47,65.28,65.86,296,"Não comparável, alteração metodológica completa",62.38,25.71,348,-38,18.94,27.66,261,3,70.36,31.19,402,-9,68.73,68.09,371,-19,23.91,91.70,154,101,4.87,53.05,413,-18,8.47,46.58,391,-7,21.52,29.89,401,-20,196.32,50.50,341,12,36.82,13.39,388,-9,80.70,27.51,410,-10,64.79,23.45,338,-31,15.82,18.38,311,0,4.82,5.44,357,-80,11.03,11.78,322,-22,4.90,20.34,368,-4,3.80,19.61,391,-5,3.30,32.14,404,-4,507.43,35.18,364,-77,28.72,64.69,306,-8,9.46,90.22,158,31,87.08,69.02,295,-22,0.86,99.79,4,9,5.96,93.96,121,-13,94.58,94.34,187,75,25.90,74.21,112,-11,23.06,76.94,97,295,60.33,60.33,238,-14,0.00,0.00,377,-9,100.00,100.00,1,344,0.00,100.00,1,0,0.04,83.59,161,0,0.00,0.00,422,-5,0.00,100.00,1,0,0.00,100.00,1,0,-0.01,62.31,140,274,36.37,60.82,184,-25,17.53,12.24,364,-9,1.39,64.78,321,-240,R$ 0.00,0.00,241,-9,0.96,7.63,225,-210,"R$ 3,312.04",1.72,394,-3,"R$ 26,156.55",2.09,337,14,8.66,51.62,256,156,1.51,45.02,267,13,"R$ 2,177.60",16.75,395,-6,4.21,25.98,297,21,7.52,18.96,299,-46,28.60,14.54,340,2,21.42,33.01,260,150,91.69,34.32,344,7,66.11,38.74,155,60,11.56,14.33,394,-28,90.71,88.77,231,-15,98.77,98.91,14,-11,33.01,400,-11,62.81,353,36,34.93,408,-12,55.85,387,-11,15.70,410,-14,24.54,401,-7,83.17,149,-12,76.10,190,49,61.36,397,17,48.64,286,-66,16.02,353,-97,22.17,349,50,55.01,338,-28,42.98,390,4,47.26,387,13,51.80,364,16,30.99,372,-29
3305208,69.62,37.78,250,-27,3.06,11.34,308,44,50.08,60.88,286,-4,11.81,52.49,264,-24,7.43,80.58,131,47,2.67,65.54,262,-47,63.53,58.26,390,-27,20.90,79.84,227,-43,59.99,54.80,169,189,94.12,94.96,53,"Não comparável, alteração metodológica completa",64.10,26.80,338,-24,15.82,22.93,301,6,78.63,42.06,351,10,77.60,78.57,262,29,69.78,75.77,266,-8,9.19,8.38,422,-5,4.88,74.14,205,-145,15.35,56.93,267,-130,182.51,56.80,306,-78,50.37,31.82,265,-18,108.61,73.63,16,-3,64.13,22.85,343,2,8.30,9.64,370,-23,4.86,5.48,356,-15,12.89,13.77,296,-42,5.30,27.12,318,-4,4.40,31.37,317,-4,3.80,50.00,330,-4,534.01,52.46,231,-19,32.56,59.79,334,-33,7.69,92.05,139,101,79.45,71.87,276,4,6.33,95.59,62,198,10.84,88.90,191,1,95.29,95.08,179,-82,36.24,63.39,221,-30,18.73,81.27,70,9,87.51,87.51,127,-20,80.87,39.30,92,18,100.00,100.00,1,314,0.00,100.00,1,0,0.04,83.71,139,76,9.86,10.24,368,-2,0.00,100.00,1,205,0.00,100.00,1,193,0.02,62.70,106,29,42.83,51.56,250,-14,20.49,15.40,338,3,5.62,70.11,100,314,R$ 0.00,0.00,241,-9,0.88,6.94,247,101,"R$ 5,795.28",3.15,328,14,"R$ 32,289.18",2.95,300,-6,12.88,58.09,123,261,1.29,39.23,313,1,"R$ 2,428.10",20.90,346,-19,3.41,24.96,343,61,5.38,13.07,376,27,30.11,15.38,330,-7,25.32,43.67,141,142,127.22,61.93,36,30,64.70,35.97,180,-144,28.37,37.71,215,-9,93.42,92.25,195,-15,94.11,89.38,338,-34,40.62,316,11,76.60,140,-29,39.87,382,-2,58.79,362,-56,22.88,338,-30,36.57,327,-12,80.51,214,66,86.31,76,18,64.37,316,28,49.18,270,119,15.98,355,40,24.04,321,66,63.45,71,-64,48.23,294,1,57.83,224,-22,57.24,288,-6,33.31,324,47
3305505,83.05,18.43,375,9,7.37,28.28,105,75,18.00,100.00,1,0,-111.60,96.66,2,1,6.46,84.11,86,-29,0.59,94.91,4,0,94.81,94.06,88,81,13.70,87.24,147,201,70.39,68.23,64,201,69.33,69.94,257,"Não comparável, alteração metodológica completa",72.60,32.20,298,-6,14.68,21.20,313,0,79.22,42.85,345,46,83.50,85.55,148,11,82.92,71.21,300,-299,2.78,74.66,356,-38,5.85,66.69,291,-17,9.12,84.28,35,168,196.14,50.58,340,-2,84.03,77.61,3,1,124.57,100.00,1,4,80.89,37.93,155,57,41.19,47.84,151,35,6.33,7.14,309,66,15.16,16.21,265,-37,6.00,38.98,176,-4,5.30,49.02,84,-2,3.50,39.29,384,-4,537.97,55.03,210,-7,23.11,71.86,257,-66,37.14,61.61,315,20,66.47,76.72,230,-148,4.20,97.22,33,189,5.88,94.05,119,18,,0.00,408,5,,0.00,410,-251,-366.68,100.00,1,202,72.40,72.40,203,9,46.87,22.77,208,-21,96.52,93.77,302,-36,69.30,30.70,339,-19,0.00,84.54,8,1,26.47,27.48,209,7,0.00,99.87,199,-198,0.00,99.70,186,-185,0.02,62.74,104,189,69.19,13.77,408,-8,26.80,22.11,271,-3,3.05,66.88,245,-212,R$ 0.00,0.00,241,-9,4.21,33.65,21,22,"R$ 4,038.58",2.14,373,-8,"R$ 722,441.50",100.00,1,0,-14.20,16.59,418,-416,1.39,41.89,291,-13,"R$ 2,725.62",25.82,276,17,11.09,34.75,22,367,5.17,12.49,381,-34,77.36,41.80,86,115,30.48,57.80,54,87,139.48,71.46,14,10,63.48,33.59,201,-68,27.54,36.56,225,-26,99.10,99.53,14,-6,86.91,74.63,405,-6,60.84,14,15,82.16,62,8,42.81,355,29,69.09,254,-43,42.98,73,42,45.05,226,-8,81.51,189,-5,48.42,374,-20,69.48,167,74,38.91,389,-72,30.04,40,0,37.37,136,100,63.15,77,-8,53.43,144,16,71.04,10,18,57.21,291,-4,40.24,108,-6
3305554,,0.00,413,-56,,0.00,408,-15,64.48,43.32,410,-4,-120.92,100.00,1,0,,0.00,408,-6,,0.00,403,-24,72.33,68.33,364,25,4.10,97.12,18,176,37.64,25.94,402,-55,51.13,51.58,363,"Não comparável, alteração metodológica completa",90.86,43.81,175,-21,18.49,26.99,267,6,77.27,40.27,366,-203,74.58,75.00,308,-10,112.49,60.94,359,-358,3.77,64.43,400,-24,8.88,43.44,395,-32,13.50,65.07,181,106,228.42,35.84,409,-107,40.82,18.83,357,-20,97.34,55.00,172,-50,75.87,33.41,215,25,5.83,6.77,392,-17,10.22,11.53,215,-13,36.63,39.23,68,12,4.90,20.34,368,-4,4.20,27.45,353,-5,4.20,64.29,220,-3,510.17,36.96,352,-36,30.68,62.19,323,-145,49.02,49.33,348,-52,98.53,64.74,320,-153,3.54,97.73,28,97,4.01,95.98,87,0,68.71,67.32,361,22,,0.00,410,-32,-97.66,100.00,1,0,1.47,1.47,378,9,0.61,0.30,373,-81,100.00,100.00,1,0,0.00,100.00,1,0,0.07,82.92,264,134,11.05,11.48,362,-1,0.00,100.00,1,0,0.00,100.00,1,0,-0.13,60.62,224,-13,62.11,23.93,383,-5,27.20,22.53,268,50,7.42,72.38,41,372,R$ 279.47,12.78,27,-22,1.83,14.58,105,-46,"R$ 3,165.02",1.64,399,-11,"R$ 46,653.38",4.97,207,-110,-11.32,21.00,415,-17,1.89,55.04,185,102,"R$ 4,394.04",53.43,17,174,2.34,23.60,384,24,6.55,16.31,339,-53,129.31,70.85,11,-5,31.16,59.64,47,195,99.33,40.26,279,-38,63.34,33.31,207,-202,25.57,33.82,250,65,97.17,97.06,104,30,96.45,94.17,237,133,35.83,382,-126,46.51,417,-6,45.03,330,-111,53.95,396,-168,25.81,303,-12,32.80,361,-4,75.70,309,-203,54.21,346,-9,64.20,321,54,44.29,327,84,23.01,147,-59,48.93,37,53,59.72,189,-154,44.56,367,-46,40.94,410,-19,50.65,380,-57,39.66,123,22
3305802,67.52,40.81,230,-53,0.68,1.99,401,7,58.80,50.24,400,-60,6.57,54.37,225,-146,4.07,92.81,10,15,2.84,63.15,290,28,84.59,82.36,275,21,11.10,89.92,100,-9,64.98,61.24,102,-27,48.68,49.11,371,"Não comparável, alteração metodológica completa",52.07,19.15,391,-19,22.68,33.34,229,-1,64.37,23.31,416,-35,81.40,83.07,206,-41,158.06,45.11,390,-389,2.94,73.01,367,2,9.13,41.52,403,-23,14.75,59.57,242,-188,179.92,57.99,295,45,55.26,38.48,196,-11,102.01,62.72,69,2,71.82,29.77,264,9,36.82,42.77,182,-2,8.25,9.31,257,-34,6.34,6.74,375,-62,5.80,35.59,227,-4,4.50,33.33,295,-4,3.70,46.43,351,-4,553.34,65.02,133,-62,14.15,83.29,167,38,45.65,52.81,338,-38,56.87,80.31,195,66,13.58,90.03,174,10,22.97,76.34,356,5,83.31,82.57,301,-83,43.14,56.17,281,-98,11.81,88.19,34,90,,0.00,385,2,,0.00,377,-9,88.42,79.26,372,-181,0.00,100.00,1,0,0.04,83.75,127,-4,55.99,58.12,71,1,0.01,98.72,279,-26,0.01,98.72,253,-5,0.03,62.94,94,11,44.13,49.69,258,-9,28.82,24.26,256,-10,4.36,68.52,170,130,R$ 0.00,0.00,241,-9,5.48,43.83,12,2,"R$ 7,552.99",4.15,281,10,"R$ 43,025.78",4.46,229,14,13.71,59.36,107,293,1.18,36.38,339,11,"R$ 2,630.39",24.25,302,-30,4.81,26.74,257,-82,9.29,23.87,245,-2,61.95,33.19,174,-1,23.57,38.90,187,-12,108.31,47.24,159,12,59.09,24.97,303,18,34.68,46.49,127,3,84.87,81.29,281,-11,98.90,99.18,9,2,36.86,362,-13,72.90,208,-50,33.56,411,-24,54.83,393,-198,29.22,245,-23,41.55,273,-26,79.44,237,18,55.09,341,-37,77.73,45,8,50.49,252,22,22.28,171,51,31.99,215,-2,59.83,187,7,47.33,315,-57,54.09,311,-44,53.54,349,-79,36.96,198,27
3306008,70.76,36.14,260,151,4.35,16.38,231,177,52.56,57.85,335,-11,11.51,52.60,262,-47,18.47,40.32,376,31,3.10,59.58,334,68,31.29,21.34,418,-8,25.00,75.62,256,49,56.37,50.13,215,-36,64.20,64.77,304,"Não comparável, alteração metodológica completa",136.22,72.65,21,-4,18.20,26.54,270,1,77.89,41.09,361,-22,73.73,74.01,317,-31,0.00,100.00,1,0,2.45,78.08,332,-29,7.56,53.57,367,-158,12.05,71.43,132,55,228.39,35.85,408,-61,59.94,44.84,140,-29,102.73,63.90,60,-8,81.83,38.77,147,23,38.98,45.27,168,3,6.59,7.43,303,17,21.89,23.42,187,-6,5.90,37.29,200,-4,4.40,31.37,317,-4,3.50,39.29,384,-4,547.41,61.17,165,17,34.02,57.93,349,-116,37.78,60.95,319,22,152.49,44.57,390,-171,26.73,79.95,318,-34,12.15,87.55,215,6,95.00,94.78,183,-3,36.63,62.98,227,-62,41.25,58.75,231,-37,78.10,78.10,183,-71,13.74,6.68,325,-19,100.00,100.00,1,0,0.00,100.00,1,0,0.03,83.95,79,-30,22.90,23.77,247,21,0.00,100.00,1,0,0.00,100.00,1,0,0.79,73.43,13,89,48.18,43.89,286,6,34.81,30.63,179,-20,-0.69,62.17,373,-58,R$ 0.00,0.00,241,-9,1.15,9.08,193,3,"R$ 7,836.77",4.31,276,-11,"R$ 76,808.47",9.21,72,-31,9.42,52.79,238,-114,2.14,61.49,132,-29,"R$ 2,556.76",23.03,315,-3,5.44,27.55,213,-6,14.77,39.00,85,119,70.61,38.03,118,-22,21.41,32.99,261,-40,105.09,44.73,212,-59,64.30,35.18,187,-134,29.85,39.77,191,-32,95.26,94.61,162,-8,89.01,78.92,396,-14,40.74,315,92,52.60,405,12,54.67,138,-9,68.44,260,-56,34.89,158,12,39.63,292,1,66.98,371,-71,79.26,164,-36,69.84,161,76,47.93,291,-10,20.90,210,-29,36.67,143,49,58.64,234,-200,48.55,282,26,46.41,393,23,60.24,223,-38,36.65,209,-46
3306305,,0.00,413,-284,,0.00,408,-63,33.01,81.70,19,-2,15.99,51.00,293,-83,,0.00,408,-188,,0.00,403,-169,47.51,39.91,406,-1,24.00,76.65,251,53,71.49,69.65,56,82,61.06,61.60,322,"Não comparável, alteração metodológica completa",89.32,42.83,189,-34,34.94,51.93,110,-3,84.20,49.38,262,-17,84.60,86.85,120,-6,78.37,72.79,293,-94,1.60,86.87,231,79,5.12,72.29,227,-24,10.58,77.87,78,112,166.59,64.07,240,119,64.11,50.52,87,4,100.02,59.43,99,-11,72.82,30.67,251,-55,16.47,19.13,302,-10,4.57,5.15,365,32,18.58,19.87,220,-11,6.10,40.68,150,-3,5.40,50.98,64,-2,4.20,64.29,220,-3,558.09,68.11,120,-74,15.36,81.74,186,78,46.25,52.19,341,-113,42.99,85.50,137,201,5.36,96.34,52,117,7.89,91.96,140,-5,99.03,98.99,74,-21,38.27,61.26,243,-11,41.64,58.36,236,6,99.00,99.00,26,-8,32.11,15.60,255,21,100.00,100.00,1,0,0.00,100.00,1,0,0.15,81.22,347,-20,26.22,27.22,214,0,0.00,100.00,1,0,0.00,100.00,1,0,-0.18,59.98,254,-225,35.38,62.25,175,-7,38.02,34.05,137,-2,5.81,70.35,94,220,R$ 0.82,0.04,168,-25,1.84,14.62,102,-35,"R$ 10,735.08",5.97,208,-24,"R$ 58,523.63",6.64,146,-95,-1.07,36.72,389,-383,1.96,56.71,172,-2,"R$ 2,689.64",25.23,289,-2,6.74,29.20,116,34,11.40,29.70,176,30,81.27,43.99,70,-19,22.01,34.63,234,3,102.96,43.08,243,-54,60.06,26.87,281,22,38.00,51.10,83,-3,88.94,86.51,250,-12,98.48,98.32,40,48,33.17,397,-281,44.32,421,-160,53.87,153,-29,73.18,180,87,27.58,279,-19,52.62,120,-19,83.69,141,99,85.71,87,-8,68.12,199,-56,57.66,146,33,20.57,224,-106,36.10,154,18,61.18,147,-9,49.54,261,-118,38.51,417,-219,64.57,135,8,38.47,158,-27
3501608,48.95,67.57,40,10,2.26,8.16,348,-101,38.32,75.22,60,31,83.68,26.77,414,-3,15.30,51.89,350,-43,2.26,71.36,183,50,91.95,90.78,150,125,33.80,66.56,335,-90,44.06,34.22,370,-58,68.97,69.59,262,"Não comparável, alteração metodológica completa",43.06,13.42,409,-8,51.79,77.50,15,-1,89.45,56.29,168,-45,87.42,90.18,58,-11,44.92,84.40,207,-206,0.59,97.31,21,48,3.04,88.26,18,21,11.68,73.05,120,-57,125.92,82.64,43,7,66.17,53.32,62,0,102.94,64.25,59,17,98.92,54.14,15,-5,53.75,62.43,66,6,39.43,44.51,29,-7,25.68,27.48,147,10,6.80,52.54,30,-1,5.50,52.94,38,-1,4.50,75.00,108,-1,571.40,76.76,56,32,8.11,91.00,79,-48,33.33,65.54,298,3,33.39,89.09,83,-42,13.78,89.88,178,-58,3.59,96.41,77,4,99.83,99.82,42,9,58.79,39.78,367,-15,55.69,44.31,331,-25,96.84,96.84,61,-13,62.95,30.59,162,-12,100.00,100.00,1,0,0.00,100.00,1,0,0.03,84.02,66,-1,6.53,6.77,396,1,0.00,100.00,1,0,0.00,100.00,1,0,0.06,63.32,81,264,15.59,90.60,11,-1,42.39,38.70,88,0,3.31,67.20,235,-112,R$ 0.00,0.00,241,-9,2.16,17.23,73,-5,"R$ 18,527.97",10.43,100,-2,"R$ 74,188.87",8.85,79,-2,5.53,46.83,329,-274,2.79,78.30,46,4,"R$ 3,484.09",38.37,104,-14,4.28,26.08,291,-112,12.09,31.58,154,-39,68.30,36.74,131,14,25.13,43.15,148,6,107.20,46.37,180,14,53.14,13.30,401,-10,42.89,57.89,24,4,63.52,53.91,399,-8,96.94,95.18,200,10,44.43,235,-64,66.62,313,-128,51.18,211,-47,82.58,51,-33,49.78,23,-4,60.45,33,3,87.54,63,-38,85.11,94,-28,63.56,346,53,65.74,31,-2,26.91,68,-4,37.16,137,-9,53.33,372,-5,55.86,72,-30,55.04,291,-124,69.72,15,-3,40.87,95,-6
3502804,63.60,46.46,176,-24,1.71,6.04,376,-125,44.59,67.57,158,-10,-1.60,57.29,171,-5,11.71,64.99,278,-23,2.68,65.46,264,7,47.90,40.36,405,-101,29.20,71.30,301,-116,55.95,49.57,220,-48,79.71,80.42,168,"Não comparável, alteração metodológica completa",80.23,37.05,249,-5,34.95,51.95,109,-7,88.73,55.34,180,-4,85.18,87.54,107,-40,0.00,100.00,1,0,1.92,83.56,286,-176,5.68,68.00,281,-122,18.65,42.47,362,-7,174.65,60.39,274,4,66.04,53.14,65,0,98.74,57.32,128,19,87.01,43.43,79,-30,53.08,61.66,67,1,37.99,42.88,33,-7,23.70,25.36,168,-34,6.90,54.24,20,-1,5.60,54.90,21,0,4.50,75.00,108,-1,563.26,71.47,93,-9,24.06,70.64,269,-83,9.09,90.60,150,-14,91.67,67.30,304,-145,32.73,75.36,357,-34,22.84,76.48,355,-2,98.31,98.23,89,6,25.02,75.14,98,65,14.08,85.92,40,29,97.61,97.61,49,-2,93.95,45.65,40,-16,100.00,100.00,1,0,0.00,100.00,1,0,0.06,83.34,207,20,3.49,3.62,417,-7,0.00,100.00,1,0,0.00,100.00,1,0,0.18,64.92,41,192,24.84,77.34,68,-2,37.50,33.49,145,6,4.18,68.29,179,-97,R$ 1.17,0.05,157,-27,2.81,22.39,45,-10,"R$ 43,424.66",24.69,13,5,"R$ 57,253.20",6.46,154,1,11.23,55.55,176,121,1.75,51.38,219,21,"R$ 3,142.24",32.71,185,-16,4.13,25.87,300,-240,23.72,63.72,17,126,83.91,45.47,57,-3,25.97,45.45,128,5,112.21,50.26,124,-16,58.84,24.48,307,-132,40.76,54.94,41,22,70.52,62.89,370,1,92.53,86.14,369,-142,44.34,242,-55,64.51,338,-104,54.05,149,-19,69.25,249,-58,46.50,38,-8,60.79,30,-2,75.20,316,-129,90.87,14,1,62.69,376,24,60.94,83,-8,25.33,95,-4,51.55,29,60,55.74,322,-114,55.18,95,-27,53.99,313,-100,66.81,75,-33,42.87,51,26
3503208,58.19,54.25,107,-16,2.11,7.59,359,-17,42.13,70.57,113,-47,28.62,46.48,341,-88,7.43,80.57,132,-51,1.67,79.69,95,-35,92.20,91.07,146,247,42.70,57.41,375,31,59.14,53.70,179,-23,70.44,71.06,248,"Não comparável, alteração metodológica completa",67.27,28.81,321,-19,46.08,68.85,40,-8,93.49,61.60,87,66,86.58,89.18,78,35,42.75,85.15,201,-200,0.93,93.80,99,43,3.56,84.27,58,78,11.12,75.52,92,238,121.93,84.46,34,59,68.56,56.56,43,6,96.12,52.98,205,-7,85.40,41.98,100,-6,54.10,62.84,65,0,25.48,28.76,74,-16,25.69,27.49,146,2,6.30,44.07,105,-2,5.20,47.06,104,-3,4.50,75.00,108,-1,568.11,74.62,73,-17,3.96,96.29,21,5,71.43,26.16,396,-80,31.70,89.72,73,-49,12.29,91.03,150,17,13.41,86.24,247,-30,98.57,98.51,82,55,45.05,54.17,295,-3,45.94,54.06,268,0,98.46,98.46,35,5,124.93,60.70,4,364,98.78,97.82,251,18,39.63,60.37,335,-8,0.04,83.67,146,21,10.90,11.32,364,-20,0.00,100.00,1,0,0.00,100.00,1,0,-0.11,60.97,206,-26,21.87,81.61,38,5,44.08,40.49,78,0,5.39,69.82,115,28,R$ 44.50,2.03,82,-17,2.73,21.81,49,2,"R$ 19,377.31",10.92,90,3,"R$ 60,643.28",6.94,129,7,11.33,55.71,171,80,2.29,65.42,106,-29,"R$ 3,426.43",37.42,115,-9,4.96,26.93,244,-63,15.32,40.50,76,-2,87.26,47.34,49,-4,25.83,45.08,131,-3,108.97,47.75,149,-7,55.20,17.33,374,0,41.48,55.94,35,-9,72.68,65.67,354,-13,98.05,97.45,75,-1,44.72,227,-82,73.15,204,161,56.48,106,10,83.18,42,57,44.02,60,2,55.31,90,-5,82.39,170,-109,84.97,95,129,64.42,314,15,64.81,43,8,26.25,81,-14,44.31,64,-3,56.83,288,-23,56.59,55,61,58.32,217,94,68.34,40,68,42.66,58,-5
3503307,58.90,53.24,119,-17,2.40,8.74,337,13,42.12,70.59,112,73,34.40,44.41,360,13,7.14,81.64,118,119,1.16,86.92,21,93,96.70,96.22,50,39,48.50,51.44,393,-189,58.95,53.45,185,-90,77.63,78.32,187,"Não comparável, alteração metodológica completa",58.19,23.04,366,-8,45.46,67.90,42,-5,91.50,58.99,122,-24,83.08,85.06,160,1,157.36,45.36,389,-95,1.30,89.97,183,-123,3.71,83.12,77,3,19.67,37.99,382,-337,147.57,72.76,135,44,100.49,100.00,1,0,94.50,50.31,250,-9,83.88,40.62,122,-10,7.91,9.19,373,-25,32.16,36.31,47,-11,43.42,46.51,41,-11,6.80,52.54,30,-1,5.50,52.94,38,-1,4.40,71.43,148,-2,558.12,68.13,119,38,10.35,88.14,113,-18,33.33,65.54,298,66,40.41,86.47,123,-44,8.87,93.65,100,-4,16.21,83.35,290,-61,98.77,98.72,78,86,38.95,60.55,254,0,33.89,66.11,180,8,97.35,97.35,52,13,80.03,38.89,95,-89,100.00,100.00,1,181,0.00,100.00,1,0,0.05,83.49,182,39,9.45,9.81,372,0,0.00,100.00,1,198,0.00,100.00,1,196,0.00,62.43,126,86,24.69,77.57,66,20,37.00,32.96,153,7,3.35,67.25,231,116,R$ 2.43,0.11,137,-18,1.09,8.62,203,-34,"R$ 13,721.98",7.68,161,-8,"R$ 76,588.82",9.18,74,55,18.66,66.93,37,303,2.29,65.45,104,20,"R$ 3,527.34",39.09,93,-6,5.06,27.07,236,-196,11.40,29.68,178,42,95.00,51.67,34,-11,22.26,35.33,225,-39,106.82,46.08,185,2,57.72,22.28,330,-180,40.33,54.34,48,50,79.85,74.85,307,9,97.69,96.70,108,53,44.24,249,18,75.81,157,-99,52.84,174,-24,58.94,360,-214,43.86,62,-18,58.42,51,3,85.56,103,40,88.26,49,-12,64.15,324,36,60.40,94,47,24.38,110,11,38.89,115,-6,58.85,224,-72,54.83,105,-46,59.34,199,-77,65.62,105,-60,40.54,101,10
3503901,64.99,44.45,191,24,5.12,19.42,190,10,40.86,72.12,90,-4,3.62,55.43,204,-24,27.15,8.70,406,-6,4.86,34.78,401,-3,92.69,91.63,138,-88,40.00,60.19,367,-8,62.64,58.21,130,-9,65.49,66.07,295,"Não comparável, alteração metodológica completa",50.58,18.20,396,-1,43.45,64.86,55,2,94.71,63.21,69,59,83.31,85.32,154,-56,79.11,72.53,294,-293,0.56,97.62,15,26,4.39,77.90,149,-83,10.28,79.17,63,152,147.19,72.93,133,48,70.81,59.63,30,3,110.92,77.44,11,-3,102.63,57.48,10,-3,40.86,47.47,152,23,11.55,13.04,190,-43,3.94,4.17,393,-7,6.40,45.76,81,-2,5.30,49.02,84,-2,4.20,64.29,220,-3,543.28,58.48,185,87,1.11,99.93,2,31,92.86,4.01,420,-40,9.84,97.89,2,55,2.22,98.74,14,48,13.63,86.02,254,22,100.00,100.00,1,74,25.60,74.53,106,-12,13.96,86.04,38,-7,80.62,80.62,173,3,56.63,27.52,177,-3,97.02,94.66,293,-292,0.00,100.00,1,0,0.02,84.19,26,9,38.58,40.05,142,-2,0.00,100.00,1,0,0.00,100.00,1,0,0.19,65.14,35,72,40.08,55.50,225,2,46.80,43.39,53,10,4.64,68.88,156,12,R$ 0.00,0.00,241,-9,0.70,5.54,299,-36,"R$ 9,808.91",5.44,228,19,"R$ 120,285.70",15.33,19,7,10.35,54.20,203,174,2.85,79.89,42,-3,"R$ 3,508.39",38.77,100,-2,6.95,29.48,106,166,10.73,27.84,200,16,28.14,14.28,341,12,19.34,27.33,339,-9,123.73,59.22,47,6,57.60,22.04,332,-1,32.37,43.28,151,-42,92.32,90.85,212,62,93.75,88.64,346,-1,47.85,164,-7,55.66,393,-46,52.17,191,21,77.45,109,-20,38.87,110,-15,52.06,131,11,83.61,142,-3,84.26,104,0,73.38,98,22,57.77,141,14,26.00,84,11,23.15,342,8,60.80,156,51,53.02,156,2,51.59,350,-47,67.10,66,-2,38.11,163,17
3504008,58.78,53.40,118,6,4.09,15.36,252,25,59.95,48.84,405,-42,3.08,55.62,203,-39,13.93,56.90,325,-4,0.31,98.87,2,-1,94.93,94.20,84,57,13.90,87.04,149,25,64.88,61.11,106,-48,73.56,74.22,224,"Não comparável, alteração metodológica completa",73.74,32.93,292,-8,25.08,36.98,204,1,89.35,56.15,169,-63,88.88,91.90,33,19,0.00,100.00,1,0,0.92,93.90,96,-84,3.68,83.35,70,39,16.79,50.63,318,-169,166.80,63.97,242,-179,66.45,53.70,60,-22,94.61,50.48,246,-21,90.19,46.29,44,42,78.45,91.13,9,2,38.66,43.64,31,-7,15.64,16.72,256,-74,6.40,45.76,81,-2,5.30,49.02,84,-2,4.60,78.57,70,-1,561.01,70.01,101,54,7.65,91.59,76,33,78.95,18.39,405,-14,47.66,83.76,154,-27,24.85,81.40,303,-115,14.21,85.42,266,38,99.66,99.64,47,49,23.27,76.97,82,-25,10.42,89.58,28,1,98.04,98.04,41,-11,99.06,48.13,22,5,100.00,100.00,1,0,0.00,100.00,1,0,0.05,83.39,198,-23,14.70,15.26,335,-16,0.18,84.35,400,-399,0.11,76.82,409,-408,-0.11,60.90,214,31,26.95,74.33,87,-10,35.66,31.53,167,13,4.49,68.69,165,-136,R$ 17.77,0.81,105,-10,1.98,15.76,85,20,"R$ 20,576.39",11.61,80,3,"R$ 46,175.48",4.91,211,-16,2.20,41.72,368,-33,1.47,43.98,275,11,"R$ 3,289.78",35.16,145,-17,3.31,24.84,350,-314,11.37,29.61,179,52,94.72,51.51,35,-4,34.24,68.05,30,-5,101.17,41.69,265,-26,62.38,31.43,233,21,22.59,29.68,294,-7,97.42,97.38,96,-13,97.26,95.83,161,-18,43.31,272,-1,78.08,110,51,51.18,213,-38,74.95,148,-115,50.36,20,-7,56.36,80,7,76.22,297,-31,91.86,5,0,59.91,403,-94,59.69,110,-67,20.42,229,-42,49.73,32,6,59.20,216,-13,55.84,73,-23,59.94,180,36,67.29,57,-41,41.01,91,-13
3504107,48.74,67.88,38,4,6.07,23.14,141,2,37.02,76.80,41,-11,6.53,54.38,224,30,5.31,88.31,39,56,1.27,85.36,34,-7,97.14,96.73,40,50,30.00,70.47,311,-109,52.38,44.97,267,-107,56.80,57.30,344,"Não comparável, alteração metodológica completa",77.66,35.42,268,51,46.47,69.43,38,1,95.75,64.57,53,-39,81.48,83.16,201,-17,55.46,80.74,236,-15,0.60,97.21,23,27,3.24,86.72,31,139,12.76,68.32,155,155,145.59,73.66,124,-19,70.69,59.47,31,6,111.61,78.58,9,2,101.97,56.88,12,7,44.87,52.12,125,6,26.70,30.14,67,-2,16.56,17.71,246,9,7.20,59.32,8,0,5.50,52.94,38,-1,4.60,78.57,70,-1,563.03,71.32,94,51,5.42,94.43,37,21,18.18,81.21,224,-5,21.65,93.48,22,24,15.66,88.44,203,54,13.46,86.19,250,-54,84.40,83.71,297,-2,36.27,63.36,222,-58,45.60,54.40,265,-22,61.02,61.02,237,-8,55.50,26.97,181,-51,100.00,100.00,1,180,0.00,100.00,1,0,0.05,83.51,177,20,28.17,29.24,199,1,0.00,99.79,215,14,0.00,99.34,218,15,-0.17,60.08,248,-10,20.53,83.53,32,2,39.28,35.39,119,20,7.69,72.72,34,167,R$ 0.06,0.00,232,0,1.21,9.62,182,-78,"R$ 11,060.49",6.16,200,22,"R$ 59,418.61",6.77,142,-47,6.80,48.77,307,-87,2.49,70.57,76,6,"R$ 3,403.03",37.03,121,8,6.35,28.71,147,-95,7.93,20.11,284,-8,54.54,29.04,211,10,21.97,34.54,237,-15,121.73,57.67,54,0,54.81,16.57,383,-216,42.20,56.94,28,5,83.25,79.21,290,7,97.83,96.99,94,73,55.55,37,-6,73.93,188,30,58.76,65,-12,77.79,101,71,45.98,42,8,62.40,14,7,89.52,31,17,75.03,202,-24,69.24,170,54,65.14,39,39,23.83,127,-26,27.90,262,-2,61.48,136,-81,56.75,53,-5,64.34,78,9,68.84,29,18,39.44,134,-34
3504503,67.57,40.74,231,-92,0.68,1.99,402,-12,47.25,64.33,228,-64,18.13,50.23,304,6,5.87,86.25,59,2,2.64,66.02,256,-185,86.79,84.88,247,-130,38.50,61.73,364,2,38.96,27.64,397,-45,38.53,38.87,392,"Não comparável, alteração metodológica completa",58.93,23.51,362,-6,16.59,24.10,295,-1,88.76,55.39,178,-12,79.91,81.30,230,-8,0.00,100.00,1,0,0.50,98.24,9,28,3.19,87.11,28,-20,5.58,99.81,2,396,153.60,70.01,171,-109,61.56,47.04,117,-10,95.98,52.75,210,25,92.06,47.97,31,37,46.29,53.77,116,-14,34.51,38.95,38,-5,64.44,69.05,10,0,6.30,44.07,105,-2,4.90,41.18,187,-3,4.30,67.86,192,-3,557.51,67.73,123,78,5.20,94.71,34,162,58.33,39.70,368,-268,44.62,84.89,142,-3,21.85,83.69,279,-49,4.35,95.62,89,-15,94.58,94.34,187,15,26.31,73.79,114,3,12.34,87.66,36,1,87.54,87.54,126,10,97.08,47.17,27,2,100.00,100.00,1,0,0.00,100.00,1,0,0.14,81.39,342,18,14.08,14.61,336,-12,0.00,100.00,1,0,0.00,100.00,1,0,-0.20,59.72,266,-90,27.14,74.05,89,-10,35.81,31.70,165,6,3.44,67.37,224,-174,R$ 0.00,0.00,241,-9,0.93,7.36,234,-19,"R$ 12,227.00",6.83,180,-13,"R$ 47,503.24",5.09,199,14,13.87,59.61,104,36,1.22,37.54,325,-13,"R$ 2,993.20",30.25,218,-18,3.39,24.93,344,-337,13.86,36.48,106,45,71.82,38.70,110,7,23.91,39.83,177,0,104.18,44.03,226,5,67.30,41.07,131,38,37.61,50.56,89,-8,98.02,98.15,69,39,97.19,95.69,168,-68,39.32,335,-54,61.45,364,-64,43.87,346,-19,90.48,5,105,52.06,15,-6,51.01,145,14,82.43,169,-103,87.96,54,0,64.53,311,5,59.08,118,-54,17.65,305,-56,38.34,124,21,65.90,27,27,53.89,133,-12,49.91,370,-65,69.17,26,27,38.95,142,-20
3505500,60.00,51.64,129,-28,3.73,13.98,273,51,41.76,71.02,104,56,47.22,39.82,381,12,7.79,79.27,149,28,1.57,81.16,76,-20,91.61,90.40,158,-18,36.60,63.68,352,-19,47.49,38.65,344,-41,65.76,66.34,291,"Não comparável, alteração metodológica completa",70.49,30.86,305,-7,24.61,36.26,210,-10,92.27,60.00,109,-35,84.23,86.41,128,8,0.00,100.00,1,0,1.17,91.31,150,-67,5.09,72.52,224,-84,19.02,40.85,370,-279,165.51,64.56,231,-9,71.97,61.21,24,2,100.40,60.05,92,-11,90.48,46.55,41,56,86.09,100.00,1,0,42.57,48.05,25,-8,40.60,43.48,52,-29,7.20,59.32,8,0,5.50,52.94,38,-1,4.50,75.00,108,-1,560.91,69.94,103,82,6.32,93.28,55,15,55.56,42.57,359,-1,47.00,84.00,151,-81,30.02,77.44,343,-115,21.19,78.19,342,-1,97.04,96.91,129,3,39.90,59.56,262,-112,29.51,70.49,144,-82,97.04,97.04,57,-13,133.18,64.71,3,7,100.00,100.00,1,274,0.00,100.00,1,0,0.09,82.50,297,-10,10.56,10.97,367,-8,0.00,99.96,184,52,0.00,99.55,197,122,0.00,62.53,116,144,23.99,78.56,58,-7,39.66,35.79,114,1,4.05,68.13,188,-21,R$ 899.38,41.12,9,3,0.69,5.41,307,-54,"R$ 29,409.39",16.66,38,18,"R$ 54,826.42",6.12,164,-22,8.77,51.78,254,-129,1.40,42.23,288,-3,"R$ 3,469.06",38.12,105,0,6.10,28.39,162,80,18.79,50.10,41,-11,60.03,32.11,187,15,28.05,51.15,86,10,113.03,50.90,111,-9,57.87,22.57,326,26,41.81,56.39,34,0,98.48,98.73,45,-2,98.34,98.04,53,-44,44.12,252,7,71.41,235,-55,50.73,221,-26,71.16,211,-132,60.68,2,0,61.58,22,13,78.03,266,-74,90.85,17,3,64.14,325,37,61.87,73,4,27.02,67,18,44.45,63,-11,65.33,37,24,57.54,35,-7,57.17,246,-29,69.51,18,-11,44.44,33,-1
3505708,35.80,86.53,5,1,7.84,30.10,85,31,37.66,76.02,46,-1,-6.83,59.17,129,4,12.02,63.84,285,-40,1.44,82.90,56,17,95.86,95.26,63,109,35.20,65.12,347,-141,62.02,57.42,140,-16,74.46,75.12,215,"Não comparável, alteração metodológica completa",61.46,25.12,350,-2,50.44,75.46,17,8,86.43,52.32,225,34,79.06,80.30,238,-40,20.86,92.76,147,100,0.80,95.14,66,31,5.44,69.84,262,35,11.05,75.80,90,-76,176.59,59.51,281,-121,78.52,70.11,5,-2,118.10,89.31,4,-2,107.39,61.76,5,17,49.96,58.04,84,-17,5.25,5.92,343,37,25.92,27.74,142,-11,6.40,45.76,81,-2,5.50,52.94,38,-1,4.70,82.14,46,-1,551.87,64.07,148,23,5.45,94.39,38,12,47.06,51.35,344,-55,27.61,91.25,47,8,12.11,91.16,148,-4,10.46,89.30,179,68,100.00,100.00,1,0,34.31,65.41,201,7,30.02,69.98,147,-2,98.27,98.27,38,29,44.35,21.55,213,4,100.00,100.00,1,0,62.39,37.61,338,-14,0.01,84.46,10,4,12.10,12.57,349,-9,0.26,77.07,409,-155,0.02,95.15,345,-146,0.06,63.32,82,78,33.26,65.27,153,-11,150.92,100.00,1,0,3.28,67.16,239,70,R$ 0.16,0.01,217,15,10.66,85.32,3,-1,"R$ 20,363.75",11.49,83,-9,"R$ 226,391.20",30.25,6,3,2.84,42.71,363,-118,3.35,93.09,5,-2,"R$ 4,910.13",61.96,10,-2,5.47,27.58,212,-6,21.38,57.24,26,-12,40.12,20.98,278,3,37.60,77.23,13,5,129.69,63.85,27,-9,53.43,13.87,399,-5,73.17,100.00,1,0,28.57,9.11,421,-4,50.47,0.00,423,-7,62.96,9,-2,74.01,185,9,51.77,202,22,77.31,112,2,47.83,31,-5,57.27,65,3,86.15,89,-36,80.38,152,28,61.37,396,-86,76.00,3,1,44.84,4,-1,51.82,26,-7,37.37,421,-5,60.53,10,-1,68.24,27,21,66.98,72,-1,49.42,8,-2
3506003,46.45,71.18,29,-1,3.78,14.16,270,57,45.40,66.59,176,-8,-30.41,67.61,28,-7,4.21,92.32,12,-5,1.45,82.76,58,-18,88.24,86.54,226,-14,38.20,62.04,362,-66,54.04,47.11,244,-86,66.34,66.93,286,"Não comparável, alteração metodológica completa",45.41,14.92,406,-8,40.97,61.08,65,-4,91.14,58.51,130,5,86.90,89.57,71,-12,26.10,90.94,157,59,0.78,95.35,63,6,3.08,87.95,21,-14,10.44,78.50,72,-20,148.87,72.16,139,-73,65.21,52.01,76,8,98.41,56.77,140,5,84.12,40.83,118,-34,60.55,70.34,48,5,19.05,21.50,110,-13,24.41,26.12,161,-40,5.90,37.29,200,-4,4.90,41.18,187,-3,4.30,67.86,192,-3,568.01,74.55,74,30,11.74,86.36,137,7,52.58,45.65,353,9,32.02,89.60,74,20,13.53,90.07,172,-37,21.99,77.36,350,21,94.02,93.75,198,55,44.26,54.99,292,-15,49.02,50.98,291,-9,88.26,88.26,123,-46,2.85,1.38,358,-5,100.00,100.00,1,0,0.00,100.00,1,0,0.04,83.79,115,-2,15.07,15.64,330,-30,0.00,99.58,242,-241,0.01,98.20,279,-278,-0.10,61.13,200,-114,26.35,75.18,80,-9,47.88,44.54,45,2,2.76,66.51,263,-123,R$ 4.24,0.19,129,-25,1.73,13.73,114,-3,"R$ 26,360.10",14.92,50,4,"R$ 54,477.06",6.07,168,-2,10.97,55.16,183,105,2.37,67.38,92,-11,"R$ 3,294.11",35.23,143,-12,4.51,26.36,274,-43,8.90,22.77,253,39,75.94,41.01,95,8,25.37,43.82,140,-14,121.36,57.38,58,-15,54.99,16.92,379,7,46.03,62.27,14,3,72.16,64.99,362,-9,94.49,90.15,324,-42,54.88,44,30,73.86,189,-113,49.58,247,-26,82.76,47,11,43.54,69,-8,49.89,164,-1,80.78,206,28,79.82,159,-11,65.39,281,-32,62.71,63,-13,25.22,99,-5,35.87,157,12,58.34,241,13,55.77,74,-19,63.96,89,-36,65.71,100,0,40.54,102,2
3506508,58.50,53.81,111,-13,1.19,3.98,390,-42,52.53,57.89,333,-132,8.62,53.64,240,21,9.93,71.45,236,-31,1.70,79.35,97,-31,87.28,85.44,239,-3,44.30,55.76,376,-82,49.51,41.27,311,-63,71.33,71.97,242,"Não comparável, alteração metodológica completa",85.37,40.32,215,-7,29.17,43.19,164,12,104.46,76.03,7,19,86.42,89.00,82,-43,0.00,100.00,1,0,1.33,89.66,187,-98,4.23,79.13,131,32,9.83,81.16,52,-8,148.04,72.54,136,102,65.33,52.17,72,-13,96.31,53.29,198,19,88.31,44.60,63,-40,57.39,66.66,57,-5,34.93,39.43,37,-10,27.24,29.15,135,-24,7.10,57.63,13,0,5.70,56.86,9,0,4.40,71.43,148,-2,552.27,64.33,142,-6,4.07,96.16,22,121,0.00,100.00,1,0,24.86,92.28,32,126,15.45,88.60,200,23,19.13,80.32,325,-202,97.84,97.74,104,26,19.42,81.00,44,37,23.70,76.30,104,10,97.84,97.84,44,-1,101.99,49.56,20,39,100.00,100.00,1,279,0.00,100.00,1,0,0.06,83.25,223,16,4.08,4.23,414,-7,0.00,100.00,1,0,0.00,100.00,1,0,0.08,63.57,69,120,21.40,82.28,35,9,35.95,31.84,163,6,3.36,67.27,230,-88,R$ 0.00,0.00,241,-9,2.45,19.54,56,15,"R$ 14,745.03",8.27,140,10,"R$ 40,902.09",4.16,239,10,8.40,51.22,265,89,1.95,56.53,173,-7,"R$ 2,742.18",26.10,268,-7,4.27,26.06,294,-198,11.89,31.05,163,61,25.70,12.92,354,-10,23.32,38.22,195,-15,98.53,39.64,290,-1,71.74,49.80,70,48,29.83,39.74,192,-51,98.51,98.77,43,-20,97.71,96.75,105,-1,42.33,288,-54,69.26,275,-16,60.82,45,3,84.53,33,32,47.06,36,-13,60.79,31,-6,91.73,12,25,91.04,11,29,62.65,378,14,61.44,75,9,21.94,178,5,27.40,275,6,64.94,43,19,56.18,67,5,55.21,288,-30,72.33,3,8,38.73,149,-3
3507506,65.99,43.01,202,-17,2.99,11.05,313,-94,33.99,80.50,22,-12,-5.79,58.79,133,-12,10.20,70.50,244,-140,0.94,90.06,7,0,94.22,93.38,99,101,37.80,62.45,357,-23,73.05,71.65,41,-14,83.49,84.23,130,"Não comparável, alteração metodológica completa",65.85,27.91,329,-36,30.97,45.92,147,8,94.26,62.62,74,-40,90.40,93.71,18,13,0.00,100.00,1,0,0.97,93.38,113,51,3.85,82.04,90,8,17.70,46.64,337,-265,114.41,87.90,20,-11,74.64,64.83,14,4,100.50,60.22,89,11,91.27,47.26,36,7,75.40,87.58,15,1,36.82,41.56,35,-7,25.44,27.22,149,-50,6.30,44.07,105,-2,5.10,45.10,133,-3,4.10,60.71,253,-3,572.75,77.64,51,0,6.65,92.86,58,-53,23.08,76.15,265,143,31.11,89.94,69,0,17.95,86.69,232,12,18.93,80.53,322,-16,99.07,99.03,73,5,29.86,70.07,154,-1,15.51,84.49,51,-3,96.51,96.51,66,9,93.65,45.51,41,3,100.00,100.00,1,0,0.00,100.00,1,0,0.05,83.41,195,30,19.98,20.74,277,-10,0.00,100.00,1,0,0.00,100.00,1,0,-0.15,60.43,237,-90,26.55,74.90,83,-8,43.87,40.27,82,17,8.61,73.88,24,54,R$ 66.69,3.05,72,-39,1.12,8.88,197,-2,"R$ 16,816.08",9.45,119,-6,"R$ 55,059.41",6.16,162,24,19.11,67.63,33,103,1.84,53.61,201,-17,"R$ 3,715.52",42.20,71,-7,4.88,26.84,249,-135,13.46,35.37,111,58,77.30,41.77,87,-2,28.38,52.05,81,-29,113.26,51.09,108,2,55.21,17.36,373,-133,41.92,56.55,32,4,77.86,72.30,320,-11,93.68,88.50,350,-33,48.34,150,-67,78.82,95,87,53.45,162,-65,80.09,69,-56,54.25,11,-4,52.78,116,2,86.53,79,178,90.43,24,3,66.96,238,20,64.57,47,20,23.31,137,-39,43.06,76,-9,57.16,277,-120,57.92,31,-9,62.92,110,0,70.66,10,-1,41.20,85,-24
3507605,59.91,51.78,128,-1,2.87,10.60,317,-94,29.05,86.52,8,1,-21.64,64.47,53,20,13.58,58.17,317,17,2.05,74.28,149,18,97.40,97.02,36,-7,48.10,51.85,390,-51,52.04,44.53,272,-46,73.70,74.35,223,"Não comparável, alteração metodológica completa",64.92,27.32,332,-2,37.64,56.04,86,1,99.60,69.64,23,55,81.10,82.71,212,-9,46.45,83.87,210,-209,1.97,83.04,292,31,6.45,62.09,324,-102,9.75,81.50,49,12,156.46,68.70,184,-153,67.96,55.74,45,7,104.75,67.25,38,-6,93.78,49.52,26,21,40.71,47.29,153,-4,37.69,42.55,34,-11,41.69,44.66,47,2,6.10,40.68,150,-3,5.40,50.98,64,-2,4.60,78.57,70,-1,561.35,70.22,99,25,4.87,95.13,29,13,0.00,100.00,1,218,56.98,80.27,197,-88,36.29,72.63,374,-8,6.25,93.66,125,8,96.10,95.93,160,37,22.01,78.29,70,-3,8.86,91.14,25,-10,83.07,83.07,160,2,70.95,34.48,135,-7,100.00,100.00,1,227,0.00,100.00,1,0,0.03,83.84,101,46,15.92,16.53,317,-4,0.00,100.00,1,0,0.00,100.00,1,0,-0.15,60.45,235,89,28.02,72.79,102,2,38.13,34.17,136,-6,2.46,66.13,281,-219,R$ 6.34,0.29,120,-4,0.66,5.19,315,6,"R$ 11,751.51",6.56,188,2,"R$ 59,064.70",6.72,143,7,14.45,60.48,93,70,2.20,62.95,121,11,"R$ 3,384.84",36.73,127,-17,4.41,26.24,283,-252,10.13,26.19,217,41,93.89,51.05,38,-5,27.22,48.87,101,6,110.61,49.03,137,-20,56.43,19.76,356,-201,39.15,52.69,68,-2,72.35,65.24,360,2,97.80,96.93,100,64,53.34,61,-6,68.72,283,-9,55.44,122,50,76.93,117,-92,49.90,22,-1,55.35,89,4,87.06,69,48,86.35,75,18,65.88,264,59,58.90,124,-52,22.36,167,-6,42.04,83,20,56.73,291,-133,56.29,66,-14,60.70,153,0,69.28,24,-2,39.62,125,-20
3508504,72.83,33.15,285,10,3.20,11.88,301,-174,39.10,74.27,67,14,-2.72,57.70,162,-25,8.25,77.59,166,-11,1.79,78.07,116,-24,91.67,90.46,156,50,39.30,60.91,366,27,46.87,37.85,347,-55,79.13,79.84,175,"Não comparável, alteração metodológica completa",72.85,32.36,296,-22,36.49,54.30,92,9,94.03,62.32,80,20,87.15,89.86,65,-38,112.74,60.85,360,-359,0.97,93.38,113,42,4.37,78.05,145,-25,11.27,74.83,97,241,169.11,62.92,250,-87,52.84,35.18,232,-33,99.40,58.40,115,26,89.46,45.63,50,-2,21.66,25.16,269,-11,25.79,29.12,72,-12,49.81,53.36,30,3,6.10,40.68,150,-3,5.10,45.10,133,-3,4.40,71.43,148,-2,544.68,59.39,179,38,13.04,84.70,154,26,27.78,71.29,282,-180,75.27,73.44,266,-203,21.07,84.30,275,-71,16.19,83.37,289,-4,97.16,97.03,125,41,43.20,56.10,282,-189,33.27,66.73,177,-155,84.69,84.69,147,1,81.43,39.57,89,-7,97.98,96.38,267,-8,0.00,100.00,1,0,0.04,83.67,148,-34,15.66,16.25,322,5,0.00,100.00,1,0,0.00,100.00,1,0,-0.31,58.16,304,-277,26.35,75.18,81,10,27.80,23.17,265,-12,-1.36,61.32,386,9,R$ 0.00,0.00,241,-9,0.50,3.91,349,-39,"R$ 9,161.59",5.07,240,4,"R$ 67,735.30",7.94,109,0,11.00,55.21,181,-8,1.98,57.36,167,-3,"R$ 3,598.39",40.26,85,-17,2.76,24.13,372,-81,12.22,31.95,146,-10,35.18,18.21,301,19,21.51,33.28,254,-36,103.45,43.46,232,32,57.98,22.79,324,-40,25.77,34.09,247,-20,72.00,64.79,363,-19,97.20,95.70,165,15,44.25,247,-80,73.94,187,54,55.59,119,-20,70.10,235,-101,40.09,98,-17,50.40,154,-6,80.87,204,-129,84.13,109,-35,65.43,279,-68,54.38,195,16,20.99,209,-6,27.81,265,-15,52.17,381,-26,52.03,184,-28,58.45,216,-5,64.87,123,-67,34.48,288,-17
3509007,64.04,45.82,183,6,3.39,12.63,294,49,40.86,72.12,90,-39,-7.41,59.37,124,-16,16.71,46.77,366,-23,4.04,46.31,396,-10,91.11,89.82,172,-115,27.80,72.74,289,-54,58.96,53.46,184,-87,55.69,56.19,348,"Não comparável, alteração metodológica completa",100.62,50.02,111,51,39.22,58.44,79,1,89.71,56.63,162,-42,79.13,80.39,237,-25,0.00,100.00,1,402,0.96,93.49,109,-32,3.67,83.42,68,10,12.40,69.90,145,145,130.24,80.67,59,27,64.92,51.61,79,-25,99.28,58.21,118,13,89.78,45.92,47,-32,29.74,34.55,226,-19,17.22,19.44,122,-16,22.38,23.95,181,9,6.00,38.98,176,-4,5.40,50.98,64,-2,4.50,75.00,108,-1,538.07,55.09,209,43,2.04,98.75,5,3,75.00,22.47,403,-87,27.53,91.28,46,-29,6.11,95.76,60,4,10.76,88.99,188,42,100.00,100.00,1,37,30.51,69.39,165,-50,17.80,82.20,63,-35,91.19,91.19,104,14,20.73,10.07,294,-10,100.00,100.00,1,206,0.00,100.00,1,0,-0.27,90.76,2,0,49.95,51.85,97,-4,0.00,100.00,1,0,0.00,100.00,1,0,-1.12,47.04,391,-152,28.98,71.42,110,17,39.24,35.34,120,3,4.57,68.79,161,-147,R$ 0.00,0.00,241,-9,0.47,3.68,356,10,"R$ 5,470.79",2.96,335,-10,"R$ 57,955.41",6.56,149,-2,6.48,48.28,313,-200,2.93,81.98,34,3,"R$ 3,384.36",36.72,128,-32,-0.48,20.00,413,-375,5.88,14.46,367,-3,20.30,9.89,375,0,31.53,60.65,44,-6,105.45,45.01,207,48,58.66,24.13,310,15,23.17,30.48,285,-6,92.55,91.14,208,25,93.18,87.47,360,6,47.49,169,7,62.45,357,-233,58.69,67,12,84.51,34,290,36.35,145,-39,51.67,138,0,84.54,123,-94,85.36,92,8,76.04,66,13,59.98,103,-80,23.20,140,-41,28.33,259,-28,55.65,323,30,54.15,129,-39,54.64,299,-167,69.22,25,56,37.16,193,-52
3509205,61.87,48.95,151,19,5.94,22.63,149,-104,31.22,83.88,13,0,39.62,42.54,371,-1,13.65,57.92,319,21,2.63,66.15,253,-34,92.30,91.19,144,36,30.90,69.55,314,6,60.84,55.89,159,-75,73.43,74.08,225,"Não comparável, alteração metodológica completa",64.70,27.18,335,9,48.33,72.25,27,-1,100.14,70.35,19,-8,80.71,82.25,219,-42,0.00,100.00,1,295,0.66,96.59,34,-25,4.20,79.36,124,-2,11.49,73.86,109,233,144.31,74.25,111,104,76.34,67.15,11,16,104.39,66.65,42,12,89.30,45.49,53,0,51.91,60.30,73,7,0.26,0.28,422,-12,29.91,32.03,116,13,6.10,40.68,150,-3,5.00,43.14,162,-3,4.30,67.86,192,-3,519.15,42.79,312,23,5.14,94.79,33,75,64.29,33.55,380,-22,53.87,81.43,183,-23,19.51,85.49,256,-139,18.20,81.29,313,-6,92.60,92.27,215,48,29.25,70.71,144,-1,26.20,73.80,117,-6,82.38,82.38,164,-8,37.31,18.13,241,70,100.00,100.00,1,0,0.00,100.00,1,0,0.01,84.39,12,3,47.91,49.73,104,-1,0.00,100.00,1,0,0.00,100.00,1,0,-0.68,53.12,363,-266,38.67,57.52,209,4,76.78,75.29,8,-1,9.77,75.34,14,132,R$ 1.28,0.06,152,80,1.58,12.53,131,6,"R$ 11,532.37",6.43,194,-20,"R$ 312,708.10",42.38,4,1,19.13,67.66,32,344,3.15,87.72,17,-9,"R$ 3,827.52",44.05,58,-4,3.66,25.28,329,19,7.56,19.07,297,38,29.26,14.90,335,4,19.97,29.07,311,-35,137.95,70.27,15,-3,59.16,25.10,301,-21,21.02,27.48,315,5,90.71,88.77,232,40,94.79,90.77,313,68,49.50,123,-78,71.05,243,-28,58.26,69,-9,83.76,37,215,42.42,76,3,46.38,208,5,79.55,233,-48,82.19,139,11,74.48,87,-6,70.23,12,13,32.17,30,-8,21.02,365,-6,60.48,163,97,56.48,62,1,59.81,190,-90,67.84,47,66,42.15,64,-4
3509502,32.48,91.32,3,0,5.51,20.93,170,36,35.16,79.07,32,3,10.64,52.91,253,23,6.68,83.32,95,-8,1.52,81.85,67,-8,93.82,92.93,110,-2,69.30,30.04,417,-7,67.55,64.56,79,-19,91.58,92.39,73,"Não comparável, alteração metodológica completa",72.40,32.08,300,-6,49.84,74.54,22,-5,95.87,64.73,52,3,82.89,84.82,164,-25,52.33,81.83,222,-33,0.60,97.21,23,4,2.83,89.87,14,-2,12.30,70.33,139,-58,133.76,79.07,68,-13,68.60,56.62,42,1,99.41,58.42,114,-7,87.83,44.17,68,-44,48.78,56.66,95,2,15.48,17.48,140,-24,16.51,17.65,247,-25,6.00,38.98,176,-4,5.00,43.14,162,-3,4.40,71.43,148,-2,573.08,77.85,49,15,12.14,85.85,144,-26,40.50,58.14,325,54,39.45,86.83,118,62,15.60,88.49,202,14,3.39,96.62,73,-6,99.80,99.79,44,-3,17.46,83.05,34,12,9.69,90.31,27,0,96.61,96.61,62,-5,85.77,41.68,69,9,100.00,100.00,1,0,0.00,100.00,1,0,0.03,83.88,91,-5,9.17,9.52,374,-1,0.00,100.00,1,233,0.00,100.00,1,236,0.07,63.37,76,137,26.71,74.66,85,-4,48.28,44.97,41,4,3.90,67.95,196,-16,R$ 483.10,22.09,19,-11,6.08,48.62,9,0,"R$ 21,709.75",12.26,73,-58,"R$ 80,741.47",9.77,64,27,14.04,59.86,99,153,3.01,83.99,30,-13,"R$ 4,893.89",61.70,11,-2,4.04,25.77,304,1,11.17,29.05,187,-22,80.16,43.37,73,22,34.28,68.17,29,-5,134.62,67.69,17,-11,51.97,11.00,410,1,40.77,54.95,40,7,64.37,55.00,396,-2,95.16,91.52,302,-1,61.06,13,-1,76.02,153,-68,58.83,64,-7,80.37,65,-21,39.59,102,-24,52.25,125,4,84.32,127,79,91.24,9,4,64.31,317,44,63.30,55,11,39.75,7,-1,46.86,47,-7,56.03,315,-4,60.82,8,-2,68.21,28,-9,68.56,36,-4,48.45,12,-5
3510500,58.75,53.44,116,60,2.46,8.96,335,-255,40.88,72.10,92,-7,-2.00,57.44,166,140,6.69,83.27,98,-7,2.12,73.42,159,40,93.71,92.79,115,4,44.50,55.56,378,-87,63.81,59.73,116,37,69.13,69.74,258,"Não comparável, alteração metodológica completa",76.90,34.94,276,-15,18.60,27.15,265,3,92.51,60.31,100,-39,85.10,87.43,111,-27,0.00,100.00,1,405,1.62,86.66,234,-71,5.59,68.69,273,-15,13.79,63.80,193,-54,207.82,45.25,382,-172,72.32,61.68,21,-5,101.97,62.65,70,-20,90.20,46.30,43,7,57.38,66.65,58,11,14.15,15.97,152,97,26.84,28.73,136,-52,6.40,45.76,81,-2,5.40,50.98,64,-2,4.30,67.86,192,-3,536.16,53.86,216,16,33.31,58.83,340,-6,37.33,61.41,316,-45,129.68,53.09,367,-56,22.68,83.06,287,-25,4.57,95.40,98,6,88.68,88.18,260,27,11.95,88.82,16,4,30.58,69.42,153,23,79.87,79.87,178,-2,87.31,42.42,65,3,99.44,99.00,230,62,0.00,100.00,1,0,0.03,83.87,98,-2,78.33,81.31,18,3,0.00,100.00,1,0,0.00,100.00,1,0,-0.02,62.25,143,151,39.72,56.01,220,-27,31.53,27.14,223,5,4.58,68.80,160,-101,R$ 0.00,0.00,241,-9,0.72,5.70,293,24,"R$ 7,151.68",3.92,294,-21,"R$ 43,172.58",4.48,225,-19,4.44,45.15,345,-188,1.39,41.98,290,-13,"R$ 3,292.72",35.20,144,-30,2.22,23.44,387,-355,12.71,33.32,133,77,64.00,34.33,160,36,27.87,50.65,88,-4,143.32,74.44,10,17,57.85,22.54,327,-21,48.13,65.19,12,-1,98.56,98.84,39,0,98.80,98.98,12,20,47.98,162,-62,73.24,202,-112,50.85,218,-55,71.28,208,143,45.02,53,-4,52.53,123,-2,70.53,354,-44,83.96,113,22,84.66,8,5,53.24,206,-54,17.17,321,-69,39.43,105,37,72.00,4,5,55.00,99,-19,60.06,177,-108,66.69,77,38,39.42,135,-12
3510609,67.94,40.21,236,0,25.63,100.00,1,101,38.04,75.56,53,-21,14.05,51.69,279,-197,19.96,34.91,386,-15,2.54,67.44,241,-107,70.82,66.59,371,-3,26.90,73.66,281,-24,56.85,50.74,210,-59,27.10,27.34,410,"Não comparável, alteração metodológica completa",48.98,17.19,401,-16,36.83,54.81,89,8,80.41,44.41,320,-74,68.85,68.23,369,2,21.24,92.63,148,-147,0.66,96.59,34,-12,4.68,75.67,174,-41,14.02,62.80,204,94,150.92,71.23,152,-32,54.97,38.08,202,-9,93.66,48.92,266,18,75.27,32.87,225,-152,30.88,35.87,216,-14,21.74,24.54,92,-17,32.05,34.32,103,27,5.80,35.59,227,-4,5.00,43.14,162,-3,4.30,67.86,192,-3,516.98,41.39,323,-35,6.53,93.02,56,8,43.48,55.06,334,-42,32.86,89.29,78,-56,7.78,94.48,80,-35,16.60,82.94,293,9,100.00,100.00,1,0,34.17,65.56,198,0,33.23,66.77,175,-6,94.96,94.96,79,9,40.91,19.88,228,15,100.00,100.00,1,0,100.00,0.00,345,-18,0.06,83.28,219,13,5.82,6.04,403,-10,0.00,100.00,1,0,0.00,100.00,1,0,0.04,62.96,93,149,34.85,63.00,169,8,16.10,10.73,378,6,8.61,73.88,23,11,R$ 0.00,0.00,241,-9,0.56,4.42,338,-23,"R$ 2,963.33",1.53,401,-1,"R$ 21,801.46",1.48,369,0,7.92,50.49,278,21,2.19,62.63,125,9,"R$ 2,909.64",28.87,235,-14,3.79,25.44,324,-280,5.94,14.62,364,-4,30.35,15.51,329,-3,30.43,57.66,58,-9,104.71,44.44,215,57,63.04,32.72,213,55,25.53,33.76,251,-5,82.89,78.75,293,-1,98.17,97.70,69,13,66.87,4,78,50.05,411,-10,41.04,373,-29,77.67,103,-10,34.93,157,-13,44.45,238,-16,86.04,91,-55,75.11,200,0,63.08,362,24,52.73,217,-28,19.36,261,-27,29.26,249,-23,57.47,272,27,50.89,228,16,58.82,210,119,61.55,202,-19,35.00,274,-32
3511102,54.92,58.97,75,-4,5.22,19.80,187,77,40.70,72.32,88,-8,15.60,51.14,288,-40,15.76,50.20,357,-58,1.77,78.30,114,251,97.93,97.63,31,54,44.70,55.35,380,17,62.32,57.80,136,-45,59.74,60.27,332,"Não comparável, alteração metodológica completa",98.75,48.83,120,4,40.24,59.98,72,-3,91.54,59.04,120,-9,84.26,86.45,127,-83,0.00,100.00,1,401,3.39,68.36,391,-89,7.83,51.50,374,-20,13.26,66.10,172,112,124.83,83.14,41,27,69.64,58.03,39,3,100.33,59.94,94,15,105.24,59.83,8,10,66.91,77.72,32,3,20.17,22.76,103,-7,24.40,26.11,162,-38,6.80,52.54,30,-1,5.30,49.02,84,-2,4.50,75.00,108,-1,580.13,82.43,25,40,9.23,89.57,98,-41,62.07,35.84,376,22,26.55,91.65,38,116,26.01,80.51,311,47,20.96,78.43,339,23,99.09,99.05,70,-12,9.50,91.38,11,20,19.47,80.53,75,-38,92.30,92.30,99,-98,98.29,47.76,23,-20,100.00,100.00,1,280,0.00,100.00,1,0,0.03,83.89,89,35,7.45,7.73,390,-21,0.00,100.00,1,0,0.00,100.00,1,0,0.15,64.53,45,262,16.50,89.30,13,-1,47.00,43.61,52,-3,1.70,65.17,314,-130,R$ 0.00,0.00,241,-9,1.91,15.22,92,1,"R$ 16,361.47",9.19,122,-17,"R$ 60,712.43",6.95,128,45,16.46,63.58,61,289,1.92,55.82,179,-14,"R$ 3,207.57",33.80,162,5,6.24,28.57,152,-102,22.39,60.04,21,-2,64.98,34.88,152,32,24.07,40.27,174,-15,107.09,46.29,183,-8,56.95,20.76,349,-238,35.25,47.27,115,30,96.95,96.77,116,-4,97.07,95.43,185,-64,50.56,106,1,65.75,325,30,60.36,52,-19,78.45,93,256,49.03,26,2,60.09,35,4,78.01,267,61,90.71,20,-18,63.97,329,50,65.91,28,-2,23.31,138,7,45.06,59,-6,61.31,144,-100,57.13,45,38,57.83,225,55,69.78,12,73,42.73,54,-18
3513009,55.08,58.74,77,41,2.10,7.56,360,-241,37.61,76.09,45,-20,29.21,46.27,342,-58,8.52,76.59,177,-20,3.58,52.72,377,-40,80.49,77.66,310,-62,29.20,71.30,301,-3,59.11,53.66,180,-70,67.38,67.98,275,"Não comparável, alteração metodológica completa",21.95,0.00,423,-7,38.84,57.85,82,4,86.11,51.90,231,-28,78.14,79.21,256,27,28.47,90.12,165,74,1.68,86.04,247,46,5.02,73.06,218,79,13.95,63.10,202,18,141.77,75.40,97,-27,62.96,48.95,100,6,106.30,69.80,25,-2,89.15,45.35,54,-27,30.76,35.73,218,-5,11.01,12.43,201,-6,19.30,20.64,212,3,6.00,38.98,176,-4,4.80,39.22,223,-3,4.10,60.71,253,-3,550.18,62.96,154,23,9.06,89.79,95,-7,10.34,89.31,164,108,34.15,88.81,89,37,16.72,87.62,222,-21,18.10,81.39,312,6,99.09,99.05,70,7,14.91,85.72,23,-1,62.81,37.19,367,-21,68.49,68.49,214,1,23.82,11.57,276,-2,100.00,100.00,1,0,100.00,0.00,345,-18,0.02,84.14,34,4,54.64,56.72,76,-2,0.01,99.00,266,24,0.01,98.96,245,-9,-0.10,61.02,201,63,27.62,73.37,97,-5,40.10,36.27,110,-19,0.29,63.39,356,-147,R$ 0.00,0.00,241,-33,2.69,21.48,50,13,"R$ 6,821.21",3.73,304,-9,"R$ 69,460.16",8.18,102,-27,10.34,54.20,204,14,3.11,86.67,20,7,"R$ 3,900.14",45.25,48,3,7.31,29.93,87,42,7.02,17.59,325,18,31.69,16.26,325,5,23.54,38.83,188,-3,119.31,55.79,73,-4,57.84,22.52,328,13,35.34,47.40,113,21,84.53,80.86,283,10,94.18,89.53,336,17,47.16,175,-113,69.22,276,34,40.14,379,-11,76.87,118,52,35.64,153,-18,46.68,205,1,87.76,58,44,67.57,268,-10,77.24,51,25,58.49,131,-31,29.29,46,13,24.23,317,3,59.22,215,56,52.81,163,9,57.71,232,-45,62.56,184,12,39.47,132,6
3513504,56.92,56.09,94,38,5.52,20.99,169,99,29.32,86.20,9,-3,-11.84,60.96,99,-31,9.36,73.54,213,90,2.93,61.99,304,-72,92.46,91.36,142,243,31.80,68.62,323,6,71.64,69.83,53,-23,63.32,63.89,309,"Não comparável, alteração metodológica completa",107.20,54.20,77,5,41.33,61.64,63,-8,89.51,56.37,166,-127,81.45,83.13,202,-14,0.00,100.00,1,389,1.09,92.14,134,100,5.02,73.06,218,117,15.87,54.65,288,119,178.32,58.72,287,-54,60.09,45.04,137,-36,91.14,44.76,318,-19,76.03,33.55,212,-108,40.30,46.82,156,26,27.01,30.49,64,5,5.23,5.55,386,-61,5.70,33.90,242,-4,5.10,45.10,133,-3,4.60,78.57,70,-1,546.02,60.26,173,46,21.72,73.62,247,-100,35.90,62.89,308,-307,57.20,80.19,198,-56,16.51,87.79,217,130,4.88,95.08,100,43,92.59,92.26,217,16,5.24,95.84,5,1,92.31,7.69,411,-16,59.28,59.28,239,-3,55.29,26.87,182,-11,100.00,100.00,1,0,0.00,100.00,1,326,0.10,82.26,317,5,64.99,67.46,47,-9,0.00,100.00,1,0,0.00,100.00,1,0,-0.15,60.45,234,70,37.38,59.37,198,-10,35.58,31.46,169,19,4.64,68.88,155,130,R$ 0.00,0.00,241,-9,0.18,1.31,412,-8,"R$ 6,894.88",3.78,303,-70,"R$ 247,282.90",33.19,5,7,-3.14,33.54,395,-369,2.43,68.91,85,-29,"R$ 5,143.22",65.82,4,1,4.70,26.61,265,-65,19.97,53.35,34,12,26.29,13.25,349,13,25.40,43.91,139,-58,117.43,54.32,85,6,66.73,39.97,140,64,24.28,32.03,270,10,76.70,70.82,328,5,92.91,86.92,362,16,56.06,30,19,71.87,226,27,60.99,41,-22,73.42,173,222,33.02,184,-16,49.47,170,4,80.14,223,-125,75.75,194,79,79.98,30,3,55.47,174,34,26.67,76,-32,36.84,141,-24,56.81,290,54,55.27,91,47,63.62,95,40,65.27,110,96,39.88,115,-16
3513801,58.61,53.65,113,-14,5.66,21.55,163,65,44.61,67.55,159,58,78.30,28.70,412,-13,6.63,83.51,91,25,2.79,63.96,281,-30,91.55,90.32,162,32,29.70,70.78,309,96,48.49,39.94,324,-67,83.49,84.23,130,"Não comparável, alteração metodológica completa",82.36,38.41,234,4,44.80,66.91,44,-1,98.67,68.42,28,-18,84.60,86.85,119,38,79.79,72.29,295,-125,0.93,93.80,99,68,4.09,80.20,112,62,12.23,70.62,136,168,146.79,73.11,131,13,59.28,43.95,146,-31,100.01,59.41,100,-16,89.84,45.98,46,-38,50.04,58.13,82,10,32.14,36.28,48,-7,14.40,15.39,274,28,6.30,44.07,105,-2,5.20,47.06,104,-3,4.50,75.00,108,-1,536.18,53.87,215,65,3.96,96.29,20,15,87.79,9.25,416,-9,28.66,90.86,55,18,4.45,97.03,37,32,8.62,91.20,151,12,100.00,100.00,1,0,37.09,62.50,230,-8,27.57,72.43,124,-15,98.98,98.98,27,5,66.48,32.30,149,3,100.00,100.00,1,0,0.00,100.00,1,0,0.02,84.09,42,6,6.55,6.80,395,-5,0.00,100.00,1,0,0.00,100.00,1,0,-0.04,61.92,165,196,31.84,67.32,137,-2,32.14,27.79,213,3,2.18,65.78,295,-159,R$ 1.22,0.06,154,-19,0.45,3.50,361,1,"R$ 7,018.49",3.85,298,4,"R$ 53,985.47",6.00,172,-1,5.85,47.31,325,-255,3.53,97.64,2,2,"R$ 3,833.02",44.14,55,-7,5.04,27.04,238,117,7.78,19.69,288,-26,25.92,13.04,352,6,22.95,37.22,202,-21,85.87,29.80,374,-162,61.71,30.10,246,33,26.86,35.61,236,-7,63.57,53.98,398,-5,94.02,89.20,341,22,42.86,280,-35,76.89,137,220,61.24,37,-10,75.01,147,7,41.87,80,-20,51.85,136,3,82.57,164,35,88.64,46,-5,63.38,351,46,55.37,179,-21,27.20,66,16,23.32,339,-34,47.74,408,-14,53.61,141,46,59.14,204,126,67.49,53,5,35.37,260,-39
3515004,71.26,35.41,271,-21,2.20,7.96,351,-64,37.97,75.65,52,-20,62.98,34.18,402,-35,14.85,53.52,342,4,2.94,61.76,307,-96,69.28,64.84,376,-76,,0.00,420,-7,74.00,72.89,36,-15,68.70,69.31,264,"Não comparável, alteração metodológica completa",86.81,41.24,203,52,28.14,41.63,179,9,90.76,58.01,144,-45,79.81,81.18,231,-18,31.16,89.18,173,-172,1.42,88.73,203,72,7.20,56.33,356,-7,12.15,70.97,135,140,204.85,46.60,372,-106,58.73,43.20,150,-13,104.74,67.22,39,5,89.09,45.30,55,-22,26.95,31.30,251,-9,24.71,27.89,80,-17,32.18,34.45,101,2,6.20,42.37,131,-2,5.00,43.14,162,-3,4.20,64.29,220,-3,522.41,44.91,293,27,3.08,97.41,12,-5,89.19,7.80,418,-3,45.82,84.44,147,-124,1.54,99.26,9,9,16.05,83.51,288,8,100.00,100.00,1,0,22.72,77.54,77,12,28.87,71.13,137,-6,90.71,90.71,108,16,54.16,26.32,185,-8,100.00,100.00,1,0,100.00,0.00,345,-18,0.02,84.17,30,14,33.11,34.37,174,-5,0.02,98.26,300,43,0.00,99.21,228,4,-0.15,60.34,239,7,48.93,42.82,288,2,24.71,19.88,296,-21,-0.68,62.18,372,-197,R$ 0.00,0.00,241,-9,1.43,11.40,153,-51,"R$ 3,807.52",2.01,383,2,"R$ 68,971.96",8.11,104,23,4.21,44.80,350,58,2.49,70.52,77,9,"R$ 3,468.06",38.11,106,21,8.26,31.15,48,254,6.12,15.11,357,2,11.01,4.70,406,1,22.39,35.68,221,42,98.76,39.82,288,-26,63.65,33.91,199,52,19.24,25.01,339,-21,73.57,66.80,348,-1,97.10,95.51,178,15,38.30,346,-103,52.67,404,11,53.55,160,16,69.64,243,-57,39.49,103,-17,46.70,203,4,81.30,193,12,75.79,193,1,70.70,145,39,44.56,323,-24,23.75,129,43,18.49,388,2,52.21,379,-2,47.94,301,1,45.17,400,4,63.32,167,-17,32.26,343,-3
3515707,69.31,38.22,248,0,6.05,23.08,143,4,42.71,69.87,123,-25,-5.71,58.77,134,-18,18.87,38.87,380,-44,2.98,61.17,316,9,89.45,87.92,214,-114,32.70,67.70,330,-117,63.99,59.96,115,-47,65.85,66.43,290,"Não comparável, alteração metodológica completa",91.92,44.49,162,-5,23.37,34.39,219,0,96.32,65.32,47,-4,77.19,78.09,275,-23,186.57,35.21,408,-196,0.86,94.52,78,67,4.73,75.29,183,-71,15.86,54.72,286,-30,158.29,67.86,191,29,49.62,30.80,272,-57,85.92,36.12,384,2,70.93,28.97,278,-159,52.20,60.64,71,6,20.41,23.03,100,-9,27.59,29.54,133,21,6.10,40.68,150,-3,5.00,43.14,162,-3,4.20,64.29,220,-3,520.02,43.36,307,-26,12.39,85.53,147,-76,43.90,54.62,335,42,41.20,86.17,130,-103,2.15,98.79,13,-11,6.97,92.91,128,14,99.57,99.55,52,83,17.43,83.08,33,-4,16.05,83.95,54,-7,92.37,92.37,98,3,43.14,20.96,218,-4,100.00,100.00,1,0,0.00,100.00,1,0,0.03,83.83,104,-10,18.17,18.86,294,5,0.00,100.00,1,0,0.00,100.00,1,0,-0.18,59.94,257,-180,38.27,58.09,205,6,17.14,11.83,369,4,5.60,70.08,103,4,R$ 0.00,0.00,241,-9,0.55,4.32,342,0,"R$ 3,969.14",2.10,374,9,"R$ 30,826.13",2.75,309,2,6.65,48.53,312,-204,2.54,71.93,69,-3,"R$ 3,221.93",34.03,158,-16,4.33,26.14,288,-242,7.48,18.87,302,-63,17.18,8.15,384,2,20.60,30.80,286,-38,95.63,37.38,315,-12,65.17,36.89,170,65,20.40,26.63,323,-15,98.45,98.70,50,55,96.14,93.54,254,78,47.48,170,-18,64.49,339,-261,55.35,124,-16,59.06,357,-172,35.43,154,-8,45.88,215,-10,86.05,90,-14,87.59,58,3,66.47,247,-5,50.01,259,6,21.55,192,-27,19.27,384,-33,58.63,236,45,50.60,236,-94,55.62,280,-192,63.44,163,-58,33.76,308,-30
3516200,58.94,53.17,120,-7,1.97,7.06,366,39,44.03,68.26,147,-17,-19.56,63.72,60,-16,5.58,87.33,46,-16,1.39,83.70,46,-3,92.73,91.68,136,42,35.00,65.33,345,-1,57.64,51.77,201,-32,78.79,79.49,177,"Não comparável, alteração metodológica completa",37.30,9.76,416,-9,31.91,47.33,140,-8,46.64,0.00,423,-61,77.41,78.35,269,-46,0.00,100.00,1,276,0.71,96.07,48,23,2.52,92.25,4,-1,11.30,74.74,98,60,142.66,75.00,104,-43,65.21,52.01,77,-1,98.81,57.43,127,36,78.78,36.03,176,-118,71.85,83.46,22,-5,24.56,27.72,81,-10,9.38,10.00,347,-24,7.00,55.93,16,0,5.60,54.90,21,0,4.50,75.00,108,-1,566.04,73.28,81,16,6.04,93.64,45,30,70.27,27.36,395,-132,29.11,90.69,58,-23,4.94,96.66,47,64,16.94,82.59,296,9,99.46,99.44,58,32,24.01,76.19,90,-3,11.33,88.67,30,2,98.91,98.91,29,4,95.98,46.64,31,3,100.00,100.00,1,256,0.00,100.00,1,0,0.04,83.80,114,20,18.07,18.76,298,-7,0.00,100.00,1,0,0.00,100.00,1,0,0.06,63.33,79,66,22.93,80.08,49,0,35.58,31.46,170,6,3.85,67.88,200,-14,R$ 3.99,0.18,130,-17,1.82,14.46,106,-19,"R$ 23,898.87",13.51,63,3,"R$ 40,777.87",4.15,242,5,9.94,53.58,216,-25,2.20,62.92,122,3,"R$ 2,883.70",28.44,239,-6,4.89,26.84,247,-159,9.32,23.94,244,71,67.79,36.45,136,6,25.25,43.49,143,14,103.96,43.86,229,-11,57.36,21.58,340,29,38.04,51.16,81,-11,73.75,67.03,347,-17,98.18,97.72,66,41,48.05,158,56,78.42,103,-2,24.20,420,-35,85.43,24,93,43.63,65,-20,61.66,20,4,83.03,150,-99,91.75,6,8,66.92,240,27,60.96,82,15,23.45,135,-11,34.63,180,35,56.27,303,0,55.46,83,-2,62.58,117,9,67.17,63,-19,38.82,147,18
3516309,78.38,25.16,340,-9,7.67,29.45,94,36,45.83,66.06,189,-15,-3.40,57.94,153,-41,6.94,82.36,110,-44,1.64,80.19,88,-5,94.85,94.10,87,48,29.50,70.99,306,9,64.49,60.61,112,-33,51.73,52.19,362,"Não comparável, alteração metodológica completa",63.92,26.68,340,-14,27.66,40.89,184,7,78.04,41.29,359,-25,77.55,78.52,264,-21,86.51,69.96,311,-105,1.48,88.11,214,69,6.25,63.62,319,-7,10.81,76.85,83,170,204.22,46.89,369,-26,58.37,42.70,155,-32,107.29,71.43,22,-3,88.88,45.11,59,-56,48.62,56.47,99,-5,13.31,15.02,162,4,9.64,10.28,338,38,5.90,37.29,200,-4,4.80,39.22,223,-3,4.10,60.71,253,-3,508.63,35.96,358,9,4.68,95.38,25,13,63.64,34.22,379,-40,16.56,95.38,6,2,3.51,97.76,27,-6,28.40,70.72,391,-34,98.97,98.92,75,38,44.57,54.67,293,-35,44.20,55.80,258,-26,80.98,80.98,172,-1,1.69,0.82,367,-3,100.00,100.00,1,170,0.00,100.00,1,0,0.06,83.30,216,24,28.25,29.32,198,1,0.00,100.00,1,0,0.00,100.00,1,0,0.14,64.37,49,112,49.30,42.29,290,11,8.09,2.20,422,-5,-3.44,58.70,397,-228,R$ 0.00,0.00,241,-9,0.71,5.62,296,44,"R$ 3,809.92",2.01,382,-7,"R$ 13,549.00",0.32,420,-7,9.72,53.24,225,108,1.01,32.06,372,7,"R$ 3,160.03",33.01,179,-5,4.61,26.49,268,-241,5.24,12.68,380,-26,16.51,7.78,386,2,28.66,52.80,79,-20,106.79,46.06,186,27,65.12,36.81,171,42,24.10,31.78,274,-7,97.62,97.63,86,44,96.18,93.63,251,-21,44.65,229,15,72.02,220,-56,42.56,359,-19,66.83,277,11,37.59,129,-49,41.61,272,-1,83.80,138,-71,79.54,162,-6,69.94,158,40,37.87,393,-18,15.37,368,-14,24.42,314,-48,61.18,146,35,49.13,271,-25,57.74,230,-31,61.60,201,-15,30.86,377,-19
3516408,68.09,39.98,238,-16,4.14,15.56,250,-175,47.14,64.46,224,-117,9.32,53.39,248,65,15.92,49.64,360,35,3.05,60.24,328,-22,95.62,94.98,69,161,27.50,73.05,285,76,58.63,53.04,189,-83,73.01,73.66,228,"Não comparável, alteração metodológica completa",143.61,77.35,13,-9,30.06,44.53,158,14,97.37,66.70,36,-8,80.24,81.70,227,48,58.28,79.76,243,109,1.69,85.94,251,21,6.51,61.63,330,8,8.74,85.94,28,201,163.58,65.45,217,-43,64.28,50.75,86,-3,103.21,64.70,55,-2,91.67,47.62,33,-21,48.99,56.91,92,-4,26.93,30.40,65,5,29.13,31.18,124,29,5.80,35.59,227,-4,4.80,39.22,223,-3,4.20,64.29,220,-3,523.63,45.71,282,52,7.34,91.97,72,-31,83.08,14.12,411,0,50.81,82.58,169,83,18.69,86.12,247,46,15.51,84.07,282,17,91.82,91.46,229,44,29.44,70.51,147,-24,29.47,70.53,143,-16,82.03,82.03,168,4,32.86,15.97,252,15,96.01,92.85,312,-311,0.00,100.00,1,0,0.03,83.88,92,-7,38.67,40.14,141,-3,0.01,98.82,276,-275,0.00,98.99,243,-242,-0.45,56.21,334,-184,41.16,53.96,238,-3,18.99,13.80,352,5,4.84,69.13,142,-104,R$ 0.00,0.00,241,-9,0.22,1.69,404,-23,"R$ 8,400.13",4.64,265,15,"R$ 37,543.16",3.69,264,16,6.90,48.92,301,-168,2.31,65.78,99,19,"R$ 3,584.88",40.04,86,-10,4.33,26.14,287,-246,8.66,22.11,255,-44,26.89,13.58,344,17,22.91,37.10,204,-33,97.59,38.91,296,3,61.90,30.48,241,24,22.61,29.70,293,2,96.03,95.59,143,32,94.49,90.15,323,-8,43.35,269,-142,69.96,262,140,69.06,2,-1,76.40,126,172,45.44,49,-11,43.27,252,5,76.71,286,43,79.91,157,-4,71.72,127,3,48.99,275,-53,21.32,201,-19,24.26,315,-35,56.97,285,9,52.30,180,44,56.08,271,80,66.92,73,37,34.13,299,-54
3518404,74.01,31.46,301,-8,1.41,4.83,388,-108,40.98,71.98,94,-21,7.31,54.11,228,43,12.72,61.30,297,-23,3.00,61.00,319,17,93.48,92.53,124,-47,52.50,47.33,401,6,54.72,48.00,239,-63,64.76,65.33,301,"Não comparável, alteração metodológica completa",42.41,13.01,411,-9,24.89,36.69,206,2,79.52,43.24,336,61,77.56,78.53,263,33,0.00,100.00,1,413,0.86,94.52,78,82,3.92,81.50,98,18,14.07,62.55,206,-44,170.67,62.21,255,44,60.95,46.21,125,3,99.84,59.14,105,8,93.65,49.40,27,12,46.09,53.54,118,-6,30.56,34.49,53,26,29.08,31.13,125,-33,6.40,45.76,81,-2,5.30,49.02,84,-2,4.80,85.71,30,-1,578.70,81.50,30,20,24.65,69.89,280,-83,38.78,59.92,321,-6,96.77,65.40,316,-32,13.15,90.37,165,-8,12.71,86.97,228,-62,98.12,98.04,96,21,38.27,61.26,243,78,30.62,69.38,155,41,88.70,88.70,119,-15,20.46,9.94,296,-31,100.00,100.00,1,0,0.00,100.00,1,0,0.05,83.54,169,-4,30.59,31.76,183,4,0.00,100.00,1,0,0.00,100.00,1,0,0.00,62.49,121,-66,26.21,75.38,79,-5,33.95,29.72,188,-5,-0.23,62.74,361,-229,R$ 6.08,0.28,121,-20,0.92,7.26,239,9,"R$ 10,473.08",5.82,213,-7,"R$ 70,904.25",8.38,100,-29,0.32,38.84,385,-273,1.75,51.16,222,-20,"R$ 3,666.85",41.39,78,-19,2.92,24.33,363,-287,21.79,58.39,24,-15,61.17,32.75,180,3,31.36,60.19,46,-6,100.84,41.43,266,1,61.32,29.34,256,-165,34.83,46.70,123,-12,76.48,70.53,330,-8,97.61,96.53,116,20,40.59,319,-56,64.30,340,-55,37.95,399,10,77.54,107,286,44.46,56,12,59.46,41,-1,76.11,299,-84,83.19,127,-5,70.44,149,-8,56.92,159,-55,20.03,239,-82,50.44,30,-19,56.91,287,-153,53.14,151,12,51.93,341,-52,65.48,108,99,40.05,112,-68
3518701,34.58,88.29,4,1,5.99,22.84,148,12,45.57,66.38,184,-60,76.88,29.21,410,-4,11.95,64.10,283,0,3.55,53.13,375,-25,89.45,87.93,213,-70,55.90,43.83,408,-137,63.73,59.63,120,6,54.15,54.63,354,"Não comparável, alteração metodológica completa",61.79,25.33,349,-9,39.39,58.68,78,-10,78.24,41.55,354,-29,81.60,83.30,199,-21,90.36,68.62,322,-8,1.97,83.04,292,-91,4.86,74.29,201,-13,17.77,46.32,340,-46,201.51,48.13,360,-46,66.03,53.12,66,-9,103.45,65.10,54,-5,82.33,39.22,144,-127,44.69,51.91,128,-13,7.39,8.34,279,-10,8.36,8.91,357,7,5.80,35.59,227,-4,4.90,41.18,187,-3,4.00,57.14,289,-3,524.98,46.59,278,35,20.34,75.39,233,-41,34.78,64.04,306,-207,60.56,78.93,209,-57,12.54,90.83,152,-5,8.04,91.81,141,38,89.76,89.30,244,28,26.92,73.15,119,28,52.10,47.90,307,9,75.94,75.94,190,7,71.86,34.92,134,-7,100.00,100.00,1,0,0.00,100.00,1,326,0.04,83.72,136,-8,54.90,56.99,74,3,0.00,100.00,1,0,0.00,100.00,1,0,-0.11,60.99,203,144,33.48,64.96,157,-17,23.76,18.87,309,5,4.03,68.11,190,120,R$ 0.00,0.00,241,-9,0.49,3.79,352,-21,"R$ 6,474.66",3.54,314,-4,"R$ 40,107.77",4.05,251,-13,0.54,39.17,383,-188,1.58,46.82,251,12,"R$ 3,969.77",46.41,42,2,7.80,30.56,63,64,6.61,16.45,336,-36,29.63,15.11,332,2,22.01,34.65,233,-9,120.98,57.09,59,19,58.39,23.59,313,6,44.50,60.14,19,2,68.39,60.16,380,-15,97.32,95.95,155,-58,51.68,83,-35,60.76,366,-233,45.96,312,-25,59.22,356,-40,34.83,159,-31,42.88,257,2,81.03,199,-134,80.66,149,94,77.49,49,34,53.14,210,29,19.14,267,-17,22.07,353,-17,59.39,206,3,49.92,248,-43,56.02,272,-209,61.48,205,6,33.96,306,-19
3518800,57.03,55.94,96,-9,6.08,23.19,139,34,42.94,69.59,127,36,55.24,36.95,394,-35,16.56,47.29,363,-15,2.25,71.50,180,32,73.03,69.12,361,-100,29.60,70.88,307,-118,50.14,42.07,303,-89,83.64,84.38,126,"Não comparável, alteração metodológica completa",50.94,18.43,394,-5,47.61,71.16,31,-1,92.28,60.02,107,10,69.92,69.49,364,-1,43.45,84.91,203,160,1.44,88.52,207,32,5.93,66.08,295,-21,15.14,57.85,256,41,177.75,58.98,286,-102,57.50,41.52,167,10,104.98,67.63,35,1,84.43,41.11,114,-76,43.98,51.09,134,13,16.78,18.93,127,-15,25.04,26.80,151,16,6.00,38.98,176,-4,5.00,43.14,162,-3,4.20,64.29,220,-3,540.42,56.62,193,18,5.57,94.23,42,-2,70.24,27.39,394,0,40.57,86.41,125,-50,10.26,92.58,123,-40,13.01,86.66,240,9,100.00,100.00,1,36,27.93,72.09,132,-12,36.13,63.87,199,-14,99.22,99.22,21,7,15.35,7.46,320,-4,100.00,100.00,1,0,0.00,100.00,1,0,0.05,83.47,186,-37,37.06,38.47,152,-9,0.00,100.00,1,217,0.00,100.00,1,201,-0.07,61.44,188,-104,38.63,57.58,208,-3,40.11,36.28,109,11,5.92,70.49,87,13,R$ 0.26,0.01,198,-13,1.07,8.47,206,-8,"R$ 9,685.82",5.37,232,8,"R$ 75,522.42",9.03,76,29,12.95,58.19,122,20,3.41,94.56,3,2,"R$ 3,721.87",42.30,69,-12,4.38,26.20,285,-55,6.46,16.05,343,25,49.13,26.02,241,21,22.39,35.68,220,-17,119.19,55.69,74,-17,60.45,27.63,271,33,28.14,37.38,218,-90,54.54,42.41,413,-6,94.22,89.60,334,-20,46.42,191,-53,67.39,303,-138,49.59,246,11,69.26,248,71,39.40,105,-4,47.52,198,-9,82.01,177,1,85.99,83,-8,72.19,114,1,57.03,157,-6,28.34,57,5,25.91,294,14,50.54,397,-32,52.76,166,-17,56.45,261,-113,65.02,120,22,37.25,190,-11
3519071,55.39,58.30,79,55,4.31,16.22,238,97,44.49,67.70,155,-54,19.28,49.82,305,-19,7.60,79.96,139,-11,2.88,62.58,298,-76,97.66,97.32,34,84,31.00,69.44,315,21,53.43,46.32,254,-15,60.96,61.50,323,"Não comparável, alteração metodológica completa",53.77,20.23,383,-4,36.20,53.86,96,-5,96.41,65.44,46,13,83.98,86.12,133,-34,113.08,60.73,361,-360,3.22,70.11,380,-92,6.22,63.85,315,-107,11.68,73.03,121,-66,134.79,78.59,72,-16,63.55,49.74,92,5,106.29,69.79,26,4,86.32,42.81,89,-47,49.49,57.49,88,18,30.82,34.79,51,5,34.97,37.45,79,-4,6.40,45.76,81,-2,5.30,49.02,84,-2,4.60,78.57,70,-1,539.75,56.19,199,-15,9.30,89.48,99,37,17.86,81.54,222,-34,38.28,87.26,110,-65,8.09,94.25,88,-17,5.30,94.64,107,12,100.00,100.00,1,96,20.00,80.39,51,-18,30.59,69.41,154,-9,98.61,98.61,34,39,94.00,45.68,39,-9,100.00,100.00,1,0,0.00,100.00,1,0,0.01,84.31,20,2,1.08,1.13,420,-5,0.00,100.00,1,0,0.00,100.00,1,0,-0.08,61.37,189,181,29.10,71.23,112,-1,30.63,26.18,238,4,5.41,69.85,111,86,R$ 0.01,0.00,240,-15,2.02,16.07,82,-42,"R$ 14,028.44",7.86,154,17,"R$ 93,660.54",11.58,38,1,3.47,43.67,356,-87,3.17,88.20,16,-9,"R$ 5,073.35",64.67,6,-2,1.88,23.01,393,-301,8.95,22.92,250,5,35.17,18.21,302,14,30.45,57.69,56,-25,107.71,46.77,173,57,58.26,23.33,318,6,39.48,53.16,63,13,92.53,91.11,210,-3,98.18,97.71,67,-3,48.01,160,50,71.53,231,121,51.89,201,-11,70.02,239,-210,47.59,32,-1,54.05,103,-8,90.13,27,-7,90.87,15,2,61.75,388,23,57.77,142,23,30.45,36,-11,32.94,204,-55,62.42,100,42,56.48,61,-4,59.26,202,119,67.97,44,-26,42.30,61,-26
3520509,43.92,74.83,21,0,3.88,14.55,263,96,33.44,81.17,20,3,-54.03,76.06,10,0,10.45,69.57,251,-82,0.97,89.61,8,2,93.57,92.64,118,-65,38.40,61.83,363,-26,60.30,55.20,163,-33,83.68,84.43,125,"Não comparável, alteração metodológica completa",53.25,19.90,387,-12,44.78,66.87,45,9,91.13,58.51,131,-83,87.72,90.53,51,-14,34.41,88.05,180,-179,0.57,97.52,18,59,3.17,87.26,27,-11,10.32,79.00,65,-35,106.05,91.72,8,12,76.63,67.55,10,-1,108.20,72.95,17,4,88.20,44.49,64,-62,54.39,63.18,64,-4,20.66,23.32,97,-15,17.66,18.88,230,61,7.30,61.02,6,0,5.60,54.90,21,0,4.60,78.57,70,-1,559.79,69.22,111,-38,3.36,97.06,13,-2,72.73,24.82,401,2,22.53,93.15,26,38,11.20,91.86,137,1,37.12,61.69,405,-39,95.09,94.87,180,-22,38.95,60.55,254,-123,37.74,62.26,212,-84,94.41,94.41,84,-15,102.99,50.04,19,46,100.00,100.00,1,0,0.00,100.00,1,0,0.01,84.27,23,3,7.96,8.27,380,6,0.00,100.00,1,0,0.00,100.00,1,0,-0.02,62.25,144,-63,16.43,89.40,12,3,44.93,41.40,66,-6,2.45,66.12,282,-56,R$ 0.00,0.00,241,-30,2.19,17.46,71,2,"R$ 83,225.39",47.47,4,0,"R$ 110,518.40",13.95,22,6,4.92,45.88,339,-264,3.29,91.50,10,4,"R$ 4,135.83",49.15,32,-2,7.01,29.55,101,42,7.24,18.20,317,-253,53.79,28.62,220,26,25.02,42.86,152,0,128.17,62.67,31,24,48.71,4.61,421,-19,40.37,54.39,45,16,72.64,65.61,356,-2,98.24,97.83,63,18,61.65,11,10,76.92,135,42,52.37,185,-70,87.48,12,-6,45.74,45,-23,63.27,11,-4,79.64,231,15,87.78,55,-13,63.90,332,-6,65.71,34,1,36.87,16,-3,29.89,242,-107,57.02,281,17,59.95,12,-1,68.96,21,41,69.76,13,-7,44.44,32,-15
3522109,53.47,61.06,69,-1,3.23,11.99,299,70,48.26,63.10,244,61,45.73,40.35,380,10,8.08,78.22,160,-14,1.87,76.84,125,11,91.03,89.74,176,-26,27.40,73.15,284,-49,48.08,39.42,331,-70,74.31,74.97,216,"Não comparável, alteração metodológica completa",77.48,35.31,271,-12,13.51,19.43,320,0,85.60,51.22,237,55,80.52,82.02,221,-11,161.68,43.86,396,-101,1.17,91.31,150,45,4.56,76.59,165,-26,8.89,85.28,32,30,188.64,54.01,319,36,62.63,48.50,104,-37,103.19,64.67,56,-14,86.90,43.33,81,-37,48.41,56.23,103,25,3.37,3.79,391,-128,16.80,17.97,241,6,6.10,40.68,150,-3,5.30,49.02,84,-2,4.40,71.43,148,-2,518.75,42.54,315,27,9.37,89.39,102,3,64.52,33.31,382,-171,40.32,86.50,122,-4,14.48,89.35,192,104,13.59,86.06,252,-24,92.60,92.27,215,35,9.78,91.09,12,-2,77.98,22.02,405,-24,53.67,53.67,246,2,60.17,29.24,170,-7,100.00,100.00,1,0,0.00,100.00,1,0,0.08,82.71,276,-124,87.22,90.54,9,4,0.00,100.00,1,0,0.00,100.00,1,0,-0.04,61.88,166,105,48.37,43.63,287,10,17.60,12.32,361,1,0.96,64.24,338,-103,R$ 0.00,0.00,241,-9,0.75,5.93,282,34,"R$ 7,989.21",4.40,272,6,"R$ 26,284.77",2.11,335,-12,13.21,58.59,118,229,1.10,34.37,352,17,"R$ 3,044.91",31.10,202,-10,4.00,25.71,310,-253,7.44,18.74,304,18,26.63,13.44,345,0,23.37,38.35,194,-36,148.78,78.69,6,45,62.64,31.94,225,4,54.68,74.29,5,3,98.69,99.01,29,30,98.13,97.62,71,2,44.12,251,45,74.85,172,-115,45.75,315,10,65.63,293,-33,36.46,143,-18,48.89,177,4,80.48,215,-111,75.30,197,-11,86.91,5,-1,43.51,335,16,16.34,340,-9,23.51,335,-33,76.31,2,4,51.91,192,-14,58.82,211,-71,63.66,156,-24,35.33,262,14
3522208,67.08,41.44,221,-4,2.40,8.73,338,-36,46.01,65.84,202,1,0.89,56.40,188,29,7.51,80.27,135,4,2.73,64.69,275,-21,95.01,94.29,82,29,25.30,75.31,259,-65,66.77,63.55,88,-23,56.45,56.95,346,"Não comparável, alteração metodológica completa",69.92,30.50,310,-9,24.72,36.43,208,9,80.20,44.12,323,-226,76.94,77.79,277,-26,106.27,63.10,350,-23,2.35,79.11,326,0,6.13,64.54,309,-20,15.41,56.69,271,-126,211.18,43.71,387,-96,51.61,33.51,247,-38,107.44,71.69,21,3,90.57,46.63,40,24,34.88,40.52,193,0,30.81,34.78,52,-15,55.19,59.14,21,7,6.20,42.37,131,-2,5.20,47.06,104,-3,4.40,71.43,148,-2,525.57,46.97,274,29,2.44,98.23,6,14,96.49,0.26,422,-4,61.06,78.75,212,-89,8.54,93.90,95,-19,28.28,70.84,389,7,91.44,91.06,232,28,26.95,73.12,120,84,32.04,67.96,170,39,65.27,65.27,224,1,44.55,21.65,211,2,100.00,100.00,1,0,0.00,100.00,1,0,0.07,83.02,255,9,53.06,55.08,87,-2,0.02,98.23,302,-1,0.00,99.43,207,19,0.09,63.74,62,224,51.05,39.77,304,12,26.32,21.60,280,18,10.14,75.80,12,14,R$ 0.00,0.00,241,-9,0.72,5.66,295,-53,"R$ 4,795.90",2.57,352,5,"R$ 39,206.76",3.93,254,24,17.80,65.63,48,192,1.88,54.70,190,9,"R$ 3,196.18",33.61,169,-45,0.65,21.44,405,-402,4.93,11.83,389,20,29.28,14.92,334,21,27.32,49.16,96,-33,119.96,56.29,67,7,64.60,35.78,182,-96,19.81,25.81,332,39,82.81,78.65,295,51,96.10,93.46,257,83,43.10,275,0,72.62,210,-82,43.91,345,-112,57.96,368,-61,47.13,35,-2,49.54,168,-3,76.30,294,25,78.32,172,5,76.80,57,30,50.02,258,-26,19.60,253,-47,25.30,300,-9,58.00,255,60,50.61,235,-29,57.22,243,-67,62.51,185,-32,34.00,303,-24
3522307,71.81,34.63,278,13,1.21,4.06,389,-5,48.42,62.90,247,-65,21.30,49.10,317,-12,6.92,82.44,107,-11,1.89,76.57,129,-35,87.04,85.16,243,-91,51.70,48.15,399,-26,49.52,41.28,309,-110,71.11,71.74,243,"Não comparável, alteração metodológica completa",52.83,19.63,389,-22,20.35,29.80,248,5,98.61,68.33,29,-13,92.12,95.74,12,-5,115.01,60.06,364,-363,0.35,99.79,3,21,4.34,78.28,140,11,11.50,73.83,110,38,128.54,81.44,55,19,60.74,45.93,129,0,98.36,56.68,142,-4,90.09,46.20,45,15,61.50,71.43,43,0,42.39,47.85,27,-9,33.84,36.23,87,-10,6.40,45.76,81,-2,5.50,52.94,38,-1,4.60,78.57,70,-1,551.98,64.14,147,34,3.66,96.67,17,30,79.31,18.02,407,-22,48.38,83.49,158,-80,29.31,77.98,336,-109,4.57,95.40,97,-32,95.49,95.29,173,39,30.33,69.58,161,19,17.91,82.09,64,17,91.04,91.04,106,9,89.18,43.33,58,-3,99.00,98.21,243,14,0.00,100.00,1,0,0.07,83.08,247,15,19.02,19.74,285,-2,0.00,100.00,1,194,0.00,100.00,1,205,-0.25,58.98,283,-56,32.41,66.50,142,-10,38.91,35.00,124,16,5.37,69.80,118,-76,R$ 24.48,1.12,99,133,0.77,6.08,277,55,"R$ 18,051.22",10.16,105,6,"R$ 50,464.55",5.51,188,10,9.84,53.42,219,-105,1.10,34.32,354,8,"R$ 3,008.55",30.50,209,-16,2.59,23.91,379,-375,15.00,39.63,81,1,51.94,27.59,231,3,23.72,39.30,183,-7,102.54,42.75,250,-1,59.84,26.44,288,9,27.84,36.98,220,-7,72.50,65.43,358,-7,97.46,96.23,137,-14,37.67,351,3,69.51,271,-60,50.25,235,-79,75.23,144,-104,50.94,18,-4,56.69,75,4,78.03,265,-102,87.58,59,9,66.37,252,29,58.91,123,-47,17.28,316,-47,35.51,168,-16,53.56,369,-19,52.54,174,-47,52.90,328,-34,67.74,50,-31,35.46,252,-38
3522406,74.46,30.81,304,1,2.39,8.69,339,-45,45.24,66.78,171,-46,-0.74,56.99,179,-18,4.34,91.82,15,-9,1.61,80.56,82,-33,92.87,91.83,134,-39,26.10,74.49,269,-1,47.53,38.70,343,-116,70.44,71.06,248,"Não comparável, alteração metodológica completa",83.40,39.07,229,21,17.09,24.85,290,-11,101.47,72.10,13,5,91.52,95.03,16,-13,0.00,100.00,1,387,0.56,97.62,15,19,4.85,74.37,200,-12,23.36,21.82,408,-237,152.93,70.31,166,37,65.57,52.49,69,-5,103.61,65.36,52,-5,82.47,39.35,143,-54,38.05,44.20,177,-25,10.92,12.33,205,-27,52.86,56.63,27,4,6.60,49.15,50,-1,5.50,52.94,38,-1,4.80,85.71,30,-1,528.25,48.71,262,28,10.83,87.52,121,-4,23.08,76.15,265,15,28.85,90.79,56,-22,30.33,77.20,345,-44,12.77,86.91,230,22,95.92,95.74,165,12,29.81,70.12,152,73,14.83,85.17,44,33,79.40,79.40,180,-6,87.27,42.41,66,-5,99.91,99.84,218,188,0.00,100.00,1,326,0.08,82.90,265,12,20.63,21.42,271,-1,0.00,100.00,1,0,0.00,100.00,1,0,-0.15,60.45,233,22,39.48,56.36,218,-9,33.74,29.49,193,11,4.98,69.31,136,-15,R$ 0.70,0.03,171,-18,0.37,2.82,386,4,"R$ 13,427.14",7.51,164,-5,"R$ 50,803.67",5.56,186,3,8.62,51.56,257,161,0.87,28.44,382,8,"R$ 2,943.65",29.43,225,-6,4.42,26.24,282,-257,13.70,36.05,108,-2,67.92,36.53,135,3,22.56,36.15,213,-39,97.64,38.94,294,-37,65.32,37.20,165,60,29.43,39.19,198,-5,92.19,90.68,213,23,95.87,92.99,268,42,40.82,313,-26,77.16,131,26,57.04,93,-22,68.43,261,51,43.59,68,-13,56.44,79,2,83.33,146,-25,85.56,88,273,67.01,236,40,54.23,198,0,15.29,370,-32,36.24,150,-18,59.80,188,43,53.19,148,91,58.20,218,13,66.87,74,156,35.43,256,-2
3522505,70.94,35.87,263,11,5.63,21.43,166,-157,41.25,71.65,98,-4,17.04,50.62,299,9,4.71,90.49,22,7,3.45,54.54,367,6,90.04,88.60,201,-55,29.20,71.30,301,5,61.56,56.83,149,-76,80.33,81.05,165,"Não comparável, alteração metodológica completa",38.33,10.41,414,-4,30.54,45.27,150,16,87.98,54.37,195,83,63.26,61.62,405,-6,89.69,68.86,319,-318,0.83,94.83,70,151,3.44,85.19,46,236,19.73,37.72,383,-148,199.80,48.91,351,-147,50.74,32.32,257,40,102.29,63.18,65,8,81.06,38.07,153,-144,27.53,31.97,249,7,25.52,28.81,73,16,10.83,11.56,325,-7,6.10,40.68,150,-3,4.50,33.33,295,-4,3.80,50.00,330,-4,506.86,34.81,366,11,13.64,83.94,160,-93,25.00,74.16,268,78,29.47,90.56,59,91,7.85,94.42,83,11,15.89,83.68,284,4,100.00,100.00,1,142,36.62,62.99,226,39,30.75,69.25,157,35,84.44,84.44,149,7,32.37,15.73,254,-6,100.00,100.00,1,206,0.00,100.00,1,0,0.00,84.51,9,4,34.51,35.83,168,-3,0.01,98.86,273,-272,0.00,99.39,210,-209,0.11,64.03,56,166,41.10,54.04,237,-22,24.55,19.71,300,10,8.75,74.06,21,62,R$ 0.56,0.03,180,-9,0.84,6.61,256,-33,"R$ 3,812.40",2.01,381,-2,"R$ 67,220.40",7.87,115,6,3.98,44.45,352,-8,2.81,78.98,45,0,"R$ 3,999.45",46.90,40,-13,2.73,24.09,373,-331,3.13,6.85,409,-31,23.18,11.51,366,2,32.32,62.82,39,-11,110.73,49.12,136,7,65.21,36.97,168,64,16.77,21.57,360,10,88.48,85.92,254,54,96.95,95.20,198,132,44.89,222,-185,77.75,115,-52,39.41,387,7,59.46,354,-224,32.28,198,-23,38.80,299,0,86.45,82,52,83.41,121,21,71.85,125,39,52.81,215,11,24.48,107,-21,27.06,279,-60,57.76,263,106,51.41,212,-79,60.61,155,-124,60.32,221,-18,36.80,203,-5
3523107,66.42,42.39,208,-30,11.09,42.90,36,84,34.44,79.95,26,15,30.79,45.70,352,-6,7.38,80.75,130,-66,1.57,81.14,77,8,86.74,84.83,248,-133,40.20,59.98,369,3,79.56,80.07,11,0,68.15,68.76,270,"Não comparável, alteração metodológica completa",27.90,3.78,421,-8,27.81,41.12,181,4,92.02,59.68,111,-27,64.66,63.28,399,-14,0.00,100.00,1,163,1.35,89.45,189,-6,5.16,71.99,230,-98,18.48,43.21,359,1,166.01,64.34,234,-58,53.17,35.63,226,-26,92.82,47.53,287,32,78.23,35.53,183,-132,30.64,35.59,220,20,19.22,21.70,109,-1,14.54,15.54,273,13,5.90,37.29,200,-4,4.60,35.29,271,-3,3.90,53.57,310,-4,515.02,40.11,330,6,8.63,90.34,89,43,65.26,32.54,384,6,41.17,86.18,129,36,6.80,95.23,67,-7,12.51,87.18,222,-12,100.00,100.00,1,85,29.36,70.59,145,-18,23.76,76.24,106,-16,80.35,80.35,174,12,19.39,9.42,305,-5,97.51,95.54,279,-278,0.00,100.00,1,0,0.03,83.99,71,-64,7.75,8.04,385,-7,0.00,100.00,1,0,0.00,100.00,1,0,0.20,65.23,33,-27,47.30,45.15,280,-30,22.12,17.13,322,1,4.59,68.81,158,-121,R$ 0.00,0.00,241,-9,0.14,1.03,415,-27,"R$ 2,606.50",1.32,409,-3,"R$ 32,439.94",2.97,299,1,11.38,55.78,170,-89,3.31,91.95,7,2,"R$ 3,043.05",31.07,203,-16,3.52,25.10,338,-301,5.30,12.84,379,6,22.37,11.05,371,2,24.11,40.38,173,-30,99.66,40.51,274,1,67.44,41.36,128,54,16.94,21.81,358,-30,97.43,97.40,94,89,95.89,93.02,265,48,52.74,73,38,74.42,180,19,38.55,391,-14,71.49,205,-24,30.39,225,-14,39.81,289,2,82.43,168,54,81.62,142,1,64.18,322,-154,47.29,298,-79,24.05,115,-9,21.43,363,-18,58.82,226,40,50.98,226,-12,63.11,107,40,59.90,232,-14,34.87,276,-63
3523404,61.47,49.53,146,23,4.90,18.56,202,-112,42.73,69.84,124,28,13.12,52.03,273,-6,13.87,57.10,323,2,2.68,65.44,266,24,85.93,83.90,259,-20,28.40,72.12,295,-71,82.89,84.36,5,13,81.05,81.77,152,"Não comparável, alteração metodológica completa",83.75,39.29,224,-1,35.21,52.35,106,-11,87.43,53.63,210,-35,91.90,95.48,13,3,0.00,100.00,1,297,1.02,92.86,121,-58,4.15,79.74,119,-28,13.50,65.05,182,-38,130.55,80.53,60,-34,64.48,51.02,84,-18,98.63,57.14,133,-9,82.68,39.53,139,25,45.51,52.87,120,-7,4.93,5.56,353,-42,31.68,33.92,104,-3,7.10,57.63,13,0,6.00,62.75,3,0,5.00,92.86,3,0,562.59,71.03,96,36,4.75,95.29,27,5,33.33,65.54,298,30,31.17,89.92,71,-28,22.15,83.47,281,-75,12.43,87.26,220,-18,92.59,92.26,217,25,30.53,69.37,166,-39,20.95,79.05,87,-26,86.40,86.40,135,5,89.94,43.70,53,-27,100.00,100.00,1,0,0.00,100.00,1,0,0.03,83.91,84,15,16.57,17.21,314,-5,0.00,100.00,1,0,0.00,100.00,1,0,0.09,63.75,60,259,21.98,81.44,40,-1,41.25,37.49,96,-2,3.17,67.02,242,-103,R$ 0.00,0.00,241,-37,1.87,14.91,96,182,"R$ 10,456.76",5.81,214,-2,"R$ 84,936.81",10.36,53,7,14.33,60.31,96,106,2.77,77.98,48,-5,"R$ 3,649.99",41.12,80,-15,3.58,25.17,334,-58,12.58,32.96,138,95,56.87,30.35,205,10,23.98,40.03,175,-27,113.75,51.46,105,-7,54.83,16.60,382,-240,32.03,42.80,157,-4,98.22,98.41,61,21,98.12,97.59,72,66,47.49,168,-50,74.67,177,-75,55.61,116,-28,82.75,48,55,38.16,122,1,67.44,3,1,85.75,96,-12,86.14,80,-15,66.57,243,77,62.70,64,-4,26.83,71,26,34.44,187,22,61.37,140,-102,57.20,44,-6,60.49,163,-78,69.73,14,13,41.61,77,-4
3523909,54.72,59.26,73,0,2.56,9.37,332,-244,34.58,79.78,28,-6,5.93,54.60,219,32,6.08,85.52,68,21,1.36,84.02,44,19,90.45,89.07,184,-88,28.40,72.12,295,-24,58.16,52.43,195,-66,75.46,76.13,208,"Não comparável, alteração metodológica completa",42.60,13.13,410,8,39.72,59.19,75,-3,92.44,60.23,101,72,86.43,89.02,81,-36,109.41,62.01,353,-131,0.88,94.31,86,-31,3.60,83.96,62,38,14.22,61.89,215,-91,155.57,69.10,180,-19,63.92,50.25,90,6,100.53,60.28,88,6,86.93,43.36,80,-9,62.22,72.27,41,4,33.80,38.15,40,-1,20.65,22.09,200,-21,6.30,44.07,105,-2,5.10,45.10,133,-3,4.40,71.43,148,-2,560.82,69.88,104,-4,14.32,83.07,173,-137,13.79,85.74,193,87,61.86,78.45,216,-128,24.63,81.56,300,-71,13.14,86.53,241,24,89.78,89.33,242,60,59.07,39.49,370,13,52.69,47.31,309,10,85.64,85.64,141,-9,73.54,35.73,126,-108,100.00,100.00,1,206,85.46,14.54,341,-18,0.04,83.77,123,89,20.87,21.66,270,7,0.00,100.00,1,0,0.00,100.00,1,0,0.09,63.65,68,-60,27.70,73.24,98,-9,47.99,44.66,44,6,5.21,69.60,126,46,R$ 0.45,0.02,187,22,1.09,8.63,202,-28,"R$ 19,114.82",10.77,93,-14,"R$ 83,288.93",10.12,56,36,18.92,67.34,36,140,2.70,75.93,55,6,"R$ 3,602.37",40.33,83,-13,3.22,24.72,354,-196,7.45,18.79,303,-36,59.87,32.02,188,16,27.27,49.03,97,-14,115.26,52.63,98,-8,56.06,19.02,364,-4,37.52,50.43,90,12,65.14,56.00,392,8,96.75,94.78,213,116,50.75,99,-72,78.02,111,84,49.15,260,64,69.29,247,-112,47.02,37,5,53.27,112,-4,82.85,154,-82,71.51,236,-28,67.79,209,-98,63.51,53,17,26.51,78,3,33.28,200,-29,54.57,351,27,54.63,116,-32,63.79,93,-17,63.70,154,-42,39.86,118,17
3524402,58.69,53.53,114,-8,2.30,8.35,342,-178,39.74,73.49,76,52,12.10,52.39,265,-97,15.92,49.62,361,-20,1.74,78.77,105,25,77.05,73.72,339,-53,98.50,0.00,420,-17,57.30,51.32,206,-97,65.20,65.78,297,"Não comparável, alteração metodológica completa",82.96,38.79,231,-2,43.69,65.21,53,6,91.41,58.87,125,25,80.45,81.94,226,-79,208.42,27.63,413,-412,1.14,91.62,147,5,3.91,81.58,96,-14,11.67,73.08,118,190,129.77,80.88,58,29,58.72,43.17,152,-16,93.95,49.39,260,-6,82.70,39.56,137,17,34.24,39.77,196,-1,28.04,31.65,60,-10,30.81,32.99,109,-23,6.20,42.37,131,-2,5.20,47.06,104,-3,4.40,71.43,148,-2,549.26,62.37,159,0,8.80,90.12,91,63,0.00,100.00,1,0,21.62,93.49,21,130,14.00,89.71,183,-21,3.71,96.30,83,-5,97.77,97.67,105,24,30.22,69.69,157,86,30.19,69.81,148,31,75.19,75.19,193,-98,78.78,38.28,102,266,100.00,100.00,1,0,0.00,100.00,1,0,0.06,83.31,212,-36,17.18,17.83,307,-2,0.00,100.00,1,0,0.00,100.00,1,0,0.01,62.54,115,-19,24.24,78.21,63,4,30.88,26.45,233,4,4.16,68.28,180,-75,R$ 0.00,0.00,241,-9,0.70,5.53,300,51,"R$ 11,132.25",6.20,199,16,"R$ 81,960.23",9.94,59,-3,10.87,55.01,186,6,2.53,71.49,72,-2,"R$ 3,648.06",41.08,81,-18,3.39,24.93,345,-207,11.53,30.04,174,33,47.41,25.06,251,25,27.04,48.39,106,-31,104.92,44.61,214,62,57.57,22.00,334,1,29.58,39.39,195,-39,79.10,73.89,311,-8,97.65,96.63,112,19,46.94,180,-77,52.19,406,-204,57.08,91,2,65.75,291,-205,38.50,117,-1,52.11,128,-5,92.78,9,14,83.75,116,16,66.40,249,14,59.16,115,-2,24.03,117,-3,34.50,184,-2,55.30,328,-16,52.34,178,-91,49.45,373,-230,66.10,88,-33,38.54,157,-6
3525003,65.27,44.05,195,18,,0.00,408,-277,,0.00,418,-267,,0.00,418,-184,,0.00,408,-227,,0.00,403,-20,95.47,94.81,73,81,46.70,53.29,388,-17,47.98,39.29,333,-29,69.03,69.65,261,"Não comparável, alteração metodológica completa",83.20,38.94,230,115,35.38,52.61,102,14,73.34,35.11,394,0,73.25,73.44,326,-48,0.00,100.00,1,0,1.32,89.76,185,-10,4.78,74.90,190,-47,19.51,38.68,380,-132,144.95,73.96,119,-87,63.22,49.30,95,21,86.42,36.95,376,-6,83.06,39.87,132,-63,58.34,67.77,50,4,31.01,35.01,49,-6,30.56,32.72,111,7,5.80,35.59,227,-4,5.00,43.14,162,-3,4.30,67.86,192,-3,528.61,48.94,258,6,4.92,95.07,31,42,14.29,85.23,199,33,17.75,94.94,10,18,3.28,97.93,24,1,10.37,89.40,177,35,100.00,100.00,1,0,40.45,58.98,268,-4,29.65,70.35,145,9,95.80,95.80,75,4,32.87,15.97,251,-2,99.19,98.55,236,-29,0.00,100.00,1,0,0.03,84.03,62,-3,9.54,9.90,371,-18,0.00,100.00,1,0,0.00,100.00,1,0,0.12,64.16,54,101,29.89,70.11,120,-10,24.57,19.73,299,6,5.30,69.71,121,252,R$ 0.00,0.00,241,-9,0.30,2.34,392,-1,"R$ 3,462.63",1.81,390,6,"R$ 46,991.46",5.02,203,-6,-3.57,32.88,398,-15,2.90,81.14,36,5,"R$ 3,745.11",42.69,66,-19,4.82,26.76,255,135,8.53,21.77,259,-19,23.52,11.69,364,-8,23.90,39.80,178,-12,119.57,55.99,69,119,60.49,27.72,270,4,26.68,35.35,239,63,77.84,72.28,321,14,96.45,94.16,238,45,11.01,420,-262,49.49,412,-273,45.69,316,63,73.17,181,-133,43.92,61,2,45.71,217,-1,93.65,5,6,85.48,90,5,64.57,309,18,55.55,172,57,23.04,145,54,24.42,313,-30,57.10,279,89,47.44,310,-145,29.42,421,-283,66.07,90,6,35.94,233,60
3525300,68.72,39.08,241,-9,0.93,2.95,395,-1,34.26,80.17,23,-11,-29.23,67.18,29,11,8.75,75.76,182,-2,1.34,84.32,41,-8,90.08,88.64,199,-161,54.70,45.06,405,-16,55.69,49.25,229,-64,78.42,79.12,181,"Não comparável, alteração metodológica completa",49.70,17.64,398,-8,20.41,29.90,247,0,78.95,42.48,347,-51,84.40,86.62,123,2,0.00,100.00,1,265,1.62,86.66,234,34,5.45,69.76,264,8,10.70,77.33,80,136,113.34,88.39,17,25,61.13,46.46,121,3,97.48,55.23,168,14,86.41,42.89,85,-26,47.29,54.93,109,-5,19.53,22.04,107,-15,37.13,39.76,66,-11,6.40,45.76,81,-2,5.20,47.06,104,-3,4.50,75.00,108,-1,580.66,82.78,23,0,6.55,92.98,57,-20,30.77,68.19,294,91,44.20,85.05,141,64,22.57,83.14,286,48,0.95,99.15,21,-1,98.26,98.18,91,42,27.84,72.18,131,-13,33.24,66.76,176,-14,98.26,98.26,39,6,79.23,38.50,99,-32,100.00,100.00,1,0,0.00,100.00,1,0,0.05,83.54,168,6,4.07,4.23,415,-12,0.00,100.00,1,0,0.00,100.00,1,0,-0.02,62.21,148,-31,24.32,78.10,64,8,40.78,36.99,101,10,4.07,68.16,184,-99,R$ 0.00,0.00,241,-9,0.73,5.75,289,-2,"R$ 16,199.64",9.10,125,10,"R$ 49,011.84",5.31,195,10,4.71,45.57,343,-71,2.03,58.55,158,3,"R$ 3,128.59",32.49,187,-23,3.35,24.88,349,-336,17.34,46.08,56,-8,61.31,32.83,178,49,26.76,47.62,113,-26,105.13,44.76,211,3,58.04,22.91,323,6,42.42,57.25,27,4,74.52,68.02,344,-16,96.96,95.22,196,-63,47.35,172,-10,71.80,228,27,39.46,386,-20,86.50,21,135,42.62,75,-10,57.24,68,-10,86.38,84,169,88.98,38,-4,62.54,379,-16,62.09,71,-2,20.59,223,-44,42.18,81,-6,57.63,267,-10,55.35,87,31,59.04,207,19,67.84,48,69,39.59,126,-9
3525904,49.49,66.79,43,-2,3.93,14.75,261,-30,41.13,71.79,95,58,4.98,54.94,214,-40,5.69,86.90,52,11,1.11,87.57,15,5,97.93,97.63,32,20,,0.00,420,-7,60.26,55.15,165,-77,80.34,81.05,164,"Não comparável, alteração metodológica completa",70.14,30.64,309,13,60.33,90.47,4,1,92.42,60.20,104,-15,90.11,93.36,20,5,20.40,92.92,146,-145,0.76,95.55,58,18,3.91,81.58,96,-46,10.40,78.66,71,-6,113.49,88.32,19,-1,66.60,53.89,57,3,105.57,68.60,32,6,100.20,55.29,13,-2,28.75,33.40,236,-12,24.30,27.43,82,-9,25.92,27.74,141,-26,7.10,57.63,13,0,5.60,54.90,21,0,4.70,82.14,46,-1,575.01,79.10,40,15,7.39,91.92,73,-34,17.07,82.35,217,60,37.22,87.66,104,-64,18.25,86.46,239,29,0.93,99.17,19,11,98.57,98.51,82,-40,26.43,73.66,116,50,25.63,74.37,113,0,96.56,96.56,63,-49,94.78,46.05,37,-22,100.00,100.00,1,0,53.11,46.89,336,-14,0.01,84.28,21,2,36.77,38.17,155,-2,0.00,100.00,1,0,0.00,100.00,1,0,-0.19,59.87,258,-9,9.04,100.00,1,0,53.18,50.18,25,3,3.58,67.55,214,23,R$ 0.44,0.02,189,9,1.75,13.96,112,-12,"R$ 18,273.08",10.29,102,0,"R$ 147,597.70",19.17,15,-1,2.48,42.15,365,-92,2.90,81.28,35,-4,"R$ 4,278.94",51.52,22,-4,5.72,27.90,194,18,17.34,46.10,55,50,79.34,42.91,78,14,27.27,49.01,99,-17,121.93,57.82,53,-17,52.21,11.48,407,-12,38.30,51.52,79,-4,63.48,53.87,401,-3,97.36,96.03,153,23,52.07,81,5,68.63,284,-71,60.92,42,-5,87.02,15,-3,41.42,82,-16,64.38,8,0,89.42,32,11,84.12,110,14,72.11,117,39,71.86,6,7,29.26,47,-13,46.01,52,17,54.14,359,-10,59.30,18,-2,59.99,179,-42,72.06,5,-2,44.77,25,0
3526704,57.53,55.20,101,20,3.03,11.19,312,59,41.87,70.89,107,-25,-2.12,57.48,165,-21,4.30,91.98,14,-9,1.56,81.25,75,-3,90.18,88.76,194,-92,34.60,65.74,341,0,36.02,23.85,411,-48,64.12,64.69,305,"Não comparável, alteração metodológica completa",55.27,21.19,379,-13,32.53,48.29,132,2,95.74,64.56,54,92,91.83,95.40,15,8,0.00,100.00,1,333,0.79,95.24,65,-51,4.21,79.28,125,32,18.15,44.68,350,-2,158.93,67.57,195,-59,66.35,53.56,61,10,96.61,53.80,191,10,86.28,42.77,90,-29,48.66,56.53,98,-2,25.06,28.28,76,22,20.41,21.84,203,-42,6.60,49.15,50,-1,5.20,47.06,104,-3,4.70,82.14,46,-1,573.87,78.36,44,17,15.79,81.19,191,-130,27.27,71.81,280,75,22.66,93.10,27,3,3.95,97.42,30,44,1.08,99.01,24,5,100.00,100.00,1,0,47.37,51.74,317,23,55.09,44.91,327,1,100.00,100.00,1,0,190.53,92.58,2,-1,100.00,100.00,1,0,0.00,100.00,1,0,0.06,83.18,234,14,8.39,8.71,378,6,0.00,100.00,1,0,0.00,100.00,1,0,0.00,62.50,120,67,32.34,66.60,141,14,33.14,28.86,201,-1,2.07,65.63,302,52,R$ 0.00,0.00,241,-9,1.59,12.61,130,-14,"R$ 11,353.35",6.33,196,30,"R$ 50,310.33",5.49,190,4,-3.91,32.36,399,-80,1.98,57.32,168,-20,"R$ 3,202.53",33.71,163,14,7.15,29.73,94,-74,10.32,26.72,211,-22,33.14,17.08,315,10,19.09,26.66,347,-27,97.13,38.55,305,-1,59.90,26.56,285,-8,36.43,48.92,105,-10,95.20,94.53,165,43,93.69,88.52,349,25,48.69,143,36,72.01,222,-154,52.53,182,27,74.05,162,107,41.35,83,0,58.82,46,3,88.73,38,19,93.43,2,-1,63.75,340,26,55.40,177,33,21.00,208,-45,23.48,336,-9,59.42,203,44,54.33,123,-15,59.84,188,-99,68.84,28,38,35.39,259,-33
3526902,56.02,57.39,86,4,4.14,15.58,249,0,39.38,73.93,71,63,15.46,51.19,287,38,6.99,82.19,112,38,2.64,66.09,254,-133,88.20,86.49,228,-116,41.50,58.64,372,-42,51.10,43.32,286,-71,77.13,77.81,190,"Não comparável, alteração metodológica completa",48.35,16.79,402,-11,48.97,73.23,24,-5,86.54,52.46,222,12,78.04,79.09,258,-8,99.54,65.44,337,-336,0.95,93.59,105,50,4.17,79.59,122,34,12.28,70.43,138,-32,164.73,64.92,226,-105,69.11,57.32,41,4,101.02,61.08,81,12,87.34,43.73,75,-50,70.71,82.13,25,-3,26.58,30.01,69,-14,21.74,23.25,189,-17,7.00,55.93,16,0,5.60,54.90,21,0,4.70,82.14,46,-1,576.79,80.26,38,71,8.31,90.74,85,27,67.11,30.63,389,-6,37.00,87.74,102,44,16.29,87.96,214,21,13.71,85.94,256,17,96.98,96.85,134,-53,16.58,83.97,29,9,11.65,88.35,33,-10,96.98,96.98,59,-4,88.06,42.79,62,-34,100.00,100.00,1,0,0.00,100.00,1,0,0.04,83.80,112,27,7.49,7.78,389,0,0.00,99.92,188,-187,0.00,99.70,187,-186,0.03,62.82,100,125,25.74,76.05,75,7,42.20,38.49,90,-6,1.08,64.39,335,-207,R$ 2.22,0.10,139,-21,5.87,46.92,10,1,"R$ 15,419.81",8.66,133,6,"R$ 71,528.46",8.47,95,31,9.43,52.79,237,-92,2.86,80.33,41,8,"R$ 3,712.29",42.15,72,-1,6.42,28.80,140,-63,14.38,37.93,98,1,46.90,24.77,254,-5,24.84,42.36,155,8,110.28,48.77,140,6,57.46,21.77,338,18,34.17,45.77,130,-6,84.52,80.84,284,2,96.59,94.45,227,21,49.52,122,37,72.50,212,-177,48.47,275,-14,70.86,220,-159,48.70,28,-8,64.01,9,3,80.24,220,41,90.73,18,-10,63.66,343,35,60.32,97,-23,32.61,28,0,35.02,174,-7,58.32,242,25,57.01,49,-25,60.51,161,-96,67.91,45,-21,43.12,48,2
3527207,73.19,32.64,292,-23,3.71,13.88,275,8,47.78,63.68,235,38,-8.87,59.90,116,-12,9.87,71.70,233,68,3.14,59.04,339,-9,89.78,88.30,207,24,67.00,32.41,416,-16,61.36,56.57,151,-17,61.10,61.65,321,"Não comparável, alteração metodológica completa",63.09,26.16,344,-16,28.33,41.91,178,-7,100.65,71.02,15,0,81.40,83.07,205,12,111.36,61.33,355,-354,0.55,97.72,13,72,3.32,86.11,39,-18,14.48,60.78,230,-141,192.80,52.11,326,-22,52.43,34.62,239,-10,96.06,52.89,207,-8,82.71,39.56,136,26,35.58,41.33,187,-19,22.98,25.94,87,-20,39.28,42.07,57,13,5.70,33.90,242,-4,5.00,43.14,162,-3,4.50,75.00,108,-1,558.55,68.41,115,29,24.04,70.67,268,11,25.00,74.16,268,-59,82.18,70.85,279,19,5.72,96.06,57,57,19.21,80.24,326,-40,97.70,97.60,108,34,30.21,69.70,156,-7,18.65,81.35,69,-3,97.54,97.54,50,2,92.03,44.72,47,2,98.09,96.58,262,52,0.00,100.00,1,0,0.05,83.48,183,-13,19.78,20.54,278,10,0.00,99.82,208,-207,0.00,99.51,199,-198,-0.01,62.38,133,-40,33.47,64.98,155,-4,29.30,24.77,251,13,4.51,68.72,164,128,R$ 7.70,0.35,117,-61,1.10,8.73,200,5,"R$ 8,769.71",4.85,249,13,"R$ 53,047.18",5.87,176,-8,7.87,50.42,282,-218,1.69,49.68,233,-28,"R$ 3,438.89",37.62,114,-15,5.70,27.89,195,-169,12.73,33.36,131,0,95.08,51.71,33,-5,25.83,45.09,129,-23,92.08,34.62,342,-1,60.40,27.53,275,-154,33.11,44.29,139,5,76.90,71.08,327,-9,97.41,96.13,145,-28,42.53,284,24,62.30,360,-159,53.22,167,-23,64.84,303,-202,38.81,111,2,49.58,166,-2,79.82,228,9,89.30,35,21,67.11,233,14,55.09,183,30,20.21,235,-84,43.39,72,-9,54.73,346,-106,51.94,187,-63,51.98,340,-84,64.53,138,-47,37.94,169,-35
3528502,58.52,53.77,112,38,6.87,26.30,118,72,37.16,76.63,42,-26,3.80,55.36,205,-10,8.62,76.24,179,-18,2.59,66.79,246,-38,94.35,93.53,95,-17,34.00,66.36,338,-138,51.32,43.60,284,-39,89.56,90.35,81,"Não comparável, alteração metodológica completa",71.86,31.73,301,-15,22.69,33.36,228,8,95.31,64.00,61,177,83.39,85.42,150,-47,0.00,100.00,1,0,0.92,93.90,96,17,4.69,75.59,176,-16,19.47,38.85,377,-373,143.33,74.69,106,19,53.44,36.00,221,-20,93.95,49.40,259,3,78.97,36.20,172,-94,37.23,43.24,180,-25,13.26,14.96,163,14,9.57,10.21,341,-13,6.60,49.15,50,-1,5.20,47.06,104,-3,4.20,64.29,220,-3,532.42,51.42,242,76,7.19,92.18,65,39,53.33,44.87,356,-25,50.01,82.88,164,-102,16.43,87.85,216,-165,25.55,73.67,373,-1,63.80,62.19,374,7,25.27,74.87,102,35,24.52,75.48,110,-16,40.12,40.12,280,-4,37.03,17.99,244,24,92.40,86.39,354,-52,0.00,100.00,1,0,0.06,83.29,217,-16,63.10,65.50,53,-1,0.00,100.00,1,0,0.00,100.00,1,0,-0.05,61.79,171,-30,37.81,58.75,202,-6,23.01,18.08,315,-13,0.78,64.01,343,-221,R$ 0.00,0.00,241,-9,0.51,4.02,346,36,"R$ 5,376.31",2.91,337,6,"R$ 29,484.20",2.56,320,9,11.39,55.80,169,-37,2.08,59.81,146,12,"R$ 2,910.04",28.87,234,7,5.52,27.65,208,-126,3.85,8.85,402,-8,19.80,9.62,376,6,17.05,21.09,400,-13,112.82,50.74,114,60,59.45,25.68,294,23,24.37,32.14,266,66,93.53,92.39,193,41,94.58,90.34,321,41,53.02,68,10,77.61,118,-77,51.71,204,56,73.90,165,-145,29.89,233,-31,51.35,141,9,80.21,221,-93,63.40,292,-1,79.91,32,2,49.38,268,-32,19.69,252,-1,13.18,414,-8,58.26,246,100,50.84,230,-41,64.78,74,-32,61.76,197,-51,31.58,362,3
3529005,60.70,50.64,137,-52,0.87,2.71,397,-1,40.13,73.01,79,-15,82.62,27.15,413,-5,15.27,51.99,349,-21,2.01,74.85,143,-48,96.60,96.11,52,103,35.90,64.40,348,-74,60.57,55.54,160,-74,75.74,76.41,206,"Não comparável, alteração metodológica completa",75.71,34.18,284,-16,34.50,51.28,119,-8,93.95,62.22,82,1,80.86,82.42,217,-45,40.82,85.83,193,-192,0.87,94.42,84,-57,3.08,87.95,21,-11,18.78,41.92,366,-35,134.72,78.62,69,48,64.48,51.01,85,-10,99.14,57.97,122,-6,91.09,47.10,38,8,51.63,59.97,77,7,24.87,28.07,79,-11,13.39,14.30,287,-29,6.90,54.24,20,-1,5.30,49.02,84,-2,4.30,67.86,192,-3,568.84,75.10,67,-14,8.11,91.00,80,-15,33.33,65.54,298,80,40.04,86.60,120,1,19.06,85.84,253,49,14.64,84.98,271,20,,0.00,408,-254,46.16,53.00,305,-43,49.52,50.48,295,-18,,0.00,385,-177,96.24,46.76,30,-5,100.00,100.00,1,0,0.00,100.00,1,0,0.05,83.41,196,10,15.46,16.05,325,-10,0.00,100.00,1,0,0.00,100.00,1,0,0.27,66.25,25,116,22.67,80.46,46,9,40.31,36.48,105,3,3.74,67.74,205,-109,R$ 14.35,0.66,107,13,2.03,16.16,81,4,"R$ 25,535.05",14.45,59,-1,"R$ 52,635.31",5.81,179,4,13.50,59.03,109,116,2.03,58.68,155,8,"R$ 3,389.44",36.80,124,-9,3.37,24.90,346,-295,12.22,31.95,147,137,112.56,61.49,19,-3,27.95,50.87,87,-22,106.19,45.59,199,-18,56.41,19.71,357,0,30.62,40.84,183,-47,66.98,58.36,388,-13,80.06,60.60,416,-9,38.38,344,-80,71.33,237,-111,54.42,144,-13,73.27,178,-86,41.28,85,-9,58.24,52,-9,84.40,126,132,44.28,384,-250,66.45,248,40,62.45,66,-4,24.42,109,-1,48.10,40,14,45.02,415,-10,51.01,224,-125,54.14,309,-139,59.79,235,-161,39.65,124,9
3529302,76.71,27.57,329,-11,1.89,6.74,369,-177,41.26,71.63,99,-33,60.25,35.16,398,-19,9.17,74.23,202,-27,2.43,68.98,217,-53,93.49,92.55,122,9,28.80,71.71,298,-79,55.61,49.14,231,-83,47.62,48.04,374,"Não comparável, alteração metodológica completa",106.94,54.04,79,4,44.47,66.39,47,-3,87.34,53.51,211,-101,88.59,91.56,36,18,259.40,9.92,421,-420,0.96,93.49,109,69,4.25,78.97,134,-106,10.38,78.77,69,163,178.62,58.58,288,-70,63.04,49.05,97,1,101.78,62.34,72,-6,91.55,47.51,34,32,58.02,67.39,51,5,25.46,28.74,75,-18,21.89,23.43,186,-23,6.50,47.46,67,-1,5.50,52.94,38,-1,4.60,78.57,70,-1,557.92,68.00,122,74,4.94,95.04,32,-3,71.43,26.16,396,-21,30.98,89.99,67,-65,13.58,90.03,173,24,2.96,97.07,68,-5,98.18,98.10,94,-3,30.27,69.64,159,3,34.05,65.95,181,-8,98.18,98.18,40,-14,80.00,38.87,96,-6,100.00,100.00,1,0,0.00,100.00,1,0,0.04,83.69,144,24,12.29,12.76,348,-17,0.00,100.00,1,0,0.00,100.00,1,0,0.00,62.51,118,187,21.84,81.65,37,0,47.61,44.26,49,-22,-9.29,51.33,414,-146,R$ 28.40,1.30,95,17,0.66,5.16,316,-5,"R$ 13,800.21",7.73,159,54,"R$ 96,754.27",12.02,35,37,23.58,74.48,13,76,2.21,63.28,117,-27,"R$ 3,721.02",42.29,70,18,10.88,34.48,24,173,21.80,58.42,23,9,42.14,22.11,270,17,17.53,22.38,392,-1,109.24,47.96,145,-4,69.30,45.01,95,44,32.17,43.00,154,6,97.03,96.87,112,-5,97.49,96.30,133,-23,35.27,386,-112,67.20,307,-173,62.18,27,-5,56.52,382,-277,45.10,52,-6,57.89,55,20,83.34,145,-54,88.80,42,-7,65.06,291,48,57.97,139,-107,25.50,93,35,34.30,191,37,65.83,28,30,53.73,138,-91,50.54,365,-180,66.41,81,-67,41.27,84,8
3529401,66.95,41.62,219,21,2.51,9.17,334,-92,35.22,79.00,34,174,64.43,33.66,405,4,8.08,78.19,161,25,2.58,66.83,245,30,98.20,97.94,22,1,33.90,66.46,336,-115,59.33,53.94,177,-3,76.63,77.31,198,"Não comparável, alteração metodológica completa",70.61,30.94,304,1,48.76,72.91,26,-2,84.02,49.16,265,-131,82.69,84.59,170,-10,0.00,100.00,1,321,3.32,69.08,386,-16,8.92,43.13,397,8,13.69,64.22,191,98,151.74,70.85,158,-49,55.91,39.36,188,-16,93.16,48.09,279,-9,79.59,36.76,165,-130,38.18,44.35,176,-13,8.11,9.15,260,-22,5.74,6.10,383,-6,6.10,40.68,150,-3,5.10,45.10,133,-3,4.40,71.43,148,-2,530.43,50.13,252,19,8.15,90.94,82,-57,53.33,44.87,356,43,19.70,94.21,13,0,2.79,98.30,17,6,10.86,88.88,192,46,96.45,96.29,150,-9,36.22,63.41,220,22,42.20,57.80,240,15,91.29,91.29,103,-16,82.74,40.20,81,-34,100.00,100.00,1,0,0.00,100.00,1,0,0.03,84.02,63,12,18.65,19.36,290,7,0.00,100.00,1,364,0.00,100.00,1,313,-0.15,60.44,236,-19,22.67,80.46,47,-2,25.93,21.18,282,10,6.99,71.85,55,-2,R$ 0.00,0.00,241,-11,0.51,3.99,347,-11,"R$ 8,116.13",4.47,270,9,"R$ 59,773.04",6.82,138,31,3.69,44.00,353,-268,3.11,86.69,19,-1,"R$ 3,577.65",39.92,87,-12,3.75,25.40,326,-121,5.96,14.66,363,-24,33.37,17.20,314,1,25.78,44.93,133,-18,103.23,43.29,236,38,62.79,32.22,219,43,25.42,33.61,252,-8,71.18,63.74,366,-10,95.77,92.78,272,16,40.86,312,26,76.17,150,-9,52.95,172,-52,73.91,164,141,28.48,264,-55,48.85,179,-2,86.64,77,64,86.22,78,-23,66.74,242,66,59.83,107,-21,24.93,102,-10,25.60,298,-34,53.13,374,7,52.63,172,20,57.75,228,20,64.57,136,26,36.76,205,-23
3530607,50.56,65.26,48,3,4.81,18.20,204,135,34.42,79.98,25,16,10.41,53.00,251,9,4.56,91.03,20,18,1.89,76.63,128,24,83.66,81.29,285,-23,82.40,16.56,419,-168,52.76,45.46,260,-85,79.14,79.85,174,"Não comparável, alteração metodológica completa",34.50,7.98,418,-10,36.21,53.86,95,1,90.22,57.30,154,-53,81.79,83.53,194,-14,0.00,100.00,1,358,0.60,97.21,23,-17,3.50,84.73,50,-32,14.71,59.77,237,107,164.67,64.95,225,-144,65.42,52.29,71,-1,95.26,51.56,226,-35,84.19,40.90,115,-2,61.40,71.33,45,-6,33.07,37.33,42,3,20.90,22.35,199,-57,6.30,44.07,105,-2,5.30,49.02,84,-2,4.50,75.00,108,-1,555.21,66.23,127,-15,4.91,95.08,30,26,68.06,29.65,391,-71,35.30,88.38,93,-10,14.95,88.98,193,1,17.41,82.10,305,-7,92.25,91.91,223,8,47.34,51.77,315,-3,28.22,71.78,130,94,82.99,82.99,161,-15,62.21,30.23,164,-9,100.00,100.00,1,0,0.00,100.00,1,0,0.02,84.07,52,11,43.76,45.43,122,-4,0.00,100.00,1,219,0.00,100.00,1,229,-0.19,59.83,260,-169,32.05,67.02,139,-2,35.06,30.90,175,10,3.89,67.94,197,-108,R$ 0.66,0.03,174,-14,1.17,9.24,187,-44,"R$ 10,379.33",5.77,216,8,"R$ 57,745.81",6.53,150,22,14.84,61.09,88,58,2.31,65.93,97,-6,"R$ 3,158.21",32.98,181,-22,3.80,25.46,322,-120,11.32,29.47,181,-60,78.34,42.35,80,31,23.75,39.39,182,13,106.14,45.55,201,-19,57.47,21.80,337,11,33.72,45.15,135,14,54.38,42.20,415,-2,97.15,95.61,172,48,54.11,53,39,67.22,306,-29,44.66,333,-41,78.12,98,146,45.50,48,-5,54.57,97,-5,81.18,194,-81,82.42,133,-2,74.12,91,3,57.09,156,-28,22.84,152,-3,37.07,138,3,50.06,402,-7,54.30,124,11,60.38,167,24,67.03,69,15,37.06,196,6
3530706,67.12,41.39,223,7,3.55,13.27,286,-23,35.04,79.22,31,65,37.41,43.33,366,-12,6.77,82.98,100,-69,1.24,85.71,32,6,96.92,96.48,43,44,25.50,75.10,262,-129,49.99,41.88,306,-63,69.11,69.73,259,"Não comparável, alteração metodológica completa",54.23,20.52,381,-11,34.39,51.11,120,-8,92.42,60.20,103,-58,87.47,90.24,54,48,61.43,78.67,250,-249,0.86,94.52,78,51,3.95,81.27,101,-19,11.67,73.09,117,-29,134.91,78.54,73,81,58.26,42.55,158,-17,102.03,62.75,68,7,85.86,42.39,95,-55,55.97,65.01,61,3,17.20,19.41,123,-14,21.74,23.26,188,-23,6.70,50.85,38,-1,5.50,52.94,38,-1,4.20,64.29,220,-3,566.06,73.29,80,82,6.26,93.36,54,18,72.22,25.34,398,-9,24.40,92.45,30,7,18.78,86.05,249,-96,20.21,79.20,332,-77,97.14,97.01,127,47,42.30,57.05,275,-28,49.67,50.33,297,-107,97.14,97.14,55,15,85.49,41.54,70,-4,100.00,100.00,1,300,0.00,100.00,1,0,0.04,83.61,157,53,15.36,15.95,327,1,0.00,100.00,1,0,0.00,100.00,1,0,-0.07,61.53,185,-41,23.16,79.76,53,6,36.48,32.41,158,-6,1.69,65.16,315,-83,R$ 0.78,0.04,169,-18,0.58,4.51,335,-10,"R$ 15,136.13",8.49,136,5,"R$ 61,395.03",7.05,126,38,15.29,61.77,80,173,2.15,61.75,131,29,"R$ 3,301.01",35.34,142,-7,4.80,26.74,258,-94,13.17,34.59,120,-4,33.56,17.31,313,9,19.03,26.49,349,-51,107.71,46.77,174,24,57.20,21.27,344,5,31.17,41.61,173,0,67.28,58.74,386,0,95.89,93.01,266,40,44.30,244,13,76.90,136,-121,50.47,230,-59,78.99,87,-28,41.23,86,-16,57.53,61,23,79.40,239,-43,87.06,68,9,65.81,267,33,59.97,104,1,22.34,168,28,26.13,292,-15,52.28,376,12,53.64,140,-39,59.89,183,-116,66.99,71,-19,35.60,248,14
3530805,59.26,52.72,123,-18,3.94,14.78,260,-81,36.77,77.11,39,0,8.41,53.71,239,11,10.43,69.64,249,-7,1.34,84.40,40,-1,94.17,93.32,100,66,28.20,72.33,293,-155,55.18,48.58,237,-71,68.61,69.22,265,"Não comparável, alteração metodológica completa",69.60,30.30,312,0,34.55,51.35,115,-7,87.59,53.85,206,-19,83.94,86.07,135,-60,114.68,60.18,362,-17,1.11,91.93,139,-62,3.88,81.81,94,-53,19.50,38.76,379,-297,150.82,71.27,151,15,64.04,50.41,89,15,96.28,53.24,201,15,94.96,50.58,20,0,48.72,56.59,96,-18,18.39,20.76,117,-13,10.85,11.58,324,-74,6.60,49.15,50,-1,5.30,49.02,84,-2,4.50,75.00,108,-1,577.21,80.53,35,25,5.23,94.67,35,58,79.17,18.16,406,-60,26.96,91.50,42,152,17.79,86.80,230,92,7.83,92.02,137,33,89.40,88.93,250,-6,47.40,51.71,318,-13,39.30,60.70,221,-8,84.99,84.99,144,-10,109.69,53.30,9,-5,100.00,100.00,1,244,0.00,100.00,1,0,0.04,83.73,134,8,6.14,6.37,401,0,0.00,99.70,230,-229,0.00,99.04,238,-237,0.16,64.64,43,205,18.76,86.07,23,-1,51.14,48.01,33,8,7.38,72.34,42,-3,R$ 0.00,0.00,241,-9,0.87,6.84,249,-10,"R$ 14,456.87",8.10,145,16,"R$ 87,434.03",10.71,50,7,10.59,54.58,195,-134,2.34,66.75,95,26,"R$ 3,531.77",39.16,92,-19,2.45,23.73,380,-166,13.33,35.02,117,-44,38.27,19.95,286,3,29.03,53.82,73,-20,97.59,38.91,295,-57,56.89,20.64,350,-199,37.97,51.06,84,-5,71.76,64.48,364,-3,95.76,92.75,273,-29,49.58,120,-41,73.75,192,-106,50.95,216,-17,62.76,332,-126,38.35,119,-30,58.65,48,5,80.66,210,25,84.15,108,-26,63.37,353,41,69.31,15,-3,23.52,134,0,36.26,148,-61,53.57,368,-125,54.08,130,-76,61.14,144,-88,63.63,158,-34,39.87,117,-46
3534401,36.20,85.95,6,-2,4.20,15.79,245,112,43.00,69.51,129,-32,21.26,49.11,314,-13,14.98,53.07,346,-15,2.31,70.72,191,35,97.95,97.66,30,61,25.60,75.00,263,12,60.28,55.18,164,4,78.03,78.73,183,"Não comparável, alteração metodológica completa",61.38,25.07,351,31,46.59,69.62,36,-1,88.97,55.66,174,-10,76.07,76.77,294,26,50.83,82.35,218,-18,0.68,96.38,40,64,4.99,73.29,216,-1,15.38,56.83,269,-20,157.95,68.02,190,-53,66.49,53.75,59,9,100.49,60.20,90,-11,85.74,42.29,97,-69,47.42,55.08,108,2,12.87,14.52,170,-15,13.49,14.41,285,14,6.30,44.07,105,-2,4.90,41.18,187,-3,4.20,64.29,220,-3,547.94,61.51,162,7,8.19,90.89,84,-6,46.55,51.88,343,-41,30.85,90.04,66,-24,11.10,91.94,135,-26,10.34,89.43,175,13,100.00,100.00,1,0,30.93,68.95,174,0,29.65,70.35,145,2,99.81,99.81,13,-2,40.45,19.66,231,-13,100.00,100.00,1,0,0.00,100.00,1,0,0.01,84.42,11,5,5.37,5.57,406,-7,0.00,100.00,1,0,0.00,100.00,1,0,0.03,62.91,95,177,33.02,65.63,151,3,37.42,33.41,146,20,7.02,71.88,54,56,R$ 0.38,0.02,193,-21,2.39,19.04,62,-12,"R$ 1,051,934.00",100.00,1,0,"R$ 163,878.10",21.46,13,6,6.47,48.27,314,-86,2.73,76.87,52,-1,"R$ 4,643.00",57.54,16,-2,6.82,29.31,109,230,7.13,17.90,324,-42,55.82,29.76,207,28,34.42,68.57,27,7,112.27,50.31,123,-62,56.37,19.63,360,2,33.89,45.38,133,10,58.69,47.73,407,-1,97.31,95.93,156,25,55.09,41,19,73.96,186,4,51.31,209,43,72.22,193,-41,37.63,128,-20,49.38,172,-16,85.29,108,-53,87.66,57,-10,63.27,357,38,59.10,117,22,44.88,3,4,38.74,118,1,51.80,384,-8,58.17,24,12,64.11,85,12,65.14,113,1,47.40,13,0
3534708,66.91,41.69,217,-190,4.32,16.30,233,-67,44.39,67.82,154,-140,27.19,46.99,338,-110,7.63,79.84,141,-74,2.63,66.20,251,-158,90.99,89.68,179,-18,25.90,74.69,266,-115,50.66,42.75,297,-117,56.73,57.24,345,"Não comparável, alteração metodológica completa",72.86,32.37,295,101,20.19,29.56,250,-6,86.12,51.91,230,-41,84.62,86.87,118,76,0.00,100.00,1,314,0.88,94.31,86,-12,4.87,74.21,204,-182,9.27,83.63,39,218,175.29,60.10,275,-41,57.99,42.18,164,10,96.30,53.28,199,-15,86.40,42.88,88,-32,40.27,46.78,158,-5,16.17,18.25,131,-13,14.25,15.22,277,-57,6.20,42.37,131,-2,5.60,54.90,21,0,4.70,82.14,46,-1,550.32,63.06,153,5,8.42,90.60,87,-35,25.00,74.16,268,-71,51.29,82.40,171,-140,29.94,77.49,342,-81,24.04,75.24,363,34,,0.00,408,-287,63.33,35.03,380,-23,67.16,32.84,382,-32,,0.00,385,-334,77.34,37.58,107,58,100.00,100.00,1,190,0.00,100.00,1,0,0.11,82.02,323,10,4.80,4.99,412,-14,0.00,100.00,1,0,0.00,100.00,1,0,-0.01,62.37,134,168,27.02,74.22,88,-1,39.57,35.70,115,12,3.57,67.53,215,-116,R$ 0.39,0.02,192,-8,0.56,4.36,341,-144,"R$ 17,855.79",10.05,109,-8,"R$ 47,155.54",5.04,201,21,9.85,53.44,218,-31,1.74,51.01,223,5,"R$ 3,197.78",33.63,168,-18,4.51,26.36,276,-264,14.40,37.98,97,-18,108.15,59.02,22,-2,27.07,48.45,104,-15,106.77,46.04,187,-37,60.59,27.91,268,-96,38.94,52.41,70,-22,98.10,98.26,68,-15,98.30,97.97,58,7,43.20,274,-258,69.92,265,-15,47.50,286,59,81.85,55,181,34.50,164,-12,56.63,77,-7,81.14,196,-91,41.28,391,-289,62.34,382,20,60.35,96,-11,19.99,241,-52,48.48,39,-2,64.52,51,-26,51.22,219,-140,55.98,273,-187,57.46,283,-120,41.86,72,-21
3536505,71.01,35.78,266,-25,9.24,35.61,55,198,41.50,71.34,100,-30,-0.41,56.87,180,-69,6.10,85.42,71,-26,1.51,82.00,65,-13,95.75,95.14,65,-10,80.20,18.83,418,-7,58.22,52.51,192,-67,60.43,60.96,326,"Não comparável, alteração metodológica completa",89.24,42.78,190,29,49.79,74.47,23,-5,93.66,61.83,84,-13,89.63,92.79,25,23,0.00,100.00,1,278,1.61,86.76,233,36,3.34,85.96,40,-15,10.06,80.15,59,-39,110.72,89.58,13,22,77.58,68.84,8,-1,101.58,62.01,75,-8,78.96,36.19,173,-51,75.79,88.04,14,5,8.97,10.12,243,-49,39.62,42.44,56,-8,6.30,44.07,105,-2,5.20,47.06,104,-3,4.60,78.57,70,-1,559.89,69.28,110,-58,6.05,93.63,46,-22,58.82,39.19,370,10,33.87,88.91,88,15,9.51,93.16,108,48,8.74,91.08,154,2,100.00,100.00,1,0,22.43,77.85,76,-7,14.00,86.00,39,-9,100.00,100.00,1,0,82.61,40.14,82,-2,100.00,100.00,1,0,0.00,100.00,1,0,0.07,83.08,246,-3,5.60,5.82,405,-3,0.00,100.00,1,0,0.00,100.00,1,0,-0.08,61.35,190,169,18.68,86.17,22,1,64.84,62.59,13,0,4.33,68.49,172,-132,R$ 0.18,0.01,213,-13,0.86,6.80,250,24,"R$ 16,764.72",9.43,120,13,"R$ 606,740.80",83.73,3,-2,-4.86,30.90,401,-355,3.21,89.44,12,1,"R$ 5,426.57",70.51,3,0,7.89,30.67,61,254,9.68,24.94,230,108,34.21,17.67,310,4,21.71,33.81,246,-63,139.49,71.46,13,-3,52.31,11.67,406,-106,42.17,56.90,29,6,82.30,77.99,297,1,98.66,98.70,19,40,49.90,113,77,65.11,333,-4,62.75,25,3,89.20,8,70,50.39,19,-4,55.02,91,-17,84.68,119,33,91.34,8,-2,62.74,375,29,71.86,7,-6,37.78,11,0,25.47,299,10,63.34,73,-23,59.37,16,2,57.17,245,45,72.15,4,9,46.30,16,-6
3538006,71.32,35.33,273,-19,2.68,9.84,328,-12,47.72,63.76,231,-8,0.24,56.64,184,-71,18.99,38.44,381,-11,1.90,76.39,131,-45,96.24,95.70,56,149,37.90,62.35,358,-96,58.20,52.49,193,-65,66.03,66.62,289,"Não comparável, alteração metodológica completa",56.96,22.26,373,-30,26.73,39.49,194,-7,82.52,47.18,291,-55,86.00,88.50,91,-20,0.00,100.00,1,0,0.70,96.17,45,6,4.04,80.58,109,38,12.50,69.45,149,19,164.38,65.08,224,-122,54.19,37.02,212,6,98.04,56.15,151,39,87.80,44.14,69,27,20.50,23.82,274,2,21.10,23.82,94,-8,25.54,27.34,148,-55,6.50,47.46,67,-1,5.50,52.94,38,-1,4.60,78.57,70,-1,552.10,64.22,144,17,16.28,80.58,199,-137,56.25,41.85,362,42,83.45,70.37,282,-100,11.04,91.98,133,-38,3.13,96.89,70,-6,100.00,100.00,1,59,34.15,65.58,197,-18,22.43,77.57,94,0,98.87,98.87,30,11,92.09,44.75,46,5,96.33,93.43,305,13,0.00,100.00,1,0,0.03,83.83,105,-31,30.59,31.76,184,9,0.00,100.00,1,0,0.00,100.00,1,0,-0.04,61.93,163,-25,32.43,66.47,144,8,30.07,25.59,241,-2,2.86,66.64,260,-206,R$ 0.00,0.00,241,-9,1.03,8.17,212,-30,"R$ 9,662.54",5.36,233,3,"R$ 82,662.43",10.04,58,-22,-0.33,37.85,388,-377,2.60,73.42,64,-4,"R$ 3,782.67",43.31,62,-20,2.63,23.96,375,-128,14.55,38.38,92,0,49.40,26.17,240,8,28.30,51.84,83,-27,102.84,42.99,246,5,67.91,42.28,117,67,27.72,36.81,221,-63,53.50,41.07,417,-21,96.71,94.69,218,-2,41.39,304,-6,65.61,326,-156,44.48,338,-61,80.22,66,-6,33.30,180,-9,57.26,66,-4,79.18,243,-29,88.99,37,14,70.44,148,39,54.86,186,-62,23.86,125,-48,38.79,117,-33,51.57,386,-41,52.80,164,-58,52.97,326,-81,66.20,87,-7,37.83,172,-62
3538709,53.31,61.29,68,-12,4.89,18.53,203,-25,39.67,73.57,75,0,-20.39,64.02,56,-1,4.38,91.69,16,-6,1.70,79.29,98,-11,98.06,97.78,27,1,55.10,44.65,406,-4,51.59,43.94,281,-98,72.49,73.14,236,"Não comparável, alteração metodológica completa",64.69,27.17,336,23,52.73,78.93,13,2,93.14,61.15,96,115,83.95,86.08,134,4,22.45,92.20,151,15,1.44,88.52,207,197,3.65,83.58,65,-24,11.67,73.07,119,9,140.03,76.20,92,-2,71.66,60.78,26,-2,99.67,58.85,108,-7,84.15,40.86,117,-62,51.73,60.09,75,0,42.44,47.91,26,-7,43.84,46.96,40,28,6.50,47.46,67,-1,5.40,50.98,64,-2,4.60,78.57,70,-1,571.44,76.79,55,52,7.75,91.46,78,-4,29.17,69.85,289,36,45.76,84.47,146,-35,20.96,84.37,273,-28,17.72,81.79,307,-18,92.23,91.88,224,-151,50.91,48.03,336,10,47.81,52.19,283,4,99.69,99.69,15,7,119.55,58.09,5,-3,97.86,96.17,271,-8,0.00,100.00,1,0,0.02,84.08,46,16,10.89,11.31,365,-3,0.00,100.00,1,0,0.00,100.00,1,0,-0.19,59.84,259,-130,20.04,84.23,29,1,43.91,40.32,81,1,3.76,67.78,203,-102,R$ 63.35,2.90,73,-15,1.48,11.79,144,2,"R$ 25,574.10",14.47,58,-9,"R$ 104,770.10",13.15,25,7,5.44,46.69,330,-273,2.78,78.08,47,0,"R$ 4,003.17",46.96,38,-10,4.26,26.04,295,-180,12.84,33.66,129,4,56.97,30.40,204,20,25.68,44.68,135,-21,115.46,52.79,97,-10,55.75,18.41,365,5,40.59,54.70,42,30,67.18,58.60,387,1,95.28,91.77,295,8,54.35,49,-3,73.72,193,-147,56.94,94,80,81.60,56,51,52.39,14,-2,58.71,47,8,83.97,136,17,87.08,67,-41,64.37,315,21,64.63,45,-3,28.46,54,-17,36.25,149,-10,55.26,329,23,58.10,25,-8,63.61,96,-66,70.42,11,12,41.60,78,-15
3539806,67.37,41.03,227,7,2.07,7.45,363,-212,45.94,65.93,197,-25,-17.22,62.88,67,-5,7.05,81.95,115,-6,3.19,58.30,345,-12,90.45,89.07,184,5,36.80,63.48,356,-83,56.48,50.26,214,-67,66.67,67.27,283,"Não comparável, alteração metodológica completa",27.13,3.29,422,-10,32.67,48.50,131,10,101.55,72.20,12,-3,68.97,68.37,368,-32,0.00,100.00,1,0,0.80,95.14,66,5,5.63,68.38,278,-104,22.73,24.58,407,-81,172.45,61.39,266,-40,59.74,44.57,141,-8,110.25,76.34,14,-2,106.04,60.54,7,22,43.50,50.53,138,-13,23.00,25.96,86,-8,31.52,33.75,105,-33,6.20,42.37,131,-2,5.40,50.98,64,-2,4.40,71.43,148,-2,523.36,45.54,285,46,9.40,89.36,103,-69,37.50,61.24,317,36,21.23,93.64,17,-5,0.94,99.72,5,5,7.71,92.15,135,-5,100.00,100.00,1,0,28.62,71.37,138,18,18.35,81.65,68,7,100.00,100.00,1,0,84.79,41.20,77,-7,100.00,100.00,1,0,0.00,100.00,1,0,0.04,83.78,119,-31,5.18,5.37,407,-11,0.00,100.00,1,0,0.00,100.00,1,0,-0.10,61.15,199,-186,47.44,44.95,282,-1,33.40,29.13,197,1,1.19,64.53,331,-64,R$ 0.00,0.00,241,-9,2.26,17.98,68,15,"R$ 7,561.10",4.16,279,11,"R$ 44,434.64",4.66,217,27,14.61,60.74,91,113,2.27,64.93,107,-3,"R$ 2,719.56",25.72,281,-12,5.16,27.19,233,-134,11.40,29.70,177,-11,30.90,15.82,327,5,14.72,14.72,419,-19,116.79,53.83,89,31,65.07,36.70,173,53,31.03,41.41,176,-12,83.31,79.29,288,-4,98.36,98.09,48,101,44.32,243,-87,70.85,246,-190,44.64,334,-49,65.94,288,-144,46.24,40,-3,50.61,149,3,89.31,33,6,90.86,16,-4,62.78,373,-151,48.82,280,3,23.01,148,27,20.08,379,-17,61.86,123,38,52.41,176,-76,57.01,248,-170,65.91,95,-56,35.07,271,-8
3541000,41.74,77.96,15,-3,3.53,13.16,288,-19,46.89,64.77,221,-1,-7.64,59.46,123,17,5.15,88.90,34,-2,2.32,70.47,193,-83,91.18,89.90,171,-45,40.00,60.19,367,-41,51.97,44.45,273,-85,77.35,78.04,189,"Não comparável, alteração metodológica completa",105.31,53.00,85,-6,33.51,49.77,127,-3,90.38,57.51,151,260,83.79,85.89,137,15,104.90,63.57,347,-128,0.74,95.76,55,45,3.58,84.11,61,32,17.57,47.20,336,-157,172.42,61.41,264,-132,66.63,53.94,56,-10,103.52,65.22,53,-2,83.62,40.38,124,-57,55.85,64.88,62,-5,6.76,7.62,297,-61,22.37,23.94,182,-8,6.10,40.68,150,-3,5.20,47.06,104,-3,4.40,71.43,148,-2,536.70,54.20,214,77,5.47,94.37,39,71,60.78,37.17,373,-277,38.06,87.35,108,6,18.33,86.40,244,6,11.97,87.74,213,-74,99.24,99.21,66,58,32.77,67.02,191,-37,34.25,65.75,183,-35,87.21,87.21,129,13,74.62,36.26,120,0,100.00,100.00,1,0,0.00,100.00,1,318,0.04,83.79,116,41,68.31,70.91,38,4,0.04,96.51,326,-325,0.02,96.70,321,-320,-0.09,61.26,192,194,26.48,75.00,82,-17,23.68,18.79,310,2,4.73,68.99,149,-40,R$ 0.00,0.00,241,-9,0.63,4.91,326,7,"R$ 8,741.76",4.83,251,8,"R$ 32,567.89",2.99,297,-7,14.14,60.01,98,268,1.49,44.46,271,2,"R$ 3,091.52",31.88,193,-8,4.83,26.78,253,-69,9.34,24.00,243,31,35.14,18.19,303,4,20.86,31.49,280,-64,142.83,74.06,11,27,57.08,21.03,347,0,52.96,71.91,7,-1,69.80,61.97,373,-9,98.86,99.10,11,37,53.84,55,12,75.18,167,-129,59.45,59,212,63.90,322,-182,40.56,90,-15,50.18,156,15,81.97,179,-137,86.16,79,60,80.55,27,11,56.36,166,-22,18.21,292,8,24.56,312,-5,65.61,32,71,54.62,117,-32,64.05,87,-49,67.09,67,-10,35.95,232,20
3541406,52.46,62.52,62,5,1.69,5.93,378,8,43.84,68.49,141,151,-1.91,57.41,167,52,6.64,83.46,93,-3,1.02,88.80,11,18,93.52,92.58,119,-49,17.70,83.13,200,213,63.79,59.70,117,-30,64.63,65.21,302,"Não comparável, alteração metodológica completa",62.71,25.92,347,-12,40.79,60.82,68,-1,95.29,63.97,62,5,89.87,93.08,23,3,85.84,70.19,309,-99,1.22,90.80,160,24,3.76,82.73,83,-55,6.87,94.17,7,211,144.78,74.03,117,-7,66.10,53.22,63,10,100.03,59.44,98,17,84.87,41.51,109,-37,45.95,53.37,119,20,25.97,29.31,70,-22,15.13,16.17,267,-62,6.60,49.15,50,-1,5.10,45.10,133,-3,4.30,67.86,192,-3,565.60,72.99,83,67,16.23,80.63,197,-82,7.32,92.44,130,1,37.78,87.45,106,29,18.80,86.04,250,74,12.95,86.72,238,59,100.00,100.00,1,0,22.38,77.90,75,2,17.28,82.72,60,5,100.00,100.00,1,0,99.82,48.50,21,-1,97.62,95.74,278,-277,0.00,100.00,1,0,0.05,83.44,192,19,7.68,7.97,387,-13,0.00,100.00,1,0,0.00,100.00,1,0,0.05,63.11,90,146,24.83,77.36,67,-3,40.51,36.70,104,0,2.98,66.79,253,-177,R$ 70.84,3.24,68,7,1.72,13.72,115,9,"R$ 32,209.88",18.27,34,-2,"R$ 51,480.93",5.65,182,6,12.31,57.21,141,167,1.87,54.47,194,13,"R$ 3,124.74",32.42,189,-26,2.88,24.29,366,-195,12.98,34.06,125,74,90.27,49.03,42,-1,26.93,48.08,110,-13,119.69,56.08,68,-12,56.99,20.85,348,-128,39.78,53.58,59,-8,87.69,84.91,260,-5,97.10,95.51,179,-20,48.58,148,99,78.41,105,142,55.61,117,-14,80.92,62,63,40.33,95,-10,54.89,93,14,85.71,97,17,91.14,10,-7,63.71,341,26,61.21,80,-22,23.74,130,-4,43.72,68,18,62.19,108,-51,57.45,38,35,62.85,112,150,68.77,33,16,42.11,66,-8
3543303,66.19,42.73,204,-24,6.24,23.82,133,-10,35.16,79.07,32,11,10.85,52.84,256,13,6.18,85.13,75,9,2.44,68.91,219,72,91.71,90.51,155,48,56.50,43.21,410,-2,55.82,49.41,225,95,79.96,80.67,167,"Não comparável, alteração metodológica completa",47.84,16.46,404,-11,47.36,70.78,33,12,85.80,51.49,232,-88,79.57,80.90,233,-8,0.00,100.00,1,0,0.85,94.62,74,-29,5.60,68.61,275,-145,11.35,74.49,102,-45,124.33,83.37,40,44,58.38,42.72,154,-23,97.61,55.45,166,-16,82.95,39.78,133,-26,51.69,60.04,76,5,18.68,21.08,113,-3,18.31,19.58,222,-39,6.60,49.15,50,-1,5.50,52.94,38,-1,4.70,82.14,46,-1,539.77,56.20,198,62,6.73,92.76,62,-45,50.00,48.31,349,15,4.21,100.00,1,38,4.21,97.22,34,12,7.82,92.04,136,25,90.69,90.28,236,33,27.38,72.67,124,76,15.26,84.74,48,49,82.75,82.75,162,0,52.18,25.35,192,-16,100.00,100.00,1,0,0.00,100.00,1,0,0.03,83.89,87,15,52.18,54.17,91,3,0.00,100.00,1,274,0.00,100.00,1,202,0.00,62.45,123,-13,22.33,80.95,44,6,25.83,21.08,284,15,7.21,72.12,45,153,R$ 0.00,0.00,241,-9,0.64,5.06,318,-49,"R$ 4,068.11",2.16,372,-46,"R$ 41,997.84",4.32,235,16,4.02,44.51,351,-191,2.58,72.96,66,32,"R$ 3,234.68",34.24,157,121,1.48,22.50,398,-38,8.30,21.14,268,-31,28.95,14.73,338,12,22.36,35.61,223,29,102.81,42.96,247,12,62.74,32.12,221,-105,29.57,39.38,196,22,96.58,96.30,125,51,96.98,95.25,195,66,49.61,118,-23,72.55,211,-3,47.93,279,-43,85.09,28,-5,38.53,115,-8,57.09,70,13,88.62,39,24,83.35,123,15,76.94,55,19,60.06,100,45,21.43,194,60,23.83,328,6,61.20,145,-38,55.20,93,9,60.58,158,-17,69.33,23,3,36.76,206,25
3543402,43.35,75.65,19,3,2.53,9.23,333,-26,43.25,69.21,133,4,5.06,54.91,215,-79,5.69,86.94,51,9,1.16,86.84,23,3,95.17,94.47,81,-47,45.00,55.04,381,-30,68.91,66.32,73,-50,73.31,73.96,226,"Não comparável, alteração metodológica completa",53.42,20.01,385,-10,47.60,71.15,32,-4,76.70,39.53,374,-146,87.76,90.59,48,-16,28.49,90.11,166,-10,0.70,96.17,45,11,3.24,86.72,31,7,12.39,69.92,144,135,125.09,83.02,42,9,65.53,52.44,70,4,98.22,56.45,147,6,80.55,37.62,156,30,49.11,57.04,91,10,9.52,10.75,232,-21,15.31,16.36,260,-76,5.90,37.29,200,-4,4.70,37.25,254,-3,3.90,53.57,310,-4,582.23,83.80,20,2,7.00,92.41,63,21,56.03,42.08,360,-54,36.25,88.02,98,-7,20.87,84.45,271,-39,25.55,73.68,372,-7,99.65,99.63,48,-9,36.82,62.78,228,28,49.05,50.95,292,-22,98.97,98.97,28,-12,88.01,42.76,63,-32,100.00,100.00,1,0,95.32,4.68,343,-18,0.02,84.04,59,23,7.54,7.82,388,-21,0.00,100.00,1,0,0.00,100.00,1,0,0.01,62.68,107,-15,19.57,84.89,28,-4,46.10,42.64,58,6,3.02,66.84,249,4,R$ 106.83,4.88,54,-14,2.97,23.68,40,-11,"R$ 53,729.85",30.58,9,4,"R$ 74,869.27",8.94,77,25,10.27,54.09,207,17,2.17,62.14,128,-18,"R$ 3,514.04",38.87,99,-8,4.93,26.90,245,-47,8.02,20.36,280,30,70.46,37.94,120,-1,27.41,49.40,93,0,117.96,54.74,82,-37,50.89,8.88,416,-6,42.03,56.71,31,6,68.33,60.08,382,-10,97.14,95.58,174,-2,52.25,79,-4,77.09,133,-115,46.80,297,-96,83.10,43,27,36.37,144,-2,47.74,194,-8,79.64,230,-80,77.95,174,-19,63.77,339,-14,65.09,40,7,29.86,43,-12,35.90,156,1,55.20,333,-7,55.44,84,-41,64.13,83,-60,63.37,166,-37,42.18,63,-9
3543907,59.65,52.15,124,-5,3.96,14.87,258,-41,43.62,68.76,137,43,66.04,33.09,408,-17,15.71,50.40,356,0,2.57,66.99,244,37,91.18,89.91,170,26,48.40,51.54,392,21,63.10,58.81,125,21,58.83,59.36,339,"Não comparável, alteração metodológica completa",47.75,16.40,405,-11,46.53,69.53,37,-6,94.20,62.54,75,-39,86.81,89.45,73,-9,112.30,61.01,358,-357,1.22,90.80,160,-101,3.69,83.27,74,-20,9.55,82.41,43,21,173.12,61.09,270,-35,62.86,48.81,101,-15,96.80,54.10,183,-3,84.19,40.89,116,-95,42.64,49.53,144,1,19.44,21.94,108,-21,18.67,19.97,218,18,6.30,44.07,105,-2,5.40,50.98,64,-2,4.60,78.57,70,-1,568.18,74.67,72,6,21.07,74.46,238,-53,24.14,75.05,267,-100,67.35,76.39,235,-4,27.77,79.16,325,-83,46.59,51.88,415,-46,96.44,96.28,151,-150,38.30,61.23,245,-28,52.03,47.97,306,-106,96.27,96.27,68,-67,95.44,46.38,35,3,100.00,100.00,1,253,0.00,100.00,1,0,0.03,83.92,81,-23,15.55,16.14,324,5,0.00,100.00,1,0,0.00,100.00,1,0,-0.13,60.61,225,-181,20.60,83.42,33,2,42.33,38.64,89,0,3.81,67.83,202,118,R$ 5.53,0.25,122,-30,0.85,6.72,253,-10,"R$ 15,326.17",8.60,134,3,"R$ 76,592.55",9.18,73,0,11.16,55.46,177,-25,2.33,66.26,96,-7,"R$ 3,669.31",41.44,76,-7,4.42,26.25,281,-242,8.96,22.95,249,-26,47.62,25.17,247,-2,21.00,31.89,273,-54,104.34,44.15,223,-31,53.92,14.83,393,-11,31.19,41.63,172,51,64.74,55.48,395,-11,97.26,95.83,160,104,42.22,291,-59,62.51,356,48,52.81,175,-52,71.94,198,-134,37.46,133,-29,57.22,69,-3,72.94,336,-153,87.34,62,-41,65.82,265,-22,63.94,50,29,23.93,121,-31,26.67,286,-34,50.38,398,1,51.51,208,-24,51.92,342,37,64.76,126,-97,36.58,213,-17
3545209,61.91,48.90,153,9,2.70,9.91,325,-115,45.52,66.44,183,39,-1.65,57.31,170,28,6.61,83.58,89,8,1.12,87.49,16,-1,88.99,87.39,218,35,32.10,68.31,326,-95,47.04,38.08,346,-92,70.25,70.87,251,"Não comparável, alteração metodológica completa",51.20,18.60,393,-6,40.60,60.53,69,2,94.05,62.34,78,29,86.54,89.14,79,0,134.59,53.26,379,-14,0.56,97.62,15,70,3.08,87.95,21,46,16.82,50.48,320,70,139.89,76.26,90,-37,60.44,45.52,131,-6,98.41,56.76,141,40,82.56,39.43,142,-106,45.37,52.70,121,-10,15.93,17.98,134,-8,9.55,10.19,343,-26,6.70,50.85,38,-1,5.40,50.98,64,-2,4.70,82.14,46,-1,563.65,71.72,90,76,3.57,96.79,16,35,28.57,70.47,285,4,27.25,91.39,43,1,12.85,90.60,157,33,4.89,95.07,101,-7,96.86,96.72,140,-84,38.83,60.68,251,-52,19.87,80.13,79,6,95.88,95.88,74,-12,205.80,100.00,1,100,100.00,100.00,1,0,0.00,100.00,1,0,0.02,84.18,28,27,6.50,6.75,397,-5,0.03,97.67,314,-1,0.00,99.00,242,8,-0.12,60.77,220,-190,19.46,85.06,27,0,32.96,28.67,203,17,6.71,71.48,61,154,R$ 0.17,0.01,214,8,0.94,7.42,232,26,"R$ 12,202.30",6.81,181,-6,"R$ 85,609.33",10.45,52,-12,6.25,47.93,317,-195,2.81,79.03,44,4,"R$ 3,467.23",38.09,107,-5,5.38,27.48,216,-75,11.90,31.06,162,67,60.93,32.61,181,17,18.68,25.54,360,-47,105.43,45.00,208,18,54.97,16.88,380,-204,35.16,47.15,116,47,75.78,69.64,339,11,96.92,95.14,202,13,45.64,202,6,74.25,182,84,51.93,198,4,66.56,282,7,35.07,156,-15,59.59,40,11,90.24,26,19,95.07,1,38,62.76,374,-88,63.13,58,40,25.25,97,-10,29.74,245,26,54.76,345,-62,54.74,107,27,59.32,200,51,67.16,65,36,38.60,154,-2
3545803,61.08,50.09,140,-5,3.41,12.71,293,21,51.75,58.84,317,3,26.20,47.34,334,-112,11.16,66.98,267,-35,2.86,62.91,294,-37,93.97,93.10,106,71,33.70,66.67,334,49,50.54,42.59,298,-86,66.60,67.19,284,"Não comparável, alteração metodológica completa",45.28,14.83,407,-1,43.13,64.37,56,-3,82.09,46.62,298,118,89.58,92.73,26,-2,54.56,81.06,230,-5,0.34,99.90,2,1,4.13,79.89,117,-103,13.09,66.85,166,-67,118.27,86.14,26,65,69.94,58.45,35,-13,100.15,59.64,97,8,77.05,34.47,201,-131,73.86,85.80,18,-3,55.04,62.13,11,-2,40.30,43.17,54,10,6.70,50.85,38,-1,5.50,52.94,38,-1,4.40,71.43,148,-2,549.35,62.43,158,75,4.75,95.28,28,-5,10.00,89.66,160,139,26.53,91.66,36,-18,11.09,91.94,134,-16,1.79,98.27,42,-21,99.43,99.40,61,-3,47.21,51.91,314,10,37.76,62.24,213,21,99.05,99.05,25,-4,117.02,56.86,6,3,100.00,100.00,1,0,0.00,100.00,1,0,0.03,83.98,72,20,5.67,5.88,404,0,0.00,100.00,1,0,0.00,100.00,1,0,0.11,63.94,58,-13,14.31,92.45,7,0,34.61,30.42,180,-8,0.05,63.10,358,-103,R$ 0.08,0.00,229,-88,0.53,4.11,345,-17,"R$ 11,387.40",6.35,195,7,"R$ 58,926.47",6.70,144,41,14.48,60.54,92,-2,2.68,75.62,57,6,"R$ 3,158.54",32.98,180,-1,6.69,29.15,119,118,8.03,20.37,279,-38,34.55,17.86,306,22,17.42,22.08,394,-43,103.73,43.68,230,24,57.60,22.04,333,12,36.32,48.76,106,2,66.05,57.16,390,-8,97.57,96.46,122,47,42.25,290,-18,69.14,277,-105,46.67,301,100,80.39,64,20,58.56,5,-1,56.91,71,18,93.43,7,5,90.09,27,-11,63.38,352,-31,62.14,68,-5,24.02,118,36,20.11,378,-23,53.62,367,-5,54.65,113,4,55.11,289,-66,71.44,6,15,35.75,241,-12
3547304,38.05,83.28,9,4,8.52,32.79,70,124,39.30,74.02,70,69,-94.99,90.72,3,1,9.47,73.14,219,9,1.63,80.30,84,48,91.55,90.33,161,-28,36.70,63.58,354,-55,57.00,50.93,209,-70,80.63,81.35,160,"Não comparável, alteração metodológica completa",39.88,11.40,412,-12,44.12,65.86,49,9,87.90,54.25,198,8,83.54,85.60,144,-22,48.83,83.04,215,-214,0.59,97.31,21,-14,3.01,88.49,17,-12,10.25,79.30,61,-13,115.66,87.33,22,-11,74.11,64.11,16,-5,104.76,67.26,37,4,97.40,52.77,16,85,48.45,56.28,102,-11,19.98,22.55,105,0,9.35,9.97,349,-92,6.40,45.76,81,-2,5.50,52.94,38,-1,4.50,75.00,108,-1,539.65,56.12,200,78,3.08,97.42,11,4,28.57,70.47,285,79,20.26,94.00,16,-9,8.62,93.83,96,-62,10.44,89.32,178,61,100.00,100.00,1,0,36.20,63.43,218,26,22.65,77.35,96,54,82.22,82.22,166,12,30.96,15.04,257,7,100.00,100.00,1,231,100.00,0.00,345,-18,0.01,84.31,19,14,40.81,42.36,131,-1,0.00,99.71,228,87,0.00,99.67,190,84,-0.02,62.24,146,24,25.35,76.62,70,-8,54.81,51.92,23,-1,6.48,71.19,68,115,R$ 0.00,0.00,241,-9,6.51,52.04,8,-2,"R$ 4,378.26",2.34,367,10,"R$ 92,978.15",11.49,41,-4,12.17,56.99,149,40,3.06,85.29,23,0,"R$ 3,829.45",44.08,57,-4,4.97,26.95,242,-179,7.26,18.26,315,-37,67.72,36.42,138,-5,27.77,50.39,89,-21,116.59,53.67,90,11,52.18,11.42,408,-8,29.70,39.55,193,11,59.72,49.05,406,-11,84.53,69.76,412,-16,70.20,2,6,75.40,162,-120,47.13,293,-29,85.16,27,-23,42.31,77,0,54.76,94,15,90.90,19,39,72.21,229,1,73.57,97,34,67.24,23,11,33.74,24,-5,35.02,173,-39,44.69,416,-6,58.59,22,-1,72.69,6,2,67.37,55,12,41.64,76,-8
3547809,41.44,78.40,14,3,7.34,28.14,108,75,29.91,85.48,10,195,55.20,36.96,393,-5,16.83,46.30,367,-5,2.33,70.44,194,-44,79.75,76.82,314,-32,28.60,71.91,297,-81,58.69,53.12,188,-44,61.69,62.24,318,"Não comparável, alteração metodológica completa",61.37,25.06,352,-16,55.76,83.54,7,0,82.88,47.66,286,-143,82.29,84.12,178,8,14.31,95.03,139,165,2.53,77.25,337,-38,6.07,65.00,303,-9,11.31,74.68,100,-14,142.11,75.25,101,-36,62.61,48.47,105,-10,96.26,53.21,202,-35,87.74,44.08,71,-14,33.99,39.48,198,-2,15.84,17.88,138,-23,9.35,9.97,348,-59,6.50,47.46,67,-1,5.20,47.06,104,-3,4.30,67.86,192,-3,565.02,72.61,86,7,7.32,92.01,71,-27,78.16,19.20,404,2,40.85,86.30,127,-21,4.49,97.00,39,10,12.15,87.55,214,8,100.00,100.00,1,0,30.94,68.94,175,1,23.42,76.58,101,-1,100.00,100.00,1,0,63.01,30.62,161,-7,100.00,100.00,1,293,0.00,100.00,1,0,0.02,84.06,54,-12,51.57,53.53,93,-4,0.01,99.52,248,-247,0.00,99.46,205,-204,-0.11,60.89,215,55,23.69,79.00,55,2,37.19,33.16,151,3,2.68,66.40,266,-96,R$ 63.21,2.89,74,-5,1.46,11.58,149,2,"R$ 10,818.62",6.02,206,-9,"R$ 49,312.88",5.35,194,-36,1.26,40.29,375,-195,2.46,69.66,81,-2,"R$ 3,271.88",34.86,150,-18,4.63,26.51,266,18,11.74,30.64,168,-4,73.90,39.87,100,58,22.65,36.38,210,-37,101.49,41.94,260,-25,54.07,15.11,391,-1,37.39,50.25,91,3,55.81,44.04,411,-2,94.65,90.49,320,-9,57.25,24,67,63.67,347,-184,52.18,189,-75,79.55,74,94,32.90,187,-26,54.92,92,6,81.58,188,24,89.26,36,10,76.43,62,26,60.50,91,2,23.38,136,-20,35.63,163,7,48.36,407,-3,54.70,110,-7,60.32,171,-60,67.91,46,17,37.16,194,0
3548500,37.18,84.54,7,1,6.29,24.01,131,99,42.01,70.72,111,-7,10.74,52.88,255,-67,18.06,41.84,374,-16,1.20,86.37,26,-1,92.45,91.35,143,-23,32.60,67.80,328,-64,70.70,68.63,63,-46,87.75,88.53,100,"Não comparável, alteração metodológica completa",66.56,28.36,326,5,63.41,95.14,2,0,89.53,56.40,165,-17,82.20,84.01,180,-63,30.33,89.47,171,5,0.88,94.31,86,92,3.72,83.04,78,39,16.68,51.10,310,-271,145.42,73.74,123,-66,73.30,63.01,19,-5,104.61,67.02,40,0,94.94,50.56,21,-5,69.39,80.60,29,-3,28.18,31.81,59,-15,6.75,7.19,372,-16,5.90,37.29,200,-4,5.10,45.10,133,-3,4.50,75.00,108,-1,563.99,71.94,88,7,13.04,84.71,153,-67,37.08,61.67,314,-91,42.49,85.69,136,-36,10.24,92.59,122,4,10.87,88.87,193,-34,99.33,99.30,64,10,5.35,95.73,6,2,15.46,84.54,50,7,98.46,98.46,35,-4,81.91,39.80,85,-1,99.93,99.87,216,-215,100.00,0.00,345,-18,0.02,84.08,47,17,73.92,76.74,25,2,0.00,99.65,238,-237,0.00,99.36,215,-214,-0.05,61.76,174,234,16.94,88.67,17,-4,57.56,54.85,18,3,5.20,69.58,127,17,R$ 3.03,0.14,134,-19,1.36,10.80,164,-7,"R$ 21,269.16",12.00,75,-14,"R$ 73,963.52",8.81,82,19,12.54,57.57,134,204,2.19,62.84,123,8,"R$ 3,837.26",44.21,54,13,4.88,26.84,248,165,14.41,37.99,95,-23,114.15,62.38,18,-8,29.50,55.10,66,-21,143.94,74.93,9,-1,50.08,7.30,419,-6,47.24,63.95,13,-1,54.48,42.33,414,-3,97.60,96.53,117,164,58.04,21,12,74.78,174,-70,58.11,72,-9,74.88,151,-112,48.00,30,-12,51.95,132,-1,84.41,124,-90,80.58,150,-1,83.20,11,9,70.82,11,4,24.98,101,109,51.82,25,-9,57.01,282,48,59.38,15,0,66.04,52,-9,69.61,16,-11,44.60,28,37
3548708,51.43,64.01,52,-3,5.07,19.22,195,-94,32.65,82.13,17,-2,55.00,37.04,392,5,5.28,88.40,37,5,1.46,82.64,59,2,92.93,91.91,133,-63,27.50,73.05,285,-69,77.15,76.96,22,-15,72.73,73.37,231,"Não comparável, alteração metodológica completa",77.74,35.47,265,-1,54.91,82.25,9,1,85.20,50.71,245,-153,86.21,88.75,86,11,54.68,81.01,232,-58,1.82,84.59,269,0,5.57,68.84,272,33,10.66,77.51,79,18,128.83,81.31,56,-32,66.02,53.11,67,-12,98.18,56.38,149,-39,85.24,41.84,104,-42,57.76,67.09,56,10,27.84,31.43,61,-7,17.47,18.68,233,-64,6.70,50.85,38,-1,5.40,50.98,64,-2,4.50,75.00,108,-1,567.78,74.41,75,39,5.47,94.36,40,6,57.41,40.66,364,9,27.88,91.15,48,20,9.16,93.42,104,33,8.24,91.60,147,-45,99.70,99.69,45,39,18.25,82.22,38,25,55.91,44.09,332,-36,96.17,96.17,71,-3,49.78,24.19,195,7,99.98,99.96,213,-44,0.00,100.00,1,0,0.02,84.20,25,5,54.12,56.18,79,1,0.00,100.00,1,288,0.00,100.00,1,329,-0.14,60.47,229,-39,24.11,78.39,59,2,43.02,39.37,85,-6,2.31,65.94,288,-1,R$ 4.26,0.19,128,1,2.25,17.96,69,-8,"R$ 81,304.84",46.37,5,4,"R$ 88,766.77",10.90,47,8,9.62,53.08,228,-127,3.38,93.64,4,2,"R$ 4,196.22",50.15,28,-6,4.99,26.97,241,137,9.68,24.93,231,-56,62.23,33.34,170,8,27.35,49.23,94,-15,120.37,56.61,63,0,56.83,20.52,352,16,30.70,40.95,180,3,57.19,45.80,409,-1,95.18,91.57,300,54,50.60,104,-61,80.58,75,-54,57.23,89,-50,79.30,81,-19,43.62,66,-13,58.84,45,7,85.57,102,17,86.55,71,-11,77.32,50,25,61.91,72,18,37.03,14,9,35.83,158,-45,51.09,392,9,59.33,17,-4,64.94,69,-54,70.75,9,1,43.79,40,26
3548807,42.36,77.08,16,2,6.07,23.17,140,-62,50.43,60.45,295,-40,37.27,43.38,365,-14,8.17,77.87,162,-30,3.00,60.99,320,41,95.36,94.69,76,5,31.30,69.14,318,-76,51.45,43.77,282,-71,83.31,84.05,134,"Não comparável, alteração metodológica completa",78.29,35.82,264,9,60.46,90.66,3,0,80.95,45.11,315,-13,87.43,90.19,57,-29,0.00,100.00,1,0,1.08,92.24,131,-126,4.22,79.20,128,-46,8.77,85.81,29,-26,88.47,99.74,2,0,75.60,66.14,12,1,119.14,91.02,3,0,149.92,100.00,1,0,75.33,87.50,16,-3,24.90,28.11,78,-38,11.09,11.84,321,-87,7.00,55.93,16,0,5.80,58.82,6,0,4.90,89.29,14,0,569.40,75.46,65,1,2.91,97.64,9,-5,84.85,12.29,413,4,21.32,93.60,18,-4,2.91,98.22,21,-17,8.05,91.80,142,-24,100.00,100.00,1,62,13.41,87.29,17,-2,17.00,83.00,58,5,100.00,100.00,1,16,85.00,41.30,75,-2,97.22,95.02,289,-288,0.00,100.00,1,0,0.01,84.37,14,7,0.00,0.00,422,-4,0.00,100.00,1,0,0.00,100.00,1,0,0.00,62.47,122,292,11.66,96.25,2,0,83.23,82.16,3,3,8.10,73.23,29,369,R$ 1.69,0.08,146,-22,2.79,22.27,46,-7,"R$ 19,868.38",11.20,86,-8,"R$ 136,147.10",17.56,16,8,24.41,75.75,12,249,3.01,84.19,29,-10,"R$ 3,676.96",41.56,75,-17,4.04,25.77,303,49,23.98,64.43,16,12,141.12,77.46,6,5,23.76,39.41,181,-56,97.13,38.55,304,-118,46.36,0.00,423,-7,44.77,60.52,17,-2,52.51,39.80,418,-8,97.17,95.64,171,-5,51.02,94,-42,76.39,146,35,57.12,90,-4,93.29,3,-2,59.78,4,-1,65.71,6,0,84.20,130,27,90.72,19,-9,61.60,390,23,82.36,1,2,31.51,32,13,60.43,6,11,46.90,411,-13,62.40,6,2,63.15,106,-16,74.44,1,1,48.63,10,10
3548906,54.91,58.99,74,-2,2.70,9.92,324,-143,45.50,66.46,182,31,12.58,52.22,270,-63,15.61,50.75,355,52,1.92,76.24,133,-87,90.20,88.78,192,75,38.80,61.42,365,-123,61.28,56.46,154,-43,65.00,65.58,298,"Não comparável, alteração metodológica completa",54.09,20.43,382,22,46.10,68.88,39,2,100.03,70.21,21,12,88.25,91.16,41,42,41.67,85.53,197,160,0.54,97.83,12,-5,3.72,83.04,78,-54,14.17,62.14,211,26,126.60,82.33,47,142,61.64,47.16,114,-22,99.86,59.17,103,24,83.94,40.67,121,-22,46.81,54.38,112,17,20.62,23.28,98,-15,23.57,25.22,170,-65,6.70,50.85,38,-1,5.50,52.94,38,-1,4.70,82.14,46,-1,577.72,80.87,33,3,10.55,87.88,117,-4,41.67,56.93,330,39,50.50,82.69,168,-81,14.32,89.47,189,48,11.67,88.04,208,-25,98.08,97.99,97,54,52.22,46.66,344,9,56.16,43.84,336,-2,97.88,97.88,43,13,82.47,40.07,83,-72,97.88,96.20,270,-269,0.00,100.00,1,0,0.04,83.77,126,12,20.45,21.22,273,-19,0.00,100.00,1,0,0.00,100.00,1,0,-0.24,59.10,282,-216,22.38,80.87,45,-13,42.91,39.25,86,-6,3.33,67.23,232,-37,R$ 528.80,24.18,18,-16,3.40,27.12,28,-4,"R$ 16,943.88",9.53,117,5,"R$ 72,146.02",8.56,91,15,17.87,65.73,47,111,2.98,83.38,32,-11,"R$ 4,127.22",49.01,33,-10,4.45,26.29,278,-125,13.86,36.49,105,76,86.15,46.72,52,0,29.09,53.99,72,-14,108.85,47.66,152,2,53.52,14.03,398,-10,42.63,57.53,25,4,59.82,49.18,405,-2,97.83,96.99,95,18,46.90,182,-67,66.48,316,23,56.89,96,58,79.42,77,176,40.17,97,-13,61.77,18,-1,83.19,148,46,85.50,89,-40,67.01,237,-40,63.13,57,-2,35.06,22,-18,45.73,53,12,53.08,375,-15,57.41,39,-8,56.27,263,8,68.60,35,35,45.56,19,-11
3549102,57.24,55.63,99,-13,1.06,3.46,392,-1,46.50,65.24,211,-92,-16.18,62.51,70,-7,8.37,77.14,171,-40,0.46,96.82,3,-1,95.53,94.88,71,-9,31.70,68.72,322,-37,57.54,51.63,202,-84,65.64,66.23,294,"Não comparável, alteração metodológica completa",87.71,41.81,197,-1,36.67,54.57,91,-3,91.33,58.76,126,-96,88.29,91.20,38,-2,120.77,58.06,368,-22,1.38,89.14,195,20,3.57,84.19,59,17,18.12,44.81,349,-315,144.50,74.16,114,35,67.09,54.57,51,-16,99.18,58.03,121,8,85.49,42.06,98,-15,65.11,75.63,35,-2,26.61,30.03,68,-17,11.33,12.09,318,-20,6.60,49.15,50,-1,5.30,49.02,84,-2,4.60,78.57,70,-1,594.03,91.47,6,-3,7.31,92.02,69,-20,46.15,52.29,340,-4,21.58,93.51,20,-9,27.15,79.63,320,-38,11.14,88.60,200,63,95.91,95.73,166,8,22.37,77.91,74,-33,15.07,84.93,47,-8,95.30,95.30,78,-4,95.72,46.51,33,4,95.52,91.98,319,-46,0.00,100.00,1,317,0.09,82.47,301,-13,15.25,15.83,328,5,0.00,100.00,1,0,0.00,100.00,1,0,0.11,63.95,57,61,18.98,85.75,25,4,40.65,36.85,103,-2,2.56,66.25,275,-247,R$ 2.25,0.10,138,-15,0.44,3.42,362,-23,"R$ 15,196.59",8.53,135,9,"R$ 54,147.42",6.03,170,-9,6.99,49.07,300,-202,1.91,55.32,183,18,"R$ 3,163.77",33.07,178,-25,3.44,25.01,341,-323,14.63,38.61,88,210,109.74,59.91,21,-2,33.48,65.99,34,-11,97.54,38.87,297,13,55.09,17.13,376,-44,40.16,54.10,52,4,95.75,95.24,153,-1,96.71,94.70,216,5,46.71,186,-9,75.33,163,56,57.82,74,-45,64.54,308,-116,44.17,57,-10,61.06,28,-12,82.53,166,-28,88.22,50,38,65.79,268,31,63.42,54,-38,19.97,244,-56,54.84,13,22,60.01,181,-17,56.50,59,-10,60.40,165,31,67.22,60,-32,42.60,60,-4
3549805,44.68,73.73,24,2,2.27,8.21,346,-172,31.35,83.72,14,-6,-3.14,57.85,157,39,13.12,59.84,308,-22,1.47,82.49,61,-26,93.66,92.75,117,46,26.10,74.49,269,-8,71.52,69.69,55,-19,80.79,81.51,156,"Não comparável, alteração metodológica completa",59.67,23.98,357,-2,43.47,64.89,54,-7,99.22,69.14,26,-14,89.16,92.24,30,-8,21.90,92.40,149,14,1.22,90.80,160,15,3.95,81.27,101,-56,13.79,63.77,194,-123,141.30,75.62,95,-7,65.30,52.13,73,-10,99.83,59.12,106,-4,92.00,47.92,32,-1,52.17,60.60,72,1,12.86,14.51,171,-22,14.56,15.56,272,9,6.40,45.76,81,-2,5.20,47.06,104,-3,4.40,71.43,148,-2,574.39,78.70,43,-4,11.56,86.59,133,6,66.86,30.89,387,-43,61.37,78.63,214,-35,22.53,83.18,285,6,30.17,68.89,395,-16,99.18,99.14,68,127,14.52,86.13,22,20,16.98,83.02,57,-12,99.18,99.18,22,56,90.44,43.95,49,-9,100.00,100.00,1,0,0.00,100.00,1,0,0.04,83.73,135,24,6.21,6.45,399,-11,0.00,99.74,219,-218,0.00,99.29,222,-221,0.06,63.32,83,138,21.42,82.25,36,-3,40.67,36.87,102,8,4.81,69.10,144,-6,R$ 13.51,0.62,109,-10,3.47,27.73,27,5,"R$ 30,793.71",17.46,35,2,"R$ 54,934.44",6.14,163,0,10.88,55.03,185,45,2.14,61.40,133,14,"R$ 3,445.31",37.73,111,-18,4.51,26.37,273,-121,10.85,28.16,196,39,68.83,37.03,127,21,27.56,49.81,92,-4,121.46,57.45,57,-22,53.88,14.74,394,-1,40.25,54.23,49,13,68.32,60.07,383,-13,94.25,89.67,331,-46,55.87,33,-22,77.35,124,-62,57.23,88,-43,79.02,85,-34,39.36,106,-15,55.96,83,-6,73.99,328,-35,91.69,7,25,63.24,359,17,63.65,52,9,27.22,65,8,38.34,125,15,55.23,330,-8,57.07,48,-19,66.15,50,-38,67.06,68,-20,41.33,82,16
3549904,57.49,55.27,100,15,4.93,18.69,200,96,28.42,87.29,6,-1,16.49,50.82,294,-11,7.99,78.52,158,-39,3.06,60.13,330,-66,95.30,94.62,77,-40,34.50,65.84,340,-21,76.77,76.46,23,-18,89.30,90.10,85,"Não comparável, alteração metodológica completa",58.43,23.19,365,-16,44.71,66.76,46,6,85.68,51.34,235,51,86.41,88.99,83,-17,26.80,90.69,159,42,2.81,74.35,358,0,3.76,82.73,83,53,10.05,80.20,58,46,124.00,83.52,37,7,66.99,54.43,53,-12,100.77,60.66,86,-3,89.31,45.50,52,2,34.28,39.81,195,-4,12.54,14.15,178,-58,21.36,22.86,193,-18,6.80,52.54,30,-1,5.60,54.90,21,0,4.40,71.43,148,-2,580.31,82.55,24,-6,4.69,95.36,26,43,45.16,53.32,337,-95,29.90,90.39,63,8,14.35,89.45,190,-25,12.58,87.10,225,-41,99.39,99.36,63,17,32.13,67.69,186,30,24.78,75.22,112,10,97.77,97.77,46,-7,88.80,43.15,59,-3,100.00,100.00,1,206,0.00,100.00,1,0,0.06,83.24,226,27,30.56,31.72,185,-8,0.00,100.00,1,0,0.00,100.00,1,0,-0.42,56.70,329,-290,31.62,67.62,134,10,37.78,33.79,141,4,3.69,67.68,209,-30,R$ 136.88,6.26,46,-32,2.35,18.76,65,0,"R$ 23,074.29",13.04,69,51,"R$ 88,077.14",10.80,48,33,8.37,51.17,266,-76,2.89,81.00,39,-10,"R$ 4,253.93",51.11,24,-9,3.96,25.66,313,30,10.38,26.88,208,7,66.60,35.79,144,28,30.43,57.66,57,-14,110.83,49.19,135,-28,54.88,16.71,381,0,38.12,51.27,80,-3,67.61,59.17,384,-7,95.83,92.89,269,-9,53.02,69,-1,80.44,79,99,50.80,220,5,83.55,40,50,36.77,138,-17,61.48,24,-9,85.77,95,-54,89.87,29,4,69.52,165,-44,57.98,138,4,30.71,34,-10,40.11,97,-3,53.85,364,-13,58.32,23,7,66.13,51,53,69.44,19,1,41.97,69,-17
3550308,26.46,100.00,1,0,8.45,32.52,73,-13,28.10,87.68,5,2,19.64,49.69,306,-43,3.05,96.55,3,17,1.31,84.74,38,-1,93.72,92.81,114,37,21.80,78.91,232,-143,75.67,75.04,28,-15,63.18,63.74,310,"Não comparável, alteração metodológica completa",59.47,23.86,358,-5,50.16,75.03,20,0,81.88,46.34,301,-76,85.50,87.92,99,-10,28.98,89.94,168,30,1.42,88.73,203,-41,4.84,74.44,198,-117,13.30,65.96,175,-1,144.97,73.94,121,-36,78.31,69.83,6,0,102.21,63.05,66,-2,83.44,40.22,128,-51,60.74,70.55,47,0,16.01,18.07,133,-4,15.18,16.22,264,-25,5.90,37.29,200,-4,4.80,39.22,223,-3,4.20,64.29,220,-3,558.51,68.38,116,14,1.93,98.89,4,2,92.67,4.21,419,-3,33.02,89.23,79,-28,2.87,98.25,19,0,10.80,88.95,190,-4,99.98,99.98,38,5,24.46,75.72,92,4,41.17,58.83,230,9,99.26,99.26,20,4,66.32,32.23,151,-29,100.00,100.00,1,190,0.00,100.00,1,0,0.01,84.28,22,3,26.99,28.02,205,0,0.00,99.73,226,-28,0.01,97.31,310,-92,-0.07,61.46,187,71,31.47,67.84,133,3,55.00,52.11,22,3,3.02,66.84,250,158,R$ 141.31,6.46,45,-8,5.15,41.19,13,-1,"R$ 160,005.50",91.42,2,-1,"R$ 93,156.23",11.51,40,18,12.78,57.93,128,147,3.19,88.72,14,1,"R$ 5,053.91",64.34,8,-2,2.77,24.15,371,-35,11.08,28.79,188,-62,72.42,39.04,107,14,37.28,76.38,17,-3,127.85,62.42,33,-22,54.14,15.26,390,11,39.74,53.52,60,0,62.62,52.76,402,-5,94.08,89.31,339,-14,67.47,3,-2,80.68,74,-35,50.56,228,-40,77.61,104,-8,44.05,59,-2,47.61,197,-7,82.38,171,29,88.66,45,-7,69.01,176,57,62.92,62,74,49.54,1,1,48.07,41,-10,54.66,347,-13,62.86,5,-2,73.79,3,-2,67.18,62,-3,52.47,4,1
3550605,59.88,51.82,127,17,3.33,12.38,296,57,39.04,74.34,66,120,-7.39,59.37,125,-49,14.71,54.06,340,2,1.71,79.08,101,44,95.74,95.12,66,92,34.60,65.74,341,-60,50.45,42.47,299,-92,77.04,77.72,192,"Não comparável, alteração metodológica completa",66.69,28.45,325,-1,35.36,52.57,103,22,95.00,63.59,67,-38,87.16,89.88,64,60,117.79,59.10,367,49,0.46,98.66,6,39,2.96,88.87,16,61,11.78,72.61,123,-49,166.14,64.28,236,10,71.35,60.36,28,-7,116.86,87.26,6,0,103.00,57.81,9,25,78.75,91.48,7,5,18.64,21.04,114,-15,30.04,32.17,114,62,5.70,33.90,242,-4,4.90,41.18,187,-3,4.70,82.14,46,-1,559.20,68.83,113,28,6.15,93.50,50,30,64.29,33.55,380,-16,69.30,75.67,244,-113,25.82,80.66,309,-73,14.99,84.61,275,-29,83.54,82.81,300,17,43.35,55.95,283,-24,32.91,67.09,174,-23,51.56,51.56,250,-1,70.68,34.34,138,-5,100.00,100.00,1,0,0.00,100.00,1,0,0.04,83.66,149,80,46.31,48.07,109,0,0.00,100.00,1,0,0.00,100.00,1,0,0.05,63.15,88,202,27.31,73.81,92,-4,44.83,41.29,68,19,5.85,70.40,90,-43,R$ 0.00,0.00,241,-9,0.63,4.94,322,-47,"R$ 8,602.38",4.75,259,27,"R$ 57,024.90",6.43,156,46,16.21,63.19,65,184,1.94,56.35,175,12,"R$ 3,090.44",31.86,194,-14,4.74,26.66,262,-208,17.84,47.48,48,82,64.69,34.72,156,24,23.95,39.95,176,-8,123.27,58.86,50,-6,59.10,24.99,302,-185,32.53,43.49,146,24,93.36,92.18,198,8,95.22,91.64,298,21,49.48,126,99,71.32,238,-46,54.42,143,-33,71.02,215,157,56.33,7,1,50.19,155,-6,77.45,277,-74,73.84,212,-11,75.23,76,36,63.06,59,-15,20.59,222,2,40.72,94,60,62.23,106,-47,55.22,92,34,59.93,181,22,66.32,82,57,40.48,104,5
3550704,39.24,81.57,10,30,2.68,9.82,329,-316,32.01,82.91,15,80,-11.52,60.84,100,53,6.88,82.60,104,109,1.44,82.95,54,44,82.21,79.64,297,104,49.20,50.72,395,-21,59.02,53.54,182,11,70.84,71.47,245,"Não comparável, alteração metodológica completa",108.30,54.90,73,0,16.40,23.81,296,-1,87.65,53.92,204,77,85.44,87.84,102,48,88.81,69.16,316,-315,0.60,97.21,23,74,4.26,78.89,135,-18,15.10,58.05,253,-15,207.54,45.38,381,-36,77.32,68.48,9,6,107.45,71.70,20,0,85.74,42.29,96,-17,69.66,80.92,28,20,3.08,3.47,396,-7,57.50,61.61,19,6,6.10,40.68,150,-3,5.10,45.10,133,-3,4.50,75.00,108,-1,515.22,40.24,329,23,8.33,90.71,86,81,41.67,56.93,330,-7,64.26,77.55,223,-98,14.28,89.50,188,-38,5.46,94.48,111,9,71.88,70.63,355,16,29.06,70.91,141,-43,26.21,73.79,118,-25,56.12,56.12,243,2,81.82,39.76,86,-22,99.08,98.35,240,-33,0.00,100.00,1,0,0.01,84.39,13,-3,88.53,91.90,8,1,0.00,100.00,1,0,0.00,100.00,1,0,-0.01,62.37,135,246,40.63,54.72,229,0,37.24,33.22,149,-37,-3.46,58.67,398,-304,R$ 3.55,0.16,132,-5,0.53,4.16,344,-32,"R$ 7,203.44",3.95,293,-1,"R$ 213,256.00",28.40,9,1,-7.80,26.39,410,-409,1.22,37.39,328,-25,"R$ 3,862.24",44.63,51,31,15.55,40.45,13,361,13.27,34.84,119,-5,24.05,11.99,361,-49,22.69,36.49,209,94,151.45,80.76,4,3,53.01,13.05,402,-265,54.07,73.45,6,-2,96.86,96.66,117,1,97.82,96.97,96,20,58.79,18,-13,70.62,253,-47,54.88,135,56,63.63,326,-142,53.53,13,4,47.80,193,4,84.20,131,-1,73.59,215,-1,87.85,3,0,50.27,256,-93,20.54,226,-124,27.77,267,3,72.18,3,-1,55.57,80,-48,64.45,77,-40,67.23,59,1,38.09,164,-105
3551009,50.16,65.83,45,18,4.62,17.44,214,156,45.66,66.27,186,-3,23.42,48.34,326,48,9.12,74.43,198,-39,2.25,71.47,181,14,89.11,87.54,216,47,28.90,71.60,299,-51,62.95,58.62,127,-27,60.85,61.39,324,"Não comparável, alteração metodológica completa",49.48,17.50,399,-7,37.86,56.37,85,-2,79.76,43.55,331,-30,72.57,72.63,342,-20,0.00,100.00,1,235,1.53,87.59,222,-10,4.29,78.66,138,91,18.22,44.33,351,-78,195.74,50.76,337,-42,60.31,45.34,135,12,96.62,53.81,190,-16,68.18,26.50,305,-147,35.20,40.89,190,-48,17.07,19.27,125,8,15.64,16.72,255,18,5.70,33.90,242,-4,4.90,41.18,187,-3,4.10,60.71,253,-3,525.01,46.60,277,17,16.25,80.61,198,-47,19.12,80.24,234,-33,61.08,78.74,213,-84,12.12,91.16,149,5,10.17,89.60,174,60,94.07,93.81,197,8,32.39,67.42,189,18,53.21,46.79,312,5,93.41,93.41,95,-2,76.18,37.02,111,-2,97.49,95.51,281,-280,0.00,100.00,1,320,0.14,81.51,339,-35,68.83,71.45,37,-2,0.02,98.24,301,-300,0.01,98.33,271,-270,-0.06,61.69,177,162,33.29,65.24,154,-20,17.68,12.41,360,12,6.50,71.22,66,-49,R$ 0.82,0.04,167,-3,1.02,8.10,215,-24,"R$ 6,695.85",3.66,308,-3,"R$ 22,474.72",1.57,363,11,9.91,53.53,217,139,1.44,43.11,283,-23,"R$ 3,030.30",30.86,205,-43,1.26,22.22,399,-181,7.38,18.60,305,-12,22.77,11.28,368,-1,32.33,62.83,38,-9,104.22,44.06,225,22,60.52,27.78,269,30,34.96,46.88,120,2,73.00,66.07,351,1,98.48,98.33,39,119,49.47,127,103,71.04,244,64,41.85,363,-15,68.65,258,0,32.13,203,-30,42.91,256,-3,84.59,121,-51,84.40,102,69,80.60,26,5,52.71,219,-102,17.24,318,-34,30.90,227,-37,56.62,292,25,51.66,203,28,59.79,191,100,63.61,159,15,34.24,297,-62
3551702,55.78,57.74,83,-22,2.66,9.76,330,46,37.87,75.77,51,93,-36.37,69.74,21,22,4.94,89.65,28,9,1.90,76.44,130,10,92.56,91.48,141,34,38.00,62.24,359,18,68.05,65.21,78,-37,76.93,77.61,195,"Não comparável, alteração metodológica completa",27.92,3.80,420,-3,44.31,66.15,48,-8,83.87,48.95,268,119,84.15,86.32,129,-60,0.00,100.00,1,375,0.62,97.00,29,19,3.53,84.50,55,-6,11.37,74.40,103,299,139.90,76.26,91,3,60.44,45.51,132,-6,96.70,53.94,188,-20,74.99,32.62,226,-128,38.71,44.96,172,-22,10.94,12.34,204,6,11.50,12.28,313,16,6.30,44.07,105,-2,5.50,52.94,38,-1,4.80,85.71,30,-1,552.50,64.48,140,66,9.12,89.71,96,-86,25.00,74.16,268,96,21.50,93.54,19,-3,16.72,87.63,221,12,4.54,95.43,95,11,99.09,99.05,70,6,48.86,50.18,326,-4,44.94,55.06,263,-5,99.09,99.09,24,-5,80.00,38.87,96,-6,99.09,98.37,238,-31,0.00,100.00,1,0,0.04,83.73,131,-14,5.14,5.34,408,-14,0.00,100.00,1,0,0.00,100.00,1,0,-0.48,55.90,339,-138,27.33,73.77,93,0,52.76,49.74,27,7,6.32,70.99,75,-2,R$ 0.00,0.00,241,-9,0.37,2.83,385,-5,"R$ 19,109.37",10.77,94,5,"R$ 71,520.47",8.47,96,7,12.06,56.83,153,217,2.76,77.49,50,9,"R$ 3,735.40",42.53,68,-6,6.00,28.26,173,-54,7.67,19.38,292,-28,42.82,22.49,266,13,20.22,29.74,303,-62,106.56,45.87,193,-8,56.49,19.87,355,12,31.63,42.24,160,17,68.35,60.11,381,-7,94.24,89.65,332,-25,53.25,63,69,78.30,107,-73,42.99,353,38,84.99,30,303,31.53,212,-28,57.37,63,13,88.26,45,42,87.17,65,-15,62.01,387,-13,65.71,33,3,25.72,88,15,23.87,325,-26,51.55,387,-1,55.01,98,53,65.23,66,-11,66.25,84,117,37.31,186,1
3552205,42.96,76.21,18,2,3.71,13.89,274,-15,38.92,74.49,65,-18,6.13,54.53,221,-16,13.09,59.97,306,-21,1.59,80.80,80,-18,93.69,92.78,116,-32,65.90,33.54,413,-38,67.12,64.01,83,-45,83.30,84.04,135,"Não comparável, alteração metodológica completa",33.15,7.12,419,-8,50.17,75.05,19,8,90.80,58.07,142,71,87.73,90.54,50,1,84.56,70.64,304,-150,0.65,96.69,32,20,2.56,91.94,6,11,12.93,67.58,161,-38,155.81,68.99,182,-52,63.42,49.58,94,0,100.97,61.00,83,7,88.39,44.67,62,-25,47.21,54.84,110,-17,27.36,30.89,63,-14,38.88,41.65,58,23,6.30,44.07,105,-2,5.50,52.94,38,-1,4.70,82.14,46,-1,562.40,70.91,97,24,12.54,85.34,151,-62,40.99,57.62,329,34,62.57,78.18,218,-75,26.40,80.21,315,-35,15.34,84.25,281,-21,98.97,98.92,75,39,34.22,65.50,200,-6,27.64,72.36,127,8,98.85,98.85,31,4,88.33,42.92,61,-29,100.00,100.00,1,0,0.00,100.00,1,0,0.02,84.22,24,15,11.48,11.92,358,-10,0.00,99.68,233,-232,0.00,99.07,235,-234,0.04,63.07,92,75,23.67,79.03,54,-1,40.85,37.05,100,5,4.66,68.90,152,-23,R$ 21.46,0.98,102,19,1.53,12.18,136,2,"R$ 18,748.86",10.56,98,-14,"R$ 81,273.66",9.84,62,8,7.99,50.59,276,-182,3.13,87.17,18,6,"R$ 3,899.10",45.24,49,-6,4.78,26.71,260,-136,13.39,35.19,113,12,72.98,39.35,104,21,25.79,44.97,132,-14,116.21,53.38,91,-9,53.39,13.78,400,-15,39.68,53.43,62,3,63.50,53.90,400,5,97.94,97.21,87,76,54.78,45,-5,69.95,263,-220,49.33,252,18,74.12,161,-92,46.17,41,-2,57.84,56,0,78.74,256,-29,89.71,30,-5,64.87,299,31,62.70,65,6,28.78,51,-1,39.84,102,-6,54.34,353,8,56.55,57,-32,62.04,128,-102,67.16,64,-24,41.95,70,9
3552403,62.72,47.73,165,-10,3.17,11.78,302,65,44.73,67.40,163,8,51.81,38.18,388,4,21.71,28.51,394,2,2.68,65.53,263,45,95.71,95.08,67,143,45.00,55.04,381,-39,55.75,49.32,228,-6,37.80,38.13,394,"Não comparável, alteração metodológica completa",58.57,23.28,364,10,37.63,56.02,87,-6,86.88,52.92,219,-105,85.44,87.84,101,-19,0.00,100.00,1,0,0.76,95.55,58,94,2.28,94.09,2,0,10.52,78.14,76,41,152.84,70.35,164,-64,61.13,46.46,122,-10,89.44,41.95,348,5,73.47,31.25,242,-79,46.69,54.23,114,0,21.00,23.70,95,-5,24.42,26.14,160,-8,6.00,38.98,176,-4,5.20,47.06,104,-3,4.40,71.43,148,-2,527.49,48.22,266,11,11.39,86.81,130,-14,21.43,77.85,254,-97,38.11,87.33,109,-23,11.39,91.72,139,47,14.63,84.98,270,-6,99.56,99.54,53,53,18.58,81.88,39,118,28.50,71.50,131,-14,99.56,99.56,17,2,22.71,11.03,287,-14,100.00,100.00,1,0,0.00,100.00,1,0,0.03,83.99,69,-2,2.17,2.25,418,-5,0.00,100.00,1,0,0.00,100.00,1,0,-0.02,62.23,147,106,25.58,76.28,73,12,31.87,27.51,218,-7,3.89,67.93,198,-129,R$ 0.00,0.00,241,-9,0.48,3.74,355,2,"R$ 9,400.67",5.21,238,5,"R$ 68,060.93",7.98,107,-7,7.17,49.34,296,-168,3.18,88.64,15,-5,"R$ 4,202.80",50.26,26,-9,1.91,23.04,392,-241,7.50,18.92,301,62,32.22,16.56,321,19,26.41,46.68,116,-4,91.68,34.32,345,-5,58.32,23.45,316,7,34.74,46.57,125,10,92.18,90.66,214,1,98.56,98.50,28,9,41.27,306,14,53.32,403,-117,49.38,251,-51,85.23,26,11,36.77,140,-1,48.62,181,-5,86.74,75,-25,87.32,63,6,62.10,385,21,58.77,127,-31,26.56,77,-11,27.39,276,13,58.70,231,18,52.22,182,-38,47.03,390,-77,66.62,78,8,38.88,144,-19
3552502,64.87,44.63,190,9,4.42,16.68,225,88,37.60,76.10,44,6,-0.76,56.99,178,-1,12.32,62.76,291,-20,3.30,56.76,354,-14,82.33,79.77,296,-47,50.30,49.59,397,-102,49.33,41.04,314,-42,87.52,88.30,102,"Não comparável, alteração metodológica completa",55.88,21.57,377,-13,31.14,46.17,145,6,91.64,59.18,119,-23,78.41,79.53,250,-12,78.23,72.84,292,-119,1.28,90.18,177,49,5.86,66.62,292,0,15.65,55.65,276,-29,162.95,65.74,214,-102,61.03,46.32,123,-2,106.87,70.75,24,2,93.93,49.65,25,-20,39.89,46.34,160,-2,10.56,11.91,211,-26,17.25,18.44,235,36,6.00,38.98,176,-4,5.00,43.14,162,-3,4.10,60.71,253,-3,545.43,59.88,174,40,7.22,92.14,66,-12,54.90,43.25,358,2,27.38,91.34,44,-18,4.39,97.08,36,17,10.90,88.85,195,12,99.40,99.37,62,60,1.27,100.00,1,0,93.14,6.86,412,-14,94.37,94.37,85,13,52.87,25.69,188,-13,98.87,97.98,246,49,0.00,100.00,1,0,0.02,84.09,44,1,30.36,31.52,187,1,0.00,100.00,1,0,0.00,100.00,1,0,-0.17,60.16,243,-223,40.72,54.58,231,-1,29.65,25.14,245,2,1.54,64.97,316,-275,R$ 0.20,0.01,206,-28,0.70,5.51,303,-123,"R$ 9,461.40",5.24,236,30,"R$ 60,562.59",6.93,130,10,10.39,54.27,202,-58,2.50,70.90,75,5,"R$ 3,451.46",37.83,109,-20,4.01,25.73,309,-236,10.71,27.77,201,-31,38.63,20.15,282,21,25.29,43.61,142,-2,102.26,42.53,252,76,61.10,28.91,260,26,23.53,30.98,283,-23,84.86,81.28,282,-5,97.74,96.81,102,111,48.60,147,36,67.90,295,50,47.87,280,-33,67.47,270,-127,37.57,130,-33,47.47,199,0,85.98,92,-9,84.73,100,10,70.19,155,-50,50.62,250,-81,23.17,142,-25,30.51,234,-10,56.10,310,27,52.34,179,-6,57.83,223,83,64.31,142,-49,36.23,226,-37
3552809,56.86,56.17,91,29,2.15,7.76,356,-61,45.88,66.00,193,126,30.04,45.97,346,-20,10.00,71.20,239,52,3.71,50.91,383,8,91.86,90.68,153,-95,52.50,47.33,401,-43,58.72,53.15,187,-37,72.82,73.47,229,"Não comparável, alteração metodológica completa",102.19,51.02,103,-15,34.83,51.78,111,2,85.18,50.68,246,-45,82.12,83.92,184,-20,65.38,77.30,254,-253,1.51,87.80,218,-26,4.42,77.67,154,47,14.71,59.75,239,-117,164.19,65.17,221,66,53.36,35.89,222,-46,101.52,61.90,76,-21,95.77,51.31,18,-12,43.40,50.42,139,23,16.68,18.82,128,-7,17.69,18.92,229,59,6.10,40.68,150,-3,5.10,45.10,133,-3,4.40,71.43,148,-2,537.02,54.41,213,14,1.06,100.00,1,18,96.74,0.00,423,-10,39.04,86.98,117,-7,5.28,96.40,51,28,11.50,88.23,206,9,100.00,100.00,1,0,16.11,84.46,27,7,18.03,81.97,67,-14,100.00,100.00,1,0,73.12,35.53,129,-11,100.00,100.00,1,0,0.00,100.00,1,0,0.03,83.99,68,-11,6.00,6.23,402,-22,0.14,87.41,392,3,0.01,98.35,270,40,-0.99,48.79,385,-112,33.64,64.73,160,9,33.73,29.48,194,-2,1.00,64.29,337,-271,R$ 0.00,0.00,241,-9,2.36,18.83,64,-9,"R$ 5,623.35",3.05,332,-10,"R$ 44,176.69",4.63,219,2,10.10,53.83,213,24,2.45,69.61,82,-9,"R$ 3,199.20",33.66,166,-19,4.22,25.99,296,33,7.51,18.96,300,-103,144.94,79.60,5,44,27.05,48.40,105,-19,104.25,44.08,224,89,59.31,25.40,298,9,27.29,36.21,229,-18,81.88,77.46,299,1,97.38,96.07,149,68,43.98,255,21,67.53,298,-2,56.51,105,-30,70.47,229,-102,37.51,132,-15,49.57,167,-10,81.14,195,53,90.97,13,-2,59.29,409,1,54.47,193,-60,24.04,116,28,48.99,36,47,55.84,319,24,53.87,136,18,55.24,285,15,64.96,121,-23,40.83,96,51
3554003,68.26,39.74,239,-15,3.12,11.55,305,31,44.10,68.17,148,30,38.44,42.96,368,-35,12.37,62.56,293,-49,1.79,77.96,117,-17,90.12,88.69,196,13,27.90,72.63,290,60,45.32,35.85,357,-62,52.55,53.02,359,"Não comparável, alteração metodológica completa",79.71,36.72,254,36,29.63,43.88,161,19,91.15,58.53,129,193,89.26,92.36,29,0,0.00,100.00,1,0,0.71,96.07,48,-16,4.86,74.29,201,-139,11.06,75.77,91,126,167.16,63.81,247,-168,54.71,37.73,206,5,98.28,56.55,146,11,92.09,48.00,30,35,44.91,52.17,124,20,28.32,31.97,58,-11,33.74,36.13,88,-21,6.20,42.37,131,-2,5.20,47.06,104,-3,4.40,71.43,148,-2,547.04,60.92,167,25,6.22,93.41,52,-50,20.00,79.33,238,171,17.81,94.91,11,4,15.56,88.52,201,-25,2.40,97.65,52,53,100.00,100.00,1,62,37.75,61.81,238,-25,24.76,75.24,111,-24,88.38,88.38,122,8,90.33,43.89,50,3,100.00,100.00,1,0,0.00,100.00,1,0,0.04,83.70,142,38,8.57,8.89,377,2,0.00,100.00,1,0,0.00,100.00,1,0,-0.05,61.82,170,156,27.45,73.60,96,-18,34.06,29.84,186,17,6.63,71.39,64,230,R$ 0.00,0.00,241,-9,3.23,25.78,33,-2,"R$ 16,972.94",9.54,116,15,"R$ 54,739.60",6.11,165,14,13.49,59.01,110,71,1.71,50.34,229,-6,"R$ 3,176.49",33.28,177,-6,5.37,27.46,218,-139,15.09,39.87,78,54,43.14,22.67,264,2,20.31,30.00,297,-23,106.45,45.79,195,12,60.28,27.31,277,-158,38.90,52.36,71,2,97.97,98.08,72,5,97.40,96.11,146,-95,40.61,318,-8,65.51,328,-23,54.46,142,127,80.92,61,-11,43.02,72,-1,51.87,135,-2,90.82,21,154,87.69,56,-4,63.86,335,52,60.15,98,45,23.67,132,10,30.85,228,18,63.93,61,-38,54.53,120,17,52.52,333,-15,68.79,31,51,39.73,121,-1
3554102,53.24,61.39,66,43,1.43,4.92,387,5,46.12,65.71,206,59,43.01,41.33,375,-32,5.22,88.62,35,302,1.99,75.21,140,-82,78.65,75.56,326,-29,45.50,54.53,385,-38,65.82,62.33,93,-44,72.64,73.28,233,"Não comparável, alteração metodológica completa",55.73,21.48,378,-9,33.27,49.40,129,1,88.20,54.64,190,25,81.08,82.69,213,-73,95.09,66.98,329,-146,0.68,96.38,40,-6,3.22,86.88,29,28,8.56,86.75,26,103,149.64,71.81,143,-74,63.54,49.74,93,-13,99.86,59.16,104,-6,90.21,46.30,42,10,64.05,74.40,37,0,25.93,29.27,71,-5,35.00,37.48,78,5,6.10,40.68,150,-3,5.20,47.06,104,-3,4.50,75.00,108,-1,567.12,73.98,76,34,5.60,94.20,43,10,72.31,25.25,399,-4,41.21,86.17,131,81,16.18,88.04,211,-8,15.94,83.62,287,50,95.61,95.41,172,14,19.08,81.35,41,-14,36.73,63.27,205,-4,93.92,93.92,89,-6,87.16,42.35,67,5,100.00,100.00,1,0,0.00,100.00,1,0,0.03,84.02,65,1,20.90,21.70,269,9,0.00,100.00,1,0,0.00,100.00,1,0,-0.04,61.85,167,-121,24.14,78.35,60,13,36.57,32.51,156,9,3.83,67.86,201,-35,R$ 2.01,0.09,141,-13,0.75,5.94,281,-13,"R$ 13,193.04",7.38,166,4,"R$ 72,754.95",8.64,86,46,22.45,72.75,15,285,2.53,71.52,71,4,"R$ 3,505.01",38.72,101,-15,3.55,25.14,335,-180,12.95,33.96,128,29,69.48,37.40,124,17,25.70,44.73,134,-44,108.86,47.66,151,22,57.52,21.89,335,3,37.35,50.19,92,-4,66.00,57.09,391,-8,97.54,96.41,126,30,43.34,270,43,72.26,215,-85,47.39,288,-10,78.47,92,-25,48.92,27,-2,54.08,101,9,79.93,225,58,88.15,51,-8,67.61,213,-10,60.76,87,16,24.87,103,16,38.70,120,-14,54.65,348,-8,55.07,96,-2,57.17,247,-37,67.81,49,-3,39.84,119,23
3555406,46.26,71.45,28,3,2.89,10.66,315,-80,40.10,73.05,78,-25,-8.43,59.74,117,-45,5.61,87.19,47,-14,3.13,59.04,338,-15,94.44,93.63,93,32,55.50,44.24,407,2,78.73,78.99,13,218,58.91,59.43,338,"Não comparável, alteração metodológica completa",97.82,48.24,126,-3,11.55,16.45,335,-4,94.66,63.14,71,-13,77.99,79.04,259,-20,88.73,69.19,315,78,1.64,86.45,241,-63,4.61,76.21,167,26,13.31,65.90,176,137,179.56,58.15,292,-37,73.33,63.06,18,2,109.92,75.79,15,2,78.51,35.79,180,-90,48.52,56.36,100,-2,20.32,22.93,101,-17,30.79,32.96,110,-22,6.00,38.98,176,-4,4.80,39.22,223,-3,4.10,60.71,253,-3,533.02,51.81,240,70,14.49,82.85,179,-54,12.50,87.08,183,36,52.59,81.91,178,-76,13.46,90.13,171,43,43.05,55.55,411,-2,79.62,78.71,329,13,19.91,80.49,50,16,6.88,93.12,21,-4,40.88,40.88,274,3,41.28,20.06,226,-5,93.17,87.77,350,-349,0.00,100.00,1,0,0.03,83.97,76,-16,92.24,95.75,2,-1,0.00,100.00,1,0,0.00,100.00,1,0,0.00,62.51,119,233,41.92,52.86,241,-16,30.84,26.41,235,-1,3.50,67.44,219,27,R$ 0.00,0.00,241,-9,0.62,4.87,328,-31,"R$ 4,758.83",2.55,354,-20,"R$ 37,716.51",3.72,262,1,8.95,52.06,248,-26,0.96,30.69,377,5,"R$ 2,781.47",26.75,262,1,6.42,28.80,139,-28,8.60,21.95,258,-9,26.56,13.39,347,-6,18.63,25.40,363,42,170.67,95.70,2,0,55.21,17.36,372,-269,58.89,80.15,3,2,92.88,91.56,204,-45,98.66,98.69,20,8,53.72,57,-18,69.68,267,73,53.04,171,-20,67.80,267,98,45.73,46,-6,44.82,231,13,81.50,190,8,69.06,254,-25,88.85,2,0,51.55,237,6,15.00,379,-22,20.25,374,19,76.69,1,0,53.04,154,37,61.35,139,58,65.05,117,30,35.44,254,-37
3556206,48.98,67.54,41,-18,2.69,9.89,327,-112,41.14,71.78,96,-42,29.86,46.03,345,-3,14.92,53.29,345,-82,2.48,68.31,226,-75,92.58,91.50,140,22,26.10,74.49,269,-46,72.69,71.20,44,-34,76.51,77.19,202,"Não comparável, alteração metodológica completa",35.99,8.93,417,-8,54.53,81.67,10,-2,85.57,51.19,238,41,87.79,90.61,46,0,84.82,70.55,305,-304,2.25,80.14,316,-86,3.38,85.65,42,194,6.79,94.52,6,7,90.27,98.92,3,18,62.02,47.67,110,-17,105.60,68.64,31,-4,89.58,45.74,49,-23,44.48,51.66,129,-12,19.03,21.47,111,-11,19.67,21.04,206,-13,6.40,45.76,81,-2,5.50,52.94,38,-1,4.60,78.57,70,-1,593.64,91.22,7,2,3.05,97.46,10,-9,82.61,14.61,410,4,32.60,89.39,77,-24,12.95,90.52,159,75,1.13,98.96,27,5,96.28,96.11,153,50,38.58,60.94,250,21,30.94,69.06,158,20,93.66,93.66,92,21,76.75,37.29,110,-47,100.00,100.00,1,0,0.00,100.00,1,0,0.03,83.91,82,13,14.76,15.32,334,3,0.00,100.00,1,0,0.00,100.00,1,0,0.14,64.41,48,262,12.66,94.81,5,0,45.74,42.26,62,-5,1.00,64.30,336,-6,R$ 0.46,0.02,185,-40,1.94,15.44,90,-10,"R$ 13,763.54",7.71,160,5,"R$ 80,718.99",9.76,65,25,10.16,53.92,209,-35,2.89,80.89,40,4,"R$ 4,290.88",51.72,21,-2,5.72,27.90,193,-2,7.52,18.96,298,108,47.55,25.13,250,55,26.58,47.13,114,-10,105.95,45.40,204,52,49.72,6.58,420,-11,41.14,55.47,38,7,71.54,64.19,365,-6,97.96,97.26,84,14,48.81,140,-90,73.60,195,40,48.75,268,-17,86.98,17,-7,40.44,93,-21,61.20,26,-6,82.70,162,62,86.87,69,4,66.13,260,82,66.72,24,7,28.68,53,5,30.41,235,62,53.78,366,4,56.42,64,1,60.67,154,-38,68.78,32,1,40.52,103,33
3556503,70.71,36.22,259,-7,11.22,43.41,34,19,45.40,66.59,176,-19,20.19,49.50,307,-12,21.61,28.90,393,-4,2.36,70.00,201,-45,93.45,92.51,125,-27,58.20,41.46,411,-31,73.18,71.83,40,-8,71.34,71.97,241,"Não comparável, alteração metodológica completa",53.41,20.00,386,-6,47.90,71.60,29,7,85.63,51.27,236,-160,82.33,84.16,177,37,180.34,37.38,404,-403,1.49,88.00,216,80,4.95,73.60,212,127,7.21,92.64,11,300,125.99,82.61,45,-38,49.94,31.24,268,4,80.79,27.65,408,2,63.67,22.44,350,-169,17.65,20.50,289,-9,24.16,27.27,83,-11,40.87,43.78,48,98,6.30,44.07,105,-2,5.40,50.98,64,-2,4.30,67.86,192,-3,519.19,42.82,311,17,6.69,92.81,60,-44,0.00,100.00,1,0,11.13,97.41,4,1,6.69,95.32,65,-4,1.25,98.83,31,14,94.42,94.17,191,35,27.21,72.84,121,-10,18.02,81.98,66,-23,88.43,88.43,121,17,90.30,43.88,51,3,97.79,96.04,273,-272,0.00,100.00,1,313,0.04,83.78,121,-10,18.16,18.86,295,-5,0.00,100.00,1,0,0.00,100.00,1,0,-0.13,60.72,222,45,22.95,80.06,50,-4,22.00,17.01,323,-6,0.42,63.56,353,-73,R$ 0.00,0.00,241,-9,0.42,3.30,369,8,"R$ 5,037.06",2.71,344,-5,"R$ 40,908.88",4.17,238,4,9.15,52.37,245,-186,2.82,79.08,43,11,"R$ 3,610.57",40.46,82,-5,5.89,28.12,180,-89,2.95,6.36,411,7,8.09,3.06,415,-5,19.44,27.63,334,-30,95.59,37.35,316,-2,59.49,25.76,292,-208,22.87,30.06,289,21,89.04,86.63,249,3,95.93,93.11,264,3,48.93,138,3,62.13,362,-27,49.72,244,-63,72.86,187,-116,29.15,248,20,50.13,159,-8,96.07,1,0,86.51,72,-10,66.57,244,53,54.97,184,-17,23.85,126,1,12.35,416,-6,54.58,350,-120,51.24,218,-30,55.24,286,-5,65.63,104,-26,33.22,327,-62
3557006,58.17,54.28,106,-9,0.35,0.68,406,-149,45.14,66.90,170,-3,4.82,55.00,213,-61,6.89,82.56,105,43,2.09,73.79,155,30,85.82,83.76,260,-3,28.30,72.22,294,-37,62.81,58.44,128,-46,86.33,87.10,112,"Não comparável, alteração metodológica completa",37.38,9.81,415,0,42.12,62.84,60,16,93.26,61.30,93,61,87.67,90.48,52,-22,71.28,75.25,269,-2,1.12,91.83,143,6,3.47,84.96,47,8,13.54,64.88,184,155,137.69,77.27,81,71,57.53,41.57,166,-34,84.25,33.37,393,0,59.42,18.62,379,-108,48.99,56.90,93,-17,41.75,47.13,28,-8,48.47,51.93,32,22,6.40,45.76,81,-2,5.50,52.94,38,-1,4.20,64.29,220,-3,545.00,59.60,176,80,5.27,94.62,36,-22,0.00,100.00,1,341,10.17,97.77,3,1,8.28,94.10,93,-69,12.51,87.18,223,52,97.73,97.63,107,41,15.97,84.61,26,-1,9.51,90.49,26,-6,97.14,97.14,55,8,75.60,36.73,117,-9,100.00,100.00,1,391,0.00,100.00,1,0,0.10,82.33,310,-101,24.72,25.66,230,-10,0.00,100.00,1,0,0.00,100.00,1,0,0.01,62.59,113,143,23.90,78.70,57,-10,25.35,20.57,289,2,6.01,70.60,84,-40,R$ 0.00,0.00,241,-9,1.56,12.38,135,-3,"R$ 10,110.72",5.62,220,22,"R$ 40,724.92",4.14,243,3,15.29,61.77,81,102,2.07,59.73,147,-33,"R$ 3,440.25",37.65,113,-21,3.11,24.58,360,-282,6.13,15.13,356,25,19.72,9.57,377,-5,29.84,56.04,61,8,92.11,34.65,341,11,55.18,17.30,375,-9,36.49,49.01,104,21,76.29,70.29,332,28,97.44,96.19,141,84,44.22,250,-104,79.15,91,0,49.26,256,43,75.65,135,85,43.67,63,4,53.55,111,19,94.63,4,40,90.42,25,148,68.37,194,50,58.62,129,-49,22.51,161,-11,26.91,282,-3,53.49,371,16,54.94,101,38,60.92,148,-56,69.33,22,109,35.89,237,-17
3557105,58.94,53.17,121,-43,5.49,20.89,171,84,44.11,68.16,149,-24,-15.32,62.20,74,26,7.59,80.00,138,-52,1.33,84.50,39,6,90.38,88.99,186,-153,34.80,65.53,344,-178,55.90,49.52,221,-58,80.97,81.69,154,"Não comparável, alteração metodológica completa",117.07,60.48,44,6,35.31,52.50,105,23,99.97,70.13,22,1,94.41,98.45,2,3,109.53,61.97,354,-353,0.73,95.86,53,-36,4.74,75.21,185,-84,7.67,90.65,13,67,137.90,77.17,83,50,67.93,55.71,46,-7,103.94,65.90,45,17,113.56,67.30,3,1,83.67,97.19,5,-3,45.94,51.86,18,-7,38.63,41.38,60,-13,6.80,52.54,30,-1,5.60,54.90,21,0,4.50,75.00,108,-1,578.36,81.28,31,52,8.99,89.88,93,81,25.00,74.16,268,-160,25.37,92.09,34,32,17.97,86.67,233,-62,37.98,60.80,408,-19,97.15,97.02,126,1,35.61,64.05,210,-118,35.61,64.39,192,-141,97.15,97.15,54,-12,91.99,44.70,48,37,100.00,100.00,1,0,0.00,100.00,1,0,0.06,83.17,236,8,9.70,10.07,369,-5,0.00,100.00,1,0,0.00,100.00,1,0,0.27,66.14,27,240,27.71,73.23,99,1,38.21,34.25,135,12,5.22,69.61,125,-27,R$ 0.40,0.02,191,41,1.73,13.79,113,-6,"R$ 19,705.01",11.11,89,6,"R$ 47,418.13",5.08,200,-16,10.73,54.79,190,6,1.78,51.98,214,4,"R$ 3,067.17",31.47,197,-8,4.61,26.50,267,-251,19.58,52.29,35,33,74.29,40.09,98,36,27.04,48.39,107,-27,107.62,46.70,176,-4,59.07,24.92,304,-181,22.13,29.03,303,-38,87.33,84.44,263,-101,87.60,76.05,403,-185,51.11,92,20,77.10,132,-115,68.69,3,0,78.39,95,-50,63.27,1,0,61.86,17,14,82.88,153,-46,88.58,47,-19,64.66,306,59,60.54,90,5,21.66,187,-16,46.92,46,18,52.23,378,-279,58.62,21,-11,63.54,98,-64,73.52,2,-1,39.55,127,-36
4100400,,0.00,413,-206,,0.00,408,-370,45.37,66.62,175,-107,25.07,47.75,332,-28,,0.00,408,-190,,0.00,403,-111,73.70,69.89,354,-39,30.80,69.65,313,-151,62.43,57.95,132,77,97.26,98.13,21,"Não comparável, alteração metodológica completa",44.87,14.57,408,-11,19.33,28.25,256,4,90.17,57.24,156,-53,73.07,73.22,331,-50,71.99,75.00,271,101,1.11,91.93,139,-72,4.98,73.37,215,-18,18.00,45.32,346,-267,222.71,38.45,398,-67,27.86,1.20,420,-4,64.06,0.00,423,-5,45.93,6.49,418,-4,35.78,41.56,186,-14,10.61,11.97,209,39,1.40,1.45,416,-14,5.20,25.42,335,-4,4.80,39.22,223,-3,4.40,71.43,148,-2,501.05,31.03,378,22,34.46,57.37,350,-50,4.44,95.41,90,194,66.30,76.79,229,76,9.62,93.07,112,24,7.87,91.99,139,19,88.75,88.25,258,-24,51.53,47.38,342,-43,49.48,50.52,294,-44,72.60,72.60,202,35,60.64,29.47,169,0,93.46,88.29,349,-16,0.00,100.00,1,0,0.08,82.69,280,-26,44.67,46.37,118,-3,0.00,99.86,202,-201,0.00,99.82,179,-178,-0.72,52.46,369,-195,40.54,54.85,227,-4,17.44,12.14,365,5,5.95,70.52,86,188,R$ 0.00,0.00,241,-9,0.72,5.67,294,55,"R$ 8,814.60",4.87,248,53,"R$ 18,715.79",1.04,391,-13,8.10,50.76,271,-44,2.13,61.16,136,19,"R$ 2,692.44",25.27,288,-13,3.36,24.90,347,-263,3.70,8.43,405,-12,14.53,6.67,392,1,17.20,21.49,398,-23,73.36,20.07,402,6,67.87,42.20,118,-3,20.16,26.29,328,-47,95.15,94.47,166,-19,98.38,98.12,47,-39,28.59,412,-348,57.40,383,-82,40.85,374,-33,58.87,361,-35,12.02,420,-4,38.62,302,23,80.72,208,64,75.19,198,8,72.89,105,4,49.37,269,36,19.39,258,-5,12.20,418,-10,56.23,305,-33,43.40,385,-66,42.37,408,-227,55.21,326,1,30.80,378,-11
4101408,73.37,32.37,293,-1,2.26,8.16,347,-73,48.91,62.30,258,-23,3.86,55.34,206,52,7.65,79.78,143,-19,3.01,60.86,321,-153,90.24,88.83,191,-26,13.00,87.96,136,-52,39.41,28.23,395,-59,99.12,100.00,1,"Não comparável, alteração metodológica completa",114.66,58.95,55,2,15.35,22.21,310,-8,97.03,66.26,39,43,92.38,96.04,10,-6,0.00,100.00,1,272,1.91,83.66,285,-77,5.87,66.54,293,-172,16.60,51.44,307,-188,194.07,51.52,333,-54,62.06,47.72,109,-19,94.47,50.26,251,-24,80.51,37.59,158,-3,77.02,89.47,11,-4,44.55,50.29,23,-8,10.24,10.92,331,17,7.60,66.10,4,0,5.60,54.90,21,0,4.90,89.29,14,0,538.27,55.22,205,60,25.32,69.04,283,-11,0.00,100.00,1,0,89.25,68.21,300,-24,32.02,75.90,354,-40,19.79,79.64,330,6,96.81,96.67,142,45,30.79,69.10,172,-67,28.59,71.41,135,-32,93.58,93.58,94,47,81.00,39.36,91,-3,96.76,94.20,297,11,0.00,100.00,1,0,0.05,83.58,165,20,17.70,18.38,301,-6,0.00,99.83,206,-205,0.00,99.39,212,-211,0.01,62.66,109,53,35.76,61.69,178,14,37.03,32.99,152,1,2.46,66.13,280,-49,R$ 0.61,0.03,179,-25,1.53,12.18,137,22,"R$ 15,092.76",8.47,138,4,"R$ 37,146.43",3.64,270,0,12.10,56.89,152,12,1.86,54.20,195,9,"R$ 2,686.21",25.17,290,-9,6.52,28.93,127,51,13.03,34.19,122,-45,64.95,34.87,153,-10,20.30,29.96,298,-55,108.98,47.76,148,29,70.97,48.27,82,20,31.20,41.64,171,39,97.59,97.60,88,12,95.88,92.99,267,-15,39.55,333,-7,82.02,63,163,61.44,32,4,69.14,253,-35,48.21,29,-2,64.42,7,2,76.82,285,-25,86.50,73,36,66.54,245,30,55.39,178,9,20.89,211,19,33.01,202,-56,65.65,30,38,55.36,86,33,59.86,186,96,68.35,39,2,38.63,153,9
4101507,58.77,53.42,117,-53,2.76,10.14,322,-120,50.79,60.01,300,-16,-3.36,57.92,155,-24,6.02,85.70,64,1,2.48,68.24,228,71,79.56,76.61,318,42,14.50,86.42,158,-9,59.52,54.19,174,-17,85.55,86.31,117,"Não comparável, alteração metodológica completa",84.77,39.94,219,-6,17.67,25.74,281,5,91.18,58.56,128,121,89.92,93.14,22,-2,287.98,0.00,423,-422,2.20,80.66,308,-43,5.23,71.45,241,-117,15.12,57.96,255,-146,152.83,70.35,163,-109,58.73,43.19,151,9,97.51,55.27,167,84,69.27,27.47,293,-158,29.83,34.64,225,-11,13.32,15.03,161,-29,1.82,1.90,413,-23,7.20,59.32,8,0,5.60,54.90,21,0,4.90,89.29,14,0,532.61,51.55,241,17,12.11,85.89,143,-115,0.00,100.00,1,0,65.72,77.01,228,-123,29.87,77.55,341,23,27.88,71.26,386,-12,98.14,98.06,95,6,26.22,73.88,113,8,23.17,76.83,98,4,96.12,96.12,73,109,73.55,35.74,125,-2,98.10,96.60,261,-260,0.00,100.00,1,0,0.04,83.59,162,-14,12.90,13.39,343,-5,0.00,99.68,234,-233,0.00,99.20,229,-228,0.03,62.89,96,184,30.26,69.58,124,17,41.94,38.22,93,2,5.62,70.11,102,227,R$ 0.00,0.00,241,-9,0.78,6.12,275,-21,"R$ 14,354.74",8.05,148,4,"R$ 47,973.54",5.16,198,-5,12.01,56.75,154,142,1.83,53.47,202,14,"R$ 2,937.54",29.33,227,-1,5.67,27.85,197,-136,8.06,20.48,277,-65,47.58,25.15,249,8,18.82,25.93,354,-67,102.87,43.01,245,38,63.69,33.99,197,-52,34.30,45.95,129,43,81.58,77.07,301,10,97.27,95.86,159,83,45.38,211,-82,79.89,84,207,52.65,180,31,49.43,412,-374,27.11,284,-38,61.55,23,3,82.16,175,-60,88.07,52,47,65.10,288,52,60.85,85,64,20.23,234,-7,23.85,327,-39,59.18,217,36,51.89,194,-26,61.88,131,105,61.65,199,-107,35.93,234,0
4101804,67.41,40.97,228,33,0.86,2.70,398,-110,49.98,61.00,282,-85,2.46,55.84,199,-14,13.87,57.12,322,-22,2.00,74.98,142,-40,84.60,82.37,274,-50,10.80,90.23,94,14,75.00,74.17,31,-19,76.62,77.30,200,"Não comparável, alteração metodológica completa",94.10,45.87,148,16,33.52,49.79,125,14,100.08,70.26,20,-16,88.83,91.85,34,9,49.85,82.69,216,119,0.74,95.76,55,-44,3.98,81.04,104,-61,10.47,78.36,74,51,134.74,78.61,70,101,61.69,47.22,112,6,98.56,57.02,138,4,83.58,40.34,126,35,49.21,57.17,90,-3,5.25,5.92,342,7,1.98,2.07,411,3,5.90,37.29,200,-4,5.00,43.14,162,-3,4.60,78.57,70,-1,533.62,52.20,234,16,11.25,86.99,128,53,5.26,94.56,102,175,40.44,86.45,124,65,10.00,92.78,115,-2,5.42,94.52,109,12,89.78,89.33,242,-16,31.78,68.06,184,-2,38.05,61.95,215,-10,84.68,84.68,148,26,70.81,34.41,136,-5,100.00,100.00,1,167,0.00,100.00,1,0,0.08,82.69,279,53,25.55,26.52,220,-9,0.01,99.29,255,-53,0.00,99.47,204,-8,0.09,63.77,59,113,36.02,61.32,180,-1,45.65,42.16,63,8,7.07,71.94,51,131,R$ 0.00,0.00,241,-9,1.09,8.62,204,55,"R$ 14,286.19",8.01,150,5,"R$ 224,671.70",30.01,7,4,8.84,51.89,250,-196,3.07,85.75,22,-6,"R$ 3,837.84",44.22,53,-22,2.61,23.95,376,-140,5.45,13.27,374,-32,44.26,23.30,260,0,21.51,33.27,255,-95,118.31,55.01,80,5,63.38,33.38,205,-46,28.48,37.86,212,0,88.12,85.45,256,2,98.21,97.78,65,37,40.13,325,-37,76.41,145,-51,62.32,26,-3,81.59,57,146,32.31,197,2,48.60,182,-2,90.73,23,86,83.05,129,0,68.71,183,47,60.40,95,35,29.23,48,-12,23.28,341,-72,61.90,119,-29,55.19,94,-8,57.48,237,-80,67.67,51,68,40.15,110,-38
4103701,56.86,56.17,93,71,3.88,14.53,264,-21,48.42,62.90,247,30,-12.04,61.03,92,-12,10.60,69.01,253,-31,1.55,81.45,72,43,93.06,92.06,132,-59,7.90,93.21,58,-16,82.23,83.51,6,-2,81.81,82.54,146,"Não comparável, alteração metodológica completa",81.97,38.16,237,0,27.65,40.88,185,-1,98.06,67.62,31,11,86.16,88.70,88,-31,0.00,100.00,1,0,0.97,93.38,113,12,4.48,77.21,158,-22,12.58,69.10,152,3,166.50,64.11,239,-14,58.34,42.67,156,17,91.05,44.60,323,-10,55.62,15.20,400,-11,16.37,19.02,303,-13,13.67,15.42,160,49,9.44,10.07,346,27,6.70,50.85,38,-1,5.60,54.90,21,0,4.60,78.57,70,-1,526.45,47.54,270,45,16.21,80.65,196,-21,5.26,94.56,102,68,46.58,84.16,150,61,9.91,92.85,114,67,8.83,90.98,157,32,97.70,97.60,108,38,43.02,56.29,280,-7,46.70,53.30,275,-28,97.68,97.68,48,5,95.18,46.25,36,6,97.68,95.85,275,10,100.00,0.00,345,-18,0.06,83.31,213,42,7.89,8.19,383,-7,0.00,100.00,1,0,0.00,100.00,1,0,0.07,63.46,73,203,37.11,59.76,195,23,32.06,27.71,214,1,1.99,65.54,305,80,R$ 0.00,0.00,241,-75,1.03,8.16,213,-1,"R$ 9,488.23",5.26,235,29,"R$ 63,159.21",7.29,124,24,10.66,54.69,192,144,2.30,65.53,102,-7,"R$ 3,176.50",33.28,176,5,7.58,30.28,75,14,1.87,3.36,420,-6,13.65,6.18,395,3,21.69,33.76,248,-44,79.18,24.60,393,-2,61.78,30.26,245,37,32.12,42.93,156,30,97.43,97.39,95,71,96.63,94.53,223,57,48.66,144,77,83.74,38,6,56.86,97,-13,79.25,82,13,22.56,342,15,56.27,81,7,88.10,49,47,75.92,191,-3,63.78,338,46,53.08,212,48,22.80,154,14,14.43,408,-13,57.94,258,65,52.61,173,30,65.44,60,33,63.78,152,19,33.65,312,6
4104204,60.37,51.12,135,-10,6.40,24.44,127,113,47.17,64.43,225,-9,1.25,56.27,191,10,7.50,80.32,134,-79,2.22,71.97,172,31,90.06,88.62,200,-97,6.90,94.24,46,-9,68.95,66.37,72,-17,95.37,96.22,42,"Não comparável, alteração metodológica completa",100.56,49.98,113,67,24.22,35.68,214,-3,100.55,70.89,17,58,82.71,84.61,169,-1,70.87,75.39,267,-13,0.47,98.55,7,74,2.50,92.40,3,45,15.59,55.88,275,-173,146.02,73.46,125,-28,53.06,35.48,230,-18,86.58,37.21,374,-17,79.87,37.01,162,7,45.22,52.53,122,1,16.94,19.12,126,25,6.01,6.39,378,-23,6.90,54.24,20,-1,5.50,52.94,38,-1,5.00,92.86,3,0,528.32,48.76,260,-23,14.02,83.46,165,57,9.09,90.60,150,113,65.19,77.20,227,14,22.43,83.26,284,-37,5.81,94.11,117,21,81.86,81.05,316,-18,36.56,63.05,225,-59,35.53,64.47,191,-62,72.08,72.08,206,1,75.96,36.91,114,0,97.99,96.40,266,46,0.00,100.00,1,0,0.06,83.31,211,-9,57.53,59.72,70,-3,0.02,97.91,308,-96,0.02,96.66,323,-82,-0.04,61.94,162,-94,28.30,72.39,104,1,31.97,27.61,215,16,7.20,72.11,47,269,R$ 0.00,0.00,241,-9,1.02,8.04,217,-8,"R$ 11,737.29",6.55,190,5,"R$ 51,863.48",5.71,181,-7,15.56,62.19,76,19,2.24,63.96,111,24,"R$ 3,194.99",33.59,171,-19,4.74,26.66,263,-130,11.97,31.27,159,-21,32.25,16.58,320,-11,19.41,27.53,337,-55,97.80,39.07,293,25,60.41,27.57,274,-74,24.19,31.90,273,40,93.20,91.97,200,5,97.72,96.78,103,41,49.07,135,58,86.67,15,18,60.34,54,63,73.69,166,-47,30.23,228,-2,59.33,42,-8,85.05,113,80,77.75,175,-1,77.51,48,-11,59.47,113,62,22.62,158,19,25.13,303,-27,57.46,273,-5,55.29,89,16,67.05,39,29,66.70,76,11,36.60,211,4
4104303,61.10,50.07,141,4,9.45,36.44,51,161,49.01,62.18,261,-65,-4.96,58.50,138,-33,10.92,67.86,262,-48,2.37,69.78,206,-64,94.08,93.22,102,46,12.60,88.37,126,-21,66.71,63.48,90,-39,95.00,95.85,45,"Não comparável, alteração metodológica completa",75.57,34.09,286,-19,28.80,42.62,170,-12,99.55,69.57,24,36,87.45,90.22,55,-17,91.58,68.20,324,-323,2.34,79.21,325,-177,4.75,75.13,187,206,10.99,76.08,86,-75,205.22,46.43,374,-160,59.97,44.88,139,-25,98.60,57.07,136,28,82.57,39.43,141,-10,41.62,48.35,148,-21,5.27,5.94,340,-35,11.69,12.49,307,-72,6.70,50.85,38,-1,5.70,56.86,9,0,5.00,92.86,3,0,540.35,56.58,194,11,24.19,70.47,270,72,3.85,96.02,84,11,114.57,58.74,351,14,53.22,59.65,409,-15,2.11,97.94,47,-19,98.06,97.97,98,49,20.67,79.69,55,-10,17.03,82.97,59,-17,97.81,97.81,45,26,94.54,45.94,38,10,100.00,100.00,1,248,0.00,100.00,1,0,0.06,83.30,215,-16,14.77,15.33,333,-13,0.00,100.00,1,0,0.00,100.00,1,0,-0.03,62.11,153,204,36.10,61.21,182,2,38.92,35.01,123,8,4.04,68.13,189,38,R$ 1.34,0.06,151,-15,1.24,9.86,180,-4,"R$ 38,181.68",21.68,23,-3,"R$ 60,261.36",6.89,133,-18,5.16,46.26,337,-94,1.49,44.37,272,-13,"R$ 3,403.37",37.03,120,-11,6.63,29.06,122,219,16.10,42.67,64,-12,96.83,52.69,30,-1,24.58,41.66,160,-50,113.14,50.99,109,61,73.13,52.52,54,75,28.25,37.54,217,0,96.40,96.07,137,-12,96.11,93.47,255,-78,51.80,82,81,83.61,45,52,56.70,100,4,66.29,283,-210,32.21,200,-26,60.81,29,-2,73.28,332,10,90.98,12,17,65.62,275,59,56.69,162,11,22.11,176,4,45.68,54,-15,66.12,25,47,56.49,60,6,67.01,40,61,64.70,129,-41,41.98,68,20
4104808,48.99,67.51,42,17,5.47,20.79,174,102,51.80,58.78,318,-19,14.12,51.67,280,-23,7.94,78.70,155,-22,1.52,81.86,66,35,77.90,74.70,332,-44,1.70,99.59,4,-1,62.45,57.98,131,-39,97.08,97.94,22,"Não comparável, alteração metodológica completa",89.83,43.16,182,-8,28.48,42.14,175,-2,109.67,82.88,2,15,83.71,85.79,140,49,88.32,69.33,314,-313,0.85,94.62,74,26,3.81,82.35,88,21,8.39,87.48,23,153,158.75,67.65,193,-134,58.18,42.45,159,28,98.03,56.14,152,59,85.22,41.82,105,20,48.33,56.14,104,-18,9.17,10.34,239,-26,4.83,5.12,390,-2,6.80,52.54,30,-1,5.20,47.06,104,-3,4.80,85.71,30,-1,546.50,60.57,170,37,24.99,69.45,281,-42,1.09,98.88,53,16,52.24,82.04,177,39,19.77,85.29,258,46,0.62,99.49,12,0,91.85,91.49,228,-21,36.32,63.31,223,-3,36.31,63.69,200,-3,96.25,96.25,69,3,112.47,54.65,8,5,98.00,96.42,265,-6,0.00,100.00,1,0,0.06,83.25,225,5,21.66,22.48,256,3,0.00,99.99,180,65,0.00,99.81,180,135,-0.01,62.32,139,161,31.40,67.94,131,7,44.58,41.03,71,2,4.25,68.39,176,172,R$ 30.80,1.41,93,-41,2.40,19.17,59,-11,"R$ 36,291.95",20.60,27,8,"R$ 55,176.33",6.17,160,-14,6.10,47.70,322,-44,2.05,59.02,152,-9,"R$ 3,249.78",34.49,155,-10,5.88,28.11,181,-12,9.48,24.39,239,-76,80.97,43.82,71,19,21.59,33.49,251,-50,119.44,55.89,71,10,60.95,28.61,262,54,37.24,50.04,95,-8,85.94,82.66,271,-4,97.08,95.45,181,-27,49.69,116,83,85.42,27,182,63.34,21,28,77.55,106,-63,33.04,183,8,57.58,60,7,84.27,129,3,87.38,61,-16,67.65,212,70,60.44,93,45,25.57,91,-17,33.90,194,-43,62.53,96,34,57.46,37,33,66.78,43,149,68.10,43,0,40.87,94,-4
4105508,63.07,47.22,171,34,8.97,34.55,59,185,46.68,65.02,216,-28,-2.92,57.77,158,-29,5.70,86.90,53,-12,0.90,90.49,6,3,82.83,80.35,292,-113,11.20,89.81,105,-6,53.80,46.81,250,-6,97.83,98.70,15,"Não comparável, alteração metodológica completa",93.49,45.49,152,-5,15.71,22.76,303,-3,99.07,68.94,27,-7,93.71,97.62,4,8,209.64,27.20,414,-75,0.49,98.35,8,29,3.51,84.65,51,-16,6.29,96.70,5,229,138.70,76.81,86,227,66.74,54.09,54,-3,96.01,52.80,208,49,85.25,41.85,103,-16,48.69,56.56,97,2,10.74,12.12,207,69,2.70,2.84,409,-13,6.90,54.24,20,-1,5.50,52.94,38,-1,4.70,82.14,46,-1,534.16,52.55,228,56,7.29,92.05,68,172,60.00,37.98,372,-88,53.57,81.55,182,56,37.64,71.59,376,-21,14.10,85.53,263,51,93.09,92.78,209,40,20.04,80.35,52,7,17.58,82.42,62,-4,68.65,68.65,212,15,63.84,31.02,158,-7,94.98,91.01,328,-150,0.00,100.00,1,0,0.09,82.46,303,15,12.90,13.39,344,-1,0.00,100.00,1,0,0.00,100.00,1,0,0.02,62.72,105,94,27.75,73.18,100,-1,40.10,36.26,111,-9,0.82,64.07,342,-8,R$ 0.00,0.00,241,-9,1.38,10.97,160,13,"R$ 18,785.34",10.58,97,-3,"R$ 50,130.11",5.46,192,20,13.98,59.77,102,139,1.71,50.14,231,14,"R$ 2,752.98",26.27,267,-15,5.82,28.03,186,-73,14.85,39.22,83,-18,60.87,32.58,182,26,18.71,25.62,359,-28,107.18,46.36,181,59,80.42,66.83,34,33,25.38,33.55,253,-15,80.47,75.65,304,1,94.36,89.88,328,6,51.14,89,133,86.14,22,45,58.20,70,-26,71.82,200,102,34.13,169,8,58.17,53,6,76.05,301,8,79.70,160,1,64.92,297,38,58.73,128,-5,20.76,217,14,32.47,209,-8,62.45,99,97,54.92,102,62,67.88,30,76,63.94,150,26,38.27,161,24
4105805,63.98,45.91,182,26,8.79,33.83,63,302,156.83,0.00,418,-52,-85.52,87.33,4,26,15.16,52.39,347,-324,7.32,0.00,403,-212,76.84,73.49,340,67,6.60,94.55,40,-7,64.90,61.13,105,35,82.47,83.20,138,"Não comparável, alteração metodológica completa",109.04,55.37,72,-5,24.18,35.61,215,0,91.76,59.33,115,52,88.07,90.95,44,9,72.31,74.89,273,68,1.44,88.52,207,-114,4.09,80.20,112,-56,13.38,65.60,178,-57,151.11,71.14,154,98,52.98,35.38,231,-18,92.11,46.35,302,-37,58.55,17.84,385,2,53.03,61.60,68,11,5.81,6.55,324,-38,3.38,3.57,398,8,5.80,35.59,227,-4,5.10,45.10,133,-3,4.40,71.43,148,-2,521.69,44.45,299,10,16.20,80.67,195,-60,7.14,92.62,128,121,31.63,89.75,72,8,6.23,95.67,61,-9,12.66,87.02,227,-28,98.02,97.93,101,-7,28.17,71.84,134,144,44.36,55.64,260,-8,84.00,84.00,152,35,72.49,35.22,131,5,100.00,100.00,1,0,0.00,100.00,1,0,0.07,82.97,259,13,39.51,41.02,134,0,0.02,97.91,309,-79,0.01,98.67,256,-51,0.00,62.43,127,97,36.83,60.15,191,-4,25.85,21.09,283,0,4.78,69.06,147,47,R$ 21.62,0.99,101,36,0.90,7.12,242,40,"R$ 4,712.76",2.53,356,-5,"R$ 32,853.49",3.03,294,28,19.83,68.74,24,183,2.46,69.74,80,13,"R$ 2,991.68",30.22,219,-17,3.52,25.10,336,-169,7.29,18.33,312,-104,25.97,13.07,350,9,19.33,27.32,340,12,112.84,50.76,112,16,62.59,31.84,227,33,31.35,41.85,166,0,87.40,84.53,262,-36,98.65,98.67,22,9,41.77,296,29,68.33,288,56,59.33,61,4,73.31,176,63,27.62,278,-8,46.21,210,1,88.87,36,10,84.76,99,27,72.43,112,32,52.81,216,17,22.45,165,37,19.57,381,-28,61.53,134,-16,51.89,195,40,54.47,301,53,65.64,103,38,35.28,266,-16
4106902,40.46,79.82,12,4,2.08,7.48,362,-37,40.66,72.37,87,26,-28.47,66.91,31,8,7.21,81.39,122,-19,1.16,86.89,22,14,98.07,97.79,26,22,2.00,99.28,5,-3,71.74,69.98,52,-26,94.17,95.01,52,"Não comparável, alteração metodológica completa",59.04,23.58,361,-1,55.03,82.42,8,1,87.00,53.07,215,-30,92.29,95.94,11,2,11.85,95.88,137,31,1.94,83.35,289,-41,13.95,4.53,422,-4,8.89,85.29,31,18,130.86,80.39,63,-18,66.58,53.87,58,14,99.43,58.45,113,-22,96.27,51.76,17,28,71.81,83.41,23,-3,20.02,22.60,104,-11,7.32,7.80,366,-8,6.30,44.07,105,-2,5.40,50.98,64,-2,4.90,89.29,14,0,564.04,71.97,87,4,18.42,77.84,217,-41,18.80,80.57,233,117,51.19,82.44,170,21,16.95,87.45,226,-47,3.70,96.30,82,1,100.00,100.00,1,0,33.76,65.99,195,50,49.76,50.24,298,-76,100.00,100.00,1,0,97.53,47.39,25,8,100.00,100.00,1,190,0.00,100.00,1,0,0.02,84.08,45,24,12.09,12.55,351,-5,0.00,99.88,195,19,0.00,99.67,189,17,-0.16,60.31,241,88,22.90,80.13,48,0,64.11,61.81,14,-2,1.19,64.53,330,-101,R$ 227.71,10.41,35,-7,3.00,23.93,38,0,"R$ 42,437.04",24.12,18,-4,"R$ 67,691.30",7.93,111,23,7.43,49.74,291,-15,3.26,90.54,11,-9,"R$ 4,678.86",58.14,14,-3,5.35,27.44,222,-57,18.33,48.82,43,-9,110.54,60.36,20,2,36.18,73.37,20,-13,132.68,66.17,19,0,51.68,10.42,413,-9,44.25,59.79,21,1,76.21,70.19,334,2,94.55,90.28,322,-50,56.64,27,26,90.80,2,2,55.28,128,-27,78.54,91,47,44.64,54,0,58.56,50,-6,84.27,128,61,89.50,32,-13,64.73,305,45,68.21,18,0,35.99,18,-9,60.85,5,0,59.37,208,27,63.02,4,1,72.98,5,2,69.11,27,9,51.17,6,-2
4107652,58.46,53.86,110,2,5.04,19.10,196,-63,50.12,60.83,287,0,-9.39,60.08,109,-32,7.44,80.54,133,-4,1.74,78.66,108,23,73.33,69.47,357,-30,29.30,71.19,304,-48,61.89,57.25,146,48,90.75,91.56,80,"Não comparável, alteração metodológica completa",62.84,26.00,346,-17,23.28,34.24,221,0,84.25,49.46,259,9,86.26,88.81,84,-3,56.56,80.36,239,-13,2.81,74.35,358,-194,8.37,47.35,387,-109,9.62,82.11,45,-10,127.09,82.11,49,15,43.42,22.37,334,-11,90.63,43.90,331,-9,69.39,27.58,289,1,32.15,37.34,212,4,4.31,4.86,371,-15,1.85,1.93,412,-5,6.10,40.68,150,-3,5.20,47.06,104,-3,4.70,82.14,46,-1,517.50,41.73,321,35,10.53,87.91,116,17,5.56,94.26,107,100,28.11,91.06,51,25,3.10,98.07,23,35,2.23,97.82,51,3,98.53,98.46,86,129,25.69,74.43,109,1,20.23,79.77,84,-6,98.84,98.84,32,50,87.36,42.45,64,-4,100.00,100.00,1,236,0.00,100.00,1,0,0.05,83.49,180,-3,26.13,27.13,215,6,0.09,91.91,374,-43,0.01,97.98,292,-61,-0.21,59.63,270,-51,40.03,55.57,223,-4,20.59,15.50,335,-3,4.72,68.98,150,-36,R$ 0.00,0.00,241,-53,0.48,3.77,353,12,"R$ 8,337.49",4.60,267,26,"R$ 27,805.32",2.32,327,-86,2.13,41.61,369,-250,2.09,60.26,143,2,"R$ 3,198.66",33.65,167,-19,4.36,26.18,286,-215,7.01,17.56,327,-85,31.54,16.18,326,-8,20.24,29.79,301,8,88.36,31.73,358,16,64.23,35.06,189,41,19.16,24.90,341,-7,99.28,99.77,8,40,98.87,99.13,10,32,48.47,149,-18,77.54,119,10,45.66,317,-15,77.39,110,-29,21.34,357,-10,49.89,163,7,93.59,6,10,90.46,23,30,67.25,228,20,49.87,261,-9,19.57,254,-43,21.18,364,-21,58.12,250,37,52.38,177,0,62.37,121,-14,65.08,116,17,33.17,330,-32
4108304,43.48,75.47,20,5,1.89,6.72,370,-6,50.00,60.98,284,84,6.42,54.42,222,-32,10.54,69.25,252,-6,1.84,77.37,122,41,70.09,65.76,373,-18,3.60,97.63,11,-8,78.29,78.43,16,-1,94.80,95.65,46,"Não comparável, alteração metodológica completa",107.57,54.44,76,52,25.81,38.09,197,1,85.37,50.93,243,88,81.36,83.01,207,-11,52.52,81.76,223,67,1.25,90.49,166,-26,3.42,85.34,44,107,14.18,62.08,212,-61,193.70,51.69,332,4,59.52,44.27,144,-2,95.39,51.77,223,6,79.44,36.62,168,-52,19.31,22.43,280,4,10.58,11.94,210,-6,6.80,7.24,370,-54,7.40,62.71,5,0,5.60,54.90,21,0,4.80,85.71,30,-1,541.83,57.54,190,3,25.72,68.53,286,36,16.48,82.96,215,-46,62.60,78.17,219,56,19.97,85.14,259,-10,36.39,62.45,404,1,99.45,99.43,60,-5,29.85,70.08,153,-9,35.00,65.00,188,-7,96.33,96.33,67,36,85.28,41.44,74,1,100.00,100.00,1,185,0.00,100.00,1,0,0.03,83.94,80,-40,32.76,34.01,177,-5,0.01,98.98,267,-36,0.00,99.00,241,-22,-0.06,61.63,182,101,42.81,51.58,249,9,32.30,27.96,210,12,4.29,68.44,174,84,R$ 31.00,1.42,92,6,2.58,20.57,53,3,"R$ 10,931.79",6.09,202,16,"R$ 59,468.67",6.78,141,-94,-2.90,33.91,393,-36,1.77,51.76,218,12,"R$ 3,522.78",39.01,94,1,6.34,28.70,148,-42,12.18,31.84,150,-60,60.42,32.33,184,-14,26.06,45.71,125,-16,127.72,62.32,34,28,60.44,27.62,272,37,32.56,43.54,145,-91,98.23,98.41,60,11,97.59,96.51,118,24,49.40,128,77,82.55,49,216,55.31,125,95,69.72,242,33,26.01,301,-22,63.08,13,-3,75.84,305,25,88.94,41,7,70.79,142,47,52.06,229,27,22.23,174,-37,36.63,144,-51,65.68,29,23,55.33,88,74,65.25,64,185,65.10,115,42,39.41,136,-21
4108403,66.64,42.08,211,9,9.48,36.54,50,-14,45.86,66.02,192,-15,-1.02,57.09,173,9,5.74,86.73,56,-47,1.19,86.46,24,-18,83.95,81.62,284,-41,4.80,96.40,20,-2,67.06,63.93,85,-29,89.28,90.08,86,"Não comparável, alteração metodológica completa",91.55,44.25,166,-15,17.76,25.88,277,-3,92.32,60.07,105,13,93.39,97.24,6,11,0.00,100.00,1,0,0.68,96.38,40,53,3.66,83.50,67,-48,10.03,80.27,57,242,137.37,77.41,79,-2,64.79,51.44,81,0,91.94,46.07,303,-12,88.92,45.15,56,29,55.12,64.02,63,-17,18.58,20.97,115,-13,9.75,10.41,335,-41,6.90,54.24,20,-1,5.70,56.86,9,0,4.90,89.29,14,0,539.59,56.08,201,38,18.76,77.41,219,-46,0.00,100.00,1,0,42.25,85.78,134,158,36.52,72.45,375,29,32.94,66.02,399,4,87.13,86.56,273,24,28.81,71.17,139,-23,27.41,72.59,122,-14,75.43,75.43,192,10,84.92,41.26,76,0,87.86,78.26,376,-194,0.00,100.00,1,0,0.07,83.09,245,22,24.92,25.87,227,-14,0.00,100.00,1,0,0.00,100.00,1,0,0.05,63.10,91,103,26.18,75.42,78,12,38.93,35.02,122,-5,2.87,66.65,256,48,R$ 0.06,0.00,230,-81,1.71,13.61,119,-9,"R$ 17,628.63",9.92,111,17,"R$ 46,814.84",5.00,205,-14,13.98,59.77,103,74,1.67,49.06,238,1,"R$ 3,096.43",31.96,192,11,7.11,29.68,98,136,15.61,41.33,70,-29,91.73,49.84,41,2,24.88,42.49,154,-15,106.25,45.63,197,103,66.12,38.76,154,-90,35.10,47.07,118,3,91.60,89.91,225,-14,92.30,85.67,374,-5,50.43,109,-24,86.38,19,-7,55.29,126,-19,86.70,18,58,38.10,124,-24,61.26,25,5,78.79,254,84,77.07,182,-36,68.72,182,50,60.12,99,22,21.62,188,27,44.55,62,-18,61.41,138,-62,57.32,41,0,67.62,34,-12,67.23,58,31,41.04,89,6
4109401,60.33,51.18,134,34,1.59,5.55,381,-129,52.38,58.07,330,25,2.45,55.84,198,-10,7.05,81.96,114,28,2.98,61.19,315,-29,81.94,79.32,299,-61,7.70,93.42,56,-33,66.94,63.77,87,-37,98.45,99.33,7,"Não comparável, alteração metodológica completa",64.91,27.31,333,-10,17.32,25.21,285,-10,94.00,62.28,81,285,84.85,87.14,116,-31,0.00,100.00,1,287,1.25,90.49,166,-66,4.79,74.83,191,-67,16.70,51.02,313,-53,193.69,51.70,330,-58,53.53,36.12,218,-23,98.07,56.21,150,5,78.61,35.87,178,-18,27.89,32.40,244,-9,5.90,6.65,322,-25,9.69,10.33,337,-44,6.30,44.07,105,-2,5.30,49.02,84,-2,4.90,89.29,14,0,534.27,52.62,226,-11,25.44,68.89,285,-51,0.00,100.00,1,119,104.13,62.64,330,-85,46.10,65.11,402,-23,17.30,82.22,304,-3,95.02,94.80,182,32,22.16,78.13,72,-33,21.84,78.16,90,-44,93.75,93.75,91,23,85.35,41.47,72,2,93.14,87.71,351,0,0.00,100.00,1,0,0.09,82.56,293,18,38.10,39.56,144,-13,0.01,99.51,249,13,0.01,98.57,263,38,-0.03,62.10,154,55,41.99,52.76,243,-2,35.55,31.42,171,-3,2.15,65.74,298,-22,R$ 80.86,3.70,64,-16,1.15,9.12,192,-78,"R$ 24,964.17",14.12,61,6,"R$ 54,170.74",6.03,169,-13,5.17,46.28,336,-49,1.20,36.93,333,-13,"R$ 3,371.98",36.52,133,-15,6.12,28.41,161,11,10.76,27.93,198,-78,79.93,43.24,74,9,23.42,38.50,191,-38,104.37,44.18,221,-25,62.70,32.06,223,55,28.63,38.07,206,-5,78.36,72.94,316,-12,97.04,95.37,189,-70,42.66,282,3,84.76,31,140,48.59,271,83,70.59,225,32,26.97,287,-30,54.68,95,-5,73.26,333,-42,85.79,86,33,72.06,119,26,52.23,224,6,19.99,242,-64,36.56,146,-45,56.52,294,-10,52.75,169,39,62.80,113,125,62.81,179,21,36.44,220,-42
4113700,45.45,72.62,26,4,1.44,4.98,385,-19,45.88,66.00,193,44,5.60,54.72,216,9,9.05,74.68,196,-179,1.20,86.34,27,20,78.27,75.13,329,-111,7.50,93.62,52,69,92.84,97.22,2,-1,94.60,95.44,49,"Não comparável, alteração metodológica completa",61.07,24.87,354,19,40.96,61.08,66,0,96.68,65.80,42,9,86.69,89.31,75,3,65.58,77.23,255,-97,1.48,88.11,214,-16,4.41,77.74,152,72,13.94,63.15,201,-10,151.05,71.17,153,-18,59.98,44.89,138,0,97.05,54.52,179,-33,75.66,33.22,219,-48,44.37,51.54,130,2,9.80,11.06,225,-19,5.53,5.88,385,-35,6.90,54.24,20,-1,5.50,52.94,38,-1,4.80,85.71,30,-1,563.59,71.68,92,30,23.90,70.84,264,-41,8.61,91.10,147,31,70.49,75.22,251,-11,26.16,80.40,314,1,17.11,82.41,300,21,97.57,97.46,111,-4,29.61,70.33,148,-2,51.56,48.44,304,-10,97.26,97.26,53,-18,95.66,46.48,34,12,99.16,98.50,237,-236,0.00,100.00,1,0,0.04,83.74,129,-10,18.43,19.13,291,-2,0.00,99.90,191,-190,0.01,98.95,246,-245,0.07,63.48,72,131,27.90,72.96,101,12,39.95,36.10,113,0,2.99,66.79,252,-63,R$ 52.62,2.41,80,-44,4.75,37.94,17,1,"R$ 28,554.09",16.17,42,-1,"R$ 50,362.05",5.49,189,-9,6.81,48.78,306,26,2.10,60.36,141,-8,"R$ 3,386.18",36.75,126,50,5.90,28.13,179,184,18.86,50.30,40,151,86.67,47.01,50,10,30.48,57.79,55,-13,125.98,60.97,40,1,53.57,14.13,396,3,37.73,50.73,87,10,72.93,65.98,352,21,93.92,88.98,343,32,49.58,121,26,86.98,12,-11,55.29,127,14,73.00,183,-70,31.38,213,-21,61.96,16,3,78.74,255,-11,88.03,53,-17,66.87,241,38,59.79,108,7,28.43,56,5,51.70,27,33,56.16,309,70,57.92,30,9,67.47,36,-12,65.96,93,-16,44.12,36,57
4115200,44.23,74.38,23,1,5.77,21.99,157,84,48.00,63.41,238,-5,-5.06,58.53,137,5,7.32,80.97,129,-11,1.63,80.25,87,-43,98.92,98.76,12,49,4.90,96.30,22,42,61.72,57.02,147,-48,94.75,95.59,47,"Não comparável, alteração metodológica completa",87.27,41.53,200,22,47.00,70.24,34,-5,92.44,60.23,101,31,87.78,90.60,47,13,22.68,92.13,152,-151,0.92,93.90,96,-21,3.88,81.81,94,-25,11.79,72.56,125,16,118.17,86.18,25,8,70.05,58.59,33,-10,101.31,61.56,77,3,89.69,45.84,48,52,76.45,88.81,13,-3,20.90,23.59,96,-16,5.91,6.28,381,-14,7.20,59.32,8,0,5.40,50.98,64,-2,4.80,85.71,30,-1,566.22,73.40,78,65,14.32,83.07,172,-15,3.17,96.72,74,59,70.66,75.16,253,-80,24.65,81.55,301,-32,22.72,76.61,353,-11,93.14,92.83,208,-35,22.78,77.48,78,-6,24.12,75.88,108,-22,99.47,99.47,18,7,116.04,56.38,7,0,99.40,98.93,232,-231,0.00,100.00,1,0,0.04,83.80,113,5,7.90,8.20,381,0,0.00,100.00,1,0,0.00,100.00,1,0,0.07,63.48,71,113,25.62,76.23,74,-4,51.17,48.04,32,0,2.40,66.06,284,12,R$ 171.74,7.85,42,-21,4.07,32.48,22,-2,"R$ 36,909.56",20.96,24,2,"R$ 67,903.99",7.96,108,14,4.31,44.95,349,-110,2.30,65.51,103,5,"R$ 3,375.96",36.58,131,-5,6.44,28.82,134,211,10.43,27.00,207,-2,131.78,72.24,10,4,27.18,48.78,102,-2,133.51,66.82,18,4,55.34,17.61,370,13,40.55,54.65,43,-27,81.90,77.48,298,-9,96.73,94.74,214,-89,54.58,47,33,88.74,8,-1,60.73,48,2,84.47,35,-13,45.87,44,-3,63.29,10,4,82.53,165,-32,90.61,21,-14,63.93,331,25,63.82,51,6,30.11,38,-9,49.34,33,14,62.26,105,-25,61.69,7,0,70.92,13,4,71.25,7,1,46.34,15,0
4118204,42.64,76.68,17,-6,0.41,0.90,404,-41,48.63,62.65,252,-1,0.81,56.43,185,19,15.33,51.78,351,-37,2.14,73.14,161,-20,71.09,66.91,369,-11,11.00,90.02,97,73,51.29,43.56,285,-52,82.20,82.93,140,"Não comparável, alteração metodológica completa",83.51,39.14,227,-15,32.00,47.48,139,-3,87.98,54.36,196,120,76.71,77.53,284,88,167.13,41.96,398,-60,1.05,92.55,125,-36,4.64,75.98,169,-42,16.71,50.96,314,-155,240.82,30.18,416,-4,48.67,29.51,281,-17,95.32,51.67,224,-46,79.85,36.99,163,54,17.73,20.59,288,-10,4.20,4.74,373,-133,5.95,6.33,379,-11,5.50,30.51,280,-4,5.10,45.10,133,-3,4.60,78.57,70,-1,520.04,43.38,306,2,54.07,32.35,398,3,10.99,88.64,168,-26,144.14,47.69,382,14,29.37,77.93,337,22,10.53,89.23,183,43,83.11,82.36,302,-213,40.31,59.13,264,2,32.33,67.67,171,0,84.00,84.00,152,-9,96.68,46.98,28,51,99.33,98.80,234,-233,0.00,100.00,1,0,0.03,83.88,93,-17,54.40,56.47,78,-3,0.00,99.86,203,21,0.00,99.24,226,26,-0.29,58.47,298,-78,37.77,58.81,200,-14,41.27,37.51,94,28,7.25,72.16,44,222,R$ 0.04,0.00,236,-4,0.25,1.89,401,-8,"R$ 10,869.64",6.05,205,-20,"R$ 104,860.50",13.16,24,5,-6.57,28.28,408,-175,1.83,53.31,204,11,"R$ 3,177.32",33.29,174,-38,3.12,24.60,358,60,14.15,37.28,102,-60,58.35,31.17,196,29,18.30,24.50,374,-56,111.07,49.38,133,11,61.28,29.26,257,-111,35.15,47.14,117,15,98.01,98.13,71,-13,97.47,96.27,136,-33,49.16,134,-25,71.17,240,93,52.00,196,104,49.68,411,-33,22.09,351,-31,45.53,220,-1,63.73,387,8,82.30,137,-61,76.90,56,15,58.45,132,50,18.64,279,72,30.98,226,-53,64.04,60,-17,50.03,246,8,59.69,194,67,56.97,296,-21,37.39,183,26
4118402,61.38,49.66,145,-8,8.06,30.97,82,25,49.16,62.00,264,-4,-8.99,59.94,114,-24,7.11,81.73,117,-17,1.29,84.99,36,-14,93.39,92.44,127,26,18.20,82.61,207,-152,64.79,60.99,108,-39,81.43,82.15,150,"Não comparável, alteração metodológica completa",88.25,42.15,196,-7,23.07,33.93,222,-6,90.59,57.79,145,-33,92.69,96.42,8,-7,0.00,100.00,1,0,1.15,91.52,148,-65,4.79,74.83,191,-28,13.82,63.66,196,32,191.46,52.72,325,-206,62.40,48.19,108,-9,97.34,55.00,171,6,86.27,42.76,91,42,63.03,73.22,40,1,22.49,25.38,89,-15,2.96,3.12,406,-21,8.10,74.58,2,0,5.70,56.86,9,0,4.70,82.14,46,-1,547.06,60.94,166,34,11.52,86.65,132,38,0.00,100.00,1,114,55.47,80.84,188,-71,38.73,70.76,379,-4,27.65,71.50,384,-11,98.54,98.48,85,40,23.47,76.76,84,-9,20.20,79.80,82,-14,97.52,97.52,51,75,88.72,43.11,60,9,97.46,95.45,282,4,0.00,100.00,1,0,0.12,81.98,326,11,9.63,10.00,370,-7,0.00,100.00,1,0,0.00,100.00,1,0,0.09,63.65,67,137,37.54,59.14,199,15,34.97,30.80,176,-3,1.23,64.58,329,-179,R$ 7.31,0.33,118,-30,1.57,12.49,133,9,"R$ 17,355.29",9.76,112,0,"R$ 45,540.43",4.82,213,2,20.68,70.04,20,146,1.44,43.15,282,-10,"R$ 2,902.26",28.74,236,-1,7.42,30.07,79,323,15.91,42.16,67,-31,181.43,100.00,1,0,22.73,36.61,208,-19,101.56,41.99,259,14,66.34,39.20,148,94,27.10,35.94,230,1,97.92,98.02,73,37,97.72,96.77,104,47,50.64,103,19,82.36,56,52,55.04,130,-54,74.33,157,-74,39.80,100,3,67.66,2,0,81.02,200,39,89.36,33,26,63.95,330,23,53.37,204,-9,20.76,215,94,59.59,7,-3,62.38,102,66,58.08,26,14,65.81,54,37,68.23,42,-8,42.85,53,16
4118501,65.81,43.27,200,18,2.86,10.54,318,-163,47.19,64.40,226,8,14.99,51.36,284,9,3.84,93.66,7,7,1.21,86.20,28,2,79.03,76.00,319,-54,15.00,85.91,168,-44,60.94,56.02,158,-39,92.46,93.29,64,"Não comparável, alteração metodológica completa",90.57,43.63,179,-23,31.18,46.23,144,-4,97.74,67.19,33,-28,95.73,100.00,1,9,170.94,40.64,400,-15,1.29,90.07,181,-75,3.86,81.96,91,51,7.69,90.54,14,87,154.38,69.65,176,-116,66.10,53.22,64,-24,96.23,53.17,203,-83,75.78,33.33,217,-81,32.78,38.08,207,-13,6.10,6.88,315,-125,2.81,2.96,408,-24,7.30,61.02,6,0,5.70,56.86,9,0,5.00,92.86,3,0,569.91,75.79,64,10,14.49,82.85,178,-18,12.50,87.08,183,-63,69.21,75.70,243,-41,34.16,74.26,365,0,13.90,85.74,261,115,95.47,95.27,175,9,22.94,77.31,79,-9,20.34,79.66,85,-21,90.62,90.62,109,20,81.78,39.74,87,0,95.07,91.17,325,-51,0.00,100.00,1,0,0.05,83.44,191,35,21.64,22.46,257,-7,0.00,99.89,194,-193,0.00,99.61,195,-194,0.06,63.36,77,13,25.55,76.32,72,4,46.20,42.75,56,-5,2.05,65.62,303,30,R$ 2.64,0.12,136,-14,4.77,38.14,16,-3,"R$ 26,082.66",14.76,51,-3,"R$ 63,350.93",7.32,122,-8,6.85,48.85,305,24,2.08,59.95,145,9,"R$ 3,424.97",37.39,116,-8,5.90,28.14,178,-61,9.38,24.12,241,-89,94.55,51.41,36,-4,25.25,43.48,144,3,107.90,46.92,169,-18,64.19,34.97,191,78,40.96,55.22,39,1,98.47,98.72,48,6,96.49,94.24,235,43,42.39,286,-53,84.84,30,218,61.31,34,-19,70.76,222,9,28.21,269,-72,67.40,4,-1,80.39,216,27,85.82,85,-13,67.81,207,11,62.14,69,18,28.08,58,-1,39.67,104,-19,66.02,26,41,57.22,43,21,62.69,116,134,66.49,79,-17,44.13,34,-6
4119152,50.54,65.28,47,8,10.73,41.47,39,118,43.16,69.32,131,0,-4.01,58.16,148,-87,23.27,22.83,397,-11,2.43,68.97,218,-32,88.10,86.38,230,-28,3.40,97.84,9,6,66.51,63.21,92,-40,96.57,97.43,28,"Não comparável, alteração metodológica completa",86.70,41.17,205,-1,34.53,51.32,116,3,91.91,59.53,113,-100,89.95,93.17,21,56,145.67,49.42,383,-12,0.77,95.45,62,-44,3.51,84.65,51,-38,13.84,63.58,198,-122,172.96,61.16,269,-78,69.93,58.43,36,17,105.94,69.21,30,13,91.36,47.34,35,28,69.74,81.01,27,-2,13.91,15.70,157,-15,9.15,9.76,352,-40,6.30,44.07,105,-2,5.30,49.02,84,-2,4.70,82.14,46,-1,531.93,51.10,244,-21,15.24,81.89,184,-21,4.76,95.08,94,64,29.72,90.46,62,66,3.81,97.52,29,-22,6.17,93.74,122,-27,100.00,100.00,1,0,5.90,95.15,7,2,91.43,8.57,410,-16,100.00,100.00,1,0,97.39,47.32,26,13,100.00,100.00,1,206,0.00,100.00,1,0,0.02,84.16,32,9,11.15,11.58,361,-7,0.00,100.00,1,0,0.00,100.00,1,0,-0.01,62.36,138,76,36.64,60.43,188,-5,51.59,48.48,30,9,6.73,71.51,59,100,R$ 0.00,0.00,241,-18,3.55,28.38,26,0,"R$ 12,654.88",7.07,173,-10,"R$ 77,567.93",9.32,71,22,15.12,61.51,82,-16,3.02,84.48,26,0,"R$ 3,131.51",32.54,186,-13,4.97,26.95,243,-32,15.56,41.18,71,-17,50.29,26.67,236,16,22.20,35.15,227,-17,113.30,51.11,107,15,60.26,27.27,278,-107,39.34,52.97,65,24,77.69,72.08,322,-10,98.36,98.08,49,-24,58.56,20,37,76.23,149,127,57.65,81,-49,64.45,310,-81,44.63,55,4,53.24,113,-9,91.16,17,-3,88.80,43,-19,64.83,302,39,61.76,74,35,29.42,45,7,34.33,190,-29,60.30,168,-66,57.79,34,11,67.01,41,115,67.49,54,-24,42.30,62,-5
4119509,65.05,44.36,192,-182,5.33,20.25,184,-49,54.01,56.09,356,-92,8.28,53.76,238,-45,5.99,85.84,63,-36,2.51,67.83,237,-41,77.46,74.20,337,-207,45.60,54.42,386,5,59.36,53.99,176,45,83.39,84.13,133,"Não comparável, alteração metodológica completa",81.24,37.70,243,-10,16.77,24.36,293,-4,90.79,58.05,143,88,85.42,87.82,103,34,0.00,100.00,1,280,0.99,93.17,117,-22,3.61,83.88,64,3,17.37,48.07,332,-63,155.50,69.14,179,-7,44.30,23.57,327,16,79.30,25.18,417,-19,49.14,9.37,413,-12,16.83,19.55,295,-10,4.18,4.71,374,29,1.82,1.89,414,-3,5.30,27.12,318,-4,4.90,41.18,187,-3,4.20,64.29,220,-3,489.56,23.56,408,2,16.81,79.90,206,52,8.70,91.01,148,81,53.30,81.65,181,-6,5.60,96.15,54,26,10.59,89.16,184,-36,86.31,85.70,281,106,36.20,63.43,218,33,42.81,57.19,244,-9,89.58,89.58,113,139,89.23,43.36,56,1,100.00,100.00,1,0,0.00,100.00,1,0,0.04,83.67,147,-40,46.84,48.63,108,-2,0.00,100.00,1,0,0.00,100.00,1,0,-0.05,61.72,175,55,40.82,54.45,234,-14,12.07,6.44,407,0,5.40,69.84,112,171,R$ 0.00,0.00,241,-9,0.74,5.86,283,-17,"R$ 2,982.73",1.54,400,-1,"R$ 16,015.57",0.67,406,-6,12.43,57.39,140,172,1.46,43.66,276,-1,"R$ 3,008.25",30.50,210,-3,7.31,29.94,86,-43,3.19,7.01,408,-4,17.93,8.57,383,-5,24.42,41.24,167,25,72.60,19.48,405,-3,65.90,38.33,158,-85,22.46,29.50,297,-40,97.80,97.86,78,-77,96.71,94.69,217,-216,43.62,264,-222,73.01,206,-169,50.61,226,24,75.63,136,74,12.98,417,-4,37.41,316,21,87.70,60,66,83.80,115,150,75.19,78,23,47.33,297,31,17.51,308,-6,18.94,386,-11,55.97,317,-170,49.22,266,-25,57.68,233,-208,61.74,198,88,30.98,373,-26
4119905,59.04,53.03,122,11,9.29,35.80,54,37,48.91,62.30,258,60,29.78,46.06,344,-8,9.37,73.53,214,-7,1.54,81.55,71,9,89.91,88.45,202,-96,8.30,92.80,63,-51,66.75,63.53,89,-26,88.38,89.17,93,"Não comparável, alteração metodológica completa",81.81,38.06,238,-3,28.14,41.62,180,-6,90.81,58.08,141,53,87.28,90.01,61,-3,89.93,68.77,320,-319,1.56,87.28,225,4,6.15,64.39,311,-25,13.26,66.10,173,-120,199.70,48.95,350,-76,52.34,34.49,242,-35,92.30,46.68,296,-27,79.20,36.40,169,-39,73.87,85.81,17,-3,36.81,41.55,36,-6,10.70,11.42,328,-20,6.50,47.46,67,-1,5.20,47.06,104,-3,4.70,82.14,46,-1,540.25,56.51,195,39,29.26,64.01,312,-46,26.85,72.25,278,79,94.11,66.39,309,0,27.65,79.25,323,2,4.45,95.53,94,19,98.64,98.58,80,2,34.44,65.27,202,-32,30.96,69.04,159,-25,98.32,98.32,37,-10,89.23,43.36,56,2,98.24,96.85,258,-71,0.00,100.00,1,0,0.04,83.60,160,3,25.13,26.08,223,-4,0.01,99.56,245,-29,0.01,98.05,285,-7,-0.09,61.17,198,-44,33.16,65.42,152,-6,36.93,32.89,154,8,6.01,70.60,85,153,R$ 34.43,1.57,90,-22,1.43,11.37,154,0,"R$ 26,015.78",14.72,52,10,"R$ 71,387.82",8.45,97,14,9.84,53.42,220,18,1.89,54.94,186,11,"R$ 3,199.49",33.66,165,-11,6.08,28.36,163,146,11.79,30.77,167,-58,76.82,41.50,89,8,21.33,32.78,263,-32,120.88,57.00,60,12,62.02,30.71,240,43,36.86,49.51,101,9,84.38,80.66,285,-6,96.99,95.27,194,-26,49.30,131,47,83.83,36,86,53.99,150,10,64.19,314,-212,43.43,70,-14,54.61,96,6,74.39,323,13,88.67,44,-14,68.31,197,30,58.35,135,29,23.27,139,17,35.02,175,-31,62.63,93,32,55.60,79,3,65.81,55,76,65.11,114,-46,39.82,120,17
4125506,48.42,68.34,34,1,5.08,19.28,193,105,51.85,58.72,319,-50,-23.73,65.21,45,-21,13.02,60.22,302,-54,2.41,69.32,214,-5,75.97,72.49,343,37,31.30,69.14,318,35,78.70,78.96,14,6,95.11,95.96,43,"Não comparável, alteração metodológica completa",76.70,34.81,277,-17,35.42,52.67,101,4,87.16,53.28,214,-75,87.76,90.58,49,12,75.87,73.65,283,-282,2.66,75.90,344,-33,4.91,73.91,208,-34,13.66,64.37,189,-111,136.76,77.69,78,-38,44.74,24.16,323,-23,94.01,49.50,256,-20,87.13,43.54,77,67,18.39,21.36,284,-15,4.77,5.38,359,-20,0.05,0.00,423,-24,5.90,37.29,200,-4,5.10,45.10,133,-3,4.70,82.14,46,-1,534.85,53.00,224,11,14.18,83.26,168,-45,2.00,97.93,61,130,38.43,87.21,112,-15,16.20,88.03,213,-73,10.49,89.27,180,-18,91.38,91.00,233,5,21.22,79.11,61,19,64.57,35.43,372,-27,87.16,87.16,131,29,82.37,40.02,84,9,100.00,100.00,1,227,0.00,100.00,1,0,0.03,83.88,96,19,53.81,55.85,80,-7,0.20,82.49,402,-198,0.26,46.71,420,-205,-0.05,61.83,169,62,32.92,65.77,148,12,48.56,45.27,40,8,6.25,70.90,77,-25,R$ 8.84,0.40,116,116,1.44,11.45,151,-1,"R$ 13,877.46",7.77,156,4,"R$ 103,019.10",12.90,26,8,7.87,50.42,281,-188,3.21,89.20,13,7,"R$ 3,959.90",46.24,44,-10,4.51,26.36,275,-80,11.81,30.83,166,-27,38.50,20.07,284,17,24.49,41.42,165,-20,112.43,50.44,121,2,58.81,24.41,308,12,37.64,50.61,88,4,84.92,81.36,280,-12,95.81,92.85,270,-76,52.89,72,32,76.35,147,7,53.24,166,-48,72.51,189,-161,20.97,363,-25,49.99,162,-15,88.14,48,-10,83.73,117,6,67.21,230,-158,62.11,70,-16,28.84,50,5,30.77,230,-22,59.93,182,-16,55.04,97,-41,64.11,86,33,63.23,168,-92,41.31,83,-16
4126256,52.09,63.05,58,353,1.67,5.87,379,29,52.59,57.82,337,-26,-37.60,70.18,18,23,5.10,89.07,31,376,1.67,79.69,94,308,28.34,17.97,420,-48,5.80,95.37,29,-12,52.66,45.33,262,4,88.01,88.79,99,"Não comparável, alteração metodológica completa",61.21,24.96,353,-20,21.20,31.09,240,2,93.43,61.53,90,264,84.37,86.57,125,51,0.00,100.00,1,258,1.12,91.83,143,-27,3.30,86.26,38,1,11.97,71.77,128,39,183.47,56.37,309,-40,44.07,23.25,329,-64,79.62,25.72,415,-2,58.22,17.54,387,-30,33.26,38.64,204,7,2.28,2.56,412,-5,4.94,5.24,389,-19,5.70,33.90,242,-4,5.10,45.10,133,-3,4.60,78.57,70,-1,513.94,39.41,333,57,37.37,53.66,358,-54,2.08,97.85,62,-7,141.37,48.72,377,-22,38.96,70.59,380,11,30.29,68.77,396,-51,99.51,99.49,54,6,13.77,86.91,19,-14,0.00,100.00,1,6,68.31,68.31,215,3,65.26,31.71,155,36,99.51,99.12,227,120,0.00,100.00,1,0,0.06,83.27,220,-27,4.98,5.17,410,-4,0.00,100.00,1,0,0.00,100.00,1,0,0.06,63.31,84,203,29.55,70.60,116,-19,16.98,11.66,372,-3,3.87,67.90,199,162,R$ 0.00,0.00,241,-9,2.78,22.14,48,172,"R$ 7,005.58",3.84,299,8,"R$ 20,249.80",1.26,380,-44,6.10,47.70,321,-115,1.66,48.91,240,1,"R$ 2,843.07",27.76,246,-7,6.76,29.23,114,-42,4.96,11.90,388,-35,19.58,9.49,378,-4,19.50,27.78,329,20,87.06,30.72,365,13,65.72,37.98,162,-30,24.36,32.13,267,-42,98.68,98.99,31,44,96.56,94.40,230,-55,49.23,132,265,72.38,213,195,48.44,277,76,78.64,89,119,18.16,391,-17,46.00,213,27,66.26,376,-33,84.33,103,63,62.88,371,32,52.60,220,28,20.47,227,45,16.39,401,-7,58.84,225,-38,49.46,262,119,60.30,174,236,59.11,255,43,33.18,329,-5
4127700,55.10,58.71,78,14,3.26,12.11,298,-33,50.55,60.30,297,-19,-11.92,60.99,98,-27,5.52,87.55,45,1,1.52,81.79,68,23,87.00,85.12,244,-25,3.20,98.05,7,71,75.95,75.40,25,-9,93.87,94.70,55,"Não comparável, alteração metodológica completa",103.45,51.82,95,10,42.51,63.42,57,-1,95.07,63.68,65,43,93.55,97.43,5,-3,154.80,46.25,388,21,0.73,95.86,53,-43,2.52,92.25,4,0,8.26,88.07,22,16,179.87,58.01,294,-163,65.30,52.13,74,-5,98.31,56.60,144,14,93.96,49.68,24,67,19.59,22.76,279,16,14.05,15.85,154,-11,13.23,14.14,291,-64,6.80,52.54,30,-1,5.70,56.86,9,0,5.00,92.86,3,0,546.38,60.50,171,-15,23.96,70.77,266,-45,0.00,100.00,1,103,99.25,64.47,321,-92,48.54,63.24,403,-33,0.50,99.62,9,9,91.91,91.55,227,16,21.14,79.20,59,-9,18.82,81.18,71,-17,91.78,91.78,102,43,85.36,41.48,71,10,92.39,86.37,355,-23,0.00,100.00,1,0,0.09,82.58,291,8,13.08,13.58,341,-2,0.00,100.00,1,0,0.00,100.00,1,0,0.01,62.62,112,135,25.45,76.47,71,-3,53.09,50.09,26,-2,3.40,67.31,227,-62,R$ 0.33,0.01,195,-49,1.60,12.76,126,-3,"R$ 17,951.83",10.10,106,0,"R$ 63,192.48",7.30,123,2,12.72,57.84,130,180,2.09,60.18,144,23,"R$ 3,012.64",30.57,208,-9,4.85,26.80,252,109,12.52,32.79,141,-56,76.61,41.39,90,16,20.35,30.10,294,-59,108.05,47.04,162,80,62.92,32.48,217,-29,38.51,51.81,75,11,95.99,95.54,146,-19,96.04,93.33,262,-39,48.03,159,21,89.34,5,110,65.31,9,9,70.10,236,54,31.67,209,-1,62.03,15,-4,76.02,302,-101,84.56,101,26,64.99,293,45,65.01,41,-4,22.97,149,59,34.76,177,-39,64.04,59,12,56.60,54,38,67.79,33,88,65.51,107,18,40.99,92,9
4128104,63.62,46.43,177,5,8.74,33.66,64,147,45.97,65.89,200,-38,-2.75,57.71,160,3,4.28,92.04,13,23,1.31,84.82,37,4,84.28,82.00,280,25,8.70,92.39,69,-57,67.20,64.11,82,35,80.82,81.54,155,"Não comparável, alteração metodológica completa",91.82,44.42,164,-12,15.59,22.58,306,-8,90.49,57.66,150,32,91.05,94.48,17,1,72.15,74.95,272,138,5.78,43.64,419,-382,9.04,42.21,399,-230,17.32,48.32,329,-36,137.60,77.31,80,129,59.56,44.32,143,10,97.88,55.88,159,35,87.76,44.10,70,12,4.98,5.79,399,-77,11.84,13.36,185,-15,6.42,6.83,374,-35,6.30,44.07,105,-2,5.60,54.90,21,0,4.90,89.29,14,0,552.60,64.54,138,25,12.30,85.65,145,59,21.05,78.24,247,-65,62.81,78.09,220,96,39.35,70.28,384,13,1.30,98.79,32,-16,98.02,97.93,101,47,21.42,78.90,65,-16,17.99,82.01,65,-21,98.01,98.01,42,17,96.35,46.82,29,7,94.85,90.78,332,-91,0.00,100.00,1,0,0.10,82.26,316,19,8.39,8.71,379,-2,0.00,100.00,1,0,0.00,100.00,1,0,0.00,62.42,129,77,34.12,64.05,164,-14,38.40,34.45,132,5,4.74,69.01,148,176,R$ 4.41,0.20,127,-19,1.21,9.58,183,-11,"R$ 19,368.73",10.92,91,-11,"R$ 43,528.72",4.53,222,-15,15.78,62.53,72,190,1.53,45.47,262,-11,"R$ 2,734.37",25.97,271,-1,5.84,28.06,185,11,15.07,39.82,79,-19,86.20,46.75,51,8,20.32,30.03,296,14,112.11,50.19,125,27,63.38,33.39,204,-129,36.76,49.37,102,13,95.90,95.43,148,17,96.29,93.84,244,6,50.92,96,95,84.22,35,19,53.54,161,-9,62.07,341,33,24.44,319,-38,58.63,49,-2,81.00,201,101,88.97,40,-22,63.48,349,22,57.72,145,21,19.90,247,-14,38.87,116,8,64.44,54,-28,54.64,115,21,66.85,42,42,62.68,181,24,39.48,131,-2
4202008,30.32,94.42,2,0,6.71,25.69,120,81,49.43,61.67,269,54,-26.03,66.04,39,7,6.60,83.60,88,-13,1.77,78.35,113,-5,96.77,96.30,49,7,62.30,37.24,412,-82,57.30,51.32,205,-10,73.28,73.93,227,"Não comparável, alteração metodológica completa",77.64,35.41,269,-94,29.16,43.17,165,0,80.09,43.98,325,-10,84.06,86.21,131,-16,0.00,100.00,1,260,0.50,98.24,9,71,3.70,83.19,76,39,8.46,87.18,24,-3,87.91,100.00,1,3,81.37,73.98,4,4,111.15,77.82,10,-1,93.44,49.21,28,48,44.32,51.48,131,-13,6.90,7.79,289,-17,3.01,3.17,404,-12,5.90,37.29,200,-4,4.90,41.18,187,-3,3.30,32.14,404,-4,582.58,84.03,19,94,14.79,82.47,181,-36,46.34,52.10,342,7,58.76,79.61,201,52,20.84,84.47,270,67,16.81,82.72,294,-134,99.49,99.47,55,12,16.51,84.05,28,-11,19.52,80.48,76,-24,99.63,99.63,16,13,104.03,50.55,16,25,100.00,100.00,1,0,0.00,100.00,1,0,0.02,84.04,57,14,46.89,48.67,107,-3,0.00,100.00,1,347,0.00,100.00,1,278,-0.20,59.70,267,-108,18.80,86.01,24,-4,47.47,44.11,50,-12,2.87,66.65,257,96,R$ 0.52,0.02,182,-5,2.09,16.62,77,9,"R$ 14,394.45",8.07,147,-15,"R$ 64,707.51",7.51,121,17,12.82,57.99,127,23,1.67,49.29,235,-24,"R$ 3,274.66",34.91,149,9,7.14,29.72,95,158,5.02,12.06,385,4,83.03,44.98,60,-13,22.00,34.62,236,39,176.21,100.00,1,0,52.68,12.39,403,3,55.78,75.82,4,-1,67.30,58.77,385,-4,98.40,98.17,44,2,61.96,10,16,71.43,234,-208,48.03,278,-70,94.73,1,26,39.29,107,2,45.52,221,28,78.33,263,26,92.33,3,1,75.02,79,21,65.74,32,13,22.33,169,16,30.55,231,18,69.03,10,30,58.05,27,7,66.49,48,-37,69.42,21,33,41.10,86,32
4202305,62.31,48.32,158,14,2.32,8.42,341,44,51.27,59.43,304,-39,-4.69,58.40,141,-22,7.62,79.89,140,-13,2.30,70.80,189,41,89.49,87.97,211,-24,12.80,88.17,132,-32,61.96,57.34,143,19,73.72,74.38,222,"Não comparável, alteração metodológica completa",153.65,83.74,9,1,15.08,21.81,311,3,79.79,43.58,330,-36,85.57,87.99,97,104,101.63,64.71,342,-11,0.37,99.59,4,22,3.86,81.96,91,38,15.24,57.41,264,-206,110.31,89.77,11,65,50.54,32.05,259,-1,92.12,46.38,300,-127,67.06,25.49,316,-7,16.19,18.80,304,-36,1.06,1.19,420,-3,1.04,1.05,419,-6,5.50,30.51,280,-4,4.30,29.41,332,-4,3.80,50.00,330,-4,538.19,55.17,208,55,7.31,92.01,70,-2,14.29,85.23,199,-198,26.62,91.62,41,-40,19.51,85.49,255,-91,16.83,82.70,295,-84,88.89,88.40,256,-59,35.45,64.22,208,-6,36.39,63.61,202,-8,0.08,0.08,384,3,0.00,0.00,377,-9,100.00,100.00,1,0,0.00,100.00,1,0,0.02,84.11,41,-30,53.21,55.24,84,4,0.01,99.36,252,-251,0.01,98.70,254,-253,0.03,62.84,99,-1,26.70,74.68,84,-4,30.74,26.30,237,-13,2.29,65.91,290,-109,R$ 0.00,0.00,241,-86,0.74,5.84,285,-25,"R$ 10,385.27",5.77,215,23,"R$ 45,892.67",4.87,212,-12,18.60,66.85,39,264,2.05,59.18,150,-8,"R$ 3,177.12",33.29,175,22,9.64,32.91,33,316,2.36,4.72,418,-6,37.22,19.36,291,9,18.11,23.99,376,2,113.88,51.56,104,63,59.17,25.13,299,-135,42.09,56.79,30,2,99.17,99.62,12,-6,95.51,92.25,284,-194,43.64,262,38,78.49,99,-50,60.74,47,14,74.66,154,-17,18.07,393,-30,37.50,315,16,87.79,57,-50,60.10,317,-16,77.08,53,6,57.10,155,-23,22.18,175,68,16.02,403,2,65.07,39,-21,50.70,233,-20,60.31,173,-37,59.60,241,-25,35.91,236,-18
4202404,47.62,69.49,32,5,7.59,29.11,95,89,44.61,67.55,159,20,36.83,43.54,364,1,6.06,85.58,66,12,1.62,80.46,83,13,93.82,92.92,111,-51,4.10,97.12,18,369,69.50,67.08,70,-17,94.35,95.19,50,"Não comparável, alteração metodológica completa",116.57,60.16,45,-1,30.32,44.93,155,-7,88.76,55.38,179,-30,83.99,86.12,132,-16,24.75,91.40,156,13,0.96,93.49,109,-53,7.66,52.80,371,-48,11.14,75.42,93,54,112.89,88.59,16,-13,72.21,61.53,22,-3,103.02,64.39,57,6,87.62,43.98,73,45,57.98,67.35,53,2,6.61,7.46,300,-49,6.79,7.23,371,-27,6.30,44.07,105,-2,5.20,47.06,104,-3,3.90,53.57,310,-4,571.04,76.52,60,-2,4.20,95.98,24,-3,40.74,57.89,327,-95,17.48,95.04,9,43,14.19,89.57,186,-8,5.68,94.25,113,-16,99.49,99.47,55,117,30.46,69.44,163,6,27.48,72.52,123,20,53.86,53.86,245,2,37.96,18.45,238,0,100.00,100.00,1,0,0.00,100.00,1,0,0.02,84.16,31,16,66.67,69.21,41,-2,0.00,99.69,232,-231,0.00,99.48,203,-202,0.06,63.25,87,86,13.95,92.95,6,3,47.69,44.34,46,-3,3.05,66.88,244,112,R$ 58.62,2.68,77,13,6.68,53.47,7,0,"R$ 23,760.40",13.43,64,4,"R$ 68,847.51",8.09,105,-7,9.13,52.34,247,-68,3.03,84.57,25,9,"R$ 3,813.82",43.83,60,-11,5.34,27.42,224,-20,6.87,17.18,331,-70,70.10,37.74,122,-17,28.54,52.49,80,-8,117.34,54.26,87,9,54.24,15.45,389,-13,42.45,57.29,26,4,72.23,65.09,361,-12,98.29,97.93,59,-14,52.42,77,24,89.49,4,25,60.36,53,-18,82.74,49,-17,39.06,108,2,52.06,130,-3,88.33,44,-29,77.34,179,6,81.31,17,9,67.89,21,12,35.44,20,-2,35.80,159,-41,58.00,254,4,60.47,11,3,70.15,17,29,69.43,20,-3,45.58,18,3
4202909,62.41,48.17,161,-19,11.21,43.35,35,179,44.00,68.29,146,58,8.16,53.80,235,-5,6.08,85.51,69,-19,1.03,88.68,12,6,99.42,99.33,4,17,6.80,94.34,44,2,44.85,35.24,362,-45,82.51,83.25,137,"Não comparável, alteração metodológica completa",142.81,76.84,14,-7,18.60,27.14,266,-1,90.49,57.66,149,37,86.91,89.57,70,-35,0.00,100.00,1,231,1.19,91.11,155,-74,4.14,79.82,118,31,8.02,89.12,17,14,91.82,98.21,4,10,67.63,55.29,48,29,101.82,62.40,71,3,86.82,43.26,82,41,44.25,51.40,132,-43,2.62,2.95,407,-9,9.21,9.82,351,-74,6.40,45.76,81,-2,5.10,45.10,133,-3,4.00,57.14,289,-3,570.97,76.48,61,21,2.63,97.99,8,5,0.00,100.00,1,315,17.13,95.17,7,130,13.82,89.85,179,91,0.84,99.27,17,6,87.77,87.23,269,2,23.54,76.69,85,148,14.78,85.22,43,106,,0.00,385,2,,0.00,377,-9,100.00,100.00,1,0,0.00,100.00,1,0,0.02,84.07,49,34,60.91,63.23,63,-7,0.02,98.50,287,19,0.00,99.08,233,33,-0.04,61.94,161,-5,11.87,95.94,3,0,48.16,44.84,43,1,6.96,71.80,56,336,R$ 0.14,0.01,221,-7,2.11,16.82,75,9,"R$ 15,817.41",8.88,130,-11,"R$ 78,307.70",9.42,69,9,11.62,56.15,164,-85,2.63,74.18,60,14,"R$ 3,441.83",37.67,112,5,7.59,30.29,73,-43,7.24,18.19,318,1,50.67,26.88,235,-19,19.03,26.49,348,14,106.08,45.50,202,30,55.39,17.71,369,-116,36.69,49.27,103,-18,91.88,90.27,219,0,96.78,94.84,208,-38,53.40,60,137,84.73,32,88,64.29,15,-8,93.71,2,28,34.30,167,-14,52.56,122,6,95.73,2,66,61.71,305,7,79.16,36,4,71.00,9,29,26.87,69,6,23.85,326,12,59.52,197,-89,57.89,32,46,68.39,25,108,68.82,30,53,40.39,106,1
4203204,61.87,48.95,152,11,12.06,46.69,24,37,43.60,68.78,136,-33,-28.17,66.80,33,-4,5.24,88.57,36,12,1.76,78.47,111,0,89.87,88.40,204,-110,33.90,66.46,336,-59,39.93,28.89,393,-51,26.28,26.51,412,"Não comparável, alteração metodológica completa",90.94,43.86,173,81,11.32,16.10,338,-10,95.99,64.89,49,81,76.89,77.73,280,-25,137.17,52.37,380,-111,1.56,87.28,225,-105,5.44,69.84,262,-71,17.83,46.05,343,-316,111.98,89.01,15,232,60.28,45.31,136,16,99.81,59.08,107,21,78.99,36.22,171,96,21.95,25.50,268,-27,7.47,8.43,277,102,16.69,17.85,243,-54,5.60,32.20,264,-4,4.80,39.22,223,-3,3.80,50.00,330,-4,544.50,59.27,180,30,6.17,93.48,51,55,41.67,56.93,330,21,21.88,93.39,23,9,7.05,95.04,70,-30,18.67,80.80,321,-96,96.65,96.50,146,-145,17.57,82.94,35,-14,10.74,89.26,29,-10,,0.00,385,2,,0.00,377,-9,100.00,100.00,1,380,0.00,100.00,1,0,0.05,83.51,178,26,61.44,63.78,61,-6,0.02,98.34,297,-296,0.01,97.74,295,-294,0.01,62.55,114,143,22.01,81.41,41,-10,19.71,14.56,346,-8,4.36,68.53,169,-101,R$ 0.00,0.00,241,-9,2.68,21.36,51,-4,"R$ 5,490.69",2.97,334,10,"R$ 26,227.54",2.10,336,-43,5.56,46.87,328,-232,1.62,47.79,244,-1,"R$ 2,799.35",27.04,256,9,6.37,28.73,146,-43,7.24,18.21,316,-50,22.55,11.16,369,-26,15.85,17.81,414,-19,92.51,34.96,340,6,56.12,19.14,363,-2,31.62,42.23,161,1,99.23,99.70,11,5,98.62,98.62,23,6,57.80,22,34,61.25,365,-314,51.89,200,76,65.69,292,-133,29.10,249,-2,42.02,262,5,86.88,73,24,64.34,285,49,79.03,37,10,56.79,161,-51,19.95,245,-20,15.73,404,-13,58.93,223,16,49.91,249,-48,59.45,197,-161,60.30,222,18,33.50,316,-47
4204202,52.85,61.96,64,30,20.67,80.51,3,18,43.92,68.39,144,-8,7.81,53.93,232,-3,7.84,79.09,151,-112,1.40,83.47,48,0,93.13,92.14,130,41,6.70,94.44,43,83,58.13,52.40,196,-69,88.97,89.76,88,"Não comparável, alteração metodológica completa",97.40,47.97,131,-29,20.52,30.05,246,2,92.85,60.76,97,-6,89.43,92.56,27,43,107.30,62.74,351,-174,0.64,96.79,31,100,3.43,85.26,45,13,12.34,70.16,142,-130,127.17,82.07,51,-13,60.99,46.27,124,-5,100.80,60.71,85,34,76.82,34.27,205,-2,16.85,19.57,294,11,4.35,4.90,369,39,1.73,1.80,415,-6,6.10,40.68,150,-3,4.80,39.22,223,-3,3.80,50.00,330,-4,559.44,68.99,112,61,11.60,86.55,134,-40,28.89,70.14,288,15,61.02,78.76,211,-27,21.74,83.78,278,20,16.27,83.28,291,72,74.26,73.11,348,-100,43.53,55.76,284,-9,44.05,55.95,256,1,38.40,38.40,284,-2,49.55,24.08,198,-12,95.11,91.24,324,-24,0.00,100.00,1,0,0.04,83.61,156,42,30.00,31.14,189,9,0.01,99.52,247,-15,0.00,99.04,237,20,0.13,64.26,52,35,18.41,86.56,21,4,51.65,48.55,29,2,6.09,70.70,81,82,R$ 392.17,17.93,23,39,3.34,26.70,30,-5,"R$ 25,640.45",14.51,57,-19,"R$ 69,153.54",8.14,103,-16,12.83,58.01,125,86,2.30,65.57,101,-1,"R$ 3,401.75",37.01,122,-18,4.61,26.49,269,77,7.17,18.02,322,11,82.66,44.77,64,-11,20.93,31.70,277,-80,114.24,51.85,101,10,60.21,27.16,279,60,36.93,49.62,99,20,89.45,87.17,245,6,94.81,90.81,312,8,66.20,6,18,85.14,28,-9,56.68,101,-28,75.53,140,-121,24.09,324,7,46.46,207,17,81.83,184,24,65.05,280,-42,70.33,152,19,68.90,16,6,30.28,37,23,31.50,220,-21,61.32,142,81,56.80,52,-1,75.26,2,4,60.33,220,-41,43.43,45,19
4204301,66.49,42.29,209,-81,8.47,32.59,72,136,40.31,72.79,81,-60,-23.87,65.26,43,-8,6.10,85.41,72,-18,1.16,86.94,20,-9,95.76,95.15,64,-33,24.60,76.03,253,54,61.63,56.92,148,-44,67.88,68.49,271,"Não comparável, alteração metodológica completa",103.17,51.64,96,2,33.51,49.78,126,-8,95.65,64.44,56,-4,81.02,82.62,214,21,0.00,100.00,1,0,0.60,97.21,23,18,4.47,77.28,157,-11,16.72,50.95,315,2,122.66,84.13,35,11,69.12,57.33,40,4,101.13,61.26,79,13,94.32,50.00,22,53,43.13,50.10,141,-78,4.91,5.53,354,27,23.17,24.79,173,-28,6.40,45.76,81,-2,5.20,47.06,104,-3,4.10,60.71,253,-3,574.63,78.86,42,54,9.30,89.47,100,-23,20.00,79.33,238,-237,50.15,82.82,165,-116,36.05,72.81,372,-223,20.30,79.11,334,-24,82.28,81.49,311,-89,48.24,50.83,325,-27,50.24,49.76,301,-20,26.59,26.59,312,5,20.41,9.92,297,-12,80.44,64.97,389,-14,0.00,100.00,1,0,0.10,82.33,309,19,33.20,34.46,171,-3,0.01,99.08,263,7,0.00,99.05,236,37,0.16,64.62,44,248,12.52,95.01,4,0,47.63,44.27,48,-8,1.78,65.28,313,-15,R$ 126.63,5.79,48,30,3.00,23.90,39,5,"R$ 16,312.87",9.17,123,-13,"R$ 67,491.27",7.90,113,-27,7.69,50.14,287,-138,1.77,51.88,215,7,"R$ 3,274.97",34.91,148,-5,6.38,28.75,145,153,12.66,33.16,135,0,57.18,30.52,202,-16,21.24,32.53,266,-43,89.83,32.87,352,8,69.06,44.54,99,-22,39.26,52.85,67,-9,90.38,88.36,235,-10,89.24,79.40,395,8,53.23,64,-3,78.41,104,-43,60.76,46,-6,80.14,67,1,38.56,114,-27,54.20,99,16,80.83,205,-186,56.26,337,-22,70.90,141,44,67.77,22,-1,24.50,106,33,32.07,212,-18,59.60,192,-8,54.87,103,-41,65.27,63,-23,62.97,175,-52,40.55,100,8
4204608,58.75,53.45,115,15,8.02,30.80,84,62,37.66,76.02,46,-15,23.52,48.30,328,-13,17.15,45.15,369,-17,1.96,75.57,138,-25,90.27,88.87,190,14,2.30,98.97,6,5,58.99,53.50,183,-75,83.96,84.70,124,"Não comparável, alteração metodológica completa",96.81,47.60,135,55,29.00,42.92,168,-1,90.10,57.15,159,209,86.03,88.54,89,22,74.10,74.27,278,-277,1.27,90.28,174,-67,4.19,79.43,123,49,14.08,62.52,209,-83,124.26,83.40,38,-8,73.03,62.64,20,-3,106.07,69.42,28,9,102.47,57.33,11,21,72.00,83.64,21,-3,11.55,13.04,191,-39,21.70,23.22,190,-26,6.40,45.76,81,-2,5.00,43.14,162,-3,3.70,46.43,351,-4,571.29,76.69,57,49,6.66,92.85,59,23,31.82,67.11,296,-57,32.05,89.59,75,87,13.76,89.90,175,100,18.29,81.19,314,-123,100.00,100.00,1,0,27.52,72.52,126,-13,61.60,38.40,359,-17,51.25,51.25,251,-1,40.89,19.87,229,11,95.15,91.31,322,-115,0.00,100.00,1,0,0.03,83.86,99,124,21.40,22.21,261,-4,0.01,98.74,278,36,0.01,98.10,282,2,-0.20,59.69,269,-146,15.01,91.44,9,-1,44.59,41.04,70,-9,1.30,64.67,325,-81,R$ 70.55,3.23,69,-14,4.95,39.56,15,1,"R$ 21,412.86",12.09,74,-14,"R$ 57,528.91",6.50,153,-1,10.07,53.77,214,-9,2.47,70.02,78,-7,"R$ 3,326.96",35.77,136,-2,6.56,28.98,123,123,15.04,39.74,80,-24,102.85,56.06,25,2,25.83,45.08,130,31,117.88,54.67,83,6,57.30,21.46,341,14,39.89,53.73,57,2,79.52,74.44,309,4,92.63,86.34,368,-10,52.14,80,4,77.20,129,-81,56.82,98,158,75.69,131,-107,49.23,24,0,50.15,158,10,86.20,86,3,73.38,217,-28,66.95,239,16,65.57,36,-8,30.05,39,4,46.96,45,3,58.13,248,31,57.80,33,-10,64.13,84,-33,66.23,86,-14,45.20,21,3
4205407,37.65,83.86,8,1,6.60,25.24,123,39,47.22,64.37,227,100,17.36,50.51,300,50,13.03,60.17,303,46,2.47,68.45,224,34,96.91,96.47,44,172,4.00,97.22,17,2,71.46,69.61,58,-13,43.76,44.15,385,"Não comparável, alteração metodológica completa",102.97,51.51,97,-20,35.51,52.81,100,-8,83.46,48.41,278,111,81.41,83.08,204,12,17.86,93.80,142,18,1.19,91.11,155,-51,4.23,79.13,131,-35,8.21,88.25,21,1,103.85,92.72,7,6,65.79,52.80,68,-20,103.80,65.68,48,-19,86.49,42.96,83,12,44.81,52.05,126,15,12.41,14.01,180,0,9.73,10.38,336,33,5.50,30.51,280,-4,4.40,31.37,317,-4,3.80,50.00,330,-4,586.89,86.83,13,1,10.93,87.40,123,-22,11.27,88.35,173,130,38.87,87.04,114,-2,12.84,90.60,156,-53,2.06,98.00,46,-2,96.67,96.52,145,-60,37.35,62.23,232,-31,39.23,60.77,220,-22,67.66,67.66,219,-8,63.15,30.69,160,2,100.00,100.00,1,0,0.00,100.00,1,0,0.02,84.04,58,23,43.67,45.33,123,31,0.00,99.79,214,-213,0.00,99.41,209,-208,0.18,65.00,39,83,20.17,84.05,31,5,67.50,65.42,11,-1,3.25,67.12,240,73,R$ 453.08,20.71,20,-16,7.52,60.13,6,-1,"R$ 35,286.92",20.03,28,-4,"R$ 58,059.37",6.58,148,6,17.47,65.11,49,257,2.62,73.87,63,-30,"R$ 6,385.70",86.38,2,0,4.47,26.32,277,-255,28.92,78.08,4,2,98.24,53.48,28,-4,45.93,100.00,1,2,152.09,81.26,3,1,50.82,8.75,417,-5,52.26,70.93,8,-1,68.68,60.53,378,9,96.56,94.39,231,-74,55.99,31,41,70.75,248,-145,55.96,112,106,90.30,6,5,36.81,137,12,43.43,249,-6,89.91,30,17,80.06,155,-10,74.71,80,58,71.47,8,6,43.57,5,-4,77.19,2,1,63.17,76,95,63.79,2,-1,63.05,109,-50,68.45,37,32,58.99,1,0
4208203,55.85,57.63,84,4,3.64,13.62,278,48,41.80,70.98,106,27,-16.07,62.47,71,54,12.09,63.58,287,9,1.70,79.27,99,0,88.43,86.76,224,-17,11.10,89.92,100,256,77.22,77.05,20,-12,82.46,83.20,139,"Não comparável, alteração metodológica completa",95.09,46.50,144,-9,27.77,41.06,182,-3,84.64,49.97,255,36,83.76,85.85,138,-65,27.82,90.34,163,17,1.10,92.04,137,-105,3.77,82.66,86,-41,12.24,70.59,137,19,128.98,81.25,57,-20,70.39,59.06,32,-20,101.72,62.24,73,-4,86.40,42.88,86,40,76.48,88.84,12,16,9.20,10.38,238,-47,8.98,9.58,354,-17,6.20,42.37,131,-2,5.20,47.06,104,-3,3.60,42.86,368,-4,560.81,69.88,105,84,14.27,83.13,171,-84,42.25,56.32,333,9,48.50,83.44,159,-70,26.11,80.43,313,-49,1.70,98.38,40,10,96.00,95.82,162,58,10.29,90.56,13,10,19.02,80.98,73,-23,34.35,34.35,299,-8,21.51,10.45,291,21,100.00,100.00,1,0,0.00,100.00,1,0,0.01,84.34,17,2,36.39,37.78,157,-13,0.02,98.59,283,74,0.01,97.39,306,-39,-0.11,60.98,204,-9,19.27,85.33,26,-7,57.14,54.40,19,-1,5.86,70.42,89,232,R$ 42.45,1.94,84,-5,1.13,8.95,196,3,"R$ 12,806.56",7.16,171,-120,"R$ 182,522.90",24.08,10,-2,-5.16,30.45,403,-383,2.67,75.21,58,0,"R$ 3,544.29",39.37,90,-18,3.28,24.79,353,12,7.26,18.27,314,-24,66.75,35.87,141,-26,23.70,39.25,184,-5,125.65,60.71,41,-9,54.55,16.06,387,-7,41.90,56.52,33,20,79.00,73.77,312,13,98.50,98.37,35,22,51.17,87,64,80.58,76,97,53.31,164,3,82.05,53,-6,43.65,64,10,48.60,183,18,80.75,207,-80,72.95,221,-1,71.60,130,29,70.10,13,7,25.61,89,-54,31.13,225,-15,61.09,149,44,56.32,65,4,65.24,65,90,65.54,106,10,41.52,79,-39
4208302,46.90,70.53,30,2,6.00,22.86,147,-100,44.17,68.09,152,-6,-13.59,61.59,82,9,6.95,82.34,111,-55,2.40,69.37,213,66,88.84,87.23,221,-114,54.10,45.68,404,9,60.25,55.13,167,93,54.25,54.73,353,"Não comparável, alteração metodológica completa",123.16,64.35,32,17,18.31,26.71,269,0,94.04,62.33,79,144,83.16,85.14,158,-37,0.00,100.00,1,0,0.44,98.86,5,17,5.27,71.14,245,-80,9.70,81.73,47,-7,127.15,82.08,50,-7,67.46,55.07,49,7,117.26,87.91,5,-4,86.40,42.88,87,63,12.97,15.06,327,-14,2.04,2.29,417,-4,0.60,0.59,421,-13,6.40,45.76,81,-2,5.50,52.94,38,-1,3.70,46.43,351,-4,544.01,58.96,182,47,10.80,87.56,120,30,47.06,51.35,344,-30,47.48,83.82,152,-45,4.80,96.76,44,12,11.73,87.99,211,-3,98.63,98.57,81,37,21.35,78.98,64,-20,22.24,77.76,92,-22,76.39,76.39,189,3,66.70,32.41,148,-16,,0.00,413,-412,,0.00,345,-344,0.03,84.04,60,31,58.18,60.39,67,-4,0.00,100.00,1,0,0.00,100.00,1,0,0.09,63.74,63,271,22.31,80.97,43,-5,43.72,40.11,83,-7,7.05,71.91,52,169,R$ 0.00,0.00,241,-9,1.56,12.44,134,-19,"R$ 7,293.93",4.00,289,15,"R$ 50,035.95",5.45,193,-15,18.19,66.23,45,92,1.67,49.11,236,-1,"R$ 3,155.71",32.94,182,16,8.58,31.56,44,310,2.74,5.78,415,-18,38.57,20.11,283,3,19.64,28.16,323,62,146.08,76.59,7,7,51.23,9.55,414,-100,60.24,82.03,2,0,88.06,85.37,257,-13,91.28,83.59,381,-31,55.77,35,-20,65.38,330,34,60.87,44,58,87.35,13,4,28.37,265,-30,50.47,151,2,84.55,122,-30,51.19,365,-264,78.94,38,23,65.41,37,28,21.20,203,59,18.02,392,4,67.42,15,-5,52.77,165,-56,60.36,169,24,62.82,178,-141,37.71,175,13
4208906,56.25,57.05,90,3,5.10,19.33,192,-67,38.72,74.73,62,21,-12.03,61.03,94,56,4.12,92.64,11,0,1.05,88.50,13,0,93.98,93.10,105,-40,14.50,86.42,158,-62,67.47,64.46,80,-45,98.96,99.84,3,"Não comparável, alteração metodológica completa",66.84,28.54,324,-33,28.74,42.53,172,3,91.71,59.26,116,10,87.11,89.82,66,2,45.23,84.29,208,-207,0.65,96.69,32,-12,3.68,83.35,70,-17,11.31,74.68,99,-6,95.27,96.64,5,-4,63.83,50.13,91,-2,97.63,55.48,165,28,88.90,45.13,57,60,52.51,61.00,70,-9,5.26,5.93,341,-68,2.84,2.99,407,-25,6.90,54.24,20,-1,5.70,56.86,9,0,4.40,71.43,148,-2,570.26,76.02,62,15,2.55,98.09,7,5,0.00,100.00,1,0,22.79,93.05,28,20,16.86,87.52,225,26,23.36,75.95,359,27,96.92,96.78,139,-27,29.70,70.24,151,-6,31.07,68.93,161,2,87.14,87.14,132,-26,73.81,35.86,123,14,100.00,100.00,1,169,0.00,100.00,1,0,0.04,83.73,132,21,64.61,67.08,50,-4,0.00,99.90,193,71,0.00,99.64,193,34,-0.17,60.14,246,-63,14.34,92.40,8,-2,49.33,46.09,38,-5,2.83,66.60,261,66,R$ 1.17,0.05,158,-20,1.96,15.63,88,9,"R$ 14,619.00",8.20,142,6,"R$ 84,907.82",10.35,54,9,12.56,57.60,133,-26,2.96,82.71,33,-1,"R$ 4,071.80",48.09,36,-7,6.85,29.35,107,194,10.20,26.37,215,-70,61.96,33.19,173,-2,26.11,45.85,123,-38,106.75,46.02,188,31,55.42,17.78,368,-14,37.25,50.06,93,-10,99.01,99.42,18,86,98.33,98.03,54,305,53.03,67,-1,90.62,3,33,51.32,208,-25,86.17,23,-20,34.08,170,-8,61.61,21,2,91.46,15,20,85.92,84,-26,80.18,29,3,68.11,20,4,29.10,49,14,35.14,172,-68,62.26,104,106,60.64,9,3,71.01,11,24,71.09,8,-4,43.75,41,5
4209102,51.70,63.61,55,15,10.71,41.40,41,134,49.72,61.32,274,29,2.69,55.76,200,-54,4.87,89.90,27,1,1.47,82.57,60,10,97.92,97.62,33,166,23.80,76.85,249,127,63.78,59.69,118,-47,95.87,96.72,39,"Não comparável, alteração metodológica completa",95.02,46.46,145,0,39.76,59.25,74,-1,88.29,54.77,188,181,85.06,87.39,112,-11,13.75,95.23,138,41,0.67,96.48,38,18,3.54,84.42,56,17,9.90,80.86,53,-36,103.09,93.07,6,6,58.85,43.35,149,-6,100.26,59.83,95,13,83.34,40.13,129,28,33.70,39.14,200,-11,3.76,4.24,380,-32,5.16,5.48,388,-16,6.90,54.24,20,-1,5.70,56.86,9,0,4.10,60.71,253,-3,572.58,77.53,52,20,7.63,91.60,75,25,35.90,62.89,308,-20,31.15,89.93,70,46,11.45,91.67,141,7,4.39,95.58,92,22,98.20,98.12,92,12,34.86,64.83,206,4,35.84,64.16,194,21,41.45,41.45,271,25,38.88,18.89,234,134,100.00,100.00,1,0,0.00,100.00,1,0,0.02,84.11,40,10,62.35,64.73,55,-4,0.00,100.00,1,242,0.00,100.00,1,255,-0.11,60.92,212,54,16.56,89.21,15,2,47.68,44.33,47,-1,5.47,69.92,109,173,R$ 5.44,0.25,123,-14,3.40,27.12,29,1,"R$ 17,932.74",10.09,107,-16,"R$ 80,828.34",9.78,63,-19,9.46,52.84,236,-164,3.04,84.91,24,-2,"R$ 3,516.58",38.91,98,-24,3.91,25.59,317,42,12.19,31.87,149,-36,61.27,32.80,179,-2,22.64,36.35,212,-18,118.99,55.54,76,-8,56.13,19.16,362,10,36.01,48.33,107,-14,75.94,69.83,336,4,98.02,97.37,78,95,55.52,38,90,87.38,11,78,58.18,71,127,89.87,7,8,28.88,254,-13,60.07,36,1,87.85,55,1,73.61,214,20,79.80,33,12,68.12,19,20,29.92,42,4,33.68,197,-39,58.05,253,24,59.26,19,25,70.76,14,66,68.72,34,41,42.86,52,3
4209300,61.22,49.89,143,3,4.49,16.96,221,88,42.25,70.43,116,27,-2.92,57.77,158,56,6.69,83.28,97,-21,1.81,77.69,120,0,92.64,91.58,139,253,66.30,33.13,415,-3,45.70,36.35,354,-73,29.49,29.75,406,"Não comparável, alteração metodológica completa",102.46,51.19,99,33,15.41,22.30,309,-5,85.11,50.58,248,147,79.33,80.62,235,31,161.46,43.93,395,-394,3.56,66.60,394,-131,7.08,57.25,353,-50,12.38,69.98,143,127,158.92,67.57,194,19,64.51,51.06,83,4,99.12,57.94,123,2,70.68,28.74,282,-13,62.01,72.03,42,7,20.18,22.77,102,129,18.68,19.98,217,48,5.30,27.12,318,-4,4.30,29.41,332,-4,3.60,42.86,368,-4,552.04,64.18,146,-9,11.65,86.47,136,4,9.09,90.60,150,147,38.67,87.12,113,74,20.40,84.81,263,72,20.64,78.76,337,-53,97.48,97.37,116,29,50.09,48.89,331,-27,42.70,57.30,243,-13,37.82,37.82,285,5,27.31,13.27,267,-25,98.89,98.01,245,-3,0.00,100.00,1,0,0.07,82.94,262,38,19.01,19.74,286,-2,0.00,99.98,181,15,0.00,99.64,194,21,-0.24,59.14,280,63,32.41,66.49,143,0,35.96,31.86,162,27,7.28,72.21,43,336,R$ 130.75,5.98,47,59,2.78,22.20,47,-13,"R$ 13,073.69",7.31,169,-5,"R$ 50,561.28",5.52,187,-11,10.63,54.64,193,42,1.94,56.34,176,22,"R$ 2,913.27",28.93,233,-11,4.72,26.63,264,-32,11.26,29.30,182,-33,140.90,77.34,7,-3,21.46,33.15,256,-28,103.14,43.22,238,-22,62.39,31.45,232,-45,30.06,40.06,190,-51,93.72,92.64,189,11,94.70,90.59,316,-21,48.76,142,74,56.30,387,-73,51.08,214,135,60.78,349,-198,41.32,84,56,36.68,322,-3,85.58,100,129,70.31,248,-25,66.30,255,46,59.05,119,90,23.81,128,34,46.60,49,-3,59.59,193,-71,51.47,210,13,52.37,335,-43,59.77,237,8,41.80,74,32
4211306,52.60,62.31,63,20,6.89,26.37,117,154,48.65,62.62,253,-11,-10.77,60.58,105,-36,4.80,90.16,26,-10,1.06,88.37,14,41,93.38,92.42,129,-1,10.00,91.05,85,-62,50.36,42.36,302,-20,91.44,92.25,74,"Não comparável, alteração metodológica completa",121.50,63.29,35,-4,26.91,39.75,191,2,97.00,66.22,40,297,81.65,83.37,197,9,71.94,75.02,270,107,1.06,92.45,127,10,5.17,71.91,233,43,14.39,61.16,226,125,165.41,64.61,229,11,85.67,79.84,2,0,119.28,91.25,2,2,84.87,41.50,110,37,63.67,73.95,38,-9,2.92,3.29,398,-36,7.64,8.14,361,-58,5.80,35.59,227,-4,4.60,35.29,271,-3,3.60,42.86,368,-4,534.06,52.49,230,69,19.23,76.81,224,-165,21.74,77.53,257,115,51.33,82.38,172,-40,9.61,93.08,111,82,6.25,93.66,124,16,97.44,97.33,117,99,19.35,81.07,43,-17,0.37,99.63,12,-4,,0.00,385,2,,0.00,377,-9,100.00,100.00,1,0,0.00,100.00,1,0,0.03,83.89,90,16,25.60,26.58,218,-9,0.00,100.00,1,267,0.00,100.00,1,221,-0.06,61.66,180,11,29.70,70.38,117,-11,40.16,36.33,106,-29,6.67,71.44,63,32,R$ 0.00,0.00,241,-9,0.42,3.23,373,10,"R$ 7,394.73",4.06,286,3,"R$ 91,893.31",11.33,42,8,10.79,54.89,187,-99,2.10,60.41,140,-17,"R$ 3,361.77",36.35,134,-1,7.94,30.74,58,216,4.43,10.45,394,7,50.04,26.52,238,-27,17.91,23.44,384,0,145.67,76.27,8,1,58.89,24.57,306,-105,49.94,67.71,10,-1,90.70,88.76,233,7,92.86,86.82,364,0,52.97,70,84,86.79,13,3,63.69,19,100,69.98,240,122,45.42,50,-14,39.52,294,6,84.76,116,51,65.00,281,7,68.94,177,51,61.10,81,-8,21.83,184,9,20.14,377,-3,68.83,11,1,54.65,114,45,69.15,19,30,62.91,176,63,38.05,165,-10
4211900,48.50,68.23,35,-16,7.81,29.99,86,109,54.95,54.94,372,-115,-21.92,64.57,49,-16,14.40,55.19,336,-71,3.52,53.67,373,-75,88.15,86.43,229,-47,12.10,88.89,118,170,62.76,58.38,129,25,67.18,67.77,277,"Não comparável, alteração metodológica completa",68.61,29.67,316,-29,17.56,25.57,283,-7,86.36,52.23,227,106,80.48,81.98,225,-10,36.97,87.16,184,-183,1.47,88.21,212,-112,3.92,81.50,98,-10,9.98,80.50,55,40,113.43,88.35,18,-13,53.89,36.61,215,6,97.91,55.94,156,-12,68.62,26.89,300,4,6.68,7.76,383,-16,2.14,2.41,415,-30,9.02,9.61,353,-21,5.40,28.81,303,-4,4.30,29.41,332,-4,3.60,42.86,368,-4,549.96,62.82,155,39,6.11,93.55,49,-4,16.67,82.77,216,-96,28.07,91.08,50,-30,9.37,93.26,106,-64,17.48,82.03,306,-75,,0.00,408,-275,,0.00,410,-23,-743.94,100.00,1,272,23.39,23.39,323,18,20.13,9.78,300,8,100.00,100.00,1,233,0.00,100.00,1,0,0.03,83.81,108,13,53.13,55.16,86,5,0.02,97.89,310,-85,0.01,98.52,267,-52,0.01,62.65,110,-27,24.22,78.24,62,-8,31.94,27.58,216,-6,6.71,71.48,60,93,R$ 0.06,0.00,231,-37,3.23,25.80,32,9,"R$ 9,792.35",5.43,229,5,"R$ 46,247.27",4.92,210,-59,13.06,58.36,121,-52,2.36,67.16,94,-7,"R$ 3,031.26",30.88,204,2,5.60,27.76,205,11,5.33,12.93,378,-7,62.22,33.34,171,-22,20.08,29.36,308,14,117.97,54.74,81,16,58.38,23.58,314,26,43.59,58.87,23,4,81.75,77.29,300,-1,95.65,92.53,277,-215,54.43,48,3,70.58,256,-120,45.22,324,18,85.24,25,-16,19.88,377,-13,37.02,319,14,89.93,28,-22,45.17,380,-95,76.71,59,4,60.87,84,23,25.30,96,16,25.21,301,10,61.40,139,-6,51.12,220,-72,62.16,125,-59,57.10,293,-83,38.84,146,7
4215802,52.10,63.04,59,10,11.99,46.44,25,16,48.48,62.83,249,-24,-21.79,64.52,50,-18,7.23,81.30,124,-45,1.00,89.21,9,5,89.05,87.47,217,-124,3.70,97.53,12,154,55.81,49.40,226,-93,92.08,92.90,67,"Não comparável, alteração metodológica completa",80.59,37.28,246,-4,20.18,29.54,251,-5,87.53,53.76,207,-122,87.38,90.13,59,-18,0.00,100.00,1,0,0.76,95.55,58,5,4.50,77.05,161,-92,17.56,47.23,335,-325,118.39,86.08,27,53,70.02,58.55,34,-6,96.51,53.63,195,-7,84.47,41.15,113,1,61.18,71.07,46,-6,17.07,19.27,124,20,23.79,25.46,166,2,6.90,54.24,20,-1,5.60,54.90,21,0,4.30,67.86,192,-3,565.41,72.87,84,58,3.45,96.94,14,-11,0.00,100.00,1,0,26.59,91.63,40,37,23.03,82.79,290,-85,7.64,92.22,134,-78,95.33,95.12,178,-26,25.74,74.38,110,-52,42.95,57.05,246,-40,38.69,38.69,283,2,32.68,15.88,253,5,97.30,95.16,287,26,0.00,100.00,1,0,0.04,83.77,124,-26,61.70,64.05,60,-2,0.00,99.92,187,-186,0.00,99.75,184,-183,-0.38,57.19,324,22,21.89,81.57,39,3,43.20,39.56,84,-12,1.16,64.49,333,63,R$ 0.68,0.03,172,9,1.12,8.86,198,8,"R$ 9,997.97",5.55,223,4,"R$ 60,499.57",6.92,131,-21,4.80,45.71,341,-290,2.42,68.69,87,22,"R$ 3,287.30",35.11,146,-6,6.71,29.17,118,153,11.88,31.03,164,-14,61.96,33.19,172,10,21.65,33.67,249,-61,77.73,23.47,396,-20,63.36,33.34,206,-97,32.47,43.41,149,-11,98.76,99.10,25,-3,97.81,96.96,98,39,59.21,17,11,86.35,20,8,50.29,234,-91,79.48,76,-62,43.60,67,6,59.83,38,4,91.90,10,-6,71.06,239,-11,78.93,39,12,62.25,67,35,23.03,146,23,32.63,208,-24,59.26,213,-124,57.96,28,-8,72.19,7,6,68.38,38,-23,39.10,140,-16
4216602,48.12,68.77,33,11,3.58,13.35,285,-58,53.02,57.29,346,-36,-3.65,58.03,150,12,12.17,63.32,289,8,2.37,69.85,202,8,94.89,94.15,86,201,12.80,88.17,132,249,78.33,78.48,15,16,92.90,93.72,62,"Não comparável, alteração metodológica completa",79.06,36.31,260,-11,23.94,35.25,217,-4,83.85,48.93,270,75,83.37,85.39,151,20,32.81,88.61,179,-178,0.66,96.59,34,-18,3.86,81.96,91,15,8.86,85.43,30,13,118.14,86.20,24,-16,59.59,44.36,142,20,97.88,55.89,158,-47,75.97,33.50,213,-3,39.49,45.87,163,25,4.79,5.40,358,-14,1.11,1.13,418,0,6.10,40.68,150,-3,5.10,45.10,133,-3,3.90,53.57,310,-4,560.09,69.41,109,-23,10.35,88.14,114,12,21.05,78.24,247,60,46.55,84.17,149,28,18.28,86.43,241,15,13.19,86.47,242,-60,98.45,98.38,87,68,41.26,58.13,271,-41,42.94,57.06,245,-12,45.19,45.19,261,-7,49.28,23.95,199,1,100.00,100.00,1,0,0.00,100.00,1,0,0.02,84.05,55,-4,39.89,41.41,133,15,0.00,100.00,1,0,0.00,100.00,1,0,-0.03,62.02,159,-35,16.54,89.24,14,-3,60.52,57.99,16,0,7.18,72.08,49,269,R$ 0.88,0.04,165,-33,3.29,26.23,31,39,"R$ 16,555.21",9.31,121,3,"R$ 57,623.86",6.52,152,-44,7.66,50.09,288,-183,2.19,62.80,124,-23,"R$ 2,871.49",28.23,241,-10,4.10,25.84,301,22,8.91,22.82,252,-99,76.51,41.33,92,-54,18.48,25.00,366,-32,122.49,58.26,52,-2,54.73,16.41,386,1,44.82,60.58,16,2,65.11,55.95,394,-9,96.73,94.74,215,-91,49.36,129,1,83.71,41,189,48.52,274,29,87.25,14,-9,28.31,267,11,49.09,175,-21,85.43,105,43,74.30,207,-10,73.28,99,37,72.96,5,12,24.55,105,33,29.72,247,-69,57.19,276,6,55.61,78,44,65.79,56,116,64.64,132,4,40.37,107,6
4218707,57.15,55.76,97,-13,5.30,20.13,186,160,41.98,70.76,109,133,15.07,51.33,285,83,12.97,60.38,301,-60,2.23,71.79,175,87,51.66,44.66,401,-1,15.30,85.60,174,-31,52.23,44.78,268,-86,81.00,81.72,153,"Não comparável, alteração metodológica completa",103.79,52.03,94,16,31.09,46.10,146,-1,89.08,55.80,172,-32,81.00,82.59,215,15,161.03,44.08,392,-6,1.08,92.24,131,-24,4.79,74.83,191,113,12.08,71.30,133,135,166.07,64.31,235,-201,77.76,69.07,7,-2,110.85,77.32,13,2,94.21,49.91,23,57,77.27,89.75,10,-2,8.19,9.24,259,12,7.50,7.98,362,-98,6.00,38.98,176,-4,4.50,33.33,295,-4,4.10,60.71,253,-3,578.91,81.64,28,64,3.46,96.93,15,33,0.00,100.00,1,272,29.92,90.39,64,66,31.17,76.55,351,-35,20.13,79.28,331,20,96.20,96.03,156,-155,20.26,80.12,53,8,7.77,92.23,22,-1,47.46,47.46,257,4,33.83,16.44,250,0,100.00,100.00,1,283,0.00,100.00,1,0,0.06,83.22,231,11,21.04,21.84,266,-15,0.00,100.00,1,0,0.00,100.00,1,0,-0.05,61.84,168,-57,17.22,88.27,18,-4,46.11,42.65,57,-3,2.38,66.03,285,-83,R$ 6.78,0.31,119,-34,2.39,19.09,61,-4,"R$ 18,078.53",10.18,104,-18,"R$ 54,566.42",6.09,166,-7,12.56,57.60,132,-21,2.18,62.56,126,-7,"R$ 2,919.60",29.03,231,-4,5.58,27.73,206,-58,9.26,23.79,247,-49,92.36,50.19,40,-14,20.98,31.84,274,21,111.85,49.99,126,-7,56.38,19.65,359,-265,45.29,61.24,15,5,94.52,93.66,176,20,94.86,90.91,309,-9,49.49,124,145,67.55,297,-39,57.39,86,6,64.63,306,-29,47.57,33,-4,47.83,190,19,88.09,50,104,76.62,185,8,67.42,223,11,65.71,35,-5,24.19,114,-10,35.27,171,-15,63.09,79,-63,54.71,109,4,58.13,219,56,65.02,119,18,41.51,80,-35
4300604,62.36,48.25,159,28,1.90,6.78,368,-31,54.16,55.90,359,-38,-5.87,58.82,132,-38,13.08,59.99,305,-25,2.97,61.41,310,-38,88.54,86.88,223,28,5.70,95.47,27,1,75.70,75.08,27,75,90.82,91.63,78,"Não comparável, alteração metodológica completa",70.31,30.75,307,-1,19.05,27.83,259,2,91.52,59.02,121,15,74.86,75.34,305,-37,100.55,65.08,340,-339,0.86,94.52,78,-31,5.62,68.46,277,-84,14.08,62.53,208,-51,176.08,59.74,277,12,32.27,7.20,412,0,98.28,56.55,145,-15,57.71,17.08,392,-28,32.47,37.72,211,-38,1.85,2.08,418,-14,16.68,17.83,244,145,5.10,23.73,348,-4,4.00,23.53,376,-5,3.60,42.86,368,-4,512.73,38.62,336,-3,23.18,71.76,258,11,6.25,93.54,116,-69,69.65,75.54,245,-27,6.70,95.31,66,-30,9.28,90.53,162,107,100.00,100.00,1,0,,0.00,410,-307,81.90,18.10,406,-19,48.92,48.92,254,25,4.28,2.08,353,-97,100.00,100.00,1,0,0.00,100.00,1,0,0.04,83.78,118,13,17.10,17.75,308,-66,0.00,100.00,1,0,0.00,100.00,1,0,-1.43,42.74,401,13,38.22,58.17,204,2,13.94,8.42,396,4,5.12,69.48,131,155,R$ 0.00,0.00,241,-9,0.80,6.28,263,-26,"R$ 6,386.78",3.48,320,18,"R$ 22,048.07",1.51,366,15,17.02,64.42,55,297,2.04,58.96,153,3,"R$ 2,938.93",29.35,226,-12,3.89,25.57,320,-239,5.60,13.66,373,-8,29.19,14.87,336,-15,22.49,35.94,215,54,92.91,35.27,336,-59,67.30,41.08,130,75,30.62,40.84,182,3,95.72,95.20,154,-73,94.26,89.68,329,-127,42.44,285,8,81.46,68,177,47.12,294,-6,66.26,284,-160,22.30,350,6,29.33,384,-2,84.82,114,-3,67.66,266,-50,63.69,342,-68,48.80,282,32,20.18,236,4,21.49,362,-2,60.41,166,-35,48.30,292,-10,61.10,145,133,55.43,323,-51,33.84,307,0
4301602,58.22,54.22,108,3,4.73,17.89,208,187,63.92,44.00,409,0,72.43,30.80,409,-2,24.33,18.98,404,-3,2.94,61.78,306,6,94.44,93.64,92,150,6.30,94.86,35,27,50.95,43.12,292,-24,43.90,44.29,384,"Não comparável, alteração metodológica completa",79.51,36.60,257,-9,8.35,11.60,368,-4,82.16,46.70,295,-96,86.19,88.73,87,19,158.73,44.88,391,-390,1.42,88.73,203,51,7.68,52.65,372,3,21.43,30.27,399,-8,200.50,48.59,352,-236,49.33,30.40,276,-37,91.33,45.07,316,-12,65.10,23.73,331,-8,37.11,43.11,181,-7,11.49,12.97,192,-16,15.46,16.52,258,12,5.70,33.90,242,-4,4.60,35.29,271,-3,4.00,57.14,289,-3,530.88,50.42,250,-3,17.23,79.36,209,-82,4.55,95.30,92,-91,34.55,88.66,90,-80,7.38,94.78,75,-5,0.25,99.88,4,3,97.41,97.29,119,191,44.18,55.08,288,-31,46.00,54.00,270,17,83.77,83.77,155,58,15.26,7.41,321,-32,100.00,100.00,1,190,0.00,100.00,1,0,0.23,79.42,378,9,13.71,14.23,338,-6,0.00,100.00,1,240,0.00,100.00,1,306,-1.75,38.25,410,-43,45.01,48.43,263,12,23.61,18.72,312,-8,5.02,69.36,134,139,R$ 201.09,9.19,38,-13,1.05,8.33,209,-9,"R$ 14,437.10",8.09,146,16,"R$ 37,432.96",3.68,266,-13,6.75,48.69,308,-177,0.86,28.07,383,-13,"R$ 3,575.99",39.89,89,122,3.41,24.97,342,29,8.28,21.08,269,-22,65.28,35.05,149,2,29.35,54.69,71,-21,91.94,34.51,343,-26,74.51,55.22,47,63,24.92,32.91,262,27,58.56,47.56,408,4,86.15,73.09,407,-3,36.73,365,37,59.34,373,-61,44.49,337,-57,47.14,414,-224,27.75,276,-18,40.99,277,-4,90.30,25,-20,80.45,151,52,60.79,400,-36,48.91,277,34,18.25,291,-21,36.94,140,-35,48.66,406,3,46.25,338,-23,47.54,385,3,57.13,292,-75,33.52,313,18
4302105,60.10,51.50,132,-6,5.70,21.71,160,248,44.38,67.83,153,259,-9.02,59.95,113,300,3.83,93.71,6,401,2.80,63.73,283,119,69.23,64.78,377,-213,14.10,86.83,154,-104,64.33,60.40,113,3,70.58,71.21,247,"Não comparável, alteração metodológica completa",57.52,22.62,370,-3,40.18,59.89,73,2,87.67,53.95,202,78,90.15,93.41,19,-10,0.00,100.00,1,0,0.60,97.21,23,-19,4.48,77.21,158,-46,12.31,70.27,140,-30,150.77,71.30,149,-34,71.98,61.22,23,7,103.70,65.51,50,27,71.98,29.91,261,7,71.36,82.89,24,-1,6.18,6.97,311,-36,14.34,15.32,275,105,6.30,44.07,105,-2,5.20,47.06,104,-3,4.60,78.57,70,-1,576.88,80.32,37,-5,30.52,62.40,321,-50,2.50,97.42,66,-9,74.12,73.86,265,-59,10.96,92.05,129,1,0.47,99.65,8,11,88.96,88.47,255,-34,47.14,51.98,313,-37,47.78,52.22,282,-17,3.65,3.65,373,6,1.79,0.87,365,3,100.00,100.00,1,372,0.00,100.00,1,0,0.03,84.02,64,6,49.80,51.70,99,-20,0.03,96.95,322,91,0.01,98.67,257,77,-1.22,45.63,392,-262,17.76,87.50,20,6,45.87,42.40,61,-3,2.35,65.99,287,62,R$ 44.15,2.02,83,-16,3.14,25.04,35,1,"R$ 23,092.03",13.05,68,-4,"R$ 73,589.32",8.76,84,-1,16.79,64.08,58,103,2.52,71.28,73,-20,"R$ 4,138.11",49.19,31,-5,5.96,28.21,176,88,8.43,21.48,263,-19,72.48,39.08,106,-13,26.82,47.78,112,-34,110.96,49.30,134,25,55.33,17.59,371,-192,38.88,52.32,72,6,73.49,66.70,349,-6,92.10,85.27,376,-8,50.25,111,303,75.31,166,225,51.07,215,17,81.86,54,-12,41.92,79,35,56.86,73,-9,82.83,158,-70,59.69,322,29,73.24,100,63,65.39,38,18,30.03,41,1,36.11,153,-43,54.23,356,-94,55.36,85,155,62.23,123,288,64.11,147,23,42.13,65,-17
4303004,68.91,38.80,242,40,4.31,16.23,237,169,45.99,65.87,201,-95,9.13,53.45,246,-70,8.25,77.59,165,-24,1.74,78.76,106,1,96.78,96.32,48,-34,11.30,89.71,107,22,64.71,60.89,110,27,0.00,0.00,418,"Não comparável, alteração metodológica completa",75.53,34.07,287,-6,7.76,10.70,377,-6,91.08,58.43,132,13,84.99,87.31,114,-10,0.00,100.00,1,360,0.89,94.21,90,-30,9.17,41.21,404,-52,17.26,48.55,327,-214,161.12,66.57,203,-53,54.98,38.09,201,23,93.88,49.28,262,-19,65.53,24.11,328,-11,28.65,33.28,239,-18,14.62,16.50,149,37,35.45,37.96,74,156,5.80,35.59,227,-4,4.70,37.25,254,-3,4.10,60.71,253,-3,546.96,60.88,168,-16,10.94,87.38,124,-5,0.00,100.00,1,0,25.46,92.06,35,37,19.45,85.53,254,23,96.69,0.00,423,-5,86.76,86.17,277,14,38.49,61.03,247,33,39.65,60.35,222,41,39.53,39.53,281,-1,49.65,24.13,196,11,89.13,80.53,368,38,0.00,100.00,1,326,0.28,78.35,382,7,12.98,13.47,342,-1,0.00,99.67,235,0,0.01,98.00,290,45,-1.03,48.18,389,6,34.89,62.94,170,21,23.20,18.27,313,-12,-2.22,60.23,392,1,R$ 0.00,0.00,241,-9,1.89,15.05,94,19,"R$ 9,933.70",5.52,226,4,"R$ 42,103.62",4.33,234,-67,-1.08,36.69,390,-376,1.07,33.65,359,-4,"R$ 2,922.91",29.09,230,102,5.23,27.29,229,158,8.24,20.97,271,-20,50.18,26.60,237,-15,22.01,34.63,235,-1,90.65,33.51,349,-17,71.40,49.13,76,-38,31.86,42.56,159,-56,89.35,87.03,247,47,89.50,79.94,392,16,43.59,265,65,60.63,368,-269,47.17,292,-11,70.91,219,32,32.41,193,68,44.55,234,-11,76.84,284,27,66.37,274,117,61.36,398,-17,49.02,274,20,16.88,327,8,27.40,274,-18,58.43,240,-81,47.24,318,23,51.74,347,-159,57.80,277,96,33.22,328,-8
4303103,50.23,65.74,46,19,8.09,31.11,81,144,52.58,57.83,336,14,28.43,46.55,340,-13,9.31,73.72,208,-16,3.66,51.67,381,-46,91.05,89.75,174,-65,21.10,79.63,230,-210,74.32,73.30,34,172,37.79,38.13,396,"Não comparável, alteração metodológica completa",68.73,29.74,315,-26,32.02,47.51,138,6,91.03,58.37,133,-29,76.42,77.18,288,-60,0.00,100.00,1,0,0.71,96.07,48,79,5.17,71.91,233,46,8.96,85.00,33,-26,139.25,76.55,87,-70,48.56,29.36,284,0,94.58,50.44,248,8,70.19,28.31,285,-25,47.78,55.50,107,-22,2.87,3.23,399,-25,7.04,7.49,368,30,5.60,32.20,264,-4,4.50,33.33,295,-4,3.40,35.71,395,-4,534.18,52.57,227,-6,9.20,89.61,97,17,13.33,86.22,187,5,26.53,91.66,37,24,5.66,96.10,55,-50,7.14,92.74,130,-14,93.52,93.23,206,-205,,0.00,410,-327,73.80,26.20,397,-21,88.89,88.89,117,-15,34.18,16.61,249,-93,100.00,100.00,1,0,0.00,100.00,1,0,0.02,84.13,37,15,18.81,19.52,288,-41,0.04,96.51,325,-324,0.00,99.02,240,-239,-1.26,45.01,394,-30,33.60,64.78,159,15,38.69,34.76,129,14,4.46,68.66,167,178,R$ 2.07,0.09,140,-23,1.53,12.17,138,54,"R$ 16,213.14",9.11,124,6,"R$ 57,110.95",6.44,155,-16,9.69,53.20,226,-38,3.02,84.34,27,-2,"R$ 3,208.21",33.81,161,-31,3.35,24.89,348,-78,6.32,15.67,349,-47,79.14,42.80,79,-7,19.85,28.75,316,50,119.41,55.86,72,-32,60.85,28.43,264,32,25.10,33.16,261,43,89.85,87.67,241,24,97.48,96.27,135,131,50.30,110,105,65.96,323,-98,50.15,236,-39,86.55,19,-12,27.66,277,-10,36.56,328,-6,91.72,13,-5,77.11,181,-111,63.98,328,-55,57.87,140,50,26.35,79,5,29.07,251,16,60.28,170,82,53.05,153,-22,57.79,227,-6,63.21,169,-67,39.34,137,33
4304606,66.56,42.19,210,45,3.83,14.33,267,105,48.26,63.10,244,-186,1.44,56.21,193,-18,14.88,53.41,343,-53,2.30,70.87,188,-31,78.68,75.60,324,-33,6.40,94.75,36,17,80.26,80.98,9,28,88.17,88.96,97,"Não comparável, alteração metodológica completa",89.91,43.21,181,22,34.53,51.31,118,2,86.21,52.03,228,-54,76.59,77.39,286,-99,58.22,79.78,242,-241,0.81,95.04,68,-5,5.17,71.91,233,-17,11.64,73.20,116,-98,163.82,65.34,218,24,44.06,23.24,330,33,98.63,57.14,134,-39,63.51,22.29,351,-27,72.69,84.43,20,12,3.59,4.05,384,-23,11.34,12.11,317,83,5.40,28.81,303,-4,4.70,37.25,254,-3,4.00,57.14,289,-3,547.47,61.21,164,0,21.97,73.31,248,7,5.95,93.85,113,17,70.29,75.30,247,-4,23.92,82.11,296,-15,1.03,99.07,23,20,97.27,97.15,122,-121,46.60,52.54,308,-2,59.37,40.63,346,-21,61.96,61.96,236,-4,21.85,10.62,289,-81,100.00,100.00,1,206,0.00,100.00,1,0,0.09,82.57,292,28,12.66,13.14,345,-23,0.07,94.02,355,-44,0.01,97.48,302,-16,-1.75,38.35,409,-49,44.25,49.53,259,2,31.17,26.76,229,-10,-0.32,62.62,363,19,R$ 49.77,2.28,81,29,2.41,19.22,58,18,"R$ 13,875.00",7.77,157,-14,"R$ 83,895.04",10.21,55,19,1.21,40.20,376,-270,2.41,68.46,88,-26,"R$ 3,493.71",38.53,103,-19,3.59,25.19,333,39,7.63,19.28,293,-55,81.32,44.02,69,-13,20.92,31.67,278,-10,102.42,42.66,251,-27,57.49,21.83,336,22,37.23,50.02,96,10,75.79,69.65,338,-11,95.33,91.88,292,-27,43.96,256,4,78.75,96,93,53.19,168,-29,74.91,150,-93,33.81,175,37,41.75,267,-4,82.72,161,4,75.05,201,-25,60.18,402,-55,48.64,287,8,25.33,94,2,31.65,217,-11,55.21,332,-4,51.81,196,1,60.60,156,69,61.22,208,-41,36.86,200,0
4305108,48.93,67.60,39,6,5.40,20.51,178,143,46.57,65.16,213,-27,-2.52,57.62,163,-24,5.94,85.99,61,-46,1.23,85.94,29,-13,98.10,97.82,23,-11,6.60,94.55,40,4,75.16,74.39,29,32,86.39,87.16,111,"Não comparável, alteração metodológica completa",51.56,18.83,392,-6,52.25,78.21,14,-1,95.90,64.77,51,-13,83.90,86.02,136,-36,0.00,100.00,1,203,1.29,90.07,181,-15,4.50,77.05,161,64,10.20,79.56,60,-28,128.23,81.59,53,39,56.52,40.19,181,3,100.21,59.74,96,0,72.92,30.76,249,-18,57.19,66.43,59,-17,4.70,5.29,362,-4,3.26,3.43,399,4,6.00,38.98,176,-4,4.90,41.18,187,-3,4.10,60.71,253,-3,568.42,74.82,71,-12,16.69,80.04,205,27,2.44,97.48,64,37,48.99,83.26,160,35,14.19,89.57,187,28,1.19,98.90,28,24,97.04,96.91,129,-66,44.12,55.14,286,-17,45.65,54.35,266,-7,92.51,92.51,97,-13,46.88,22.78,207,-12,100.00,100.00,1,0,0.00,100.00,1,0,0.03,83.96,77,1,45.75,47.49,113,-15,0.01,99.33,254,62,0.00,99.28,223,17,-0.23,59.24,278,-170,15.47,90.78,10,6,44.48,40.92,73,1,3.51,67.46,218,125,R$ 55.97,2.56,78,2,3.09,24.69,36,53,"R$ 20,967.82",11.83,78,4,"R$ 81,683.97",9.90,60,25,10.25,54.05,208,-121,3.31,91.83,8,3,"R$ 3,852.70",44.47,52,0,6.78,29.26,111,111,9.47,24.36,240,-23,70.79,38.13,115,-2,22.39,35.67,222,-15,112.67,50.62,116,-4,54.37,15.71,388,1,40.01,53.89,55,-9,72.66,65.63,355,-13,97.36,96.03,152,33,52.72,74,45,88.96,7,-1,55.24,129,-40,86.35,22,55,32.46,192,-14,49.31,174,-16,88.41,41,45,84.04,112,-22,74.39,88,-3,66.54,25,27,32.32,29,12,32.72,207,-10,56.38,299,-3,59.01,20,7,70.05,18,9,68.29,41,10,43.07,49,21
4307005,56.11,57.26,88,-9,6.37,24.35,128,154,44.52,67.66,156,56,-11.14,60.71,102,-13,11.01,67.54,265,-36,1.81,77.79,119,5,95.91,95.31,61,-16,7.70,93.42,56,7,65.71,62.18,95,-31,81.68,82.41,147,"Não comparável, alteração metodológica completa",112.60,57.64,64,-2,27.56,40.75,187,2,91.80,59.38,114,5,85.69,88.14,95,-3,0.00,100.00,1,0,0.89,94.21,90,-63,3.76,82.73,83,8,9.76,81.49,50,35,157.01,68.45,187,7,71.64,60.76,27,2,107.11,71.14,23,22,83.14,39.95,131,18,58.02,67.39,52,-2,9.40,10.61,235,-32,62.25,66.71,13,254,6.60,49.15,50,-1,5.30,49.02,84,-2,4.50,75.00,108,-1,552.07,64.19,145,-37,21.01,74.54,237,68,20.69,78.61,244,31,84.73,69.90,290,60,30.14,77.34,344,-70,0.64,99.47,14,-10,92.41,92.07,221,-28,46.03,53.14,304,-2,46.51,53.49,273,-2,,0.00,385,2,,0.00,377,-9,98.18,96.74,259,17,0.00,100.00,1,0,0.03,83.81,109,7,24.18,25.10,234,0,0.00,99.65,237,35,0.00,99.68,188,73,0.06,63.26,85,204,23.09,79.85,51,12,46.75,43.34,54,-2,1.95,65.48,307,-71,R$ 1.07,0.05,161,-35,1.78,14.19,109,-30,"R$ 25,849.16",14.63,55,16,"R$ 80,385.09",9.72,66,3,10.58,54.57,196,-62,2.20,63.03,120,-5,"R$ 3,318.89",35.64,137,1,6.73,29.20,117,284,11.73,30.61,169,-7,83.16,45.05,59,8,23.64,39.09,186,-55,112.69,50.64,115,15,59.16,25.11,300,-11,51.19,69.44,9,5,81.20,76.58,303,12,84.04,68.76,413,-214,52.49,76,72,81.79,64,141,60.49,50,-8,84.34,36,27,51.86,17,71,55.92,84,-15,78.82,253,48,58.99,324,-3,68.63,185,79,63.26,56,12,25.23,98,72,38.25,127,-30,58.11,251,-101,56.44,63,66,66.51,47,121,65.66,102,58,41.05,88,15
4309209,64.74,44.81,187,-16,3.05,11.30,311,-139,46.21,65.60,207,-108,62.06,34.51,401,-1,9.32,73.70,210,0,1.87,76.82,126,9,99.08,98.94,10,5,7.40,93.72,51,-21,71.84,70.10,50,20,88.17,88.96,97,"Não comparável, alteração metodológica completa",88.99,42.62,192,6,32.32,47.97,136,-3,95.99,64.89,49,8,81.88,83.63,189,-36,38.55,86.61,187,-186,0.33,100.00,1,0,4.09,80.20,112,-10,14.26,61.71,219,-178,158.37,67.83,192,-165,41.90,20.30,350,14,99.28,58.20,119,4,64.10,22.82,344,-33,30.36,35.26,224,-43,1.28,1.44,419,-4,16.10,17.21,251,132,5.60,32.20,264,-4,4.30,29.41,332,-4,3.60,42.86,368,-4,539.13,55.79,203,5,10.17,88.37,112,-14,3.45,96.44,77,49,37.91,87.40,107,-8,13.08,90.42,163,-35,2.51,97.54,55,-7,94.16,93.90,195,91,53.20,45.63,348,-45,56.23,43.77,337,-7,49.30,49.30,253,10,19.45,9.45,303,-104,96.07,92.96,310,-13,0.00,100.00,1,0,0.03,83.90,86,54,28.26,29.34,197,-36,0.01,99.34,253,32,0.00,99.34,219,53,-1.09,47.35,390,-69,32.04,67.02,138,1,28.98,24.43,253,16,5.24,69.63,124,116,R$ 1.81,0.08,144,88,0.43,3.30,368,-167,"R$ 12,616.36",7.05,174,17,"R$ 58,646.11",6.66,145,64,19.53,68.27,29,386,2.63,74.16,61,-9,"R$ 3,306.16",35.43,140,-24,3.09,24.55,361,-118,9.64,24.84,233,-30,36.94,19.20,293,-9,19.21,26.99,344,-39,91.63,34.28,346,-7,61.51,29.72,251,36,31.04,41.42,175,6,93.73,92.65,188,36,98.60,98.56,25,229,39.06,340,-129,86.05,24,118,57.77,77,-3,75.66,134,-126,24.29,321,4,36.98,320,-4,91.28,16,-6,69.61,252,-11,67.50,221,-41,55.97,169,36,23.96,119,16,23.68,332,-29,59.33,212,76,51.90,193,-8,61.53,136,24,61.12,209,-51,36.74,207,9
4309308,66.34,42.51,206,-15,4.57,17.27,217,138,55.11,54.74,375,-119,-8.13,59.63,119,-74,27.78,6.42,407,-39,3.28,56.97,353,-32,90.09,88.66,197,14,13.90,87.04,149,-92,70.95,68.95,61,5,0.00,0.00,418,"Não comparável, alteração metodológica completa",83.72,39.27,225,109,28.57,42.28,174,-10,89.00,55.70,173,-18,76.89,77.74,279,-59,0.00,100.00,1,0,0.67,96.48,38,-11,5.11,72.37,226,2,11.55,73.60,112,-29,143.42,74.65,107,81,48.02,28.63,292,20,98.74,57.31,129,4,68.22,26.53,304,-26,39.61,46.01,162,-36,2.65,2.99,406,-13,3.05,3.21,402,-1,5.50,30.51,280,-4,4.70,37.25,254,-3,4.20,64.29,220,-3,513.21,38.93,335,-61,6.25,93.37,53,54,50.00,48.31,349,-191,14.98,95.97,5,55,9.38,93.25,107,34,5.42,94.52,108,-12,97.50,97.39,115,-7,36.33,63.30,224,-205,69.23,30.77,388,-19,37.20,37.20,291,7,21.57,10.48,290,5,100.00,100.00,1,0,0.00,100.00,1,0,0.05,83.45,190,-110,18.08,18.77,296,-34,0.00,100.00,1,227,0.00,100.00,1,224,-2.69,25.27,415,-101,41.99,52.77,242,10,28.05,23.44,262,12,5.36,69.78,119,98,R$ 0.00,0.00,241,-9,0.47,3.65,359,-6,"R$ 10,529.99",5.86,211,14,"R$ 96,872.55",12.04,34,-3,8.24,50.97,268,-247,2.03,58.67,156,-17,"R$ 3,901.61",45.28,47,-8,4.54,26.40,272,-89,10.59,27.46,202,-78,53.86,28.66,218,-12,21.73,33.89,245,35,104.35,44.15,222,-39,63.33,33.28,209,52,20.74,27.09,319,-63,98.35,98.57,56,-18,98.23,97.81,64,-26,43.54,266,4,44.56,420,-182,51.66,205,50,83.09,44,28,25.44,310,-18,39.79,290,-20,87.44,66,-48,69.63,251,-26,61.39,395,-118,51.68,235,40,22.26,173,-53,30.00,239,-19,60.18,174,-29,48.31,291,-71,44.03,402,-138,60.62,217,-9,36.81,201,-27
4310207,44.10,74.56,22,7,2.82,10.39,320,-54,51.66,58.95,314,17,-7.70,59.48,122,-23,9.25,73.93,205,-38,1.43,83.15,52,-18,98.75,98.57,14,25,10.50,90.53,91,-17,70.10,67.85,66,-19,76.56,77.24,201,"Não comparável, alteração metodológica completa",88.73,42.46,194,-9,21.71,31.87,238,-14,93.27,61.32,92,-38,94.06,98.03,3,11,0.00,100.00,1,0,0.68,96.38,40,-39,3.67,83.42,68,-37,15.70,55.43,281,-279,126.86,82.21,48,-42,65.22,52.02,75,3,101.21,61.40,78,8,77.18,34.59,197,-9,46.24,53.71,117,7,4.96,5.59,352,1,29.59,31.68,117,-20,6.60,49.15,50,-1,5.50,52.94,38,-1,4.30,67.86,192,-3,578.90,81.63,29,-5,13.67,83.90,162,-1,25.00,74.16,268,-64,56.63,80.40,192,54,22.79,82.98,288,-49,0.91,99.19,18,29,87.09,86.52,274,-29,45.86,53.32,302,-66,46.29,53.71,271,-45,37.18,37.18,292,20,20.21,9.82,299,-3,100.00,100.00,1,0,0.00,100.00,1,0,0.07,82.96,260,23,11.24,11.67,360,0,0.00,100.00,1,196,0.00,100.00,1,192,0.00,62.52,117,231,27.37,73.72,95,-1,36.77,32.72,155,-7,0.63,63.82,345,-66,R$ 224.79,10.28,36,13,1.71,13.61,118,-6,"R$ 39,439.51",22.40,22,-1,"R$ 72,012.79",8.54,92,-13,11.32,55.69,173,-56,1.77,51.80,216,-21,"R$ 3,388.82",36.79,125,-4,6.65,29.10,120,166,16.80,44.61,60,-27,82.20,44.51,65,8,24.63,41.80,158,-8,101.38,41.85,263,-5,80.54,67.05,30,-1,40.33,54.34,47,2,97.10,96.97,109,23,86.85,74.52,406,-8,50.85,97,26,82.62,48,-18,56.24,109,-39,81.35,59,-57,37.93,125,8,58.95,44,-6,83.93,137,-42,67.86,264,-2,64.54,310,62,57.76,143,-16,26.25,80,3,43.64,70,-21,66.95,20,-6,56.95,50,-24,66.04,53,-1,64.72,127,-54,43.68,43,-17
4311403,61.99,48.78,154,20,4.04,15.17,255,31,41.53,71.30,101,-42,-15.26,62.18,76,-6,5.07,89.18,30,47,1.12,87.39,17,-5,99.37,99.27,7,20,13.60,87.35,144,-61,77.78,77.77,18,-4,34.69,35.00,399,"Não comparável, alteração metodológica completa",81.06,37.58,245,-2,37.28,55.50,88,1,96.51,65.58,43,109,91.84,95.40,14,5,0.00,100.00,1,0,0.51,98.14,11,7,3.73,82.96,81,33,7.73,90.37,15,51,119.96,85.37,32,123,73.79,63.67,17,8,106.23,69.69,27,30,77.98,35.31,188,2,83.11,96.54,6,-1,17.99,20.31,119,-18,3.02,3.18,403,-28,6.30,44.07,105,-2,5.40,50.98,64,-2,4.50,75.00,108,-1,606.30,99.45,2,-1,20.69,74.94,235,-7,4.76,95.08,94,61,47.68,83.75,155,49,20.69,84.58,266,65,0.31,99.81,5,-3,88.66,88.16,261,-218,38.04,61.51,242,-54,46.47,53.53,272,18,3.75,3.75,372,1,1.09,0.53,371,-3,100.00,100.00,1,0,0.00,100.00,1,0,0.05,83.47,188,1,15.67,16.26,320,-51,0.01,98.83,274,19,0.00,99.66,192,16,-0.47,56.00,338,-43,24.55,77.76,65,-9,51.83,48.74,28,-2,-0.27,62.69,362,-18,R$ 266.57,12.19,29,-3,1.98,15.75,86,6,"R$ 28,407.89",16.09,43,3,"R$ 71,601.85",8.48,93,-29,9.76,53.30,223,-107,1.97,57.04,170,3,"R$ 3,200.45",33.68,164,-4,6.07,28.36,164,143,14.67,38.71,87,-18,102.13,55.65,26,-8,21.85,34.21,241,-33,112.65,50.61,117,-18,58.44,23.70,312,-168,39.94,53.80,56,-33,86.87,83.85,266,-9,97.93,97.19,88,-33,49.36,130,9,74.71,176,-112,59.54,58,27,91.64,4,42,46.50,39,9,60.76,32,-3,85.38,106,54,60.21,316,-24,64.85,301,-16,63.01,60,-11,26.19,82,-13,42.86,77,-22,61.83,126,-99,56.85,51,-14,61.48,137,-60,67.03,70,36,43.17,46,-24
4313409,51.42,64.01,51,26,1.71,6.03,377,-9,30.48,84.78,11,0,52.37,37.98,391,13,5.12,88.99,33,141,1.14,87.12,18,10,86.26,84.27,255,-156,8.50,92.59,66,46,74.61,73.67,32,14,85.86,86.62,115,"Não comparável, alteração metodológica completa",85.39,40.34,214,-3,34.02,50.54,124,-20,88.88,55.54,176,57,83.34,85.36,152,-34,0.00,100.00,1,0,0.66,96.59,34,18,4.49,77.13,160,59,7.63,90.83,12,96,153.16,70.20,167,-56,55.68,39.04,191,-40,99.22,58.11,120,-21,69.84,27.99,286,-37,37.39,43.44,178,27,12.99,14.66,167,-17,10.29,10.98,330,80,6.10,40.68,150,-3,4.80,39.22,223,-3,4.60,78.57,70,-1,572.80,77.67,50,-12,13.99,83.49,163,1,8.33,91.39,144,-7,24.40,92.45,31,73,10.17,92.65,120,31,1.10,98.99,26,0,83.75,83.03,299,-3,38.32,61.21,246,37,50.25,49.75,302,-19,7.09,7.09,365,-1,4.70,2.28,351,-17,100.00,100.00,1,0,0.00,100.00,1,0,0.03,83.83,106,27,26.91,27.93,206,-22,0.00,100.00,1,236,0.00,100.00,1,199,-0.54,55.07,348,-170,24.17,78.31,61,23,41.27,37.51,95,-3,2.30,65.93,289,-155,R$ 69.54,3.18,71,-18,2.45,19.54,55,11,"R$ 20,858.36",11.77,79,-3,"R$ 52,434.84",5.79,180,1,9.35,52.68,240,86,2.70,76.12,53,4,"R$ 3,147.38",32.80,184,-6,5.99,28.25,175,117,18.96,50.56,39,-13,73.82,39.82,102,-15,20.39,30.20,293,30,110.29,48.78,139,-3,57.67,22.19,331,5,39.74,53.51,61,-11,77.63,72.01,323,-3,95.29,91.79,294,-38,48.20,155,-13,86.58,16,96,54.61,139,7,86.98,16,36,30.50,222,29,52.67,117,-5,90.73,22,8,59.78,319,-10,68.37,193,-7,61.35,78,3,27.27,64,8,40.19,96,-8,57.66,265,-6,55.87,71,33,66.56,46,59,63.53,160,17,41.91,71,3
4314100,51.18,64.37,49,13,7.57,29.06,96,165,49.75,61.28,275,19,-13.89,61.69,81,3,6.50,83.96,87,-4,2.20,72.17,168,60,91.24,89.97,169,-95,9.20,91.87,75,21,68.89,66.29,75,-31,35.56,35.87,397,"Não comparável, alteração metodológica completa",67.01,28.65,322,10,20.84,30.55,245,-2,82.83,47.58,289,-92,84.88,87.18,115,84,39.59,86.25,192,94,0.68,96.38,40,1,4.69,75.59,176,26,13.46,65.24,180,-93,175.64,59.94,276,-136,54.67,37.67,207,24,97.93,55.97,155,-41,69.37,27.57,290,-40,18.95,22.01,282,15,7.64,8.62,270,95,16.04,17.14,252,0,5.60,32.20,264,-4,4.50,33.33,295,-4,3.80,50.00,330,-4,573.21,77.94,48,32,28.90,64.47,308,-30,6.06,93.74,114,-50,75.39,73.39,267,-2,22.37,83.30,283,73,8.89,90.92,158,-79,93.61,93.33,205,-85,42.89,56.43,277,10,48.09,51.91,285,1,44.97,44.97,263,1,24.16,11.74,275,93,100.00,100.00,1,0,0.00,100.00,1,0,0.04,83.78,117,10,17.88,18.56,299,-5,0.00,99.81,209,-208,0.00,99.04,239,-238,-0.11,60.94,210,161,27.35,73.75,94,14,44.91,41.38,67,16,8.18,73.34,28,253,R$ 81.35,3.72,63,-6,11.01,88.13,2,2,"R$ 39,983.29",22.72,21,4,"R$ 68,227.53",8.01,106,-22,3.30,43.41,357,-292,2.03,58.48,160,-11,"R$ 3,399.71",36.97,123,-3,2.80,24.18,369,34,6.96,17.41,329,-28,87.94,47.72,46,0,25.63,44.54,138,-14,112.82,50.74,113,11,57.14,21.15,346,19,40.17,54.11,51,-13,73.96,67.30,346,-12,92.39,85.86,372,-1,54.10,54,95,70.70,250,-105,45.03,329,-24,73.58,169,-9,25.72,306,1,43.17,254,1,79.08,248,-1,71.39,238,-16,66.35,253,54,64.33,49,63,36.89,15,24,36.56,145,-9,55.83,320,-2,54.24,127,49,62.04,127,17,58.69,259,1,45.30,20,55
4314407,56.86,56.17,92,8,2.13,7.69,357,26,45.62,66.32,185,-25,16.84,50.69,298,14,3.13,96.25,4,-2,2.24,71.70,176,11,95.42,94.75,74,30,11.50,89.51,113,-75,65.42,61.81,97,-4,74.83,75.50,211,"Não comparável, alteração metodológica completa",96.93,47.67,134,3,16.81,24.44,292,5,87.45,53.67,209,-1,68.17,67.43,374,14,0.00,100.00,1,0,0.93,93.80,99,-14,6.27,63.47,320,17,16.61,51.42,308,-114,166.16,64.27,238,-114,46.15,26.08,308,-22,97.25,54.84,174,-2,71.75,29.71,266,-7,34.08,39.59,197,-5,3.66,4.12,383,-29,17.14,18.33,236,-19,4.80,18.64,381,-5,4.00,23.53,376,-5,,0.00,421,-5,551.74,63.98,149,-60,11.60,86.54,135,-11,22.00,77.26,258,26,36.47,87.94,100,8,15.77,88.36,206,-45,2.41,97.64,53,-11,95.00,94.78,183,-43,40.21,59.23,263,9,55.40,44.60,330,-12,81.30,81.30,171,-5,15.19,7.38,322,-25,98.46,97.24,255,-2,0.00,100.00,1,0,0.07,82.96,261,19,21.55,22.37,260,-17,0.00,99.84,204,54,0.00,99.20,230,19,-0.56,54.72,349,-37,34.69,63.23,166,5,28.73,24.17,260,2,2.46,66.13,279,53,R$ 349.76,15.99,26,-11,1.76,13.97,111,-20,"R$ 20,055.62",11.31,85,-8,"R$ 38,322.05",3.80,259,-11,6.30,48.01,316,-116,1.67,49.08,237,5,"R$ 3,518.44",38.94,96,-17,3.52,25.10,337,-193,11.95,31.22,160,-64,79.67,43.09,76,5,29.44,54.96,68,-24,108.96,47.74,150,-16,62.48,31.62,230,68,37.85,50.89,85,15,76.06,70.00,335,34,95.51,92.23,286,103,45.22,214,35,83.73,40,-15,49.09,261,23,73.24,179,-88,27.16,283,-20,24.72,400,-4,87.52,64,-12,78.44,168,-6,66.34,254,14,53.31,205,22,23.93,120,-52,43.09,75,-34,58.50,237,129,52.91,158,-17,63.64,94,-13,59.58,242,-22,40.01,113,1
4314902,41.04,78.97,13,1,3.85,14.45,266,88,41.23,71.67,97,11,-1.88,57.39,168,-1,6.79,82.92,101,-13,1.59,80.81,79,33,98.21,97.95,21,3,3.70,97.53,12,8,70.34,68.17,65,-43,66.58,67.17,285,"Não comparável, alteração metodológica completa",93.82,45.70,149,-7,43.82,65.41,52,-2,93.17,61.18,95,14,81.96,83.73,188,-47,31.13,89.19,172,-20,0.82,94.93,69,26,5.38,70.30,254,-3,10.27,79.22,62,11,153.57,70.02,170,31,51.07,32.78,251,19,93.29,48.31,274,-42,68.23,26.54,303,2,83.81,97.35,4,0,8.23,9.28,258,-19,13.24,14.14,290,89,4.90,20.34,368,-4,4.10,25.49,366,-5,3.60,42.86,368,-4,568.77,75.05,69,-40,17.71,78.75,212,45,7.52,92.23,137,-2,49.71,82.99,163,64,10.22,92.61,121,-17,9.46,90.33,165,-10,100.00,100.00,1,0,46.60,52.54,308,-186,12.11,87.89,35,117,72.35,72.35,205,-111,60.04,29.17,172,43,99.82,99.68,221,-220,0.00,100.00,1,0,0.02,84.14,33,13,25.80,26.78,216,-38,0.02,98.67,280,23,0.00,99.29,221,91,-0.76,51.96,371,30,32.06,66.99,140,-14,63.19,60.83,15,-1,2.24,65.86,293,-41,R$ 358.04,16.37,24,-17,4.59,36.66,19,0,"R$ 124,091.70",70.86,3,0,"R$ 78,586.23",9.46,68,39,16.10,63.03,68,275,3.10,86.54,21,15,"R$ 4,963.03",62.84,9,41,4.86,26.81,251,147,36.86,100.00,1,1,95.86,52.15,31,-1,41.49,87.87,8,-2,126.72,61.54,37,-8,52.02,11.09,409,-6,44.08,59.55,22,2,63.98,54.50,397,5,96.57,94.42,229,-24,55.62,36,33,82.48,51,-49,60.48,51,-13,80.10,68,14,38.50,116,27,34.93,347,-11,86.90,71,51,82.61,132,-65,67.40,224,2,64.75,44,-4,46.98,2,3,80.01,1,1,56.22,307,31,63.46,3,1,68.47,23,-13,65.71,101,-4,58.40,2,0
4315602,57.85,54.75,103,-8,2.29,8.28,343,-2,57.39,51.96,390,-3,14.91,51.39,283,-39,14.05,56.44,328,-23,2.47,68.38,225,-31,95.52,94.87,72,163,18.50,82.30,211,-181,72.17,70.53,48,30,80.67,81.39,158,"Não comparável, alteração metodológica completa",106.78,53.94,81,25,25.43,37.51,202,-19,85.52,51.12,240,134,78.67,79.84,244,5,54.00,81.25,227,-226,1.76,85.21,260,-171,7.92,50.81,378,-30,11.34,74.54,101,111,201.87,47.96,362,-42,45.22,24.82,320,4,94.75,50.71,243,-25,59.93,19.07,377,-14,14.54,16.89,320,-18,15.12,17.06,142,18,21.07,22.54,196,11,5.20,25.42,335,-4,4.10,25.49,366,-5,4.00,57.14,289,-3,544.74,59.43,178,-11,22.12,73.12,249,4,0.00,100.00,1,105,47.83,83.69,156,108,10.05,92.74,117,-16,0.35,99.77,6,9,95.63,95.44,171,-18,37.56,62.01,234,6,45.85,54.15,267,-3,37.55,37.55,286,8,45.25,21.99,209,-12,98.01,96.44,264,110,0.00,100.00,1,0,0.07,83.06,250,-14,1.95,2.03,419,-5,0.00,100.00,1,0,0.00,100.00,1,0,-0.06,61.68,179,71,44.54,49.11,261,1,29.89,25.40,244,1,3.71,67.71,208,170,R$ 581.28,26.58,13,-3,0.94,7.45,231,-52,"R$ 9,125.99",5.05,243,-43,"R$ 73,510.58",8.75,85,-9,8.02,50.63,272,-239,1.99,57.60,164,21,"R$ 3,698.83",41.92,74,-19,2.60,23.93,378,-153,9.95,25.68,225,-70,77.98,42.15,81,-7,26.40,46.63,117,-26,101.26,41.76,264,-55,63.96,34.53,194,76,40.33,54.35,46,6,69.82,62.00,372,7,88.71,78.32,399,1,41.59,300,15,77.30,125,131,54.58,140,119,67.94,265,-77,23.91,326,-3,36.40,330,-6,87.88,54,40,70.99,242,36,61.69,389,19,50.31,255,46,25.78,85,-32,38.15,128,-47,54.19,357,23,50.83,231,21,58.67,213,83,58.41,267,29,38.38,159,-16
4316808,69.65,37.74,251,22,7.67,29.45,93,25,45.40,66.59,176,-83,16.71,50.74,296,-23,9.17,74.24,201,5,1.92,76.24,132,16,95.91,95.31,61,-25,8.50,92.59,66,-24,50.92,43.08,293,-80,59.27,59.79,334,"Não comparável, alteração metodológica completa",85.05,40.12,217,10,29.15,43.15,166,-7,89.46,56.31,167,12,83.51,85.56,147,-51,69.30,75.94,263,-262,0.72,95.97,52,-15,5.59,68.69,273,130,11.78,72.60,124,-96,139.66,76.37,88,-5,69.87,58.35,37,-3,99.47,58.52,112,28,68.06,26.39,306,0,73.06,84.87,19,5,8.06,9.09,263,11,11.42,12.19,314,37,6.40,45.76,81,-2,5.10,45.10,133,-3,4.50,75.00,108,-1,582.12,83.73,22,3,14.48,82.87,176,-73,4.76,95.08,94,26,60.22,79.06,206,-168,15.21,88.79,197,57,1.08,99.01,25,9,85.11,84.45,293,-23,56.89,41.77,361,1,58.05,41.95,341,-1,24.43,24.43,319,0,22.86,11.11,282,6,100.00,100.00,1,0,0.00,100.00,1,0,0.02,84.07,51,52,36.40,37.79,156,-36,0.01,99.29,256,5,0.00,99.52,198,31,-0.17,60.14,245,-80,23.13,79.80,52,0,42.00,38.29,92,1,4.01,68.09,192,134,R$ 42.06,1.92,85,-34,2.20,17.53,70,11,"R$ 18,584.79",10.47,99,8,"R$ 100,552.60",12.55,29,16,19.72,68.57,27,390,1.93,55.85,178,2,"R$ 3,576.62",39.90,88,-8,5.38,27.47,217,145,9.50,24.45,238,-13,81.93,44.36,67,-5,24.46,41.34,166,-30,105.74,45.24,205,-10,59.96,26.68,284,-250,37.12,49.87,97,-23,75.65,69.47,340,-2,96.03,93.32,263,5,46.13,196,-11,74.82,173,44,53.59,158,-3,76.44,124,-88,40.33,94,28,56.74,74,-3,88.07,51,-30,63.41,291,-9,71.81,126,-13,62.92,61,33,25.56,92,37,36.72,142,-9,56.92,286,-247,54.49,121,-33,59.85,187,8,64.55,137,-38,40.57,99,-23
4316907,55.61,57.98,80,-4,5.75,21.90,158,-13,50.85,59.94,301,-166,5.98,54.58,220,-41,12.03,63.82,286,7,2.59,66.75,247,-8,96.98,96.54,42,-41,7.50,93.62,52,-14,81.73,82.87,7,2,86.91,87.69,108,"Não comparável, alteração metodológica completa",56.09,21.71,376,-11,19.13,27.95,257,-2,88.95,55.63,175,35,86.02,88.52,90,-4,75.79,73.68,281,-280,0.98,93.28,116,21,5.52,69.22,270,-27,8.72,86.05,27,217,162.31,66.03,211,-46,48.36,29.09,287,-19,97.45,55.17,170,-19,67.29,25.69,311,-9,28.66,33.29,238,1,7.52,8.48,275,72,24.83,26.58,155,58,5.80,35.59,227,-4,4.60,35.29,271,-3,2.40,0.00,421,-5,573.47,78.10,46,-2,25.16,69.24,282,-62,10.13,89.53,162,-45,71.89,74.70,256,-112,16.30,87.95,215,-41,2.55,97.49,58,10,96.12,95.95,159,10,38.56,60.96,249,-43,54.37,45.63,321,-16,74.93,74.93,194,26,49.00,23.81,200,-17,96.21,93.21,308,-307,0.00,100.00,1,0,0.05,83.48,184,82,16.68,17.32,313,-11,0.00,99.73,222,-29,0.01,96.95,313,-118,-1.29,44.60,397,-60,29.30,70.95,113,7,32.18,27.84,211,1,2.65,66.37,270,111,R$ 350.45,16.02,25,-19,2.05,16.32,79,-7,"R$ 29,660.96",16.81,37,5,"R$ 40,230.46",4.07,248,-21,11.55,56.05,165,142,1.80,52.69,209,-23,"R$ 3,830.20",44.10,56,-11,3.74,25.38,327,-103,10.13,26.17,219,-108,87.57,47.52,48,-8,30.33,57.38,59,-20,112.51,50.50,119,-10,58.54,23.90,311,32,38.39,51.64,77,7,69.18,61.17,376,-8,96.63,94.53,222,-16,48.60,146,-65,83.70,42,71,45.19,325,-4,76.45,123,-11,28.33,266,23,36.65,324,4,82.30,173,-109,78.37,170,-3,63.27,358,-41,56.67,163,38,26.77,73,-46,43.69,69,-36,56.35,300,7,53.96,132,-41,65.38,62,8,60.02,228,-9,41.38,81,-47
4317103,67.80,40.40,233,-80,4.92,18.65,201,176,48.24,63.12,243,-17,57.39,36.18,396,5,22.48,25.72,395,-22,3.19,58.21,348,0,73.11,69.22,360,6,25.30,75.31,259,-9,45.31,35.84,358,-47,45.90,46.30,378,"Não comparável, alteração metodológica completa",69.16,30.02,313,24,7.83,10.81,374,-6,77.15,40.12,368,-91,77.65,78.63,260,-33,0.00,100.00,1,343,0.57,97.52,18,89,6.12,64.62,307,0,16.95,49.93,322,-21,126.12,82.55,46,80,46.02,25.91,311,-17,83.91,32.81,394,0,64.89,23.54,336,7,49.61,57.62,87,47,12.79,14.44,174,1,12.29,13.13,304,-58,5.30,27.12,318,-4,4.20,27.45,353,-5,4.00,57.14,289,-3,526.99,47.89,268,25,19.47,76.49,226,17,10.53,89.12,165,-164,38.96,87.01,116,107,18.33,86.40,245,-103,2.86,97.17,64,26,92.01,91.65,225,15,38.97,60.53,256,77,11.50,88.50,31,87,40.18,40.18,278,10,26.15,12.71,270,-9,91.12,84.10,358,8,0.00,100.00,1,0,0.40,75.65,396,6,6.91,7.18,392,-1,0.00,99.99,179,-178,0.00,99.36,214,-213,-0.93,49.68,383,-60,45.54,47.68,266,11,22.63,17.68,317,-4,-0.37,62.57,365,-216,R$ 0.00,0.00,241,-9,0.74,5.81,287,-43,"R$ 10,896.73",6.07,203,-20,"R$ 37,237.35",3.65,269,-68,11.50,55.97,167,-100,0.81,26.66,391,-3,"R$ 2,556.06",23.02,316,-3,7.14,29.71,96,103,10.00,25.84,222,-43,42.71,22.43,267,-3,17.57,22.52,390,-7,94.23,36.29,326,-2,72.85,51.96,58,-30,35.40,47.49,111,63,96.54,96.25,128,119,96.96,95.21,197,187,39.59,332,12,52.13,408,-15,38.28,394,-21,78.21,97,182,28.00,272,10,35.70,339,5,85.58,99,-19,68.79,257,32,59.24,410,-1,45.49,316,-18,14.96,382,-36,23.59,333,-5,65.44,35,35,45.69,350,14,45.59,397,-10,57.47,282,48,32.65,339,-17
4318705,52.06,63.09,57,65,6.76,25.85,119,-40,40.97,71.99,93,-47,40.75,42.14,372,-3,18.39,40.64,375,-12,1.44,82.96,53,-29,94.30,93.48,96,-30,5.20,95.99,25,1,77.16,76.97,21,-2,68.86,69.47,263,"Não comparável, alteração metodológica completa",68.94,29.88,314,11,36.47,54.26,93,-11,80.47,44.48,318,58,74.35,74.73,312,-48,126.58,56.04,372,-67,1.17,91.31,150,-25,6.46,62.01,326,-95,13.92,63.20,200,109,164.25,65.14,222,-15,53.51,36.09,219,17,95.63,52.17,216,-46,58.57,17.85,384,-11,66.16,76.85,33,1,6.98,7.88,287,-30,23.00,24.61,175,161,5.50,30.51,280,-4,4.50,33.33,295,-4,3.70,46.43,351,-4,558.25,68.21,118,2,9.75,88.91,106,28,18.52,80.86,229,-12,22.44,93.18,25,60,7.98,94.33,85,-8,4.34,95.64,88,-48,99.46,99.44,58,-57,38.89,60.62,252,77,39.18,60.82,219,94,16.67,16.67,341,-157,16.57,8.05,315,-28,99.46,99.03,228,-227,0.00,100.00,1,0,0.01,84.32,18,6,26.33,27.33,213,-32,0.00,100.00,1,306,0.00,100.00,1,212,-0.01,62.26,142,-79,36.41,60.76,185,4,33.29,29.02,200,-3,0.92,64.19,340,37,R$ 84.23,3.85,62,-35,8.67,69.35,4,-1,"R$ 13,838.02",7.75,158,-13,"R$ 54,003.80",6.01,171,-14,5.69,47.07,327,-43,3.02,84.28,28,7,"R$ 4,228.92",50.69,25,7,8.08,30.92,56,91,12.11,31.65,153,-52,89.73,48.72,44,-2,27.33,49.18,95,60,100.75,41.36,267,-17,60.78,28.28,266,46,39.84,53.66,58,11,77.52,71.86,324,-1,87.34,75.52,404,-3,50.77,98,-27,75.32,164,52,46.29,307,32,64.50,309,-48,36.02,150,32,40.39,285,-5,90.88,20,2,66.56,273,-115,69.37,169,-27,53.16,209,26,37.79,10,2,43.18,74,3,54.14,360,-3,54.68,112,-16,62.51,118,11,59.89,233,-39,44.89,23,7
4320008,66.18,42.74,203,67,3.54,13.21,287,19,53.32,56.93,349,-168,-65.74,80.25,7,204,15.22,52.19,348,-56,,0.00,403,-1,79.76,76.83,313,-36,7.30,93.83,47,13,68.22,65.42,76,14,0.00,0.00,418,"Não comparável, alteração metodológica completa",91.33,44.11,170,-7,34.04,50.57,123,-8,80.97,45.14,314,9,81.82,83.56,192,-82,0.00,100.00,1,0,1.27,90.28,174,36,5.38,70.30,254,-1,7.05,93.37,8,76,181.99,57.04,303,-169,54.15,36.97,213,-5,89.64,42.27,346,-28,60.48,19.57,371,4,47.19,54.82,111,9,5.12,5.78,344,-74,3.60,3.80,397,-6,5.80,35.59,227,-4,4.90,41.18,187,-3,4.10,60.71,253,-3,523.03,45.32,287,-104,15.38,81.72,187,3,0.00,100.00,1,77,20.00,94.10,15,78,8.79,93.71,99,30,2.12,97.93,49,-14,99.67,99.66,46,-3,25.10,75.05,100,33,48.84,51.16,290,-19,23.44,23.44,321,14,8.24,4.00,340,-71,100.00,100.00,1,0,0.00,100.00,1,0,0.04,83.71,140,-28,27.49,28.53,202,-22,0.00,100.00,1,0,0.00,100.00,1,0,-0.88,50.29,379,-78,33.58,64.82,158,6,21.93,16.92,324,2,4.34,68.51,171,215,R$ 0.11,0.01,225,-62,0.29,2.19,397,-78,"R$ 8,629.28",4.77,256,16,"R$ 35,799.83",3.45,274,-13,8.00,50.62,275,-178,2.43,69.01,84,-8,"R$ 3,378.63",36.63,129,-35,2.19,23.40,388,-107,10.08,26.03,220,-35,32.47,16.70,318,-10,20.68,31.00,284,-11,96.31,37.91,311,9,61.05,28.81,261,-25,32.14,42.95,155,27,76.43,70.46,331,0,90.14,81.24,390,-14,48.28,153,144,46.47,418,-82,52.11,194,-7,82.84,46,28,26.05,299,-6,43.26,253,-38,91.84,11,17,68.14,261,-10,67.82,206,-4,52.71,218,71,21.34,199,-23,24.58,311,-15,52.27,377,-13,48.55,281,-24,47.41,386,-50,62.40,188,-4,33.74,310,-7
4322400,72.60,33.48,284,3,3.60,13.46,284,78,58.02,51.20,395,-146,31.10,45.59,354,-5,29.54,0.00,408,-33,2.97,61.34,312,-28,95.94,95.36,60,-17,11.00,90.02,97,-30,65.01,61.28,101,41,78.43,79.13,180,"Não comparável, alteração metodológica completa",76.05,34.40,282,-12,9.01,12.59,360,-7,81.80,46.24,304,-116,83.66,85.73,141,-34,0.00,100.00,1,411,1.67,86.14,245,-74,5.99,65.62,301,9,13.68,64.28,190,-92,106.89,91.33,9,320,51.30,33.09,248,-4,88.34,40.13,359,-14,65.21,23.82,330,-30,11.52,13.38,342,-38,5.07,5.71,345,-110,28.85,30.89,127,142,5.30,27.12,318,-4,4.40,31.37,317,-4,3.50,39.29,384,-4,520.38,43.59,305,-37,10.75,87.62,119,144,0.00,100.00,1,0,22.38,93.21,24,185,12.41,90.93,151,-8,35.34,63.53,401,-9,97.33,97.21,120,84,60.15,38.36,373,1,62.63,37.37,365,-42,94.93,94.93,80,10,85.34,41.47,73,24,100.00,100.00,1,188,0.00,100.00,1,0,0.45,74.35,400,5,3.58,3.72,416,-5,0.00,100.00,1,0,0.00,100.00,1,0,-3.24,17.73,417,-368,37.79,58.78,201,20,25.50,20.72,287,0,2.74,66.48,265,101,R$ 0.00,0.00,241,-9,0.76,6.00,280,1,"R$ 11,966.44",6.68,184,9,"R$ 33,406.31",3.11,291,-29,13.22,58.61,117,-79,1.08,33.88,356,-5,"R$ 2,815.08",27.30,253,5,5.16,27.19,232,-112,6.34,15.72,346,-58,48.59,25.72,245,-2,21.76,33.94,244,5,90.51,33.40,350,-8,67.86,42.18,119,-45,30.12,40.15,189,-10,71.08,63.61,367,-19,97.44,96.21,139,216,35.93,381,-19,66.43,317,-203,43.27,351,-65,83.34,41,351,22.93,337,0,33.31,355,-3,87.69,61,129,84.85,98,18,53.41,416,-33,51.21,243,49,16.50,333,-18,25.13,302,-10,55.11,334,-37,47.62,306,-2,50.52,366,-119,60.16,225,83,32.20,346,-9
4323002,66.88,41.74,214,30,3.64,13.59,280,25,51.38,59.29,306,27,27.77,46.78,339,5,13.05,60.11,304,-44,2.46,68.51,222,14,95.98,95.39,58,-45,8.00,93.11,60,-3,57.74,51.89,200,24,72.73,73.38,230,"Não comparável, alteração metodológica completa",76.93,34.96,275,29,19.92,29.15,253,-3,102.48,73.43,9,-3,75.41,75.98,298,-29,101.63,64.71,342,-125,0.90,94.11,93,-30,7.34,55.26,361,-49,14.74,59.64,240,14,165.73,64.47,233,-35,42.39,20.97,345,-24,101.69,62.19,74,-16,61.39,20.39,365,-6,28.72,33.36,237,6,7.06,7.97,284,-17,19.57,20.93,207,97,5.40,28.81,303,-4,4.30,29.41,332,-4,3.50,39.29,384,-4,518.53,42.39,316,-50,15.51,81.55,189,22,16.28,83.17,214,-166,56.63,80.40,193,-45,11.20,91.86,136,-45,6.98,92.90,129,21,95.45,95.25,176,18,44.17,55.09,287,6,61.24,38.76,356,-3,9.90,9.90,357,3,2.15,1.04,363,-45,100.00,100.00,1,0,0.00,100.00,1,0,0.08,82.86,270,43,15.68,16.28,319,-40,0.01,99.20,260,3,0.01,98.46,269,-11,-1.27,44.90,395,-152,41.88,52.93,240,3,13.47,7.93,399,-2,3.11,66.95,243,-86,R$ 0.04,0.00,237,-41,0.77,6.09,276,79,"R$ 4,410.68",2.35,366,4,"R$ 24,742.91",1.89,349,22,19.31,67.94,31,370,1.25,38.29,316,11,"R$ 3,007.78",30.49,212,-29,1.52,22.55,397,-21,7.33,18.46,306,-74,23.29,11.57,365,-19,20.33,30.04,295,-6,97.51,38.84,298,-5,64.91,36.39,177,81,31.39,41.90,163,-37,97.20,97.10,103,13,96.44,94.15,239,-100,40.35,323,33,76.16,152,-6,53.65,157,2,65.29,296,-98,26.26,296,9,33.02,358,-5,86.19,87,-38,62.03,303,-8,62.98,366,-76,46.08,310,5,16.74,329,50,20.02,380,-36,61.67,131,-3,47.19,319,-18,57.48,238,27,56.18,309,-33,31.95,355,8
5002704,54.92,58.96,76,-2,4.28,16.12,240,41,55.79,53.91,381,-23,8.95,53.52,243,-40,5.28,88.40,38,-14,2.23,71.79,174,1,91.52,90.29,163,28,8.50,92.59,66,-28,52.12,44.63,271,-52,88.84,89.63,89,"Não comparável, alteração metodológica completa",84.52,39.78,220,-15,29.50,43.69,162,-5,88.36,54.86,187,-46,78.92,80.13,241,16,17.41,93.95,141,20,1.05,92.55,125,17,4.38,77.97,147,-21,13.84,63.56,199,11,161.23,66.52,205,-19,52.54,34.77,237,4,93.50,48.65,269,2,78.18,35.49,184,7,42.16,48.97,146,-6,9.85,11.12,224,-7,22.95,24.56,177,-36,5.30,27.12,318,-4,4.80,39.22,223,-3,3.80,50.00,330,-4,552.17,64.26,143,25,20.01,75.81,229,-3,12.39,87.20,182,21,70.09,75.37,246,-29,22.84,82.94,289,-26,25.67,73.55,374,20,98.72,98.66,79,44,20.69,79.67,56,190,43.53,56.47,252,-3,91.11,91.11,105,20,44.16,21.46,214,-57,96.75,94.18,298,-51,0.00,100.00,1,0,0.09,82.63,285,17,16.19,16.81,316,2,0.05,95.76,341,14,0.06,87.03,390,6,-0.27,58.80,290,-126,40.76,54.53,232,12,42.01,38.30,91,-21,-0.77,62.06,377,-155,R$ 91.27,4.17,60,-29,2.93,23.41,42,10,"R$ 27,223.97",15.41,45,-1,"R$ 47,065.77",5.03,202,-3,4.42,45.13,346,-162,2.17,62.11,130,-42,"R$ 4,260.77",51.22,23,-3,5.31,27.38,227,-165,19.07,50.87,37,185,71.50,38.53,111,3,33.55,66.17,33,-18,113.11,50.97,110,-18,56.56,20.01,353,22,34.90,46.80,122,-2,78.86,73.58,313,-3,97.57,96.46,121,-26,45.63,203,32,84.35,33,-20,52.18,190,-25,76.80,121,1,32.78,188,-3,41.16,275,0,79.09,247,9,84.16,106,-1,62.92,367,-18,53.12,211,-27,27.77,62,-29,51.86,24,21,57.56,270,5,55.51,82,-11,64.15,82,-25,62.67,182,-13,43.15,47,-4
5003207,76.93,27.25,330,-27,1.84,6.52,371,-24,52.68,57.71,338,-37,12.32,52.31,267,22,13.42,58.75,313,-34,3.44,54.69,365,-21,95.40,94.74,75,17,44.60,55.45,379,-23,64.85,61.07,107,28,64.79,65.37,300,"Não comparável, alteração metodológica completa",95.54,46.79,140,-20,21.00,30.79,243,-5,76.76,39.61,373,-161,64.98,63.66,396,-12,194.17,32.57,412,-171,2.19,80.77,307,21,4.71,75.44,180,-116,18.77,41.94,365,28,161.90,66.21,209,128,46.08,25.98,310,18,96.07,52.90,206,-30,70.90,28.94,279,-15,28.50,33.11,240,-40,21.59,24.37,93,-16,23.95,25.63,164,-48,4.70,16.95,388,-5,4.10,25.49,366,-5,3.80,50.00,330,-4,505.59,33.98,371,-17,31.28,61.43,326,-61,6.06,93.74,114,12,69.15,75.72,242,2,15.14,88.84,196,-62,2.63,97.41,59,29,91.50,91.12,231,35,71.30,26.69,400,-12,72.66,27.34,394,-19,66.67,66.67,221,9,57.39,27.89,176,3,96.97,94.57,294,34,100.00,0.00,345,-18,3.21,12.16,422,-10,23.74,24.64,240,-14,0.09,92.40,369,13,0.24,50.82,419,-2,-0.18,59.94,256,93,65.70,18.78,398,-13,31.46,27.07,225,-18,-1.33,61.36,385,-248,R$ 0.61,0.03,178,14,0.84,6.67,255,-22,"R$ 11,583.99",6.46,193,-17,"R$ 43,497.62",4.53,223,-3,8.51,51.39,258,-231,1.31,39.81,307,11,"R$ 3,182.29",33.38,173,-5,5.31,27.39,226,59,27.36,73.75,7,90,53.96,28.72,217,-49,23.47,38.62,190,-18,99.42,40.33,277,-29,65.70,37.94,163,7,20.89,27.31,316,30,91.73,90.09,223,193,97.18,95.66,169,55,35.95,380,-13,66.34,320,-225,44.54,335,-95,53.15,400,-59,31.00,217,-36,28.14,385,2,81.06,198,-69,62.18,300,17,39.54,423,-6,39.40,386,-42,17.94,297,-14,47.03,44,93,58.27,244,167,44.53,369,-24,50.48,367,-133,49.42,387,-39,36.06,229,135
5003702,62.75,47.68,166,-30,5.70,21.70,161,190,54.69,55.26,367,-5,-2.14,57.49,164,-23,6.83,82.75,102,36,2.62,66.28,250,-36,92.25,91.13,145,2,12.20,88.79,120,-20,72.56,71.03,46,140,57.89,58.41,343,"Não comparável, alteração metodológica completa",81.40,37.80,241,-21,30.47,45.16,152,-9,87.71,54.01,200,-67,83.01,84.97,162,8,26.30,90.87,158,72,0.85,94.62,74,11,3.25,86.65,34,3,14.47,60.82,228,109,168.61,63.15,249,10,52.78,35.11,233,-14,99.34,58.30,116,-4,67.20,25.62,314,-4,1.53,1.78,417,-14,9.05,10.21,241,-11,14.28,15.26,276,-14,5.00,22.03,362,-4,4.30,29.41,332,-4,3.70,46.43,351,-4,549.05,62.23,160,39,22.64,72.46,252,2,30.59,68.38,293,31,91.98,67.19,305,18,44.51,66.33,398,-26,17.20,82.32,302,56,92.96,92.65,210,26,37.58,61.99,236,16,41.53,58.47,233,18,82.30,82.30,165,3,70.34,34.18,139,3,93.90,89.08,344,-22,0.00,100.00,1,0,0.07,83.05,251,31,8.79,9.12,376,-8,0.00,99.64,239,-30,0.02,95.32,344,-77,-0.04,61.93,164,120,32.81,65.93,147,2,38.84,34.93,127,-20,3.31,67.20,234,-18,R$ 113.52,5.19,50,-16,1.86,14.79,99,7,"R$ 33,239.16",18.86,31,-4,"R$ 83,240.34",10.12,57,47,16.15,63.09,66,105,1.51,44.93,268,2,"R$ 3,377.17",36.60,130,-7,6.13,28.42,159,-112,12.66,33.17,134,236,83.57,45.28,58,-1,26.01,45.57,126,36,103.01,43.12,241,-16,62.26,31.20,235,46,34.59,46.35,128,3,87.98,85.27,258,5,96.58,94.43,228,9,45.53,207,98,76.17,151,-101,52.29,187,-49,75.42,142,88,21.32,358,-22,35.26,345,5,70.78,351,3,80.27,153,4,63.03,364,18,57.62,147,-7,24.46,108,-28,41.34,91,112,60.07,177,45,51.99,186,31,60.18,176,-37,58.20,271,12,40.91,93,28
5006606,70.84,36.03,262,-11,13.13,50.90,17,-16,52.15,58.35,326,10,43.39,41.19,376,2,13.33,59.08,311,70,2.98,61.20,314,8,84.52,82.28,276,-10,15.60,85.29,176,-55,56.14,49.82,218,-120,75.34,76.01,210,"Não comparável, alteração metodológica completa",79.57,36.64,256,-3,10.26,14.50,349,-5,105.36,77.22,6,-4,75.75,76.39,297,33,0.00,100.00,1,0,1.80,84.80,266,42,5.70,67.84,282,-17,21.12,31.64,396,-120,196.88,50.24,346,27,54.38,37.27,209,-5,112.89,80.70,7,0,82.68,39.54,138,46,4.07,4.73,408,-2,11.10,12.52,198,-31,10.71,11.43,327,-1,5.20,25.42,335,-4,4.30,29.41,332,-4,3.80,50.00,330,-4,521.13,44.08,301,50,24.60,69.96,278,9,0.00,100.00,1,67,41.14,86.19,128,196,30.74,76.88,347,51,53.65,44.57,417,-6,85.73,85.10,290,44,51.36,47.56,339,-4,54.28,45.72,319,-9,65.19,65.19,225,10,59.44,28.88,173,-1,86.60,76.00,380,-4,100.00,0.00,345,-18,0.16,80.92,355,11,17.22,17.88,305,1,0.04,96.64,323,4,0.09,80.69,405,-7,-0.09,61.22,195,96,67.87,15.66,403,-1,25.38,20.60,288,12,10.22,75.91,11,358,R$ 0.00,0.00,241,-29,1.16,9.19,188,14,"R$ 11,318.90",6.31,198,-21,"R$ 65,963.79",7.69,117,3,29.64,83.76,5,150,0.79,26.34,394,-5,"R$ 2,798.83",27.03,258,-18,4.44,26.27,279,24,19.29,51.47,36,255,42.88,22.52,265,-12,24.60,41.72,159,40,99.23,40.18,281,21,63.76,34.13,195,64,16.73,21.52,361,-6,86.86,83.83,267,-47,88.22,77.31,401,-13,46.62,188,-156,72.03,219,161,53.10,170,-49,63.77,324,-75,26.74,290,-4,33.96,353,10,74.92,318,63,58.68,326,20,62.31,383,-13,42.89,342,60,17.43,310,26,38.57,121,154,51.39,390,-8,46.90,324,45,58.77,212,40,53.80,346,10,33.17,331,65
5008305,62.85,47.54,169,-4,4.58,17.29,216,2,54.53,55.45,366,-13,0.06,56.70,183,-90,14.04,56.50,327,-7,2.88,62.68,296,-30,91.10,89.81,173,-106,16.30,84.57,183,-38,63.74,59.64,119,51,89.33,90.13,84,"Não comparável, alteração metodológica completa",104.11,52.24,93,-12,33.11,49.16,130,-21,94.68,63.18,70,-63,88.53,91.49,37,-3,56.50,80.38,238,156,0.95,93.59,105,22,3.72,83.04,78,-5,20.34,35.06,389,-20,130.66,80.48,62,218,61.56,47.04,116,23,95.44,51.86,221,-9,71.78,29.73,265,29,33.36,38.75,203,-19,8.48,9.56,252,-60,9.45,10.08,344,-68,6.00,38.98,176,-4,4.70,37.25,254,-3,4.30,67.86,192,-3,541.93,57.60,189,42,14.14,83.30,166,37,45.95,52.51,339,-115,49.65,83.01,162,28,21.92,83.64,280,39,2.93,97.10,65,-12,95.39,95.18,177,13,29.00,70.97,140,-4,30.73,69.27,156,4,89.98,89.98,111,22,74.39,36.15,121,8,100.00,100.00,1,0,0.00,100.00,1,0,0.13,81.73,332,36,13.90,14.43,337,-2,0.05,95.89,337,-18,0.19,61.41,415,-14,-0.39,57.01,326,-213,42.33,52.28,246,0,44.02,40.43,79,-10,3.53,67.48,216,-10,R$ 1.42,0.06,149,-9,0.56,4.41,339,-19,"R$ 15,097.59",8.47,137,-3,"R$ 111,703.30",14.12,20,2,13.16,58.51,119,146,1.81,52.72,208,-12,"R$ 3,668.88",41.43,77,4,7.54,30.23,77,167,20.93,56.00,29,164,72.37,39.01,108,-28,20.56,30.69,288,9,107.99,46.99,166,80,58.36,23.53,315,19,28.77,38.26,204,12,96.52,96.22,129,-15,97.49,96.30,132,2,44.25,248,5,77.68,116,128,61.91,29,-23,69.91,241,141,28.83,257,-34,46.32,209,8,80.93,203,-35,86.29,77,7,58.09,413,-59,55.41,176,1,22.48,163,1,41.90,89,122,60.26,171,55,53.56,143,67,60.24,175,84,62.79,180,10,39.88,116,61
5102504,61.99,48.78,155,-14,1.95,6.96,367,-47,48.61,62.67,250,85,-6.48,59.04,130,40,8.92,75.15,189,27,2.97,61.32,313,44,88.56,86.91,222,-5,17.60,83.23,199,-26,77.74,77.72,19,-13,96.30,97.15,31,"Não comparável, alteração metodológica completa",100.27,49.80,115,82,8.68,12.10,365,-3,79.30,42.95,343,-39,72.97,73.10,335,22,0.00,100.00,1,0,1.13,91.73,146,178,4.02,80.74,108,79,23.92,19.33,413,-2,196.03,50.63,339,75,50.40,31.87,263,25,94.23,49.87,255,39,78.00,35.33,186,-12,16.75,19.45,297,-15,5.54,6.24,330,-3,16.99,18.16,238,-1,5.30,27.12,318,-4,4.40,31.37,317,-4,4.10,60.71,253,-3,505.44,33.88,372,-53,45.84,42.85,385,-2,14.29,85.23,199,42,176.54,35.57,404,2,51.30,61.13,406,3,21.03,78.35,341,14,82.44,81.66,308,-19,55.84,42.87,358,-88,41.91,58.09,237,-23,6.58,6.58,366,1,4.67,2.27,352,-6,88.52,79.44,371,-370,0.00,100.00,1,0,1.78,44.31,418,-4,29.48,30.61,191,11,0.08,93.17,363,-19,0.22,55.22,417,-8,-0.09,61.17,197,130,55.95,32.75,343,3,23.67,18.77,311,5,4.57,68.79,162,226,R$ 115.29,5.27,49,-19,0.58,4.57,333,19,"R$ 22,930.00",12.95,71,-14,"R$ 31,174.15",2.80,305,7,19.01,67.47,35,244,0.68,23.31,400,0,"R$ 3,999.60",46.90,39,225,2.34,23.60,383,24,12.48,32.68,142,213,83.02,44.97,61,2,34.39,68.47,28,-11,93.93,36.06,330,-14,72.35,50.98,64,-41,16.92,21.79,359,-7,85.42,81.99,274,-83,90.27,81.51,389,-210,44.36,241,37,83.73,39,16,45.11,328,23,62.57,335,52,24.38,320,-3,35.26,344,-14,58.16,408,2,54.23,345,-38,51.34,417,-2,44.20,328,58,18.55,283,70,48.71,38,19,54.47,352,-288,46.50,331,12,63.19,105,25,47.78,404,-10,36.55,216,25
5103403,52.37,62.65,61,-7,3.88,14.53,265,38,47.72,63.76,231,41,41.63,41.82,374,21,15.35,51.72,352,-13,2.20,72.20,167,68,94.96,94.23,83,-1,12.90,88.07,134,-5,54.22,47.35,243,-38,91.74,92.56,70,"Não comparável, alteração metodológica completa",74.48,33.40,289,-9,34.21,50.84,122,-19,80.50,44.53,316,-8,78.67,79.83,245,43,22.08,92.33,150,3,1.26,90.38,170,39,3.51,84.65,51,22,19.10,40.48,372,-158,152.52,70.50,161,-10,55.02,38.15,199,11,94.75,50.72,242,-40,82.86,39.70,134,6,46.54,54.06,115,1,9.47,10.68,233,29,10.74,11.46,326,-6,5.70,33.90,242,-4,4.60,35.29,271,-3,4.10,60.71,253,-3,543.25,58.46,186,-7,17.72,78.74,213,-58,14.18,85.34,198,56,58.44,79.72,200,-4,21.23,84.17,276,34,10.70,89.06,186,-113,98.29,98.21,90,3,53.28,45.55,349,-2,50.33,49.67,303,5,84.30,84.30,150,0,48.24,23.44,203,-11,100.00,100.00,1,178,0.00,100.00,1,0,0.06,83.35,204,54,53.57,55.61,81,5,0.05,95.38,343,-26,0.06,88.31,383,-7,-0.38,57.23,323,-249,38.88,57.22,211,-1,72.25,70.47,10,-1,13.68,80.26,4,9,"R$ 1,016.38",46.47,7,39,1.84,14.68,101,-19,"R$ 43,213.49",24.56,15,2,"R$ 59,997.13",6.85,136,7,14.34,60.32,95,160,2.14,61.38,135,15,"R$ 4,012.75",47.12,37,289,8.26,31.14,49,366,9.83,25.34,226,-46,69.36,37.33,125,-3,45.73,99.46,2,-1,129.77,63.91,26,-10,55.04,17.02,378,1,33.62,45.01,136,19,70.85,63.31,368,-1,95.20,91.62,299,-23,45.69,200,51,78.66,97,13,47.75,282,9,71.72,201,-97,32.38,196,7,42.93,255,-10,82.85,156,-10,81.79,141,-1,74.12,90,-30,70.88,10,-5,35.36,21,169,54.05,16,-7,56.17,308,-3,57.54,36,38,61.46,138,13,63.19,170,-35,49.25,9,18
5105259,61.73,49.15,150,-47,8.58,33.02,68,-37,43.90,68.41,143,46,-11.93,60.99,97,-2,13.79,57.41,320,-58,1.16,86.95,19,-2,92.78,91.73,135,-3,13.10,87.86,138,-71,51.94,44.40,274,-71,96.61,97.47,27,"Não comparável, alteração metodológica completa",98.63,48.75,122,-36,23.95,35.27,216,-9,91.01,58.34,135,-48,87.08,89.78,67,5,67.29,76.63,257,0,3.17,70.63,377,-137,8.40,47.12,388,-41,20.19,35.72,387,-110,114.71,87.76,21,166,55.97,39.44,186,-31,93.11,48.00,280,-16,76.53,34.00,208,7,9.37,10.89,363,-30,8.86,10.00,244,-83,3.00,3.16,405,-45,6.70,50.85,38,-1,5.10,45.10,133,-3,4.50,75.00,108,-1,528.61,48.94,259,-17,23.85,70.91,263,51,4.35,95.51,87,-86,82.95,70.56,281,-57,28.18,78.84,328,-145,3.13,96.89,71,4,100.00,100.00,1,357,26.73,73.35,117,-31,26.72,73.28,119,-83,44.26,44.26,265,-23,39.04,18.97,233,-29,96.21,93.21,308,53,0.00,100.00,1,0,0.16,81.09,352,11,27.74,28.80,201,0,0.01,99.22,259,33,0.04,90.76,372,25,-0.11,60.94,208,133,33.00,65.65,150,3,48.17,44.85,42,-6,5.14,69.51,130,161,R$ 0.00,0.00,241,-9,1.08,8.52,205,102,"R$ 56,534.87",32.19,8,-1,"R$ 98,319.36",12.24,32,-9,2.94,42.85,361,-194,1.01,32.11,371,-6,"R$ 3,373.84",36.55,132,-7,6.43,28.81,138,155,8.95,22.91,251,128,42.44,22.28,268,-13,17.96,23.56,382,-17,101.70,42.10,257,-24,57.28,21.43,342,-230,21.88,28.69,306,-14,90.90,89.02,228,2,94.45,90.07,325,3,52.89,71,-33,81.61,67,-14,56.54,104,-53,65.14,300,-60,21.00,362,-49,52.64,119,-6,80.35,217,-68,74.14,210,57,67.24,229,58,61.36,76,32,21.92,180,-25,22.91,344,27,54.26,355,-143,51.94,188,-22,66.63,45,-16,60.03,227,2,35.44,255,-48
5107040,63.18,47.06,172,-68,3.48,12.98,291,-94,49.07,62.11,262,-60,-15.31,62.20,75,11,8.71,75.92,180,-26,3.65,51.82,380,-84,38.61,29.73,411,-28,18.40,82.41,209,-55,55.90,49.52,222,-55,61.88,62.43,317,"Não comparável, alteração metodológica completa",64.02,26.75,339,-26,22.09,32.45,233,-8,100.50,70.83,18,22,84.38,86.59,124,-33,67.61,76.52,258,110,0.58,97.41,20,53,3.06,88.10,20,6,8.11,88.70,20,48,144.06,74.36,110,65,57.28,41.22,170,-12,98.67,57.19,131,25,75.87,33.41,214,11,10.92,12.69,349,3,7.61,8.59,272,52,3.23,3.40,400,-13,5.90,37.29,200,-4,5.00,43.14,162,-3,4.50,75.00,108,-1,531.92,51.10,245,37,18.29,78.00,216,8,5.56,94.26,107,-106,56.94,80.29,196,-15,20.45,84.77,265,77,41.98,56.66,410,3,95.77,95.58,169,13,24.49,75.69,93,-61,6.27,93.73,19,-7,73.19,73.19,200,1,75.16,36.52,119,0,95.77,92.42,316,-82,0.00,100.00,1,0,0.15,81.12,350,7,22.75,23.62,249,7,0.05,95.95,335,45,0.23,52.50,418,0,-0.15,60.46,231,-158,32.66,66.13,146,15,51.42,48.30,31,-8,3.02,66.83,251,-231,R$ 0.13,0.01,223,-61,1.26,9.96,177,114,"R$ 25,336.92",14.33,60,-24,"R$ 100,664.80",12.57,28,-7,7.29,49.52,294,-262,1.04,32.72,363,-17,"R$ 5,105.11",65.19,5,5,7.40,30.05,81,-80,7.85,19.87,287,63,57.45,30.67,200,19,26.99,48.24,109,-43,117.41,54.31,86,-39,58.19,23.21,321,21,31.46,42.00,162,-10,94.79,94.00,173,-13,96.16,93.58,252,-43,46.09,197,-71,60.43,370,-53,52.37,186,-16,82.44,52,170,22.51,343,7,47.82,192,4,79.54,235,85,82.62,131,-14,59.77,406,12,61.34,79,-60,22.96,150,-96,32.93,205,-17,61.42,137,-27,51.70,202,-20,52.95,327,-72,62.14,193,60,39.47,133,-95
5107602,57.91,54.66,104,307,5.71,21.74,159,249,43.93,68.38,145,-36,6.97,54.23,226,23,4.75,90.36,24,383,2.86,62.93,293,109,12.64,0.00,423,-19,10.10,90.95,86,-42,73.91,72.77,38,38,91.96,92.78,68,"Não comparável, alteração metodológica completa",86.26,40.89,210,-19,24.56,36.19,211,-9,83.26,48.15,281,-59,83.32,85.33,153,49,27.17,90.56,161,63,1.96,83.14,291,-48,4.68,75.67,174,-72,13.04,67.07,164,-22,169.35,62.81,251,-89,54.34,37.22,210,-47,97.04,54.51,180,5,74.25,31.96,232,-13,22.87,26.57,265,117,6.39,7.21,308,11,6.20,6.60,376,-57,5.60,32.20,264,-4,4.90,41.18,187,-3,4.40,71.43,148,-2,533.15,51.90,238,23,23.92,70.82,265,-71,1.59,98.36,57,-56,95.65,65.82,313,-88,38.97,70.57,381,8,1.21,98.88,30,-22,96.60,96.45,148,0,53.29,45.54,350,8,48.54,51.46,289,-5,96.56,96.56,63,42,93.05,45.21,43,-26,96.56,93.84,301,-300,0.00,100.00,1,0,0.13,81.63,337,-31,25.21,26.17,222,7,0.00,100.00,1,266,0.00,100.00,1,386,-0.18,59.99,251,-51,42.10,52.61,244,15,41.13,37.36,98,-8,3.53,67.47,217,-46,R$ 874.05,39.96,10,72,1.42,11.27,157,-23,"R$ 32,277.17",18.30,33,0,"R$ 67,650.09",7.93,112,-63,4.40,45.09,347,-312,1.32,40.16,305,-15,"R$ 3,061.55",31.38,198,-16,5.44,27.55,214,-20,5.94,14.60,366,-10,62.54,33.52,168,-18,22.05,34.75,231,61,123.82,59.29,46,-29,57.25,21.36,343,21,29.66,39.50,194,28,91.60,89.91,224,-15,94.70,90.59,317,-42,49.75,115,278,70.60,254,156,49.93,240,-36,74.67,153,10,24.57,316,24,45.01,227,7,77.98,268,-86,85.27,93,-29,67.94,203,63,54.62,188,12,26.73,75,73,27.62,269,25,60.13,175,-20,52.68,170,117,59.72,193,216,62.06,194,-7,38.67,150,42
5107909,51.45,63.97,53,0,6.11,23.32,138,-42,38.07,75.52,55,0,-20.16,63.94,58,-8,10.09,70.89,241,-89,1.95,75.70,137,2,98.50,98.28,17,23,49.80,50.10,396,-247,61.96,57.34,142,93,96.21,97.06,35,"Não comparável, alteração metodológica completa",63.60,26.48,341,-26,22.36,32.85,232,-5,90.52,57.71,147,43,89.10,92.17,31,2,28.10,90.24,164,71,1.01,92.97,119,-22,3.68,83.35,70,98,16.30,52.79,300,-210,157.93,68.03,189,34,44.33,23.60,325,-18,98.61,57.10,135,0,71.22,29.23,272,4,1.71,1.99,416,-22,5.04,5.68,349,-16,7.43,7.91,363,-10,6.00,38.98,176,-4,5.20,47.06,104,-3,4.40,71.43,148,-2,546.85,60.80,169,-20,31.48,61.18,327,-28,4.23,95.63,86,47,118.05,57.44,357,-14,40.27,69.58,386,14,5.90,94.02,120,48,97.01,96.88,131,184,32.16,67.66,187,42,20.22,79.78,83,29,33.92,33.92,300,36,25.72,12.50,271,49,97.13,94.86,292,91,0.00,100.00,1,0,0.20,80.11,369,-13,36.24,37.63,159,-8,0.09,92.28,373,-21,0.14,71.68,411,-33,-0.51,55.45,342,24,30.12,69.78,122,-3,34.91,30.74,178,-21,3.74,67.74,206,78,R$ 0.05,0.00,235,-44,2.45,19.52,57,12,"R$ 33,979.54",19.28,29,10,"R$ 59,782.63",6.82,137,-69,0.74,39.48,380,-251,1.52,45.31,264,-14,"R$ 3,265.58",34.76,151,5,7.09,29.66,99,162,5.64,13.77,372,39,52.97,28.16,224,-24,19.55,27.91,328,49,109.23,47.95,146,-32,55.04,17.02,377,1,32.86,43.95,141,6,96.83,96.63,118,-54,98.34,98.04,52,-30,56.69,26,-4,78.43,101,-79,48.90,263,-29,73.91,163,-5,17.77,395,-20,50.72,148,-14,72.66,338,8,70.84,243,97,64.98,294,-79,57.75,144,4,22.86,151,1,23.28,340,42,60.72,157,-16,51.56,206,3,67.09,38,-29,57.73,278,35,36.78,204,7
5107925,57.99,54.54,105,90,5.47,20.80,173,-47,43.35,69.09,134,-17,-9.29,60.05,110,17,13.52,58.36,316,-18,2.09,73.74,157,33,93.52,92.58,121,149,14.80,86.11,167,-64,74.07,72.98,35,5,87.60,88.38,101,"Não comparável, alteração metodológica completa",83.46,39.11,228,-42,20.34,29.78,249,0,95.40,64.12,60,2,85.97,88.47,92,62,141.71,50.79,382,-381,0.78,95.35,63,92,4.36,78.13,143,36,11.81,72.48,126,14,199.21,49.18,349,58,61.66,47.17,113,-10,97.14,54.67,175,-127,71.87,29.81,262,-34,5.64,6.55,393,-14,3.31,3.73,393,3,7.35,7.83,365,1,6.30,44.07,105,-2,4.80,39.22,223,-3,4.30,67.86,192,-3,534.14,52.54,229,68,67.19,15.61,412,4,5.81,93.99,112,-16,202.68,25.80,411,2,43.13,67.38,394,8,35.62,63.25,402,2,94.61,94.37,186,94,14.30,86.36,20,105,15.57,84.43,52,20,19.88,19.88,336,-5,34.93,16.97,248,-25,95.12,91.26,323,82,0.00,100.00,1,0,0.22,79.68,372,-14,29.28,30.39,193,-1,0.00,99.90,192,104,0.03,93.78,356,51,-0.13,60.73,221,90,33.85,64.43,162,0,43.98,40.39,80,-25,2.08,65.65,301,-105,R$ 0.25,0.01,200,-25,1.97,15.69,87,14,"R$ 57,853.92",32.94,7,-1,"R$ 124,271.30",15.89,18,-2,-4.44,31.55,400,-371,1.23,37.70,324,30,"R$ 3,446.68",37.75,110,-7,6.03,28.30,171,102,6.52,16.21,340,50,48.73,25.79,244,-3,18.44,24.87,368,14,112.39,50.40,122,-27,54.73,16.41,385,-157,30.33,40.44,185,6,91.97,90.39,217,-23,96.20,93.67,250,-43,51.12,91,30,80.54,78,-4,54.12,148,-21,63.33,329,-79,21.17,360,-39,47.83,191,11,49.86,417,0,68.15,260,109,67.79,208,81,58.08,137,-26,23.92,123,-44,22.29,348,28,58.26,245,-154,49.37,264,1,65.19,67,4,53.65,348,39,36.54,218,-69
5107958,,0.00,413,-273,,0.00,408,-237,49.60,61.46,272,53,-34.29,68.99,24,-12,,0.00,408,-240,,0.00,403,-329,91.77,90.58,154,191,16.90,83.95,190,-120,49.52,41.28,310,-20,97.69,98.56,16,"Não comparável, alteração metodológica completa",71.52,31.52,302,-23,18.67,27.25,263,-6,96.47,65.52,45,27,80.94,82.52,216,-26,0.00,100.00,1,262,0.86,94.52,78,11,3.95,81.27,101,-32,10.89,76.51,84,294,180.75,57.61,298,35,51.71,33.64,245,0,88.41,40.24,358,-20,68.93,27.17,299,-7,10.54,12.24,353,-2,11.63,13.12,187,20,15.15,16.19,266,-18,5.90,37.29,200,-4,5.10,45.10,133,-3,4.60,78.57,70,-1,523.66,45.73,281,-35,26.66,67.33,291,-62,6.25,93.54,116,-115,85.47,69.62,292,74,32.88,75.25,358,-12,28.36,70.76,390,-9,85.31,84.66,292,-107,5.90,95.15,7,231,5.90,94.10,17,263,17.17,17.17,340,-43,12.83,6.23,329,-46,100.00,100.00,1,0,0.00,100.00,1,0,0.23,79.50,376,-83,28.90,30.00,195,0,0.02,97.99,306,27,0.15,69.96,412,3,-0.15,60.34,240,37,33.78,64.53,161,-14,33.95,29.72,187,3,11.29,77.26,9,366,R$ 0.00,0.00,241,-38,1.44,11.41,152,25,"R$ 50,947.88",28.99,11,-1,"R$ 52,635.44",5.81,178,-54,16.43,63.52,63,-35,1.13,35.15,349,12,"R$ 3,001.59",30.39,214,3,7.65,30.37,68,242,5.69,13.92,370,2,64.83,34.80,154,-22,18.89,26.12,351,20,93.12,35.43,334,-15,56.53,19.95,354,-26,33.57,44.94,138,10,96.41,96.09,136,-62,98.07,97.48,74,-7,32.61,402,-266,62.37,358,-88,50.64,225,-12,80.01,71,254,21.78,353,-5,48.18,186,-19,74.15,327,-14,67.17,271,-35,63.90,333,60,60.04,101,106,22.28,172,22,24.94,304,31,58.78,227,-35,47.97,300,-32,46.84,392,-170,58.55,260,41,36.80,202,31
5108402,61.49,49.49,147,10,4.59,17.34,215,-78,46.84,64.83,218,-77,92.51,23.61,415,-5,8.97,74.96,191,-35,2.50,68.06,232,37,57.39,51.22,394,-101,13.70,87.24,147,-71,51.75,44.16,278,-26,83.62,84.37,127,"Não comparável, alteração metodológica completa",82.01,38.19,235,41,16.36,23.75,297,-10,79.95,43.80,329,-39,73.10,73.26,329,41,22.72,92.11,153,200,2.22,80.46,312,-51,4.95,73.60,212,-2,17.72,46.55,338,48,204.13,46.93,368,-86,41.63,19.93,353,-6,92.80,47.50,288,-11,68.03,26.36,307,-18,35.52,41.26,188,-3,12.80,14.44,172,-16,7.36,7.84,364,-19,5.50,30.51,280,-4,4.50,33.33,295,-4,4.10,60.71,253,-3,498.08,29.10,388,-4,23.52,71.33,259,-34,7.50,92.25,136,-50,82.40,70.77,280,-44,34.33,74.13,368,-39,4.55,95.42,96,-45,96.62,96.47,147,-31,59.03,39.53,369,-9,60.48,39.52,353,-122,28.54,28.54,307,0,2.64,1.28,361,-57,95.03,91.10,326,-154,0.00,100.00,1,0,0.08,82.86,271,-2,35.09,36.43,165,-3,0.99,12.93,421,-75,0.39,18.87,422,-89,-1.59,40.49,405,-352,50.69,40.29,300,14,24.79,19.97,294,-13,-4.21,57.73,402,-271,R$ 0.30,0.01,197,-18,1.59,12.62,129,27,"R$ 10,892.67",6.06,204,12,"R$ 46,601.95",4.97,208,16,20.97,70.49,18,296,1.66,48.85,241,-15,"R$ 2,802.64",27.10,255,-1,5.03,27.02,239,28,4.98,11.95,387,18,36.13,18.75,297,-12,17.97,23.60,381,-34,103.39,43.42,234,-71,62.95,32.55,216,56,21.48,28.13,309,-3,83.02,78.91,292,-1,98.58,98.52,26,-3,38.82,342,-114,72.02,221,-77,43.50,350,9,64.90,302,62,25.21,312,-15,36.25,331,3,78.48,261,-105,63.67,289,-40,44.41,421,-295,41.96,356,-48,20.59,221,39,18.10,390,-1,56.31,301,-11,44.55,368,-70,54.70,297,-124,51.75,365,-54,31.35,364,-10
5200258,65.34,43.95,196,32,3.74,13.99,272,-18,45.03,67.04,169,-25,10.91,52.82,257,-241,10.32,70.06,245,33,2.63,66.16,252,4,64.00,58.79,389,-10,36.70,63.58,354,-160,69.54,67.13,69,219,70.72,71.35,246,"Não comparável, alteração metodológica completa",59.22,23.70,360,-21,5.78,7.69,394,0,81.85,46.30,303,83,75.88,76.54,296,-9,32.21,88.82,175,221,1.19,91.11,155,119,3.57,84.19,59,-24,14.49,60.71,231,-96,147.28,72.89,134,23,34.87,10.73,400,2,85.95,36.18,383,-5,58.02,17.36,389,-9,27.75,32.23,246,33,11.17,12.60,197,64,13.26,14.17,289,-17,5.50,30.51,280,-4,4.90,41.18,187,-3,4.50,75.00,108,-1,491.71,24.96,402,-10,15.79,81.19,192,-40,26.92,72.17,279,-127,26.57,91.64,39,15,9.56,93.12,109,-43,8.80,91.02,155,26,95.84,95.65,167,-98,40.91,58.50,270,131,41.55,58.45,234,168,84.80,84.80,146,23,60.09,29.20,171,11,99.77,99.59,222,10,100.00,0.00,345,-18,0.07,82.92,263,-35,39.31,40.81,136,9,0.21,81.67,403,-402,0.11,77.38,408,-407,0.06,63.26,86,-74,53.62,36.10,327,-10,9.70,3.91,418,-5,2.67,66.40,267,-197,R$ 0.00,0.00,241,-9,0.21,1.60,405,4,"R$ 4,502.26",2.41,363,-8,"R$ 13,567.92",0.32,419,-8,8.81,51.84,253,-91,0.79,26.23,395,3,"R$ 2,451.59",21.29,340,-16,4.09,25.83,302,-247,26.97,72.68,10,35,15.76,7.35,388,-4,26.12,45.87,122,98,82.80,27.41,385,-16,71.31,48.95,77,28,21.97,28.81,305,4,98.59,98.88,36,15,98.72,98.81,17,98,44.45,233,-52,66.56,314,18,37.37,401,6,76.84,119,194,20.37,370,20,40.55,282,-5,86.21,85,-61,71.97,232,37,67.11,232,-182,39.89,380,-23,12.50,409,-24,41.97,85,137,60.57,160,29,48.16,296,38,55.03,292,1,58.35,268,35,33.34,322,37
5201108,60.92,50.33,139,20,2.19,7.91,353,-333,52.02,58.51,321,-108,30.77,45.71,351,12,6.42,84.25,84,124,3.17,58.60,344,3,72.53,68.55,363,-49,20.90,79.84,227,-39,68.91,66.31,74,49,64.91,65.48,299,"Não comparável, alteração metodológica completa",89.72,43.09,184,-11,32.44,48.14,134,3,82.45,47.08,293,6,72.33,72.34,347,-10,35.75,87.58,182,89,2.93,73.11,364,38,5.70,67.84,282,74,17.34,48.21,331,-124,144.75,74.05,116,6,37.85,14.78,384,-8,97.95,56.00,153,-27,73.89,31.63,238,-1,27.26,31.67,250,-12,14.80,16.70,146,143,9.56,10.20,342,-18,6.20,42.37,131,-2,5.60,54.90,21,0,5.20,100.00,1,0,553.01,64.81,136,10,9.86,88.76,108,23,21.15,78.13,251,-33,48.05,83.61,157,-67,32.94,75.19,359,-87,17.80,81.70,309,61,96.84,96.70,141,-53,29.17,70.79,142,35,27.58,72.42,125,34,82.64,82.64,163,-9,74.32,36.11,122,-10,97.39,95.33,285,-284,0.00,100.00,1,0,0.05,83.58,164,-13,21.36,22.17,262,-4,0.00,99.57,243,-242,0.01,97.40,305,-304,-0.46,56.17,335,-196,35.80,61.63,179,-12,37.24,33.22,148,16,6.43,71.14,70,270,R$ 10.76,0.49,112,-18,0.71,5.55,298,-13,"R$ 21,865.12",12.34,72,1,"R$ 51,225.11",5.62,183,-23,5.36,46.56,331,-166,2.37,67.49,91,16,"R$ 3,217.29",33.96,159,2,5.34,27.43,223,-36,14.58,38.47,89,101,59.50,31.82,190,-3,25.08,43.03,150,-6,110.48,48.92,138,-12,61.53,29.75,249,45,17.16,22.12,354,-14,69.54,61.64,374,4,94.07,89.30,340,33,40.62,317,-240,71.51,232,61,50.14,237,4,70.05,237,10,25.37,311,-2,59.89,37,-4,81.62,187,-47,84.12,111,-24,66.38,250,-5,57.59,148,44,23.06,144,-8,37.77,132,49,50.34,399,4,51.93,190,5,55.39,282,-99,63.38,165,-4,37.44,181,49
5201405,64.78,44.75,188,-28,7.72,29.64,90,8,37.76,75.90,49,78,5.67,54.69,217,-161,10.37,69.85,247,75,2.30,70.80,190,27,34.97,25.56,416,-39,46.10,53.91,387,-99,61.34,56.54,152,85,63.58,64.15,307,"Não comparável, alteração metodológica completa",66.06,28.05,328,-25,26.85,39.67,192,-6,86.38,52.25,226,62,75.18,75.71,301,11,69.65,75.81,265,45,0.71,96.07,48,-14,9.22,40.83,407,-106,17.83,46.06,342,-20,165.56,64.54,232,26,35.61,11.74,397,6,90.83,44.24,327,-15,74.82,32.47,227,14,30.50,35.43,223,-101,11.56,13.05,189,-20,30.34,32.48,112,-6,5.60,32.20,264,-4,4.90,41.18,187,-3,4.60,78.57,70,-1,525.87,47.16,272,24,18.88,77.26,222,-8,1.89,98.05,60,25,45.44,84.59,145,-4,11.44,91.68,140,5,12.18,87.52,216,-3,97.33,97.21,120,11,31.56,68.29,181,-23,29.32,70.68,142,2,86.66,86.66,134,1,95.92,46.61,32,11,100.00,100.00,1,206,0.00,100.00,1,0,0.04,83.65,150,16,16.91,17.55,311,6,0.05,95.79,339,-338,0.04,92.42,363,-362,-0.29,58.48,297,-74,32.96,65.71,149,-19,32.85,28.54,206,7,4.20,68.32,178,-31,R$ 0.25,0.01,201,14,1.81,14.37,107,41,"R$ 7,471.60",4.11,284,27,"R$ 39,577.67",3.98,253,16,8.81,51.85,252,-109,2.23,63.67,113,-11,"R$ 2,564.70",23.16,312,-1,6.55,28.97,124,111,24.50,65.86,15,55,25.13,12.60,356,-9,19.69,28.30,321,18,107.89,46.91,170,-1,64.47,35.52,184,66,27.08,35.91,232,-24,97.64,97.66,83,-13,98.51,98.39,34,-15,51.25,86,1,56.22,388,-202,46.00,311,15,63.40,328,-35,27.99,273,-58,45.42,223,2,86.86,74,4,87.09,66,-9,64.16,323,-20,56.21,168,-12,21.61,189,25,35.59,164,108,62.88,87,1,51.37,214,-35,53.63,317,-197,61.50,203,-6,38.96,141,54
5204508,51.72,63.58,56,24,1.78,6.30,374,-337,53.29,56.96,348,29,-4.65,58.39,143,-109,8.44,76.91,174,13,,0.00,403,-35,59.33,53.44,393,-9,13.90,87.04,149,-24,75.10,74.30,30,301,84.58,85.34,121,"Não comparável, alteração metodológica completa",60.03,24.21,356,-18,18.76,27.39,262,-4,88.60,55.17,182,-5,82.85,84.78,166,-8,0.00,100.00,1,391,1.11,91.93,139,111,3.69,83.27,74,-24,23.46,21.35,409,-62,169.43,62.78,252,-74,53.99,36.74,214,-50,87.26,38.34,368,-65,64.62,23.30,340,-22,20.28,23.56,275,39,8.10,9.14,262,-10,46.83,50.17,34,3,5.90,37.29,200,-4,5.80,58.82,6,0,5.20,100.00,1,0,519.41,42.96,308,47,9.54,89.17,105,145,0.00,100.00,1,176,36.84,87.80,101,136,20.99,84.35,274,-76,25.84,73.38,375,-156,97.00,96.87,132,-27,31.47,68.38,179,48,28.58,71.42,134,106,81.52,81.52,170,68,41.71,20.27,224,9,100.00,100.00,1,0,100.00,0.00,345,-18,0.12,81.98,327,-1,33.11,34.37,173,2,0.01,98.83,275,57,0.06,87.89,384,15,-0.26,58.93,285,-165,42.48,52.07,247,-15,34.32,30.11,183,-5,3.17,67.02,241,16,R$ 0.00,0.00,241,-9,1.36,10.78,166,15,"R$ 21,208.94",11.97,76,16,"R$ 38,348.68",3.81,258,-13,11.00,55.20,182,-78,1.17,36.06,341,18,"R$ 2,463.44",21.48,336,-2,5.80,28.01,188,-20,9.80,25.27,227,-152,41.62,21.82,273,1,23.17,37.81,198,176,118.78,55.37,78,35,61.36,29.41,255,46,21.53,28.20,308,-39,96.34,95.99,138,-10,95.51,92.25,285,-8,46.31,193,-130,69.55,269,126,45.16,326,-22,66.62,279,80,29.69,237,-20,55.86,85,12,86.89,72,107,71.88,233,37,68.33,196,23,52.20,225,0,17.80,301,7,28.30,260,-1,60.25,173,46,50.37,241,45,57.43,239,75,61.24,207,54,34.68,280,15
5205109,65.60,43.57,197,-39,7.00,26.81,114,-88,45.35,66.65,174,-103,-13.41,61.52,83,2,9.44,73.26,218,32,2.93,62.00,303,-57,59.94,54.14,392,-16,25.80,74.79,265,28,43.24,33.16,377,-61,29.06,29.32,407,"Não comparável, alteração metodológica completa",38.48,10.51,413,-8,33.50,49.75,128,-7,85.68,51.34,234,-17,89.34,92.45,28,22,152.32,47.11,386,-385,0.91,94.00,94,-63,3.29,86.34,36,-14,9.90,80.85,54,13,121.48,84.67,33,106,48.25,28.94,288,2,90.98,44.48,324,-23,73.38,31.17,244,-9,33.58,39.01,201,-11,6.87,7.75,293,-25,17.61,18.83,231,-23,6.30,44.07,105,-2,5.50,52.94,38,-1,4.90,89.29,14,0,547.63,61.31,163,50,14.90,82.33,182,30,5.26,94.56,102,-22,35.99,88.12,96,160,20.70,84.58,267,36,11.16,88.58,202,-58,100.00,100.00,1,205,31.89,67.94,185,-86,31.89,68.11,168,4,63.71,63.71,234,-13,64.66,31.42,156,25,98.62,97.53,253,17,0.00,100.00,1,0,0.09,82.62,287,-36,23.90,24.81,236,10,0.06,94.99,347,-39,0.07,86.31,391,-27,-0.27,58.73,293,-78,28.39,72.26,105,-22,33.90,29.66,189,-19,1.32,64.70,323,-103,R$ 41.42,1.89,86,0,0.89,7.01,246,47,"R$ 25,908.96",14.66,54,-9,"R$ 90,415.66",11.13,45,-18,-7.12,27.44,409,-378,1.14,35.33,348,-19,"R$ 3,287.08",35.11,147,-36,0.98,21.86,402,-369,15.38,40.67,74,70,58.42,31.21,195,-60,22.03,34.68,232,-18,98.72,39.78,289,-10,59.67,26.11,290,-72,40.48,54.55,44,-1,84.98,81.43,278,-7,85.75,72.27,409,-14,49.64,117,-94,53.41,402,-43,44.32,339,-26,74.74,152,-118,27.06,285,-20,57.44,62,10,86.44,83,75,80.21,154,14,64.98,295,-26,56.85,160,-38,17.91,298,-140,35.52,167,10,54.83,343,-87,50.38,240,-79,51.44,352,-152,63.12,173,-29,35.69,244,-84
5205497,71.07,35.69,269,-7,4.20,15.80,244,-158,53.44,56.78,351,-130,-41.12,71.44,14,8,11.37,66.22,274,-6,2.73,64.81,274,-24,54.64,48.07,398,-4,18.50,82.30,211,-17,55.62,49.15,230,-45,77.02,77.70,193,"Não comparável, alteração metodológica completa",102.06,50.93,104,-24,7.87,10.87,373,3,74.75,36.97,384,-89,75.04,75.55,302,-44,161.03,44.08,392,-391,3.28,69.49,385,-126,3.73,82.96,81,-37,21.74,28.91,403,-374,144.81,74.02,118,-82,36.51,12.97,390,-10,82.13,29.86,401,-5,57.67,17.04,393,2,9.89,11.49,359,4,7.99,9.01,265,-7,40.18,43.04,55,-12,5.70,33.90,242,-4,5.00,43.14,162,-3,4.50,75.00,108,-1,490.89,24.42,405,0,24.25,70.40,271,-84,14.29,85.23,199,17,66.84,76.58,232,-61,8.08,94.25,87,-19,9.85,89.94,169,28,60.64,58.89,379,0,36.16,63.47,217,184,36.59,63.41,204,198,37.27,37.27,288,-10,30.86,15.00,259,-12,100.00,100.00,1,405,0.00,100.00,1,326,0.11,82.18,319,-11,41.10,42.66,129,4,0.00,100.00,1,0,0.00,100.00,1,0,-0.17,60.06,249,32,52.02,38.38,312,1,12.69,7.10,404,-2,3.31,67.20,233,-221,R$ 0.00,0.00,241,-9,3.68,29.35,25,8,"R$ 4,871.57",2.62,351,1,"R$ 14,722.21",0.48,413,-18,11.92,56.61,156,22,0.49,18.31,408,-1,"R$ 1,929.32",12.65,414,-5,4.33,26.13,289,106,4.32,10.14,396,17,9.53,3.87,412,-15,30.56,58.00,53,-26,75.27,21.56,401,-13,83.36,72.59,23,35,22.62,29.71,292,25,98.66,98.96,33,-6,99.25,99.90,2,11,44.93,221,-78,67.30,304,54,43.70,347,-74,54.45,395,-379,20.69,367,-14,42.25,259,13,83.01,151,-70,63.42,290,117,72.82,106,45,41.80,357,-123,15.05,377,28,24.01,322,-60,64.54,50,61,46.27,337,12,55.63,279,22,54.82,333,11,32.00,351,-3
5208004,67.77,40.44,232,-6,1.45,5.00,384,-3,68.83,38.01,414,-20,47.38,39.76,382,-34,23.15,23.28,396,9,3.04,60.38,326,-7,36.65,27.49,415,-53,16.30,84.57,183,-37,43.19,33.10,378,2,76.97,77.66,194,"Não comparável, alteração metodológica completa",73.21,32.59,294,-16,14.19,20.46,316,-5,74.48,36.60,386,-42,78.58,79.74,248,0,123.08,57.26,369,-368,3.36,68.67,389,0,4.82,74.60,197,30,13.54,64.89,183,17,186.38,55.04,310,-98,48.01,28.61,293,-19,90.96,44.45,325,-20,76.17,33.68,211,32,27.99,32.51,243,3,9.14,10.31,240,-57,32.66,34.98,95,15,5.40,28.81,303,-4,5.40,50.98,64,-2,5.00,92.86,3,0,517.57,41.77,320,25,12.45,85.46,150,153,11.76,87.84,176,-175,39.95,86.64,119,91,20.75,84.54,269,52,4.36,95.62,90,62,92.76,92.44,214,11,29.62,70.32,149,252,30.28,69.72,150,252,92.76,92.76,96,-4,83.72,40.68,79,-2,89.35,80.93,366,-365,100.00,0.00,345,-18,0.32,77.34,386,-3,55.58,57.70,72,11,0.03,97.56,316,18,0.05,89.88,378,12,-0.20,59.73,265,-207,47.54,44.80,283,-10,25.14,20.35,291,16,8.76,74.07,20,380,R$ 0.00,0.00,241,-9,0.69,5.40,308,-29,"R$ 23,750.88",13.42,66,-7,"R$ 33,806.77",3.17,288,4,2.12,41.60,370,-235,0.85,27.78,385,-11,"R$ 2,790.29",26.89,260,7,7.01,29.55,103,-82,25.29,68.05,13,18,58.58,31.30,194,5,21.42,33.03,259,25,98.78,39.83,287,-24,64.82,36.21,179,-19,24.53,32.37,264,-6,93.15,91.91,201,-31,96.08,93.40,259,-26,30.80,407,-21,54.28,400,-15,39.77,384,-29,61.58,345,-197,29.79,235,7,49.04,176,3,87.16,68,152,71.44,237,3,73.89,93,-23,50.36,254,93,15.82,357,-66,44.12,65,61,58.74,228,-65,47.40,313,-19,42.03,409,-14,59.77,236,-22,36.39,221,40
5208707,46.08,71.71,27,12,4.70,17.77,210,148,48.18,63.20,240,69,8.06,53.84,233,13,19.63,36.10,385,-5,2.72,64.83,273,5,93.13,92.13,131,-63,6.40,94.75,36,-20,63.08,58.79,126,55,93.45,94.28,61,"Não comparável, alteração metodológica completa",53.70,20.19,384,-6,50.33,75.28,18,-2,77.87,41.07,362,40,76.90,77.75,278,-36,78.05,72.90,291,-73,1.51,87.80,218,-49,3.38,85.65,42,69,13.71,64.12,192,74,144.46,74.18,113,1,49.35,30.44,275,3,93.74,49.05,264,-6,73.34,31.14,245,11,50.00,58.08,83,17,12.79,14.44,173,-19,18.15,19.41,224,25,6.50,47.46,67,-1,5.60,54.90,21,0,4.80,85.71,30,-1,571.24,76.66,59,-12,19.00,77.10,223,-10,21.33,77.95,253,29,64.80,77.35,225,25,28.97,78.24,331,20,10.93,88.81,196,41,99.85,99.84,41,5,11.45,89.34,15,-2,28.21,71.79,129,4,99.85,99.85,12,0,75.52,36.70,118,-11,99.85,99.73,220,-44,100.00,0.00,345,-18,0.03,83.89,88,12,16.36,16.99,315,-1,0.00,100.00,1,267,0.00,100.00,1,324,-0.32,58.04,307,-205,30.83,68.76,127,-12,59.49,56.89,17,3,5.40,69.83,113,135,R$ 84.79,3.88,61,-19,2.15,17.15,74,-21,"R$ 41,086.68",23.35,20,-1,"R$ 52,722.02",5.83,177,19,14.35,60.33,94,88,2.21,63.16,119,1,"R$ 3,945.91",46.01,45,-7,1.99,23.15,391,-242,8.65,22.10,257,74,71.29,38.41,113,18,35.38,71.18,23,-2,131.75,65.45,21,-1,55.43,17.79,367,17,34.93,46.83,121,-7,76.57,70.64,329,-3,97.37,96.06,150,-21,51.63,84,120,77.49,122,13,45.92,313,39,73.66,167,-6,33.14,182,16,61.18,27,-5,79.26,241,46,79.57,161,-2,65.68,273,5,65.83,29,30,28.05,60,-12,43.90,67,7,59.35,210,11,56.17,68,27,64.00,88,61,63.49,162,16,44.05,38,-5
5208806,73.44,32.28,295,,6.69,25.59,121,,54.16,55.90,359,,-14.69,61.98,78,,7.67,79.69,144,,2.90,62.34,299,,75.65,72.13,344,,11.40,89.61,109,,40.37,29.46,392,,68.46,69.07,267,,97.77,48.21,127,,12.45,17.82,327,,107.11,79.52,3,,79.50,80.82,234,,0.00,100.00,1,,1.25,90.49,166,,4.16,79.66,120,,18.33,43.88,356,,193.69,51.70,331,,37.04,13.68,387,,85.66,35.70,386,,62.83,21.69,358,,31.45,36.53,214,,4.98,5.61,351,,9.62,10.26,340,,6.20,42.37,131,,5.50,52.94,38,,4.90,89.29,14,,505.71,34.06,370,,20.32,75.42,232,,0.00,100.00,1,,33.23,89.15,82,,12.70,90.71,155,,5.03,94.92,102,,59.73,57.94,381,,15.78,84.81,24,,15.06,84.94,46,,22.10,22.10,327,,35.56,17.28,247,,99.09,98.37,238,,0.00,100.00,1,,0.09,82.62,286,,14.96,15.53,332,,0.00,100.00,1,,0.00,100.00,1,,-0.14,60.47,230,,44.66,48.94,262,,13.22,7.66,400,,3.37,67.27,229,,R$ 0.00,0.00,241,,0.08,0.52,418,,"R$ 3,311.83",1.72,395,,"R$ 22,313.35",1.55,365,,9.53,52.95,232,,1.57,46.64,252,,"R$ 2,547.72",22.88,319,,6.47,28.87,130,,22.09,59.22,22,,3.36,0.42,421,,17.90,23.40,385,,68.56,16.34,414,,94.02,93.51,10,,9.14,10.96,408,,77.99,72.47,319,,97.95,97.23,85,,43.94,258,,71.08,241,,59.01,62,,69.17,252,,19.96,376,,52.33,124,,88.05,52,,62.11,302,,65.25,285,,45.00,320,,16.12,348,,27.68,268,,58.10,252,,48.55,280,,56.92,251,,59.37,247,,32.25,344,
5211503,61.66,49.25,149,17,4.78,18.08,205,51,49.35,61.77,265,-54,27.05,47.04,336,9,10.95,67.74,264,-41,2.24,71.66,177,-5,70.55,66.28,372,-83,12.50,88.48,123,37,33.65,20.78,416,-26,78.44,79.14,179,"Não comparável, alteração metodológica completa",69.69,30.35,311,-14,30.18,44.71,156,-4,81.06,45.26,312,-68,78.29,79.39,253,44,0.00,100.00,1,0,4.14,60.60,407,-27,6.73,59.94,339,11,15.69,55.44,280,-205,162.96,65.73,215,71,59.47,44.20,145,57,95.56,52.05,220,-13,73.99,31.72,237,-14,85.94,99.83,2,4,59.45,67.11,9,-1,24.22,25.92,163,-5,6.70,50.85,38,-1,6.10,64.71,2,0,5.00,92.86,3,0,538.20,55.18,207,55,22.26,72.93,250,-5,7.41,92.34,132,-61,91.50,67.37,303,-7,33.84,74.51,364,7,72.62,24.92,421,-11,93.77,93.49,201,-41,34.75,64.95,203,198,34.34,65.66,185,217,93.77,93.77,90,-29,106.73,51.86,13,1,100.00,100.00,1,0,71.89,28.11,340,-13,0.14,81.49,340,1,11.79,12.24,355,3,0.02,98.64,282,-281,0.05,89.28,381,-380,-0.18,60.00,250,29,36.09,61.22,181,-6,38.89,34.97,125,-1,2.66,66.39,268,49,R$ 1.77,0.08,145,-14,0.81,6.41,261,28,"R$ 26,663.11",15.09,47,8,"R$ 60,714.79",6.95,127,8,0.70,39.42,381,-111,1.41,42.51,286,-54,"R$ 2,927.91",29.17,229,5,7.29,29.92,89,251,14.16,37.30,101,113,68.04,36.59,132,-12,18.42,24.82,369,-10,106.64,45.94,191,10,55.56,18.05,366,5,26.96,35.75,234,-63,98.68,98.99,30,5,98.39,98.15,46,104,44.03,253,9,70.44,259,87,45.89,314,-24,71.03,213,-48,55.63,9,2,63.19,12,1,68.50,361,-17,79.98,156,59,62.20,384,-26,55.93,170,13,19.14,266,-31,32.90,206,49,59.37,207,6,52.44,175,55,56.66,257,77,64.78,125,20,36.56,215,13
5211909,65.12,44.26,193,52,7.71,29.62,91,-64,49.61,61.45,273,81,-13.36,61.50,85,12,6.84,82.73,103,46,3.01,60.82,322,19,80.94,78.19,309,-28,20.80,79.94,226,-13,47.62,38.83,341,59,40.29,40.65,387,"Não comparável, alteração metodológica completa",79.71,36.72,254,-8,25.67,37.88,198,-6,92.28,60.02,108,8,88.28,91.19,39,26,76.63,73.39,288,-287,1.53,87.59,222,4,2.76,90.41,11,147,16.09,53.69,295,7,174.34,60.53,273,25,56.71,40.44,178,14,95.21,51.47,228,39,69.65,27.81,287,11,44.19,51.33,133,-12,9.72,10.97,227,-39,32.50,34.80,96,-9,5.90,37.29,200,-4,5.70,56.86,9,0,4.90,89.29,14,0,539.97,56.33,197,-7,22.64,72.45,253,43,0.00,100.00,1,103,109.50,60.64,346,-45,28.08,78.92,326,1,9.32,90.49,163,-36,88.22,87.70,266,-13,31.31,68.55,178,223,31.65,68.35,164,238,87.75,87.75,124,-14,92.69,45.04,45,0,100.00,100.00,1,0,100.00,0.00,345,-18,0.20,80.14,368,4,17.35,18.01,304,3,0.00,99.73,225,-224,0.06,87.41,387,-386,-0.05,61.77,172,106,33.47,64.98,156,-11,35.48,31.34,172,2,5.03,69.37,133,-27,R$ 112.78,5.16,51,23,1.27,10.09,174,-33,"R$ 50,068.83",28.49,12,0,"R$ 94,828.45",11.75,36,2,-5.09,30.56,402,-357,0.82,26.94,390,-9,"R$ 3,112.64",32.22,190,-2,5.77,27.97,190,-173,12.55,32.86,139,248,58.16,31.07,197,-40,21.23,32.52,267,57,108.05,47.04,163,-36,58.21,23.24,319,-6,30.29,40.38,186,28,94.87,94.11,172,-22,97.59,96.50,120,-15,49.21,133,-8,63.94,345,-30,53.76,155,-13,67.83,266,-84,35.39,155,2,55.65,88,-10,79.12,245,26,73.82,213,32,63.60,344,-22,57.25,154,-17,20.34,232,-117,32.15,211,115,60.25,172,-10,51.41,211,0,56.25,264,-10,61.88,195,3,37.31,185,-12
5212501,71.22,35.47,270,7,3.50,13.06,289,-17,46.85,64.82,219,26,-14.43,61.89,80,1,15.58,50.86,354,-3,2.37,69.84,203,40,57.20,51.00,395,-7,14.70,86.21,165,50,48.68,40.19,323,-87,59.12,59.65,337,"Não comparável, alteração metodológica completa",52.18,19.22,390,-28,9.80,13.80,352,-6,82.11,46.64,297,46,67.96,67.18,376,0,134.18,53.40,378,-188,1.79,84.90,263,-79,4.36,78.13,143,-74,16.77,50.70,317,-12,201.26,48.24,357,18,42.62,21.27,340,14,94.30,49.97,254,-2,64.07,22.80,345,46,11.01,12.79,348,28,10.74,12.12,206,-1,15.18,16.23,263,-18,5.90,37.29,200,-4,5.40,50.98,64,-2,4.80,85.71,30,-1,511.97,38.13,337,45,28.33,65.20,302,-17,15.07,84.42,207,-21,43.52,85.30,139,60,18.28,86.44,240,-2,15.91,83.66,285,67,94.32,94.07,193,18,37.57,62.00,235,166,36.03,63.97,198,204,24.63,24.63,318,2,27.53,13.38,266,-3,91.38,84.56,357,-26,100.00,0.00,345,-344,0.21,79.93,370,-17,36.93,38.33,153,11,0.02,98.47,289,46,0.03,93.49,359,16,-0.23,59.27,276,-60,55.21,33.82,336,-8,20.78,15.71,333,11,6.13,70.75,79,-12,R$ 0.00,0.00,241,-9,1.48,11.75,146,18,"R$ 13,087.40",7.32,167,91,"R$ 29,956.01",2.63,314,-17,-0.23,38.00,387,-153,1.02,32.18,367,-3,"R$ 2,458.06",21.39,338,53,19.39,45.34,12,335,10.82,28.09,197,169,24.94,12.49,357,-5,19.57,27.97,327,-26,96.58,38.12,309,26,72.77,51.81,60,68,12.75,15.99,389,-26,93.01,91.72,202,-38,96.06,93.37,260,14,43.81,259,30,60.47,369,9,35.45,406,-2,56.93,378,-97,20.77,365,15,50.06,161,14,79.52,236,16,53.65,351,-28,69.68,163,28,44.47,324,-4,17.39,314,63,22.85,345,36,58.20,247,39,44.44,372,11,51.78,346,20,52.46,359,-18,31.77,359,30
5215231,80.90,21.53,363,-31,9.64,37.18,48,46,49.35,61.77,265,-56,-7.21,59.30,127,-1,10.11,70.81,242,-89,2.22,71.98,171,60,82.87,80.39,291,-18,26.00,74.59,267,-7,76.28,75.83,24,43,82.10,82.83,141,"Não comparável, alteração metodológica completa",151.72,82.51,10,5,7.04,9.60,385,2,84.39,49.63,258,-87,72.67,72.74,340,25,0.00,100.00,1,296,1.43,88.62,206,72,3.04,88.26,18,60,11.39,74.32,104,74,177.70,59.00,285,-29,30.43,4.69,416,-11,66.85,4.61,422,-5,42.84,3.71,421,-6,7.49,8.71,377,13,6.88,7.76,291,-45,32.34,34.63,98,-8,5.20,25.42,335,-4,4.50,33.33,295,-4,4.50,75.00,108,-1,495.46,27.39,393,2,17.74,78.71,214,115,13.64,85.90,192,-191,67.56,76.31,236,-66,5.60,96.15,53,-15,10.50,89.26,181,46,99.49,99.47,55,16,36.90,62.70,229,172,38.17,61.83,216,25,47.50,47.50,256,6,38.19,18.56,237,0,96.65,94.00,299,54,100.00,0.00,345,-18,0.09,82.49,299,-25,37.92,39.36,146,21,0.00,100.00,1,0,0.00,100.00,1,0,-0.67,53.25,361,-168,47.93,44.25,284,-6,9.39,3.58,420,-4,11.58,77.62,7,73,R$ 0.00,0.00,241,-9,0.37,2.90,383,19,"R$ 5,334.14",2.88,340,5,"R$ 13,005.12",0.24,421,-4,10.12,53.86,211,151,0.39,15.89,412,-11,"R$ 2,340.28",19.45,370,-9,2.24,23.47,386,-286,2.68,5.62,416,-20,11.14,4.77,403,-7,29.56,55.26,65,70,86.37,30.19,367,12,74.83,55.86,46,53,19.04,24.74,342,1,98.41,98.65,52,-35,98.76,98.90,16,53,44.94,220,26,77.08,134,93,57.77,78,34,79.91,73,162,11.96,421,-7,36.65,323,12,85.88,93,42,62.53,299,44,70.99,139,28,46.93,302,38,10.80,417,-21,21.88,358,0,61.67,132,88,47.89,303,44,60.31,172,71,58.33,269,62,29.94,393,0
5217609,79.40,23.68,353,12,5.65,21.51,164,154,58.47,50.65,398,-160,38.98,42.77,369,-16,11.27,66.59,271,-92,2.85,63.00,291,-122,80.96,78.21,308,42,26.80,73.77,280,68,72.82,71.37,43,-9,61.19,61.73,319,"Não comparável, alteração metodológica completa",79.88,36.83,251,-82,5.87,7.83,392,1,78.96,42.50,346,-15,72.49,72.54,343,15,71.07,75.32,268,15,4.08,61.22,404,-26,5.24,71.37,242,-3,8.53,86.87,25,-19,187.78,54.40,317,-134,43.18,22.04,335,13,89.87,42.66,342,-3,56.36,15.87,398,-10,16.95,19.69,293,13,50.31,56.79,15,14,21.26,22.75,194,-3,5.40,28.81,303,-4,4.80,39.22,223,-3,4.80,85.71,30,-1,496.93,28.35,390,12,30.74,62.12,324,-35,2.86,97.05,72,-71,49.24,83.17,161,54,9.04,93.51,102,31,8.46,91.37,150,17,80.90,80.05,320,-9,35.30,64.37,207,194,37.02,62.98,208,194,79.78,79.78,179,-27,72.06,35.01,132,-11,100.00,100.00,1,353,100.00,0.00,345,-18,0.23,79.32,379,0,64.60,67.06,51,2,0.02,97.99,307,16,0.03,94.48,352,6,-0.16,60.21,242,-200,51.83,38.66,309,-3,12.00,6.36,408,-2,5.34,69.76,120,-48,R$ 0.00,0.00,241,-9,0.29,2.26,395,6,"R$ 4,913.83",2.64,349,11,"R$ 18,469.82",1.01,393,-13,5.01,46.03,338,-122,0.37,15.22,413,-4,"R$ 2,579.64",23.41,309,-13,3.63,25.24,331,-248,7.16,17.98,323,18,22.53,11.14,370,-21,30.07,56.67,60,-24,83.79,28.18,379,-11,70.71,47.77,85,-16,21.09,27.58,314,69,96.81,96.59,120,17,98.14,97.63,70,254,34.65,389,-11,68.79,280,-17,39.84,383,-20,71.02,216,-49,30.59,221,62,41.69,269,17,83.27,147,-16,68.71,258,58,77.92,44,-17,42.76,346,-4,10.83,416,-19,28.60,258,-51,59.55,196,73,46.85,326,6,50.98,356,-14,59.96,229,25,30.18,385,-12
5218805,51.29,64.21,50,8,6.18,23.60,135,-46,43.89,68.43,142,-53,-21.65,64.47,52,-25,11.37,66.22,275,-24,2.68,65.42,267,-6,66.97,62.19,384,-92,7.50,93.62,52,-26,46.49,37.36,350,22,88.32,89.11,94,"Não comparável, alteração metodológica completa",93.05,45.21,157,64,35.61,52.96,99,1,76.85,39.73,372,-83,78.48,79.62,249,14,59.03,79.50,245,-244,2.21,80.56,311,-27,4.65,75.90,171,-4,18.60,42.71,361,-109,160.54,66.84,200,-125,57.16,41.06,173,-2,94.58,50.43,249,-57,87.12,43.53,78,75,28.99,33.67,234,-14,5.98,6.75,320,-4,5.20,5.52,387,18,7.70,67.80,3,0,5.90,60.78,4,0,5.00,92.86,3,0,529.83,49.74,253,36,13.02,84.73,152,-14,27.91,71.15,283,-20,44.94,84.77,143,-76,26.05,80.48,312,-72,13.79,85.85,259,75,94.19,93.93,194,24,20.39,79.98,54,347,19.97,80.03,80,322,94.19,94.19,86,-1,103.44,50.26,17,5,94.19,89.60,340,-21,0.00,100.00,1,326,0.12,81.85,330,15,15.07,15.64,331,-6,0.00,99.84,205,83,0.02,95.69,340,43,-0.11,60.94,209,124,35.33,62.31,173,-8,45.95,42.48,60,2,5.47,69.92,110,81,R$ 16.02,0.73,106,-30,1.26,10.02,176,-23,"R$ 50,998.10",29.02,10,1,"R$ 98,849.92",12.31,30,31,3.60,43.87,354,-318,1.35,40.73,299,-15,"R$ 2,986.26",30.13,220,-10,6.05,28.33,168,196,23.10,62.01,19,115,57.40,30.64,201,11,17.49,22.29,393,-7,116.07,53.27,93,-10,56.29,19.48,361,-17,31.20,41.64,170,17,94.37,93.47,180,-65,97.07,95.44,183,-113,55.18,40,-15,74.02,184,16,50.41,231,-9,66.06,287,-202,27.19,282,5,66.63,5,0,81.74,186,-61,87.30,64,186,64.49,313,46,59.91,105,14,22.47,164,-32,38.31,126,147,60.66,159,-35,54.96,100,28,64.19,81,-6,64.22,146,29,39.95,114,42
5220454,62.86,47.52,170,16,,0.00,408,-129,,0.00,418,-226,,0.00,418,-245,,0.00,408,-138,,0.00,403,-155,98.30,98.06,19,394,,0.00,420,-7,72.58,71.06,45,294,81.40,82.13,151,"Não comparável, alteração metodológica completa",84.81,39.97,218,-40,15.61,22.62,304,1,88.25,54.71,189,93,80.75,82.30,218,53,87.30,69.69,312,61,2.20,80.66,308,-47,4.32,78.43,139,40,9.17,84.08,36,284,153.70,69.96,173,88,37.91,14.88,381,-14,77.67,22.49,419,-7,54.57,14.26,401,-11,43.84,50.92,135,-2,4.63,5.22,364,20,10.93,11.67,323,15,5.20,25.42,335,-4,4.30,29.41,332,-4,4.40,71.43,148,-2,519.08,42.75,313,63,15.90,81.06,193,42,6.90,92.87,124,46,40.05,86.60,121,1,8.24,94.13,90,-12,13.71,85.93,257,-6,99.31,99.28,65,-17,50.50,48.46,333,-277,64.23,35.77,371,-76,5.49,5.49,368,-2,2.85,1.38,358,-1,99.86,99.75,219,43,0.00,100.00,1,0,0.08,82.77,274,11,24.26,25.19,233,-10,0.11,90.65,382,-381,0.04,92.58,362,-361,-0.29,58.39,299,-211,43.07,51.22,252,-13,20.67,15.59,334,-1,5.57,70.05,105,103,R$ 1.19,0.05,155,-3,0.30,2.26,394,-7,"R$ 5,360.20",2.90,339,9,"R$ 35,307.32",3.38,278,-86,-5.41,30.06,404,-294,1.99,57.57,165,-35,"R$ 2,954.98",29.62,221,-8,3.99,25.70,311,-224,25.46,68.52,12,92,16.33,7.68,387,-7,31.03,59.28,48,169,90.37,33.30,351,-2,66.04,38.60,156,52,17.87,23.11,347,-88,98.63,98.93,35,-3,99.10,99.59,4,2,11.88,419,-179,46.69,416,-13,49.05,262,32,75.57,138,215,20.44,369,-3,37.31,317,23,87.97,53,37,61.39,307,-23,65.36,282,-87,49.11,271,22,17.67,304,-84,45.16,58,205,58.71,230,-47,44.01,375,-31,28.53,423,-45,57.28,287,41,37.18,191,66
5221403,71.27,35.41,272,-25,5.56,21.16,167,-62,42.13,70.57,113,133,21.78,48.93,319,-23,12.61,61.68,296,-20,3.16,58.71,341,-2,67.67,62.99,381,1,25.00,75.62,256,-63,39.02,27.72,396,-43,84.50,85.25,122,"Não comparável, alteração metodológica completa",77.17,35.11,274,-18,19.58,28.64,254,-2,73.69,35.57,392,-27,77.10,77.98,276,6,56.27,80.46,237,-8,1.60,86.87,231,-14,4.64,75.98,169,-9,11.82,72.44,127,71,182.43,56.84,304,37,43.73,22.79,332,0,93.22,48.18,278,12,75.48,33.06,222,-23,35.95,41.76,185,-2,2.84,3.20,400,-87,17.45,18.66,234,-1,6.30,44.07,105,-2,5.40,50.98,64,-2,4.70,82.14,46,-1,515.51,40.43,328,20,11.93,86.12,141,166,5.26,94.56,102,-101,31.09,89.95,68,181,13.92,89.77,181,-54,6.77,93.12,127,131,85.88,85.25,285,-12,23.72,76.50,87,314,23.22,76.78,99,11,85.80,85.80,139,-19,93.50,45.43,42,106,,0.00,413,-14,,0.00,345,-344,0.09,82.59,290,7,15.67,16.26,321,5,0.00,100.00,1,0,0.00,100.00,1,0,-0.11,60.97,205,-37,53.21,36.68,323,-2,17.71,12.44,359,6,4.84,69.12,143,60,R$ 0.00,0.00,241,-9,0.62,4.88,327,32,"R$ 10,570.55",5.88,210,31,"R$ 25,497.43",2.00,345,-4,12.50,57.50,135,190,1.60,47.47,248,19,"R$ 2,854.45",27.95,244,-6,5.67,27.84,198,-118,30.62,82.77,3,32,41.58,21.79,274,9,18.75,25.72,356,-15,98.22,39.40,291,-31,66.61,39.72,145,-21,11.25,13.90,396,5,93.95,92.92,185,-12,91.94,84.94,377,2,44.02,254,-17,67.52,299,-101,41.33,368,-21,72.22,194,72,26.59,294,-9,52.11,127,5,89.92,29,148,51.57,363,-88,65.52,278,28,43.66,332,32,18.30,289,10,43.43,71,133,54.18,358,-27,48.40,288,-8,55.26,284,-69,57.08,294,-15,35.25,267,66
5221858,69.17,38.43,245,19,5.87,22.37,153,-79,42.76,69.80,125,123,-41.89,71.71,12,13,8.88,75.30,187,3,2.35,70.16,200,-22,61.39,55.81,391,-5,9.40,91.67,78,8,63.52,59.35,121,-6,69.62,70.24,253,"Não comparável, alteração metodológica completa",76.08,34.42,281,-29,13.03,18.69,324,1,78.11,41.38,357,-21,73.31,73.50,323,-5,43.69,84.83,204,-203,1.10,92.04,137,261,4.40,77.82,150,97,15.73,55.29,284,-26,131.72,79.99,65,-16,35.71,11.88,396,-13,82.61,30.66,398,-7,56.85,16.30,395,2,5.16,5.99,397,-38,0.91,1.02,421,-7,40.76,43.65,49,-5,5.60,32.20,264,-4,4.60,35.29,271,-3,4.60,78.57,70,-1,510.92,37.45,347,-10,13.58,84.01,159,41,21.62,77.65,256,-128,35.58,88.27,94,1,7.49,94.70,76,-64,8.42,91.41,149,38,86.33,85.72,280,-19,24.87,75.29,96,305,43.80,56.20,254,148,46.83,46.83,259,-6,37.14,18.05,242,-10,100.00,100.00,1,0,0.00,100.00,1,0,0.06,83.22,232,-32,34.74,36.06,166,17,0.00,100.00,1,0,0.00,100.00,1,0,-0.44,56.37,332,4,36.76,60.26,190,-34,14.13,8.63,393,-1,5.15,69.52,128,111,R$ 0.00,0.00,241,-9,0.40,3.08,378,0,"R$ 1,811.24",0.87,419,-110,"R$ 18,212.92",0.97,395,-25,10.48,54.41,199,114,1.20,37.04,332,-19,"R$ 2,428.56",20.91,345,-8,4.76,26.68,261,-58,7.18,18.05,320,-31,44.26,23.29,261,-10,25.66,44.62,137,5,85.24,29.31,376,-10,68.65,43.72,105,53,31.31,41.79,168,30,99.45,99.98,3,10,97.91,97.16,90,-40,50.58,105,32,71.44,233,-2,40.63,375,-13,75.68,132,-35,17.98,394,-27,41.84,265,-5,87.82,56,-24,72.10,231,29,70.70,144,70,49.48,266,11,14.45,393,-33,28.65,256,-17,62.39,101,36,49.59,257,-2,60.55,160,19,59.12,254,-6,33.39,321,-4